open_time,open,high,low,close,volume,close_time,quote_volume,trades
2026-04-24T06:00:00+00:00,85.7,85.73,85.33,85.44,43334.762,2026-04-24T06:59:59.999000+00:00,3706569.26862,12939
2026-04-24T07:00:00+00:00,85.44,85.62,85.34,85.51,88411.579,2026-04-24T07:59:59.999000+00:00,7554381.33344,18476
2026-04-24T08:00:00+00:00,85.5,85.73,85.29,85.34,84858.035,2026-04-24T08:59:59.999000+00:00,7251772.04523,17083
2026-04-24T09:00:00+00:00,85.35,85.48,84.92,85.48,91687.327,2026-04-24T09:59:59.999000+00:00,7807441.01057,20841
2026-04-24T10:00:00+00:00,85.47,85.76,85.18,85.71,71177.265,2026-04-24T10:59:59.999000+00:00,6086239.07975,18789
2026-04-24T11:00:00+00:00,85.72,86.28,85.71,86.19,153894.168,2026-04-24T11:59:59.999000+00:00,13244753.85369,37651
2026-04-24T12:00:00+00:00,86.2,86.79,86.06,86.33,163867.002,2026-04-24T12:59:59.999000+00:00,14165584.66555,39535
2026-04-24T13:00:00+00:00,86.34,86.6,85.86,86.09,109644.856,2026-04-24T13:59:59.999000+00:00,9455087.46487,38547
2026-04-24T14:00:00+00:00,86.08,86.23,85.67,86.05,89286.631,2026-04-24T14:59:59.999000+00:00,7674826.96693,39910
2026-04-24T15:00:00+00:00,86.05,86.56,85.53,86.52,106778.777,2026-04-24T15:59:59.999000+00:00,9190686.34646,36558
2026-04-24T16:00:00+00:00,86.52,86.58,86.09,86.35,74474.282,2026-04-24T16:59:59.999000+00:00,6427691.49372,28903
2026-04-24T17:00:00+00:00,86.34,86.56,86.12,86.49,55769.856,2026-04-24T17:59:59.999000+00:00,4818636.87089,21709
2026-04-24T18:00:00+00:00,86.49,86.54,85.95,86.36,36132.27,2026-04-24T18:59:59.999000+00:00,3117721.42277,17449
2026-04-24T19:00:00+00:00,86.37,86.53,86.25,86.33,43896.721,2026-04-24T19:59:59.999000+00:00,3789613.49955,15743
2026-04-24T20:00:00+00:00,86.32,86.9,86.22,86.85,104016.015,2026-04-24T20:59:59.999000+00:00,9005934.8479,23248
2026-04-24T21:00:00+00:00,86.85,86.94,86.36,86.46,54955.947,2026-04-24T21:59:59.999000+00:00,4760564.88892,17856
2026-04-24T22:00:00+00:00,86.45,86.46,86.1,86.17,43500.124,2026-04-24T22:59:59.999000+00:00,3753581.50081,14664
2026-04-24T23:00:00+00:00,86.18,86.3,86.15,86.18,22605.713,2026-04-24T23:59:59.999000+00:00,1948817.62417,8054
2026-04-25T00:00:00+00:00,86.18,86.26,86.03,86.23,28986.536,2026-04-25T00:59:59.999000+00:00,2496891.303,7662
2026-04-25T01:00:00+00:00,86.23,86.36,86.13,86.27,24186.905,2026-04-25T01:59:59.999000+00:00,2085863.50288,7122
2026-04-25T02:00:00+00:00,86.28,86.4,86.16,86.29,22169.588,2026-04-25T02:59:59.999000+00:00,1912625.25867,6693
2026-04-25T03:00:00+00:00,86.28,86.5,86.27,86.46,21495.799,2026-04-25T03:59:59.999000+00:00,1857206.51261,6416
2026-04-25T04:00:00+00:00,86.46,86.51,86.29,86.34,20095.541,2026-04-25T04:59:59.999000+00:00,1736111.35666,7328
2026-04-25T05:00:00+00:00,86.34,86.34,86.11,86.2,38638.35,2026-04-25T05:59:59.999000+00:00,3329799.43105,13688
2026-04-25T06:00:00+00:00,86.2,86.66,86.19,86.45,42154.635,2026-04-25T06:59:59.999000+00:00,3642590.61099,12088
2026-04-25T07:00:00+00:00,86.45,86.51,86.25,86.36,58814.025,2026-04-25T07:59:59.999000+00:00,5079766.18029,11574
2026-04-25T08:00:00+00:00,86.36,86.8,86.3,86.63,74414.269,2026-04-25T08:59:59.999000+00:00,6443537.86496,19486
2026-04-25T09:00:00+00:00,86.62,86.8,86.57,86.58,35097.574,2026-04-25T09:59:59.999000+00:00,3041728.16836,13176
2026-04-25T10:00:00+00:00,86.58,86.73,86.57,86.63,23513.249,2026-04-25T10:59:59.999000+00:00,2037209.17728,8051
2026-04-25T11:00:00+00:00,86.63,86.64,86.25,86.36,47570.775,2026-04-25T11:59:59.999000+00:00,4110518.26635,16813
2026-04-25T12:00:00+00:00,86.36,86.43,86.23,86.39,35887.945,2026-04-25T12:59:59.999000+00:00,3098975.29054,13403
2026-04-25T13:00:00+00:00,86.39,86.67,86.38,86.61,33820.926,2026-04-25T13:59:59.999000+00:00,2928306.52365,10917
2026-04-25T14:00:00+00:00,86.61,86.66,86.46,86.47,30516.351,2026-04-25T14:59:59.999000+00:00,2642417.70722,13564
2026-04-25T15:00:00+00:00,86.46,86.64,86.1,86.22,34293.686,2026-04-25T15:59:59.999000+00:00,2962738.97316,12258
2026-04-25T16:00:00+00:00,86.22,86.33,85.61,85.88,90095.578,2026-04-25T16:59:59.999000+00:00,7746193.88171,23150
2026-04-25T17:00:00+00:00,85.88,85.88,85.55,85.57,65893.504,2026-04-25T17:59:59.999000+00:00,5648413.65238,17465
2026-04-25T18:00:00+00:00,85.56,85.82,85.53,85.7,132658.504,2026-04-25T18:59:59.999000+00:00,11369201.29923,17578
2026-04-25T19:00:00+00:00,85.69,85.72,85.55,85.68,47083.529,2026-04-25T19:59:59.999000+00:00,4031967.19438,10162
2026-04-25T20:00:00+00:00,85.68,85.92,85.61,85.9,19049.104,2026-04-25T20:59:59.999000+00:00,1634509.47241,8446
2026-04-25T21:00:00+00:00,85.9,86.11,85.74,85.91,60195.901,2026-04-25T21:59:59.999000+00:00,5174975.92468,21859
2026-04-25T22:00:00+00:00,85.91,86.18,85.86,86.11,26636.799,2026-04-25T22:59:59.999000+00:00,2292795.01289,14438
2026-04-25T23:00:00+00:00,86.11,86.2,86.04,86.18,20663.363,2026-04-25T23:59:59.999000+00:00,1779408.55732,6738
2026-04-26T00:00:00+00:00,86.19,86.22,85.93,86.03,21382.919,2026-04-26T00:59:59.999000+00:00,1840925.26879,7741
2026-04-26T01:00:00+00:00,86.03,86.13,85.97,85.97,20257.17,2026-04-26T01:59:59.999000+00:00,1742788.85512,6795
2026-04-26T02:00:00+00:00,85.97,86.4,85.97,86.4,41425.667,2026-04-26T02:59:59.999000+00:00,3573357.86774,9524
2026-04-26T03:00:00+00:00,86.4,86.46,85.84,85.99,79527.902,2026-04-26T03:59:59.999000+00:00,6847567.68909,14664
2026-04-26T04:00:00+00:00,85.99,86.73,85.92,86.45,94667.561,2026-04-26T04:59:59.999000+00:00,8179598.1446,24504
2026-04-26T05:00:00+00:00,86.44,86.7,86.15,86.45,142921.579,2026-04-26T05:59:59.999000+00:00,12361401.53205,25852
2026-04-26T06:00:00+00:00,86.44,86.59,86.38,86.5,22622.752,2026-04-26T06:59:59.999000+00:00,1956430.65982,8459
2026-04-26T07:00:00+00:00,86.5,86.63,86.44,86.62,22892.858,2026-04-26T07:59:59.999000+00:00,1980452.00399,6185
2026-04-26T08:00:00+00:00,86.63,86.76,86.51,86.57,37931.668,2026-04-26T08:59:59.999000+00:00,3286192.06248,12126
2026-04-26T09:00:00+00:00,86.57,86.59,86.46,86.55,21834.957,2026-04-26T09:59:59.999000+00:00,1889159.58605,7632
2026-04-26T10:00:00+00:00,86.54,86.61,86.42,86.48,33217.87,2026-04-26T10:59:59.999000+00:00,2873565.13596,8275
2026-04-26T11:00:00+00:00,86.47,86.64,86.46,86.48,29754.692,2026-04-26T11:59:59.999000+00:00,2574323.62653,10575
2026-04-26T12:00:00+00:00,86.49,86.49,85.9,86.09,109065.477,2026-04-26T12:59:59.999000+00:00,9397422.42501,22454
2026-04-26T13:00:00+00:00,86.09,86.27,85.97,86.12,97003.615,2026-04-26T13:59:59.999000+00:00,8352111.16108,19918
2026-04-26T14:00:00+00:00,86.12,86.5,86.06,86.42,59997.046,2026-04-26T14:59:59.999000+00:00,5183370.09587,17663
2026-04-26T15:00:00+00:00,86.42,86.59,86.36,86.56,58213.931,2026-04-26T15:59:59.999000+00:00,5034772.77261,16022
2026-04-26T16:00:00+00:00,86.55,86.6,86.38,86.41,36339.705,2026-04-26T16:59:59.999000+00:00,3143897.09623,11579
2026-04-26T17:00:00+00:00,86.42,86.59,86.27,86.53,22387.757,2026-04-26T17:59:59.999000+00:00,1935764.99602,8380
2026-04-26T18:00:00+00:00,86.53,86.99,86.43,86.82,82390.927,2026-04-26T18:59:59.999000+00:00,7149089.20726,18412
2026-04-26T19:00:00+00:00,86.82,87.2,86.68,86.88,64929.569,2026-04-26T19:59:59.999000+00:00,5646097.69598,18229
2026-04-26T20:00:00+00:00,86.89,86.94,86.6,86.68,39823.078,2026-04-26T20:59:59.999000+00:00,3456095.34063,10812
2026-04-26T21:00:00+00:00,86.69,87.14,86.19,86.83,149837.103,2026-04-26T21:59:59.999000+00:00,12989289.65696,40585
2026-04-26T22:00:00+00:00,86.82,87.32,86.33,86.73,105092.204,2026-04-26T22:59:59.999000+00:00,9125463.61788,34318
2026-04-26T23:00:00+00:00,86.73,87.17,86.53,86.93,59983.445,2026-04-26T23:59:59.999000+00:00,5208233.89742,19953
2026-04-27T00:00:00+00:00,86.93,87.4,86.53,87.35,449528.698,2026-04-27T00:59:59.999000+00:00,39059223.44399,43805
2026-04-27T01:00:00+00:00,87.34,87.87,87.25,87.82,173120.482,2026-04-27T01:59:59.999000+00:00,15161796.38207,50384
2026-04-27T02:00:00+00:00,87.82,88.08,87.36,87.81,107886.372,2026-04-27T02:59:59.999000+00:00,9468055.39715,28040
2026-04-27T03:00:00+00:00,87.81,88.07,87.69,87.72,71272.346,2026-04-27T03:59:59.999000+00:00,6265521.17478,21057
2026-04-27T04:00:00+00:00,87.72,87.84,87.41,87.51,50545.411,2026-04-27T04:59:59.999000+00:00,4429821.16677,17013
2026-04-27T05:00:00+00:00,87.52,87.54,85.8,85.95,334055.439,2026-04-27T05:59:59.999000+00:00,28840770.09958,75859
2026-04-27T06:00:00+00:00,85.95,86.06,85.42,85.72,143088.86,2026-04-27T06:59:59.999000+00:00,12268970.41234,30997
2026-04-27T07:00:00+00:00,85.72,85.79,85.26,85.27,131489.492,2026-04-27T07:59:59.999000+00:00,11243953.49945,27961
2026-04-27T08:00:00+00:00,85.27,85.53,85.05,85.51,144091.352,2026-04-27T08:59:59.999000+00:00,12290193.63614,31875
2026-04-27T09:00:00+00:00,85.51,85.63,85.15,85.49,121837.239,2026-04-27T09:59:59.999000+00:00,10407812.29436,30499
2026-04-27T10:00:00+00:00,85.48,85.58,85.15,85.18,137125.637,2026-04-27T10:59:59.999000+00:00,11700045.39235,21784
2026-04-27T11:00:00+00:00,85.19,85.28,85.07,85.26,47605.485,2026-04-27T11:59:59.999000+00:00,4054989.9094,14314
2026-04-27T12:00:00+00:00,85.26,85.26,84.91,85.09,94824.519,2026-04-27T12:59:59.999000+00:00,8068845.19315,22788
2026-04-27T13:00:00+00:00,85.09,85.38,84.72,85.13,107504.866,2026-04-27T13:59:59.999000+00:00,9144790.66668,39948
2026-04-27T14:00:00+00:00,85.13,85.83,85.0,85.23,128931.463,2026-04-27T14:59:59.999000+00:00,11005555.21652,43948
2026-04-27T15:00:00+00:00,85.23,85.24,83.63,84.17,280239.463,2026-04-27T15:59:59.999000+00:00,23611165.01669,91414
2026-04-27T16:00:00+00:00,84.17,84.4,84.04,84.29,87373.324,2026-04-27T16:59:59.999000+00:00,7358153.42578,29483
2026-04-27T17:00:00+00:00,84.28,84.69,84.27,84.47,69647.055,2026-04-27T17:59:59.999000+00:00,5885031.48826,22062
2026-04-27T18:00:00+00:00,84.47,84.7,84.42,84.57,35052.616,2026-04-27T18:59:59.999000+00:00,2963851.66981,13823
2026-04-27T19:00:00+00:00,84.57,84.66,83.83,84.19,103227.317,2026-04-27T19:59:59.999000+00:00,8690249.68634,25631
2026-04-27T20:00:00+00:00,84.18,84.35,84.14,84.29,45598.606,2026-04-27T20:59:59.999000+00:00,3841837.14823,13254
2026-04-27T21:00:00+00:00,84.28,84.51,84.11,84.27,36976.65,2026-04-27T21:59:59.999000+00:00,3117665.46475,13705
2026-04-27T22:00:00+00:00,84.27,84.61,84.19,84.54,43183.23,2026-04-27T22:59:59.999000+00:00,3645936.80249,13366
2026-04-27T23:00:00+00:00,84.53,84.9,84.46,84.82,64895.769,2026-04-27T23:59:59.999000+00:00,5494952.79966,14509
2026-04-28T00:00:00+00:00,84.82,84.93,84.59,84.83,38462.116,2026-04-28T00:59:59.999000+00:00,3259962.11478,14149
2026-04-28T01:00:00+00:00,84.82,84.87,84.39,84.4,33356.184,2026-04-28T01:59:59.999000+00:00,2821720.21637,12203
2026-04-28T02:00:00+00:00,84.4,84.64,83.9,84.18,77933.314,2026-04-28T02:59:59.999000+00:00,6570842.90755,18887
2026-04-28T03:00:00+00:00,84.17,84.2,84.02,84.17,32325.583,2026-04-28T03:59:59.999000+00:00,2718164.30587,13958
2026-04-28T04:00:00+00:00,84.18,84.43,83.79,84.06,309426.202,2026-04-28T04:59:59.999000+00:00,25992260.86854,25695
2026-04-28T05:00:00+00:00,84.06,84.43,84.02,84.2,91923.26,2026-04-28T05:59:59.999000+00:00,7742212.29252,17551
2026-04-28T06:00:00+00:00,84.21,84.31,83.68,83.95,64058.079,2026-04-28T06:59:59.999000+00:00,5380253.17932,16949
2026-04-28T07:00:00+00:00,83.95,84.06,83.65,84.02,62941.48,2026-04-28T07:59:59.999000+00:00,5280156.11904,15562
2026-04-28T08:00:00+00:00,84.01,84.19,83.76,83.95,41869.254,2026-04-28T08:59:59.999000+00:00,3515730.53745,12370
2026-04-28T09:00:00+00:00,83.95,83.97,83.42,83.64,55070.64,2026-04-28T09:59:59.999000+00:00,4609297.28168,14786
2026-04-28T10:00:00+00:00,83.64,83.82,83.63,83.82,27404.109,2026-04-28T10:59:59.999000+00:00,2294948.23823,9249
2026-04-28T11:00:00+00:00,83.82,83.85,83.3,83.42,61291.254,2026-04-28T11:59:59.999000+00:00,5118878.66826,19283
2026-04-28T12:00:00+00:00,83.42,83.74,83.25,83.69,85949.186,2026-04-28T12:59:59.999000+00:00,7173441.49316,19306
2026-04-28T13:00:00+00:00,83.68,84.0,83.2,83.55,86257.387,2026-04-28T13:59:59.999000+00:00,7204854.87083,28724
2026-04-28T14:00:00+00:00,83.54,83.54,82.98,83.4,133500.132,2026-04-28T14:59:59.999000+00:00,11108194.13825,37389
2026-04-28T15:00:00+00:00,83.41,83.51,83.22,83.46,65377.952,2026-04-28T15:59:59.999000+00:00,5452095.08761,21129
2026-04-28T16:00:00+00:00,83.46,83.69,83.32,83.59,57718.7,2026-04-28T16:59:59.999000+00:00,4819411.07421,17638
2026-04-28T17:00:00+00:00,83.58,83.81,83.37,83.61,44206.38,2026-04-28T17:59:59.999000+00:00,3696245.53143,14642
2026-04-28T18:00:00+00:00,83.61,83.83,83.59,83.81,38978.859,2026-04-28T18:59:59.999000+00:00,3262942.79536,12049
2026-04-28T19:00:00+00:00,83.81,84.02,83.7,83.89,34416.77,2026-04-28T19:59:59.999000+00:00,2886328.79966,12140
2026-04-28T20:00:00+00:00,83.89,83.99,83.78,83.79,27939.98,2026-04-28T20:59:59.999000+00:00,2343195.27942,9009
2026-04-28T21:00:00+00:00,83.78,83.95,83.62,83.73,39232.45,2026-04-28T21:59:59.999000+00:00,3287775.68196,10606
2026-04-28T22:00:00+00:00,83.73,83.99,83.58,83.72,67692.395,2026-04-28T22:59:59.999000+00:00,5670982.26883,11858
2026-04-28T23:00:00+00:00,83.72,84.15,83.65,84.06,87062.777,2026-04-28T23:59:59.999000+00:00,7305368.58126,12751
2026-04-29T00:00:00+00:00,84.06,84.19,83.82,84.07,106617.569,2026-04-29T00:59:59.999000+00:00,8956455.47746,15957
2026-04-29T01:00:00+00:00,84.06,84.22,83.81,84.1,33665.298,2026-04-29T01:59:59.999000+00:00,2827488.47607,13154
2026-04-29T02:00:00+00:00,84.1,84.22,83.93,84.06,26097.629,2026-04-29T02:59:59.999000+00:00,2194087.15204,8321
2026-04-29T03:00:00+00:00,84.05,84.74,84.05,84.59,71307.94,2026-04-29T03:59:59.999000+00:00,6020898.70021,18895
2026-04-29T04:00:00+00:00,84.6,85.06,84.45,84.95,79560.488,2026-04-29T04:59:59.999000+00:00,6744652.81235,19427
2026-04-29T05:00:00+00:00,84.96,85.0,84.71,84.85,66751.668,2026-04-29T05:59:59.999000+00:00,5662590.99921,14857
2026-04-29T06:00:00+00:00,84.84,85.0,84.54,84.63,74304.658,2026-04-29T06:59:59.999000+00:00,6299940.4959,12000
2026-04-29T07:00:00+00:00,84.63,84.86,84.6,84.71,55474.771,2026-04-29T07:59:59.999000+00:00,4699320.92687,11101
2026-04-29T08:00:00+00:00,84.71,84.75,84.36,84.52,44525.874,2026-04-29T08:59:59.999000+00:00,3764038.70285,11968
2026-04-29T09:00:00+00:00,84.51,85.56,83.2,85.29,281886.947,2026-04-29T09:59:59.999000+00:00,23969478.2008,42841
2026-04-29T10:00:00+00:00,85.3,85.55,85.13,85.14,123673.971,2026-04-29T10:59:59.999000+00:00,10560839.41696,23161
2026-04-29T11:00:00+00:00,85.14,85.16,84.8,84.91,127030.9,2026-04-29T11:59:59.999000+00:00,10794191.58919,16289
2026-04-29T12:00:00+00:00,84.91,84.92,83.93,84.24,164587.676,2026-04-29T12:59:59.999000+00:00,13870299.53898,31994
2026-04-29T13:00:00+00:00,84.24,84.28,83.65,84.0,109132.317,2026-04-29T13:59:59.999000+00:00,9163250.59055,35978
2026-04-29T14:00:00+00:00,84.01,84.05,83.65,83.85,85181.818,2026-04-29T14:59:59.999000+00:00,7144476.22242,25528
2026-04-29T15:00:00+00:00,83.85,83.93,83.0,83.26,207594.129,2026-04-29T15:59:59.999000+00:00,17294380.51966,42892
2026-04-29T16:00:00+00:00,83.25,83.65,82.97,83.13,110938.654,2026-04-29T16:59:59.999000+00:00,9233527.17866,25029
2026-04-29T17:00:00+00:00,83.14,83.37,82.74,83.36,94361.898,2026-04-29T17:59:59.999000+00:00,7835492.20723,26724
2026-04-29T18:00:00+00:00,83.36,83.44,81.4,82.3,381086.939,2026-04-29T18:59:59.999000+00:00,31226377.50436,95134
2026-04-29T19:00:00+00:00,82.3,82.36,82.0,82.19,98013.991,2026-04-29T19:59:59.999000+00:00,8054476.84449,25340
2026-04-29T20:00:00+00:00,82.2,82.81,82.17,82.62,87281.454,2026-04-29T20:59:59.999000+00:00,7196123.28266,24856
2026-04-29T21:00:00+00:00,82.62,83.22,82.52,82.91,71149.844,2026-04-29T21:59:59.999000+00:00,5896458.69899,18591
2026-04-29T22:00:00+00:00,82.91,83.13,82.81,83.07,38321.764,2026-04-29T22:59:59.999000+00:00,3180198.32053,10413
2026-04-29T23:00:00+00:00,83.07,83.11,82.82,83.04,37515.399,2026-04-29T23:59:59.999000+00:00,3113849.11228,10855
2026-04-30T00:00:00+00:00,83.05,84.01,83.05,83.81,135602.644,2026-04-30T00:59:59.999000+00:00,11324846.31599,33062
2026-04-30T01:00:00+00:00,83.8,84.0,83.66,83.75,60974.874,2026-04-30T01:59:59.999000+00:00,5112558.66638,20326
2026-04-30T02:00:00+00:00,83.75,83.96,82.7,82.98,87928.988,2026-04-30T02:59:59.999000+00:00,7321394.876,37985
2026-04-30T03:00:00+00:00,82.98,83.24,82.86,83.06,34343.423,2026-04-30T03:59:59.999000+00:00,2851269.17207,15370
2026-04-30T04:00:00+00:00,83.06,83.09,82.37,82.39,65352.698,2026-04-30T04:59:59.999000+00:00,5398488.61605,20428
2026-04-30T05:00:00+00:00,82.4,82.79,82.16,82.57,55332.06,2026-04-30T05:59:59.999000+00:00,4567922.4179,16259
2026-04-30T06:00:00+00:00,82.57,83.05,82.53,82.94,41984.122,2026-04-30T06:59:59.999000+00:00,3476592.85456,15133
2026-04-30T07:00:00+00:00,82.95,83.39,82.9,83.35,95647.335,2026-04-30T07:59:59.999000+00:00,7952063.19895,26386
2026-04-30T08:00:00+00:00,83.35,83.43,83.12,83.13,69631.313,2026-04-30T08:59:59.999000+00:00,5797911.99841,17621
2026-04-30T09:00:00+00:00,83.12,83.55,83.06,83.15,41720.703,2026-04-30T09:59:59.999000+00:00,3474341.13877,14430
2026-04-30T10:00:00+00:00,83.14,83.22,82.92,83.0,39540.488,2026-04-30T10:59:59.999000+00:00,3283130.0759,12092
2026-04-30T11:00:00+00:00,83.01,83.39,82.79,83.01,60285.662,2026-04-30T11:59:59.999000+00:00,5009104.58214,17441
2026-04-30T12:00:00+00:00,83.01,83.48,82.99,83.22,51331.05,2026-04-30T12:59:59.999000+00:00,4273177.86381,15856
2026-04-30T13:00:00+00:00,83.22,83.56,82.88,83.21,61084.358,2026-04-30T13:59:59.999000+00:00,5083187.89105,26506
2026-04-30T14:00:00+00:00,83.22,83.42,82.69,83.23,88355.98,2026-04-30T14:59:59.999000+00:00,7341462.78274,32698
2026-04-30T15:00:00+00:00,83.23,83.83,83.03,83.36,87142.858,2026-04-30T15:59:59.999000+00:00,7267547.1409,29551
2026-04-30T16:00:00+00:00,83.36,83.43,82.94,83.02,36573.768,2026-04-30T16:59:59.999000+00:00,3042221.59321,16465
2026-04-30T17:00:00+00:00,83.02,83.14,82.87,83.04,56559.868,2026-04-30T17:59:59.999000+00:00,4693858.3471,24558
2026-04-30T18:00:00+00:00,83.03,83.31,82.98,83.07,33383.341,2026-04-30T18:59:59.999000+00:00,2775463.91613,14054
2026-04-30T19:00:00+00:00,83.06,83.29,83.0,83.04,45383.691,2026-04-30T19:59:59.999000+00:00,3773046.2679,17833
2026-04-30T20:00:00+00:00,83.04,83.19,82.97,83.09,38846.046,2026-04-30T20:59:59.999000+00:00,3227924.2173,19707
2026-04-30T21:00:00+00:00,83.1,83.14,82.83,82.85,31868.216,2026-04-30T21:59:59.999000+00:00,2644624.61571,16647
2026-04-30T22:00:00+00:00,82.86,83.04,82.78,82.85,32161.667,2026-04-30T22:59:59.999000+00:00,2665769.06165,14221
2026-04-30T23:00:00+00:00,82.85,83.09,82.85,83.09,21556.458,2026-04-30T23:59:59.999000+00:00,1789191.6014,6901
2026-05-01T00:00:00+00:00,83.09,83.41,83.08,83.2,51546.849,2026-05-01T00:59:59.999000+00:00,4291951.08287,18694
2026-05-01T01:00:00+00:00,83.2,83.69,83.19,83.61,59634.38,2026-05-01T01:59:59.999000+00:00,4978074.70241,19585
2026-05-01T02:00:00+00:00,83.62,83.84,83.45,83.63,64650.931,2026-05-01T02:59:59.999000+00:00,5408682.38074,13767
2026-05-01T03:00:00+00:00,83.62,84.38,83.56,83.89,87729.797,2026-05-01T03:59:59.999000+00:00,7372410.58529,29641
2026-05-01T04:00:00+00:00,83.9,84.06,83.69,83.82,47884.731,2026-05-01T04:59:59.999000+00:00,4017017.40174,13339
2026-05-01T05:00:00+00:00,83.81,84.23,83.74,84.05,78248.94,2026-05-01T05:59:59.999000+00:00,6578981.19326,13986
2026-05-01T06:00:00+00:00,84.06,84.18,83.69,83.85,40771.811,2026-05-01T06:59:59.999000+00:00,3424233.37492,12261
2026-05-01T07:00:00+00:00,83.86,83.97,83.67,83.96,122847.45,2026-05-01T07:59:59.999000+00:00,10296701.73729,15340
2026-05-01T08:00:00+00:00,83.96,84.3,83.9,84.18,54059.797,2026-05-01T08:59:59.999000+00:00,4547865.81855,12778
2026-05-01T09:00:00+00:00,84.18,84.19,83.89,83.97,63899.282,2026-05-01T09:59:59.999000+00:00,5369014.12002,13948
2026-05-01T10:00:00+00:00,83.96,84.08,83.69,83.95,60312.684,2026-05-01T10:59:59.999000+00:00,5058060.0665,13078
2026-05-01T11:00:00+00:00,83.96,84.22,83.87,84.01,36212.26,2026-05-01T11:59:59.999000+00:00,3041200.87065,11789
2026-05-01T12:00:00+00:00,84.01,84.59,83.92,84.27,116975.373,2026-05-01T12:59:59.999000+00:00,9862038.27726,25588
2026-05-01T13:00:00+00:00,84.27,84.86,84.24,84.6,145848.957,2026-05-01T13:59:59.999000+00:00,12323631.57512,31961
2026-05-01T14:00:00+00:00,84.61,84.73,83.89,84.22,138280.496,2026-05-01T14:59:59.999000+00:00,11658957.28261,30496
2026-05-01T15:00:00+00:00,84.21,84.62,84.01,84.47,116591.916,2026-05-01T15:59:59.999000+00:00,9830245.95421,25710
2026-05-01T16:00:00+00:00,84.46,84.63,83.98,83.99,115466.218,2026-05-01T16:59:59.999000+00:00,9731190.64521,24418
2026-05-01T17:00:00+00:00,83.99,84.28,83.92,84.23,49346.915,2026-05-01T17:59:59.999000+00:00,4149170.58981,15497
2026-05-01T18:00:00+00:00,84.23,84.31,83.98,83.99,40359.454,2026-05-01T18:59:59.999000+00:00,3395372.27753,12888
2026-05-01T19:00:00+00:00,83.99,84.07,83.79,83.9,60624.482,2026-05-01T19:59:59.999000+00:00,5086650.88529,20263
2026-05-01T20:00:00+00:00,83.9,83.93,83.33,83.49,92171.086,2026-05-01T20:59:59.999000+00:00,7710834.1595,21623
2026-05-01T21:00:00+00:00,83.48,83.8,83.41,83.72,46962.007,2026-05-01T21:59:59.999000+00:00,3927060.0931,14439
2026-05-01T22:00:00+00:00,83.72,83.89,83.57,83.75,32960.377,2026-05-01T22:59:59.999000+00:00,2760484.44482,10155
2026-05-01T23:00:00+00:00,83.74,83.9,83.56,83.76,74681.766,2026-05-01T23:59:59.999000+00:00,6253723.82437,11178
2026-05-02T00:00:00+00:00,83.76,83.87,83.44,83.82,61212.615,2026-05-02T00:59:59.999000+00:00,5118485.79073,11989
2026-05-02T01:00:00+00:00,83.83,84.05,83.77,84.03,25991.794,2026-05-02T01:59:59.999000+00:00,2180953.54664,8816
2026-05-02T02:00:00+00:00,84.04,84.18,83.86,83.95,49527.08,2026-05-02T02:59:59.999000+00:00,4160476.48705,11730
2026-05-02T03:00:00+00:00,83.94,83.98,83.7,83.82,29877.082,2026-05-02T03:59:59.999000+00:00,2504609.93848,8731
2026-05-02T04:00:00+00:00,83.82,83.83,83.56,83.64,37522.792,2026-05-02T04:59:59.999000+00:00,3139674.16228,9129
2026-05-02T05:00:00+00:00,83.64,83.75,83.54,83.7,25771.131,2026-05-02T05:59:59.999000+00:00,2155755.28441,8469
2026-05-02T06:00:00+00:00,83.71,83.85,83.58,83.82,21004.553,2026-05-02T06:59:59.999000+00:00,1758158.54151,7978
2026-05-02T07:00:00+00:00,83.83,83.86,83.72,83.74,26716.019,2026-05-02T07:59:59.999000+00:00,2238159.77451,12560
2026-05-02T08:00:00+00:00,83.73,83.89,83.64,83.85,29367.366,2026-05-02T08:59:59.999000+00:00,2460896.64767,9679
2026-05-02T09:00:00+00:00,83.85,84.17,83.83,84.0,70287.552,2026-05-02T09:59:59.999000+00:00,5904325.87395,16226
2026-05-02T10:00:00+00:00,84.01,84.01,83.87,83.95,21697.186,2026-05-02T10:59:59.999000+00:00,1821596.10243,8081
2026-05-02T11:00:00+00:00,83.94,83.94,83.52,83.7,44369.801,2026-05-02T11:59:59.999000+00:00,3713398.98871,12755
2026-05-02T12:00:00+00:00,83.7,84.11,83.67,83.86,87564.944,2026-05-02T12:59:59.999000+00:00,7347179.46162,15247
2026-05-02T13:00:00+00:00,83.87,84.08,83.86,83.94,40917.139,2026-05-02T13:59:59.999000+00:00,3436063.38164,14070
2026-05-02T14:00:00+00:00,83.95,84.1,83.91,83.98,33210.793,2026-05-02T14:59:59.999000+00:00,2789657.34668,11261
2026-05-02T15:00:00+00:00,83.98,84.07,83.93,84.04,21754.158,2026-05-02T15:59:59.999000+00:00,1827241.33025,8255
2026-05-02T16:00:00+00:00,84.04,84.28,84.02,84.2,50881.054,2026-05-02T16:59:59.999000+00:00,4280668.27882,15029
2026-05-02T17:00:00+00:00,84.2,84.21,84.0,84.05,23075.26,2026-05-02T17:59:59.999000+00:00,1940240.27629,9967
2026-05-02T18:00:00+00:00,84.04,84.22,83.95,84.19,37581.454,2026-05-02T18:59:59.999000+00:00,3159172.49564,9920
2026-05-02T19:00:00+00:00,84.2,84.31,84.17,84.22,18693.443,2026-05-02T19:59:59.999000+00:00,1574647.8634,7396
2026-05-02T20:00:00+00:00,84.23,84.23,84.09,84.18,20752.4,2026-05-02T20:59:59.999000+00:00,1746726.35149,9624
2026-05-02T21:00:00+00:00,84.19,84.97,84.15,84.55,103689.076,2026-05-02T21:59:59.999000+00:00,8773881.02367,28480
2026-05-02T22:00:00+00:00,84.55,84.64,84.07,84.46,67579.887,2026-05-02T22:59:59.999000+00:00,5698797.46852,16643
2026-05-02T23:00:00+00:00,84.45,84.51,84.22,84.26,78714.92,2026-05-02T23:59:59.999000+00:00,6640659.56079,10988
2026-05-03T00:00:00+00:00,84.26,84.31,83.83,84.08,101338.345,2026-05-03T00:59:59.999000+00:00,8515558.15785,23027
2026-05-03T01:00:00+00:00,84.08,84.08,83.72,83.75,58510.077,2026-05-03T01:59:59.999000+00:00,4905531.97076,18635
2026-05-03T02:00:00+00:00,83.74,83.81,83.6,83.66,52438.389,2026-05-03T02:59:59.999000+00:00,4388632.22079,13668
2026-05-03T03:00:00+00:00,83.66,83.74,83.58,83.67,34615.225,2026-05-03T03:59:59.999000+00:00,2895261.48499,7277
2026-05-03T04:00:00+00:00,83.66,83.76,83.58,83.7,32617.709,2026-05-03T04:59:59.999000+00:00,2729087.14534,10188
2026-05-03T05:00:00+00:00,83.7,83.86,83.67,83.76,21761.705,2026-05-03T05:59:59.999000+00:00,1822948.68474,7745
2026-05-03T06:00:00+00:00,83.75,83.88,83.6,83.76,18777.997,2026-05-03T06:59:59.999000+00:00,1572018.66033,6861
2026-05-03T07:00:00+00:00,83.76,84.02,83.75,83.88,64858.189,2026-05-03T07:59:59.999000+00:00,5444683.90193,16137
2026-05-03T08:00:00+00:00,83.88,84.03,83.83,83.9,22629.474,2026-05-03T08:59:59.999000+00:00,1899389.85283,8992
2026-05-03T09:00:00+00:00,83.89,84.11,83.88,84.06,41813.889,2026-05-03T09:59:59.999000+00:00,3512776.84417,12636
2026-05-03T10:00:00+00:00,84.06,84.06,83.82,83.83,29559.325,2026-05-03T10:59:59.999000+00:00,2482229.29962,11324
2026-05-03T11:00:00+00:00,83.82,84.2,83.75,83.96,69335.383,2026-05-03T11:59:59.999000+00:00,5822461.75671,12996
2026-05-03T12:00:00+00:00,83.96,84.24,83.95,84.11,48345.212,2026-05-03T12:59:59.999000+00:00,4066937.22434,16090
2026-05-03T13:00:00+00:00,84.11,84.22,83.99,84.1,31560.695,2026-05-03T13:59:59.999000+00:00,2654435.75445,11179
2026-05-03T14:00:00+00:00,84.1,84.45,84.1,84.37,64998.685,2026-05-03T14:59:59.999000+00:00,5478216.98192,18172
2026-05-03T15:00:00+00:00,84.37,84.44,84.11,84.16,54564.086,2026-05-03T15:59:59.999000+00:00,4598118.71015,13118
2026-05-03T16:00:00+00:00,84.16,84.29,84.01,84.14,31005.07,2026-05-03T16:59:59.999000+00:00,2608272.59899,10621
2026-05-03T17:00:00+00:00,84.15,84.33,84.0,84.2,30425.714,2026-05-03T17:59:59.999000+00:00,2561741.91025,11387
2026-05-03T18:00:00+00:00,84.2,84.32,84.11,84.26,28205.499,2026-05-03T18:59:59.999000+00:00,2375429.87053,10207
2026-05-03T19:00:00+00:00,84.26,84.5,84.24,84.38,30787.892,2026-05-03T19:59:59.999000+00:00,2596834.52514,10050
2026-05-03T20:00:00+00:00,84.37,84.73,84.25,84.34,68290.012,2026-05-03T20:59:59.999000+00:00,5770612.66969,16686
2026-05-03T21:00:00+00:00,84.34,84.46,83.88,84.14,69229.503,2026-05-03T21:59:59.999000+00:00,5830759.99252,17142
2026-05-03T22:00:00+00:00,84.14,84.97,84.14,84.68,158795.948,2026-05-03T22:59:59.999000+00:00,13440310.66012,33101
2026-05-03T23:00:00+00:00,84.67,84.79,83.87,83.91,104183.499,2026-05-03T23:59:59.999000+00:00,8768608.31734,24154
2026-05-04T00:00:00+00:00,83.91,83.91,83.35,83.78,165599.525,2026-05-04T00:59:59.999000+00:00,13841100.04122,39102
2026-05-04T01:00:00+00:00,83.78,84.93,83.43,84.77,191189.929,2026-05-04T01:59:59.999000+00:00,16095224.68218,46552
2026-05-04T02:00:00+00:00,84.77,85.67,84.74,85.26,476617.468,2026-05-04T02:59:59.999000+00:00,40607614.93882,75340
2026-05-04T03:00:00+00:00,85.26,85.58,85.11,85.41,115290.625,2026-05-04T03:59:59.999000+00:00,9840889.88874,24053
2026-05-04T04:00:00+00:00,85.4,85.9,85.38,85.76,160903.883,2026-05-04T04:59:59.999000+00:00,13783493.3818,27995
2026-05-04T05:00:00+00:00,85.77,85.8,85.28,85.38,173760.356,2026-05-04T05:59:59.999000+00:00,14854258.82377,24157
2026-05-04T06:00:00+00:00,85.39,85.41,84.51,84.88,190382.531,2026-05-04T06:59:59.999000+00:00,16178993.96345,31149
2026-05-04T07:00:00+00:00,84.88,85.01,84.68,84.87,46693.478,2026-05-04T07:59:59.999000+00:00,3963188.76963,12313
2026-05-04T08:00:00+00:00,84.87,84.91,84.62,84.77,49877.782,2026-05-04T08:59:59.999000+00:00,4228473.67439,13982
2026-05-04T09:00:00+00:00,84.77,85.2,84.68,85.03,73486.254,2026-05-04T09:59:59.999000+00:00,6242132.06261,15591
2026-05-04T10:00:00+00:00,85.04,85.07,83.23,84.04,445109.106,2026-05-04T10:59:59.999000+00:00,37310440.44895,96848
2026-05-04T11:00:00+00:00,84.04,84.15,83.83,83.95,82837.539,2026-05-04T11:59:59.999000+00:00,6956782.99189,20809
2026-05-04T12:00:00+00:00,83.96,84.16,83.85,83.9,62536.146,2026-05-04T12:59:59.999000+00:00,5253066.5076,16310
2026-05-04T13:00:00+00:00,83.89,84.34,83.59,84.0,109750.127,2026-05-04T13:59:59.999000+00:00,9220641.19004,32505
2026-05-04T14:00:00+00:00,84.0,85.32,83.78,84.99,233613.631,2026-05-04T14:59:59.999000+00:00,19801506.86874,54648
2026-05-04T15:00:00+00:00,84.99,85.18,83.99,84.47,299820.756,2026-05-04T15:59:59.999000+00:00,25354806.76516,68334
2026-05-04T16:00:00+00:00,84.47,84.8,83.98,84.49,139026.599,2026-05-04T16:59:59.999000+00:00,11732412.81857,42526
2026-05-04T17:00:00+00:00,84.48,85.19,84.48,84.93,149784.075,2026-05-04T17:59:59.999000+00:00,12717333.97025,31459
2026-05-04T18:00:00+00:00,84.94,85.04,84.58,84.74,62608.745,2026-05-04T18:59:59.999000+00:00,5311100.91659,19039
2026-05-04T19:00:00+00:00,84.74,84.76,84.36,84.44,43262.994,2026-05-04T19:59:59.999000+00:00,3655702.04007,18518
2026-05-04T20:00:00+00:00,84.45,84.47,84.06,84.09,44687.272,2026-05-04T20:59:59.999000+00:00,3762396.48753,12966
2026-05-04T21:00:00+00:00,84.09,84.51,84.08,84.43,37653.762,2026-05-04T21:59:59.999000+00:00,3174430.08514,10796
2026-05-04T22:00:00+00:00,84.42,84.56,84.18,84.22,69935.771,2026-05-04T22:59:59.999000+00:00,5900026.58395,13058
2026-05-04T23:00:00+00:00,84.22,84.23,84.02,84.1,44878.864,2026-05-04T23:59:59.999000+00:00,3775057.39744,9890
2026-05-05T00:00:00+00:00,84.11,84.38,84.04,84.33,51790.398,2026-05-05T00:59:59.999000+00:00,4360568.50908,12456
2026-05-05T01:00:00+00:00,84.33,84.47,84.14,84.41,49635.65,2026-05-05T01:59:59.999000+00:00,4185902.62471,12059
2026-05-05T02:00:00+00:00,84.41,84.8,84.34,84.51,70518.814,2026-05-05T02:59:59.999000+00:00,5965040.70016,15218
2026-05-05T03:00:00+00:00,84.51,84.97,84.41,84.78,86025.606,2026-05-05T03:59:59.999000+00:00,7290100.23898,18526
2026-05-05T04:00:00+00:00,84.77,84.9,84.59,84.78,102045.589,2026-05-05T04:59:59.999000+00:00,8649239.57952,15089
2026-05-05T05:00:00+00:00,84.78,85.12,84.72,84.92,168216.623,2026-05-05T05:59:59.999000+00:00,14293169.1514,22619
2026-05-05T06:00:00+00:00,84.93,85.0,84.54,84.98,98845.991,2026-05-05T06:59:59.999000+00:00,8376196.46183,15518
2026-05-05T07:00:00+00:00,84.99,85.06,84.78,84.87,96601.692,2026-05-05T07:59:59.999000+00:00,8204547.34715,15442
2026-05-05T08:00:00+00:00,84.88,84.91,84.69,84.78,45117.104,2026-05-05T08:59:59.999000+00:00,3826073.80859,10587
2026-05-05T09:00:00+00:00,84.79,84.8,84.45,84.53,69999.896,2026-05-05T09:59:59.999000+00:00,5919641.97831,14717
2026-05-05T10:00:00+00:00,84.54,84.93,84.43,84.9,58350.434,2026-05-05T10:59:59.999000+00:00,4943321.89073,11888
2026-05-05T11:00:00+00:00,84.9,85.01,84.7,84.97,62103.596,2026-05-05T11:59:59.999000+00:00,5272120.65661,14406
2026-05-05T12:00:00+00:00,84.97,85.35,84.9,85.31,92374.563,2026-05-05T12:59:59.999000+00:00,7868840.5384,18647
2026-05-05T13:00:00+00:00,85.31,86.1,85.31,85.63,352521.907,2026-05-05T13:59:59.999000+00:00,30237303.14881,60017
2026-05-05T14:00:00+00:00,85.63,85.75,85.19,85.48,121684.766,2026-05-05T14:59:59.999000+00:00,10399314.95527,37853
2026-05-05T15:00:00+00:00,85.47,85.88,85.35,85.5,97097.35,2026-05-05T15:59:59.999000+00:00,8315095.54619,25206
2026-05-05T16:00:00+00:00,85.5,85.7,85.0,85.31,122049.347,2026-05-05T16:59:59.999000+00:00,10417796.93006,23985
2026-05-05T17:00:00+00:00,85.32,85.53,85.12,85.45,27753.307,2026-05-05T17:59:59.999000+00:00,2369381.8533,13724
2026-05-05T18:00:00+00:00,85.46,85.88,85.43,85.87,79396.672,2026-05-05T18:59:59.999000+00:00,6807011.75362,15212
2026-05-05T19:00:00+00:00,85.87,86.56,85.8,86.49,187643.313,2026-05-05T19:59:59.999000+00:00,16185948.74582,36336
2026-05-05T20:00:00+00:00,86.49,86.9,86.42,86.64,125495.392,2026-05-05T20:59:59.999000+00:00,10875004.29338,29404
2026-05-05T21:00:00+00:00,86.65,86.93,86.26,86.72,119579.796,2026-05-05T21:59:59.999000+00:00,10354938.43056,28820
2026-05-05T22:00:00+00:00,86.71,86.98,86.2,86.58,132342.519,2026-05-05T22:59:59.999000+00:00,11462028.92634,35498
2026-05-05T23:00:00+00:00,86.57,86.67,86.17,86.29,61697.801,2026-05-05T23:59:59.999000+00:00,5329922.27054,17337
2026-05-06T00:00:00+00:00,86.29,86.55,86.1,86.38,104611.407,2026-05-06T00:59:59.999000+00:00,9030787.9674,24920
2026-05-06T01:00:00+00:00,86.38,87.0,86.31,86.86,75423.278,2026-05-06T01:59:59.999000+00:00,6542951.79191,19980
2026-05-06T02:00:00+00:00,86.86,86.93,86.39,86.88,70600.83,2026-05-06T02:59:59.999000+00:00,6123506.85365,16935
2026-05-06T03:00:00+00:00,86.89,87.51,86.88,87.33,207414.477,2026-05-06T03:59:59.999000+00:00,18097530.68394,32605
2026-05-06T04:00:00+00:00,87.34,87.43,86.67,86.81,97077.211,2026-05-06T04:59:59.999000+00:00,8452853.6478,21757
2026-05-06T05:00:00+00:00,86.8,87.46,86.75,87.41,139765.495,2026-05-06T05:59:59.999000+00:00,12177171.93697,23791
2026-05-06T06:00:00+00:00,87.4,87.54,87.17,87.49,97202.093,2026-05-06T06:59:59.999000+00:00,8493260.15296,20354
2026-05-06T07:00:00+00:00,87.49,87.89,87.46,87.7,95164.615,2026-05-06T07:59:59.999000+00:00,8344914.69488,22423
2026-05-06T08:00:00+00:00,87.71,89.22,87.64,89.02,327673.23,2026-05-06T08:59:59.999000+00:00,28981268.03184,56677
2026-05-06T09:00:00+00:00,89.02,89.54,88.59,89.48,315441.475,2026-05-06T09:59:59.999000+00:00,28081254.3205,55010
2026-05-06T10:00:00+00:00,89.48,89.69,89.21,89.38,200162.046,2026-05-06T10:59:59.999000+00:00,17914138.47311,38173
2026-05-06T11:00:00+00:00,89.38,90.03,89.31,89.87,182888.347,2026-05-06T11:59:59.999000+00:00,16405630.03775,39611
2026-05-06T12:00:00+00:00,89.87,89.97,89.5,89.66,170431.869,2026-05-06T12:59:59.999000+00:00,15289415.49925,35790
2026-05-06T13:00:00+00:00,89.66,89.66,88.07,88.33,368445.253,2026-05-06T13:59:59.999000+00:00,32692117.85044,101731
2026-05-06T14:00:00+00:00,88.33,88.85,87.47,88.4,277070.483,2026-05-06T14:59:59.999000+00:00,24398954.76781,68174
2026-05-06T15:00:00+00:00,88.4,89.06,88.3,88.97,123948.238,2026-05-06T15:59:59.999000+00:00,11000654.5458,33165
2026-05-06T16:00:00+00:00,88.97,89.51,88.59,89.18,132083.21,2026-05-06T16:59:59.999000+00:00,11757403.54378,36812
2026-05-06T17:00:00+00:00,89.18,89.44,88.53,88.83,107139.948,2026-05-06T17:59:59.999000+00:00,9533282.96329,27678
2026-05-06T18:00:00+00:00,88.83,89.15,88.5,88.99,69118.327,2026-05-06T18:59:59.999000+00:00,6140372.42881,25554
2026-05-06T19:00:00+00:00,88.98,89.32,88.9,89.27,57644.028,2026-05-06T19:59:59.999000+00:00,5136639.738,21723
2026-05-06T20:00:00+00:00,89.27,89.62,88.92,89.19,70319.086,2026-05-06T20:59:59.999000+00:00,6278627.88419,21448
2026-05-06T21:00:00+00:00,89.19,89.6,89.07,89.47,86317.304,2026-05-06T21:59:59.999000+00:00,7716344.45623,21120
2026-05-06T22:00:00+00:00,89.48,89.57,89.01,89.07,49468.004,2026-05-06T22:59:59.999000+00:00,4415454.09505,16691
2026-05-06T23:00:00+00:00,89.07,89.18,88.65,89.16,57845.776,2026-05-06T23:59:59.999000+00:00,5147227.50597,17547
2026-05-07T00:00:00+00:00,89.16,89.27,88.21,88.32,104627.917,2026-05-07T00:59:59.999000+00:00,9271335.61257,31949
2026-05-07T01:00:00+00:00,88.32,88.53,87.9,88.31,88913.852,2026-05-07T01:59:59.999000+00:00,7845293.26336,38199
2026-05-07T02:00:00+00:00,88.31,88.37,87.8,88.15,68125.633,2026-05-07T02:59:59.999000+00:00,5997039.00237,27665
2026-05-07T03:00:00+00:00,88.14,88.15,87.63,87.75,73538.971,2026-05-07T03:59:59.999000+00:00,6460976.46544,22882
2026-05-07T04:00:00+00:00,87.75,88.38,87.69,88.36,68645.444,2026-05-07T04:59:59.999000+00:00,6044103.54419,18696
2026-05-07T05:00:00+00:00,88.37,88.91,88.32,88.65,121904.461,2026-05-07T05:59:59.999000+00:00,10796021.68228,25306
2026-05-07T06:00:00+00:00,88.66,89.28,88.22,89.27,130700.692,2026-05-07T06:59:59.999000+00:00,11599986.81706,29611
2026-05-07T07:00:00+00:00,89.28,90.44,89.14,90.16,257393.823,2026-05-07T07:59:59.999000+00:00,23139646.80693,52925
2026-05-07T08:00:00+00:00,90.17,90.27,89.48,89.58,141624.926,2026-05-07T08:59:59.999000+00:00,12722434.0662,40284
2026-05-07T09:00:00+00:00,89.59,89.6,89.2,89.46,102478.322,2026-05-07T09:59:59.999000+00:00,9162072.74024,29512
2026-05-07T10:00:00+00:00,89.46,89.53,88.76,89.17,113606.736,2026-05-07T10:59:59.999000+00:00,10121904.4779,28757
2026-05-07T11:00:00+00:00,89.17,89.69,89.17,89.57,105833.654,2026-05-07T11:59:59.999000+00:00,9472442.44385,27426
2026-05-07T12:00:00+00:00,89.56,90.1,89.52,89.77,155489.056,2026-05-07T12:59:59.999000+00:00,13969709.75574,34806
2026-05-07T13:00:00+00:00,89.76,89.76,88.38,88.68,276171.168,2026-05-07T13:59:59.999000+00:00,24579414.78155,73601
2026-05-07T14:00:00+00:00,88.67,88.91,87.83,88.15,226519.289,2026-05-07T14:59:59.999000+00:00,19990326.85529,61558
2026-05-07T15:00:00+00:00,88.15,88.58,87.79,88.32,129699.977,2026-05-07T15:59:59.999000+00:00,11443911.74934,46427
2026-05-07T16:00:00+00:00,88.32,88.79,88.08,88.43,148766.934,2026-05-07T16:59:59.999000+00:00,13153725.60094,40225
2026-05-07T17:00:00+00:00,88.44,88.86,87.96,88.8,83796.641,2026-05-07T17:59:59.999000+00:00,7409987.7944,39961
2026-05-07T18:00:00+00:00,88.8,89.05,88.24,88.58,96654.086,2026-05-07T18:59:59.999000+00:00,8573190.5083,34155
2026-05-07T19:00:00+00:00,88.58,88.74,88.22,88.45,59544.974,2026-05-07T19:59:59.999000+00:00,5266978.76332,33262
2026-05-07T20:00:00+00:00,88.45,88.88,88.04,88.07,67246.743,2026-05-07T20:59:59.999000+00:00,5945193.56618,24138
2026-05-07T21:00:00+00:00,88.07,88.23,87.67,87.97,96637.174,2026-05-07T21:59:59.999000+00:00,8502790.14484,26929
2026-05-07T22:00:00+00:00,87.97,88.22,87.68,88.1,142223.352,2026-05-07T22:59:59.999000+00:00,12501643.47246,27117
2026-05-07T23:00:00+00:00,88.09,88.48,88.06,88.42,32036.676,2026-05-07T23:59:59.999000+00:00,2828155.77878,14159
2026-05-08T00:00:00+00:00,88.43,88.65,88.1,88.27,58894.192,2026-05-08T00:59:59.999000+00:00,5203613.71698,17002
2026-05-08T01:00:00+00:00,88.27,88.37,87.92,88.13,41582.039,2026-05-08T01:59:59.999000+00:00,3665200.68833,15588
2026-05-08T02:00:00+00:00,88.14,88.35,87.6,88.06,94579.379,2026-05-08T02:59:59.999000+00:00,8317974.2543,33868
2026-05-08T03:00:00+00:00,88.06,88.37,87.63,88.22,79053.405,2026-05-08T03:59:59.999000+00:00,6963315.68578,26758
2026-05-08T04:00:00+00:00,88.23,88.37,88.01,88.18,51039.65,2026-05-08T04:59:59.999000+00:00,4503004.09212,18902
2026-05-08T05:00:00+00:00,88.17,88.42,88.05,88.05,50154.667,2026-05-08T05:59:59.999000+00:00,4425249.19972,15815
2026-05-08T06:00:00+00:00,88.05,88.29,87.83,88.05,84278.015,2026-05-08T06:59:59.999000+00:00,7419857.66357,24545
2026-05-08T07:00:00+00:00,88.05,88.23,87.65,88.22,154934.557,2026-05-08T07:59:59.999000+00:00,13626943.20004,33116
2026-05-08T08:00:00+00:00,88.23,88.63,88.01,88.38,174012.249,2026-05-08T08:59:59.999000+00:00,15366233.0477,25750
2026-05-08T09:00:00+00:00,88.38,88.72,88.23,88.44,74514.978,2026-05-08T09:59:59.999000+00:00,6595522.53089,18959
2026-05-08T10:00:00+00:00,88.44,89.1,88.28,88.63,95571.514,2026-05-08T10:59:59.999000+00:00,8473743.28173,22653
2026-05-08T11:00:00+00:00,88.64,88.74,88.47,88.64,63391.816,2026-05-08T11:59:59.999000+00:00,5617813.78928,18796
2026-05-08T12:00:00+00:00,88.64,88.87,88.37,88.46,73483.086,2026-05-08T12:59:59.999000+00:00,6512090.93341,23377
2026-05-08T13:00:00+00:00,88.47,88.56,88.01,88.34,89404.778,2026-05-08T13:59:59.999000+00:00,7898053.59219,34407
2026-05-08T14:00:00+00:00,88.34,89.38,88.34,89.15,139037.71,2026-05-08T14:59:59.999000+00:00,12380309.4772,52711
2026-05-08T15:00:00+00:00,89.16,89.6,88.43,89.59,98944.292,2026-05-08T15:59:59.999000+00:00,8806914.99863,46471
2026-05-08T16:00:00+00:00,89.6,89.79,89.34,89.59,95968.23,2026-05-08T16:59:59.999000+00:00,8595205.00426,36817
2026-05-08T17:00:00+00:00,89.6,91.95,89.56,91.65,397485.869,2026-05-08T17:59:59.999000+00:00,36167789.74119,105786
2026-05-08T18:00:00+00:00,91.66,92.56,91.65,92.32,224383.484,2026-05-08T18:59:59.999000+00:00,20677121.05721,67451
2026-05-08T19:00:00+00:00,92.32,92.8,92.04,92.6,169394.778,2026-05-08T19:59:59.999000+00:00,15665110.76604,45614
2026-05-08T20:00:00+00:00,92.61,92.67,92.01,92.11,110211.486,2026-05-08T20:59:59.999000+00:00,10175830.88863,27608
2026-05-08T21:00:00+00:00,92.12,92.39,91.75,92.3,83725.389,2026-05-08T21:59:59.999000+00:00,7706443.03517,28111
2026-05-08T22:00:00+00:00,92.31,92.71,92.25,92.3,70571.616,2026-05-08T22:59:59.999000+00:00,6525003.68591,20115
2026-05-08T23:00:00+00:00,92.3,92.3,91.73,92.01,69817.68,2026-05-08T23:59:59.999000+00:00,6421865.89797,19899
2026-05-09T00:00:00+00:00,92.02,92.62,91.85,92.48,69972.009,2026-05-09T00:59:59.999000+00:00,6458610.26568,22098
2026-05-09T01:00:00+00:00,92.48,93.91,92.42,93.51,317239.389,2026-05-09T01:59:59.999000+00:00,29597649.27348,50139
2026-05-09T02:00:00+00:00,93.52,93.8,93.3,93.51,113673.566,2026-05-09T02:59:59.999000+00:00,10629590.16618,40598
2026-05-09T03:00:00+00:00,93.51,93.77,93.41,93.64,75542.768,2026-05-09T03:59:59.999000+00:00,7071889.48678,34021
2026-05-09T04:00:00+00:00,93.65,94.17,93.12,93.24,150603.327,2026-05-09T04:59:59.999000+00:00,14112589.5881,44860
2026-05-09T05:00:00+00:00,93.24,93.78,92.84,93.75,115539.115,2026-05-09T05:59:59.999000+00:00,10780343.0828,35420
2026-05-09T06:00:00+00:00,93.75,94.13,93.21,93.54,121346.799,2026-05-09T06:59:59.999000+00:00,11364594.71472,31035
2026-05-09T07:00:00+00:00,93.54,94.0,93.34,93.76,108609.121,2026-05-09T07:59:59.999000+00:00,10181767.26209,27611
2026-05-09T08:00:00+00:00,93.76,93.95,93.66,93.72,60729.91,2026-05-09T08:59:59.999000+00:00,5695777.18765,19204
2026-05-09T09:00:00+00:00,93.71,93.71,93.05,93.29,100947.297,2026-05-09T09:59:59.999000+00:00,9422949.17998,30192
2026-05-09T10:00:00+00:00,93.29,93.6,93.09,93.38,62974.354,2026-05-09T10:59:59.999000+00:00,5879478.33174,20294
2026-05-09T11:00:00+00:00,93.38,93.69,93.33,93.62,42523.864,2026-05-09T11:59:59.999000+00:00,3979209.95645,13635
2026-05-09T12:00:00+00:00,93.61,93.74,93.27,93.45,42377.019,2026-05-09T12:59:59.999000+00:00,3962754.33415,17067
2026-05-09T13:00:00+00:00,93.45,93.47,93.01,93.47,54388.128,2026-05-09T13:59:59.999000+00:00,5072343.09452,18984
2026-05-09T14:00:00+00:00,93.46,93.47,92.77,92.88,85544.613,2026-05-09T14:59:59.999000+00:00,7958933.01453,26394
2026-05-09T15:00:00+00:00,92.88,93.01,92.39,93.01,106211.746,2026-05-09T15:59:59.999000+00:00,9849069.39628,33668
2026-05-09T16:00:00+00:00,93.01,93.31,92.69,92.76,108396.571,2026-05-09T16:59:59.999000+00:00,10076863.79203,34067
2026-05-09T17:00:00+00:00,92.77,93.48,92.76,93.21,51524.296,2026-05-09T17:59:59.999000+00:00,4801043.51153,22521
2026-05-09T18:00:00+00:00,93.21,93.65,93.15,93.37,47121.013,2026-05-09T18:59:59.999000+00:00,4402583.92462,16245
2026-05-09T19:00:00+00:00,93.37,93.58,93.22,93.51,27566.931,2026-05-09T19:59:59.999000+00:00,2574315.52723,11914
2026-05-09T20:00:00+00:00,93.51,93.51,93.15,93.26,27584.435,2026-05-09T20:59:59.999000+00:00,2573819.36443,10132
2026-05-09T21:00:00+00:00,93.25,93.56,93.25,93.49,29250.321,2026-05-09T21:59:59.999000+00:00,2731943.22083,11412
2026-05-09T22:00:00+00:00,93.5,93.53,93.22,93.33,28953.096,2026-05-09T22:59:59.999000+00:00,2703935.61389,10773
2026-05-09T23:00:00+00:00,93.33,93.49,93.05,93.13,25653.008,2026-05-09T23:59:59.999000+00:00,2391281.59972,9271
2026-05-10T00:00:00+00:00,93.12,93.34,92.92,93.03,56620.24,2026-05-10T00:59:59.999000+00:00,5270335.81764,17387
2026-05-10T01:00:00+00:00,93.03,93.03,92.6,92.97,50097.764,2026-05-10T01:59:59.999000+00:00,4649257.10279,16413
2026-05-10T02:00:00+00:00,92.96,93.11,92.81,93.04,91209.483,2026-05-10T02:59:59.999000+00:00,8479016.82921,19356
2026-05-10T03:00:00+00:00,93.05,93.51,92.98,93.42,114076.264,2026-05-10T03:59:59.999000+00:00,10646483.90398,21698
2026-05-10T04:00:00+00:00,93.41,93.5,93.24,93.35,47407.397,2026-05-10T04:59:59.999000+00:00,4427767.60829,13113
2026-05-10T05:00:00+00:00,93.36,93.5,93.24,93.34,29129.256,2026-05-10T05:59:59.999000+00:00,2719951.40491,10171
2026-05-10T06:00:00+00:00,93.34,93.46,93.25,93.41,28480.459,2026-05-10T06:59:59.999000+00:00,2659122.00476,8504
2026-05-10T07:00:00+00:00,93.41,93.63,93.37,93.46,43119.115,2026-05-10T07:59:59.999000+00:00,4033058.44384,12106
2026-05-10T08:00:00+00:00,93.46,94.09,93.42,94.06,112531.093,2026-05-10T08:59:59.999000+00:00,10566819.76287,21207
2026-05-10T09:00:00+00:00,94.06,94.8,94.06,94.3,151172.042,2026-05-10T09:59:59.999000+00:00,14281247.75901,35969
2026-05-10T10:00:00+00:00,94.31,94.37,93.59,93.87,111118.1,2026-05-10T10:59:59.999000+00:00,10430661.61425,24016
2026-05-10T11:00:00+00:00,93.86,94.02,92.91,93.55,136882.139,2026-05-10T11:59:59.999000+00:00,12780623.78068,31863
2026-05-10T12:00:00+00:00,93.56,93.62,93.2,93.32,49753.187,2026-05-10T12:59:59.999000+00:00,4647046.64332,14797
2026-05-10T13:00:00+00:00,93.31,93.94,93.24,93.77,82959.77,2026-05-10T13:59:59.999000+00:00,7764593.5227,20645
2026-05-10T14:00:00+00:00,93.76,94.13,93.68,93.89,68907.127,2026-05-10T14:59:59.999000+00:00,6470507.83854,21738
2026-05-10T15:00:00+00:00,93.89,94.73,93.89,94.53,119230.447,2026-05-10T15:59:59.999000+00:00,11254838.65258,37308
2026-05-10T16:00:00+00:00,94.53,94.98,94.18,94.84,124904.232,2026-05-10T16:59:59.999000+00:00,11809909.01155,36434
2026-05-10T17:00:00+00:00,94.84,96.5,94.84,96.49,267411.973,2026-05-10T17:59:59.999000+00:00,25570489.53932,67500
2026-05-10T18:00:00+00:00,96.49,97.0,96.12,96.44,154698.036,2026-05-10T18:59:59.999000+00:00,14943576.97198,43174
2026-05-10T19:00:00+00:00,96.43,96.88,95.75,96.47,108319.488,2026-05-10T19:59:59.999000+00:00,10438292.76977,42082
2026-05-10T20:00:00+00:00,96.47,96.6,93.43,94.52,246294.26,2026-05-10T20:59:59.999000+00:00,23373147.23988,92250
2026-05-10T21:00:00+00:00,94.51,95.6,94.47,95.08,105506.07,2026-05-10T21:59:59.999000+00:00,10032556.20471,57720
2026-05-10T22:00:00+00:00,95.07,96.36,94.89,96.23,117448.138,2026-05-10T22:59:59.999000+00:00,11244244.33942,75791
2026-05-10T23:00:00+00:00,96.24,96.86,95.99,96.47,141892.915,2026-05-10T23:59:59.999000+00:00,13687024.31909,53878
2026-05-11T00:00:00+00:00,96.46,96.67,95.33,95.79,206743.721,2026-05-11T00:59:59.999000+00:00,19857801.79099,69239
2026-05-11T01:00:00+00:00,95.79,96.4,95.32,96.05,151946.806,2026-05-11T01:59:59.999000+00:00,14579899.98724,52739
2026-05-11T02:00:00+00:00,96.05,96.14,95.19,95.3,144781.899,2026-05-11T02:59:59.999000+00:00,13830866.96668,42550
2026-05-11T03:00:00+00:00,95.3,95.34,94.46,94.76,163954.1,2026-05-11T03:59:59.999000+00:00,15552827.72905,44454
2026-05-11T04:00:00+00:00,94.76,95.21,94.43,94.97,66738.2,2026-05-11T04:59:59.999000+00:00,6326019.43091,21581
2026-05-11T05:00:00+00:00,94.97,95.88,94.94,95.71,91172.615,2026-05-11T05:59:59.999000+00:00,8701027.96724,24561
2026-05-11T06:00:00+00:00,95.71,96.16,95.42,95.49,82022.414,2026-05-11T06:59:59.999000+00:00,7858797.18003,26894
2026-05-11T07:00:00+00:00,95.5,95.58,95.17,95.33,77318.179,2026-05-11T07:59:59.999000+00:00,7374000.79476,26737
2026-05-11T08:00:00+00:00,95.34,95.37,94.58,94.79,159754.609,2026-05-11T08:59:59.999000+00:00,15169605.49245,30829
2026-05-11T09:00:00+00:00,94.78,95.35,94.76,95.3,67519.643,2026-05-11T09:59:59.999000+00:00,6424531.62615,21649
2026-05-11T10:00:00+00:00,95.3,95.57,95.05,95.07,79536.026,2026-05-11T10:59:59.999000+00:00,7585292.68383,24395
2026-05-11T11:00:00+00:00,95.06,95.49,94.89,95.25,82610.663,2026-05-11T11:59:59.999000+00:00,7862440.41036,19725
2026-05-11T12:00:00+00:00,95.26,95.39,94.67,94.81,105823.297,2026-05-11T12:59:59.999000+00:00,10056143.06988,35022
2026-05-11T13:00:00+00:00,94.8,95.48,94.56,95.23,162098.562,2026-05-11T13:59:59.999000+00:00,15419698.39933,55882
2026-05-11T14:00:00+00:00,95.22,95.87,94.3,95.17,237291.414,2026-05-11T14:59:59.999000+00:00,22543108.61689,77642
2026-05-11T15:00:00+00:00,95.18,96.8,94.9,96.8,244438.138,2026-05-11T15:59:59.999000+00:00,23443696.15886,75448
2026-05-11T16:00:00+00:00,96.79,98.0,96.5,97.35,322883.753,2026-05-11T16:59:59.999000+00:00,31466343.18957,101567
2026-05-11T17:00:00+00:00,97.34,97.97,96.9,97.77,125546.568,2026-05-11T17:59:59.999000+00:00,12231505.49313,62595
2026-05-11T18:00:00+00:00,97.77,98.1,97.26,97.29,129225.945,2026-05-11T18:59:59.999000+00:00,12617556.96707,49215
2026-05-11T19:00:00+00:00,97.29,98.39,97.01,98.19,116468.545,2026-05-11T19:59:59.999000+00:00,11395348.8612,42440
2026-05-11T20:00:00+00:00,98.19,98.41,97.61,97.63,89238.478,2026-05-11T20:59:59.999000+00:00,8741326.14389,34319
2026-05-11T21:00:00+00:00,97.64,97.81,97.33,97.41,50776.313,2026-05-11T21:59:59.999000+00:00,4953715.58798,24440
2026-05-11T22:00:00+00:00,97.41,97.84,97.36,97.65,38937.034,2026-05-11T22:59:59.999000+00:00,3799472.80162,21940
2026-05-11T23:00:00+00:00,97.65,97.65,97.1,97.37,81223.043,2026-05-11T23:59:59.999000+00:00,7908354.77717,19315
2026-05-12T00:00:00+00:00,97.37,97.68,97.18,97.54,88583.693,2026-05-12T00:59:59.999000+00:00,8629613.9864,24090
2026-05-12T01:00:00+00:00,97.54,97.67,95.54,96.28,247696.104,2026-05-12T01:59:59.999000+00:00,23892148.99964,60078
2026-05-12T02:00:00+00:00,96.29,96.72,96.14,96.55,129651.451,2026-05-12T02:59:59.999000+00:00,12506445.69387,30481
2026-05-12T03:00:00+00:00,96.55,96.64,96.05,96.14,65094.043,2026-05-12T03:59:59.999000+00:00,6267909.54803,18281
2026-05-12T04:00:00+00:00,96.14,96.5,96.07,96.36,46943.555,2026-05-12T04:59:59.999000+00:00,4520178.9067,14657
2026-05-12T05:00:00+00:00,96.37,96.77,96.23,96.58,56072.066,2026-05-12T05:59:59.999000+00:00,5415038.78019,16059
2026-05-12T06:00:00+00:00,96.58,97.0,96.16,96.21,65063.828,2026-05-12T06:59:59.999000+00:00,6283241.85392,24408
2026-05-12T07:00:00+00:00,96.2,96.31,95.82,96.05,90147.906,2026-05-12T07:59:59.999000+00:00,8660447.47225,27294
2026-05-12T08:00:00+00:00,96.05,96.15,95.4,95.65,156889.567,2026-05-12T08:59:59.999000+00:00,15015578.71371,35628
2026-05-12T09:00:00+00:00,95.65,96.06,95.29,95.78,226069.371,2026-05-12T09:59:59.999000+00:00,21595948.65828,36348
2026-05-12T10:00:00+00:00,95.78,95.97,94.94,95.0,132724.234,2026-05-12T10:59:59.999000+00:00,12657138.39512,34012
2026-05-12T11:00:00+00:00,95.0,95.05,94.6,94.98,101740.466,2026-05-12T11:59:59.999000+00:00,9645453.49025,29020
2026-05-12T12:00:00+00:00,94.97,95.56,94.39,95.22,207135.036,2026-05-12T12:59:59.999000+00:00,19696227.27837,52458
2026-05-12T13:00:00+00:00,95.22,95.4,94.55,94.7,145366.437,2026-05-12T13:59:59.999000+00:00,13809006.34647,54077
2026-05-12T14:00:00+00:00,94.71,95.24,94.38,94.54,174677.52,2026-05-12T14:59:59.999000+00:00,16559610.37652,65465
2026-05-12T15:00:00+00:00,94.55,94.78,93.55,93.85,260980.268,2026-05-12T15:59:59.999000+00:00,24541459.06279,66314
2026-05-12T16:00:00+00:00,93.85,94.32,93.6,93.83,172188.7,2026-05-12T16:59:59.999000+00:00,16175905.08531,43634
2026-05-12T17:00:00+00:00,93.84,94.68,93.82,94.52,100226.716,2026-05-12T17:59:59.999000+00:00,9463065.31211,33559
2026-05-12T18:00:00+00:00,94.51,95.01,94.35,94.56,107060.652,2026-05-12T18:59:59.999000+00:00,10134676.79278,21773
2026-05-12T19:00:00+00:00,94.56,95.0,94.56,94.92,73500.816,2026-05-12T19:59:59.999000+00:00,6967687.32133,17768
2026-05-12T20:00:00+00:00,94.92,94.98,94.62,94.74,51057.883,2026-05-12T20:59:59.999000+00:00,4842090.20363,12580
2026-05-12T21:00:00+00:00,94.75,94.86,94.54,94.67,29436.253,2026-05-12T21:59:59.999000+00:00,2787918.51767,10371
2026-05-12T22:00:00+00:00,94.68,95.05,94.64,94.67,29283.975,2026-05-12T22:59:59.999000+00:00,2776313.73326,12268
2026-05-12T23:00:00+00:00,94.67,94.75,94.23,94.28,52446.819,2026-05-12T23:59:59.999000+00:00,4954386.8074,14971
2026-05-13T00:00:00+00:00,94.28,94.64,94.05,94.48,95898.475,2026-05-13T00:59:59.999000+00:00,9047397.67793,31012
2026-05-13T01:00:00+00:00,94.48,95.44,94.48,95.2,126621.348,2026-05-13T01:59:59.999000+00:00,12043581.58749,37020
2026-05-13T02:00:00+00:00,95.2,95.57,95.02,95.25,60375.316,2026-05-13T02:59:59.999000+00:00,5752065.90529,18947
2026-05-13T03:00:00+00:00,95.24,95.59,95.08,95.56,64600.147,2026-05-13T03:59:59.999000+00:00,6158207.48863,16575
2026-05-13T04:00:00+00:00,95.56,95.99,95.43,95.5,109194.512,2026-05-13T04:59:59.999000+00:00,10449643.14005,22661
2026-05-13T05:00:00+00:00,95.49,95.51,95.1,95.26,76184.468,2026-05-13T05:59:59.999000+00:00,7261622.7176,15719
2026-05-13T06:00:00+00:00,95.26,95.7,95.12,95.14,71587.873,2026-05-13T06:59:59.999000+00:00,6828488.46462,15205
2026-05-13T07:00:00+00:00,95.14,95.31,94.88,95.14,50398.863,2026-05-13T07:59:59.999000+00:00,4791824.06238,15093
2026-05-13T08:00:00+00:00,95.14,95.77,95.02,95.57,62202.818,2026-05-13T08:59:59.999000+00:00,5932903.70606,17845
2026-05-13T09:00:00+00:00,95.57,95.89,95.57,95.73,126947.989,2026-05-13T09:59:59.999000+00:00,12156546.66197,26478
2026-05-13T10:00:00+00:00,95.73,95.78,94.74,94.79,97157.99,2026-05-13T10:59:59.999000+00:00,9245906.13468,25804
2026-05-13T11:00:00+00:00,94.8,94.83,94.25,94.33,156638.666,2026-05-13T11:59:59.999000+00:00,14793325.4867,41669
2026-05-13T12:00:00+00:00,94.33,94.64,92.24,93.16,432095.012,2026-05-13T12:59:59.999000+00:00,40284592.51211,106215
2026-05-13T13:00:00+00:00,93.17,93.44,91.95,92.28,259886.257,2026-05-13T13:59:59.999000+00:00,24087637.14087,78175
2026-05-13T14:00:00+00:00,92.29,92.33,91.38,91.78,260102.823,2026-05-13T14:59:59.999000+00:00,23895439.86966,81560
2026-05-13T15:00:00+00:00,91.77,91.94,90.27,90.43,283600.68,2026-05-13T15:59:59.999000+00:00,25808049.05713,74629
2026-05-13T16:00:00+00:00,90.43,91.26,90.41,90.87,205102.942,2026-05-13T16:59:59.999000+00:00,18635503.71603,52623
2026-05-13T17:00:00+00:00,90.87,91.16,90.71,90.89,190661.963,2026-05-13T17:59:59.999000+00:00,17340185.50543,37146
2026-05-13T18:00:00+00:00,90.9,91.41,90.77,90.93,109640.793,2026-05-13T18:59:59.999000+00:00,9990877.29688,28543
2026-05-13T19:00:00+00:00,90.93,91.02,90.49,90.96,81661.469,2026-05-13T19:59:59.999000+00:00,7410681.87834,26675
2026-05-13T20:00:00+00:00,90.95,91.35,90.93,91.24,73017.48,2026-05-13T20:59:59.999000+00:00,6656574.63606,18333
2026-05-13T21:00:00+00:00,91.25,91.27,90.73,90.89,72808.769,2026-05-13T21:59:59.999000+00:00,6622268.55385,23520
2026-05-13T22:00:00+00:00,90.9,91.25,90.64,91.18,64516.576,2026-05-13T22:59:59.999000+00:00,5868112.3074,18804
2026-05-13T23:00:00+00:00,91.17,91.33,91.06,91.17,61668.573,2026-05-13T23:59:59.999000+00:00,5622707.39509,16065
2026-05-14T00:00:00+00:00,91.17,91.42,91.07,91.21,90373.867,2026-05-14T00:59:59.999000+00:00,8246528.56075,22266
2026-05-14T01:00:00+00:00,91.21,91.37,91.0,91.16,58579.846,2026-05-14T01:59:59.999000+00:00,5340059.76453,20952
2026-05-14T02:00:00+00:00,91.16,91.26,90.46,90.58,62938.656,2026-05-14T02:59:59.999000+00:00,5720627.61336,20412
2026-05-14T03:00:00+00:00,90.58,90.78,89.82,89.93,210116.534,2026-05-14T03:59:59.999000+00:00,18949290.65626,52635
2026-05-14T04:00:00+00:00,89.93,90.62,89.86,90.48,68374.598,2026-05-14T04:59:59.999000+00:00,6174064.89131,23973
2026-05-14T05:00:00+00:00,90.48,91.47,90.4,91.29,84887.961,2026-05-14T05:59:59.999000+00:00,7721461.36537,25563
2026-05-14T06:00:00+00:00,91.29,91.47,91.16,91.41,72664.345,2026-05-14T06:59:59.999000+00:00,6635463.07303,19324
2026-05-14T07:00:00+00:00,91.42,92.02,90.69,90.88,211500.959,2026-05-14T07:59:59.999000+00:00,19302078.49371,31298
2026-05-14T08:00:00+00:00,90.88,91.3,90.67,91.06,96681.757,2026-05-14T08:59:59.999000+00:00,8800170.76933,17550
2026-05-14T09:00:00+00:00,91.07,91.15,90.59,90.86,47510.811,2026-05-14T09:59:59.999000+00:00,4315701.74288,15463
2026-05-14T10:00:00+00:00,90.86,91.14,90.66,91.05,49418.133,2026-05-14T10:59:59.999000+00:00,4493151.92134,16939
2026-05-14T11:00:00+00:00,91.05,91.1,90.62,90.64,48079.28,2026-05-14T11:59:59.999000+00:00,4366069.07985,16410
2026-05-14T12:00:00+00:00,90.64,91.29,90.54,91.22,73211.47,2026-05-14T12:59:59.999000+00:00,6663651.20525,21976
2026-05-14T13:00:00+00:00,91.22,91.5,90.74,90.78,141841.955,2026-05-14T13:59:59.999000+00:00,12935130.2106,44174
2026-05-14T14:00:00+00:00,90.78,92.35,90.63,92.28,242705.269,2026-05-14T14:59:59.999000+00:00,22253580.53016,64146
2026-05-14T15:00:00+00:00,92.29,93.25,91.96,93.16,244882.564,2026-05-14T15:59:59.999000+00:00,22659989.92039,59349
2026-05-14T16:00:00+00:00,93.16,93.68,92.34,93.33,237010.993,2026-05-14T16:59:59.999000+00:00,22074322.28565,69841
2026-05-14T17:00:00+00:00,93.32,93.59,92.29,93.02,229281.376,2026-05-14T17:59:59.999000+00:00,21312753.82888,71403
2026-05-14T18:00:00+00:00,93.01,93.64,92.7,93.43,118079.556,2026-05-14T18:59:59.999000+00:00,11015491.14578,39394
2026-05-14T19:00:00+00:00,93.44,93.64,92.8,92.9,98319.965,2026-05-14T19:59:59.999000+00:00,9156549.38184,29870
2026-05-14T20:00:00+00:00,92.91,93.0,92.37,92.73,67708.851,2026-05-14T20:59:59.999000+00:00,6273620.95927,19641
2026-05-14T21:00:00+00:00,92.73,92.95,92.54,92.7,40972.21,2026-05-14T21:59:59.999000+00:00,3800141.91438,14202
2026-05-14T22:00:00+00:00,92.71,92.92,92.57,92.66,47111.979,2026-05-14T22:59:59.999000+00:00,4370207.99278,13569
2026-05-14T23:00:00+00:00,92.65,92.67,92.11,92.15,66872.873,2026-05-14T23:59:59.999000+00:00,6179347.0967,17044
2026-05-15T00:00:00+00:00,92.16,92.66,92.1,92.43,85253.343,2026-05-15T00:59:59.999000+00:00,7875367.29741,23644
2026-05-15T01:00:00+00:00,92.43,92.55,91.69,91.74,86912.919,2026-05-15T01:59:59.999000+00:00,8006815.91612,29589
2026-05-15T02:00:00+00:00,91.75,92.44,91.47,92.36,220224.853,2026-05-15T02:59:59.999000+00:00,20227185.30672,40994
2026-05-15T03:00:00+00:00,92.36,92.47,91.88,92.06,54006.323,2026-05-15T03:59:59.999000+00:00,4976107.21744,16421
2026-05-15T04:00:00+00:00,92.05,92.05,91.27,91.28,58584.874,2026-05-15T04:59:59.999000+00:00,5370047.61546,17852
2026-05-15T05:00:00+00:00,91.29,91.54,90.26,90.6,232389.648,2026-05-15T05:59:59.999000+00:00,21092861.43808,43213
2026-05-15T06:00:00+00:00,90.6,91.08,90.47,91.02,91725.431,2026-05-15T06:59:59.999000+00:00,8327153.52604,24362
2026-05-15T07:00:00+00:00,91.02,91.72,90.94,91.6,136908.567,2026-05-15T07:59:59.999000+00:00,12516470.28711,25949
2026-05-15T08:00:00+00:00,91.61,91.65,90.94,91.27,130850.788,2026-05-15T08:59:59.999000+00:00,11952225.45145,27314
2026-05-15T09:00:00+00:00,91.27,91.33,90.92,91.17,116923.636,2026-05-15T09:59:59.999000+00:00,10651453.83997,22687
2026-05-15T10:00:00+00:00,91.17,91.57,91.01,91.47,60278.857,2026-05-15T10:59:59.999000+00:00,5500111.04874,20473
2026-05-15T11:00:00+00:00,91.47,91.54,91.18,91.27,48087.236,2026-05-15T11:59:59.999000+00:00,4393513.8097,12112
2026-05-15T12:00:00+00:00,91.26,91.27,90.57,90.66,84522.222,2026-05-15T12:59:59.999000+00:00,7679339.57304,22760
2026-05-15T13:00:00+00:00,90.66,90.66,88.69,88.9,328789.024,2026-05-15T13:59:59.999000+00:00,29464854.07275,100241
2026-05-15T14:00:00+00:00,88.91,89.55,88.55,89.06,246328.874,2026-05-15T14:59:59.999000+00:00,21943418.70518,74880
2026-05-15T15:00:00+00:00,89.05,89.28,88.7,89.04,131510.149,2026-05-15T15:59:59.999000+00:00,11705859.67567,38350
2026-05-15T16:00:00+00:00,89.04,89.7,88.81,89.5,136491.806,2026-05-15T16:59:59.999000+00:00,12181822.43231,35231
2026-05-15T17:00:00+00:00,89.51,89.9,89.49,89.82,87150.895,2026-05-15T17:59:59.999000+00:00,7820609.60744,23446
2026-05-15T18:00:00+00:00,89.81,90.09,89.47,89.8,80704.797,2026-05-15T18:59:59.999000+00:00,7248641.22348,24898
2026-05-15T19:00:00+00:00,89.79,89.8,89.35,89.42,77989.582,2026-05-15T19:59:59.999000+00:00,6981047.69438,19579
2026-05-15T20:00:00+00:00,89.41,89.5,89.08,89.28,54982.758,2026-05-15T20:59:59.999000+00:00,4907983.12618,16645
2026-05-15T21:00:00+00:00,89.28,89.43,89.0,89.05,50534.58,2026-05-15T21:59:59.999000+00:00,4510692.32208,12420
2026-05-15T22:00:00+00:00,89.06,89.36,89.05,89.33,35182.51,2026-05-15T22:59:59.999000+00:00,3138926.00727,8456
2026-05-15T23:00:00+00:00,89.33,89.39,89.21,89.24,39509.959,2026-05-15T23:59:59.999000+00:00,3527928.31166,10521
2026-05-16T00:00:00+00:00,89.23,89.44,89.14,89.22,48371.907,2026-05-16T00:59:59.999000+00:00,4320336.15295,11047
2026-05-16T01:00:00+00:00,89.22,89.35,88.95,89.3,70719.094,2026-05-16T01:59:59.999000+00:00,6303991.48759,13704
2026-05-16T02:00:00+00:00,89.3,89.39,88.97,89.2,68116.284,2026-05-16T02:59:59.999000+00:00,6075344.33401,10572
2026-05-16T03:00:00+00:00,89.2,89.27,89.0,89.05,32064.719,2026-05-16T03:59:59.999000+00:00,2859347.17977,8000
2026-05-16T04:00:00+00:00,89.05,89.09,88.19,88.86,107366.17,2026-05-16T04:59:59.999000+00:00,9511762.86997,24217
2026-05-16T05:00:00+00:00,88.86,88.93,88.28,88.57,100021.867,2026-05-16T05:59:59.999000+00:00,8862463.17274,17567
2026-05-16T06:00:00+00:00,88.58,88.66,87.81,88.01,146511.234,2026-05-16T06:59:59.999000+00:00,12913242.7434,28375
2026-05-16T07:00:00+00:00,88.01,88.01,86.72,87.47,278924.591,2026-05-16T07:59:59.999000+00:00,24346285.4723,61414
2026-05-16T08:00:00+00:00,87.46,87.62,87.33,87.48,64301.788,2026-05-16T08:59:59.999000+00:00,5625772.07183,15746
2026-05-16T09:00:00+00:00,87.48,87.51,85.78,86.05,284751.268,2026-05-16T09:59:59.999000+00:00,24560619.71888,76170
2026-05-16T10:00:00+00:00,86.04,86.15,85.52,86.01,150819.398,2026-05-16T10:59:59.999000+00:00,12944145.70942,43449
2026-05-16T11:00:00+00:00,86.02,86.33,86.02,86.11,69786.658,2026-05-16T11:59:59.999000+00:00,6014167.48014,18648
2026-05-16T12:00:00+00:00,86.12,86.44,86.01,86.26,58569.733,2026-05-16T12:59:59.999000+00:00,5048492.03182,14934
2026-05-16T13:00:00+00:00,86.26,86.35,86.11,86.26,46444.649,2026-05-16T13:59:59.999000+00:00,4004871.95485,15492
2026-05-16T14:00:00+00:00,86.26,86.71,86.07,86.4,72773.013,2026-05-16T14:59:59.999000+00:00,6279686.44097,19297
2026-05-16T15:00:00+00:00,86.39,86.67,86.27,86.5,60692.273,2026-05-16T15:59:59.999000+00:00,5248508.11929,16651
2026-05-16T16:00:00+00:00,86.49,86.78,86.37,86.63,68240.945,2026-05-16T16:59:59.999000+00:00,5909294.54108,19597
2026-05-16T17:00:00+00:00,86.64,86.96,86.63,86.81,35916.686,2026-05-16T17:59:59.999000+00:00,3117305.13599,11167
2026-05-16T18:00:00+00:00,86.81,86.97,86.6,86.81,33878.033,2026-05-16T18:59:59.999000+00:00,2940249.92889,10315
2026-05-16T19:00:00+00:00,86.81,86.85,86.65,86.69,46504.274,2026-05-16T19:59:59.999000+00:00,4034640.78012,10249
2026-05-16T20:00:00+00:00,86.69,86.88,86.66,86.68,35040.018,2026-05-16T20:59:59.999000+00:00,3040238.80425,9098
2026-05-16T21:00:00+00:00,86.67,86.77,86.49,86.59,34761.536,2026-05-16T21:59:59.999000+00:00,3011342.9148,9020
2026-05-16T22:00:00+00:00,86.59,86.69,86.45,86.54,19068.773,2026-05-16T22:59:59.999000+00:00,1650940.01237,7331
2026-05-16T23:00:00+00:00,86.53,86.7,86.49,86.54,29376.683,2026-05-16T23:59:59.999000+00:00,2543906.36755,6149
2026-05-17T00:00:00+00:00,86.53,86.72,85.97,86.13,70464.417,2026-05-17T00:59:59.999000+00:00,6086988.73659,14227
2026-05-17T01:00:00+00:00,86.12,86.34,85.59,85.75,87695.572,2026-05-17T01:59:59.999000+00:00,7532674.72326,27247
2026-05-17T02:00:00+00:00,85.76,86.27,85.76,86.0,107963.896,2026-05-17T02:59:59.999000+00:00,9287715.53818,21994
2026-05-17T03:00:00+00:00,86.01,86.63,85.99,86.53,57966.683,2026-05-17T03:59:59.999000+00:00,5006471.25309,17916
2026-05-17T04:00:00+00:00,86.52,86.98,86.47,86.86,55765.015,2026-05-17T04:59:59.999000+00:00,4839010.46992,17323
2026-05-17T05:00:00+00:00,86.87,87.29,86.85,86.91,64337.009,2026-05-17T05:59:59.999000+00:00,5597863.74903,14544
2026-05-17T06:00:00+00:00,86.9,87.01,86.71,86.85,32049.946,2026-05-17T06:59:59.999000+00:00,2784028.80012,9600
2026-05-17T07:00:00+00:00,86.85,87.1,86.78,86.97,37046.314,2026-05-17T07:59:59.999000+00:00,3220443.98741,9948
2026-05-17T08:00:00+00:00,86.98,87.03,86.6,86.83,46327.463,2026-05-17T08:59:59.999000+00:00,4019754.20911,11896
2026-05-17T09:00:00+00:00,86.82,87.02,86.72,86.89,70587.062,2026-05-17T09:59:59.999000+00:00,6130594.94349,12172
2026-05-17T10:00:00+00:00,86.9,87.26,86.81,87.0,128394.8,2026-05-17T10:59:59.999000+00:00,11174116.26698,24650
2026-05-17T11:00:00+00:00,86.99,87.02,86.78,86.89,48145.396,2026-05-17T11:59:59.999000+00:00,4183747.09643,16335
2026-05-17T12:00:00+00:00,86.89,87.02,86.72,86.76,37497.772,2026-05-17T12:59:59.999000+00:00,3259061.76687,11420
2026-05-17T13:00:00+00:00,86.76,86.78,86.3,86.41,71335.876,2026-05-17T13:59:59.999000+00:00,6171196.94395,20205
2026-05-17T14:00:00+00:00,86.41,86.46,85.95,86.31,73813.277,2026-05-17T14:59:59.999000+00:00,6364921.47558,22386
2026-05-17T15:00:00+00:00,86.31,86.49,86.17,86.46,30575.877,2026-05-17T15:59:59.999000+00:00,2640695.01285,11138
2026-05-17T16:00:00+00:00,86.46,86.69,86.11,86.3,47111.045,2026-05-17T16:59:59.999000+00:00,4072323.03556,12822
2026-05-17T17:00:00+00:00,86.31,86.36,86.0,86.24,50714.845,2026-05-17T17:59:59.999000+00:00,4371293.60028,13713
2026-05-17T18:00:00+00:00,86.24,86.44,86.02,86.43,54578.943,2026-05-17T18:59:59.999000+00:00,4705911.04634,12594
2026-05-17T19:00:00+00:00,86.43,86.94,86.43,86.79,45167.927,2026-05-17T19:59:59.999000+00:00,3917091.13274,11481
2026-05-17T20:00:00+00:00,86.8,86.85,86.57,86.68,36171.315,2026-05-17T20:59:59.999000+00:00,3136581.41784,9226
2026-05-17T21:00:00+00:00,86.68,86.97,86.6,86.94,28382.835,2026-05-17T21:59:59.999000+00:00,2464818.26679,9258
2026-05-17T22:00:00+00:00,86.93,86.93,86.0,86.23,100795.122,2026-05-17T22:59:59.999000+00:00,8699333.93866,31001
2026-05-17T23:00:00+00:00,86.24,86.25,83.5,85.24,531276.837,2026-05-17T23:59:59.999000+00:00,45047150.99044,117002
2026-05-18T00:00:00+00:00,85.23,85.36,84.4,85.36,240723.167,2026-05-18T00:59:59.999000+00:00,20452518.43839,60767
2026-05-18T01:00:00+00:00,85.35,85.47,84.54,84.98,138311.036,2026-05-18T01:59:59.999000+00:00,11747995.7185,42241
2026-05-18T02:00:00+00:00,84.98,85.35,84.72,84.89,78591.99,2026-05-18T02:59:59.999000+00:00,6683268.67359,22056
2026-05-18T03:00:00+00:00,84.88,85.25,84.69,84.85,104448.233,2026-05-18T03:59:59.999000+00:00,8867425.64538,21180
2026-05-18T04:00:00+00:00,84.85,85.3,84.58,85.26,67062.113,2026-05-18T04:59:59.999000+00:00,5699284.35676,18205
2026-05-18T05:00:00+00:00,85.26,85.36,84.64,84.86,130160.044,2026-05-18T05:59:59.999000+00:00,11066155.00075,23798
2026-05-18T06:00:00+00:00,84.86,84.98,84.27,84.74,161330.388,2026-05-18T06:59:59.999000+00:00,13648260.36612,34546
2026-05-18T07:00:00+00:00,84.74,85.01,84.41,84.76,65869.729,2026-05-18T07:59:59.999000+00:00,5581616.5469,22422
2026-05-18T08:00:00+00:00,84.76,85.01,84.6,84.91,75191.966,2026-05-18T08:59:59.999000+00:00,6378603.75594,16167
2026-05-18T09:00:00+00:00,84.9,84.93,84.46,84.49,55052.86,2026-05-18T09:59:59.999000+00:00,4660354.44275,13904
2026-05-18T10:00:00+00:00,84.49,84.51,84.21,84.26,91211.556,2026-05-18T10:59:59.999000+00:00,7693559.59012,19258
2026-05-18T11:00:00+00:00,84.27,85.32,84.08,84.96,133781.329,2026-05-18T11:59:59.999000+00:00,11335913.14388,33019
2026-05-18T12:00:00+00:00,84.97,85.8,84.97,85.57,163342.221,2026-05-18T12:59:59.999000+00:00,13948581.98135,41412
2026-05-18T13:00:00+00:00,85.57,85.57,84.33,84.69,192393.685,2026-05-18T13:59:59.999000+00:00,16328972.50151,61439
2026-05-18T14:00:00+00:00,84.69,84.69,83.72,83.98,199022.415,2026-05-18T14:59:59.999000+00:00,16754849.07471,71329
2026-05-18T15:00:00+00:00,83.98,84.4,83.62,84.2,141820.165,2026-05-18T15:59:59.999000+00:00,11901776.97118,51752
2026-05-18T16:00:00+00:00,84.21,84.55,83.99,84.33,110320.191,2026-05-18T16:59:59.999000+00:00,9299930.75574,34100
2026-05-18T17:00:00+00:00,84.33,84.7,84.25,84.41,52006.263,2026-05-18T17:59:59.999000+00:00,4391799.01905,21183
2026-05-18T18:00:00+00:00,84.41,84.43,83.5,83.53,112939.377,2026-05-18T18:59:59.999000+00:00,9466544.77252,38994
2026-05-18T19:00:00+00:00,83.53,85.23,83.51,84.99,184060.997,2026-05-18T19:59:59.999000+00:00,15584687.0204,59350
2026-05-18T20:00:00+00:00,85.0,85.41,84.85,84.93,86888.22,2026-05-18T20:59:59.999000+00:00,7400227.4288,24801
2026-05-18T21:00:00+00:00,84.93,85.67,84.79,85.57,87841.244,2026-05-18T21:59:59.999000+00:00,7493444.36591,22995
2026-05-18T22:00:00+00:00,85.58,85.77,85.27,85.46,66192.682,2026-05-18T22:59:59.999000+00:00,5663141.03372,16402
2026-05-18T23:00:00+00:00,85.45,85.64,85.26,85.38,33299.473,2026-05-18T23:59:59.999000+00:00,2845809.51546,10046
2026-05-19T00:00:00+00:00,85.38,85.97,85.32,85.58,88823.636,2026-05-19T00:59:59.999000+00:00,7609264.51878,22470
2026-05-19T01:00:00+00:00,85.58,85.6,84.9,84.9,71307.326,2026-05-19T01:59:59.999000+00:00,6078114.29286,25627
2026-05-19T02:00:00+00:00,84.9,85.3,84.62,84.86,59531.513,2026-05-19T02:59:59.999000+00:00,5055237.89917,21069
2026-05-19T03:00:00+00:00,84.85,85.23,84.73,85.07,34528.76,2026-05-19T03:59:59.999000+00:00,2935593.67111,12051
2026-05-19T04:00:00+00:00,85.08,85.31,84.79,85.15,48136.676,2026-05-19T04:59:59.999000+00:00,4094754.34544,14736
2026-05-19T05:00:00+00:00,85.15,85.28,84.47,85.19,88227.597,2026-05-19T05:59:59.999000+00:00,7483983.14366,21270
2026-05-19T06:00:00+00:00,85.18,85.62,85.12,85.26,74932.501,2026-05-19T06:59:59.999000+00:00,6398061.60841,15584
2026-05-19T07:00:00+00:00,85.27,85.64,85.13,85.51,46908.746,2026-05-19T07:59:59.999000+00:00,4007027.55881,15258
2026-05-19T08:00:00+00:00,85.51,85.59,85.04,85.25,85274.811,2026-05-19T08:59:59.999000+00:00,7270138.47137,19634
2026-05-19T09:00:00+00:00,85.24,85.31,84.5,84.77,112785.802,2026-05-19T09:59:59.999000+00:00,9563830.49595,22151
2026-05-19T10:00:00+00:00,84.76,84.88,84.31,84.7,61440.928,2026-05-19T10:59:59.999000+00:00,5199202.23416,21768
2026-05-19T11:00:00+00:00,84.71,84.83,84.27,84.39,63691.255,2026-05-19T11:59:59.999000+00:00,5387025.01087,17605
2026-05-19T12:00:00+00:00,84.39,84.79,84.3,84.78,53888.67,2026-05-19T12:59:59.999000+00:00,4560596.39176,12181
2026-05-19T13:00:00+00:00,84.78,85.1,84.39,84.8,101750.351,2026-05-19T13:59:59.999000+00:00,8623444.92648,37852
2026-05-19T14:00:00+00:00,84.8,84.94,83.7,84.11,174412.297,2026-05-19T14:59:59.999000+00:00,14699683.90942,58645
2026-05-19T15:00:00+00:00,84.12,84.58,84.03,84.37,74509.63,2026-05-19T15:59:59.999000+00:00,6281556.00077,27765
2026-05-19T16:00:00+00:00,84.38,84.91,84.15,84.85,55948.635,2026-05-19T16:59:59.999000+00:00,4728966.23015,21537
2026-05-19T17:00:00+00:00,84.85,85.04,84.47,84.68,59134.595,2026-05-19T17:59:59.999000+00:00,5013365.30583,19260
2026-05-19T18:00:00+00:00,84.68,84.8,84.25,84.37,46123.609,2026-05-19T18:59:59.999000+00:00,3897611.03232,16637
2026-05-19T19:00:00+00:00,84.37,84.74,84.22,84.35,55667.355,2026-05-19T19:59:59.999000+00:00,4700870.11849,16893
2026-05-19T20:00:00+00:00,84.36,84.58,84.3,84.51,86367.588,2026-05-19T20:59:59.999000+00:00,7292640.34922,12171
2026-05-19T21:00:00+00:00,84.52,84.66,84.39,84.44,42830.562,2026-05-19T21:59:59.999000+00:00,3620872.98794,10574
2026-05-19T22:00:00+00:00,84.43,84.43,84.0,84.1,49804.435,2026-05-19T22:59:59.999000+00:00,4193365.8676,16445
2026-05-19T23:00:00+00:00,84.1,84.59,84.03,84.29,26958.938,2026-05-19T23:59:59.999000+00:00,2273767.63313,9771
2026-05-20T00:00:00+00:00,84.3,84.41,83.92,84.23,70096.92,2026-05-20T00:59:59.999000+00:00,5898423.2265,21954
2026-05-20T01:00:00+00:00,84.23,84.54,83.85,84.36,62810.811,2026-05-20T01:59:59.999000+00:00,5287604.06248,26507
2026-05-20T02:00:00+00:00,84.36,84.49,83.93,83.99,49265.498,2026-05-20T02:59:59.999000+00:00,4147663.45576,17421
2026-05-20T03:00:00+00:00,83.99,84.28,83.86,84.1,24835.074,2026-05-20T03:59:59.999000+00:00,2088623.83963,10967
2026-05-20T04:00:00+00:00,84.1,84.23,83.88,84.23,30849.568,2026-05-20T04:59:59.999000+00:00,2594311.42141,9687
2026-05-20T05:00:00+00:00,84.23,84.95,84.22,84.78,91954.703,2026-05-20T05:59:59.999000+00:00,7787678.30254,26760
2026-05-20T06:00:00+00:00,84.77,85.02,84.72,84.99,67399.859,2026-05-20T06:59:59.999000+00:00,5721424.79165,15156
2026-05-20T07:00:00+00:00,84.99,85.13,84.7,84.77,52924.592,2026-05-20T07:59:59.999000+00:00,4494795.93299,14179
2026-05-20T08:00:00+00:00,84.76,85.19,84.72,84.98,55361.312,2026-05-20T08:59:59.999000+00:00,4702810.66826,14953
2026-05-20T09:00:00+00:00,84.99,85.1,84.85,84.9,53412.261,2026-05-20T09:59:59.999000+00:00,4539353.94839,11488
2026-05-20T10:00:00+00:00,84.89,85.21,84.88,84.98,49370.74,2026-05-20T10:59:59.999000+00:00,4198177.01353,11133
2026-05-20T11:00:00+00:00,84.98,85.06,84.58,84.7,61922.846,2026-05-20T11:59:59.999000+00:00,5254038.23804,16030
2026-05-20T12:00:00+00:00,84.7,85.33,84.62,85.1,61199.803,2026-05-20T12:59:59.999000+00:00,5199209.52679,17377
2026-05-20T13:00:00+00:00,85.1,85.15,84.19,84.69,97133.828,2026-05-20T13:59:59.999000+00:00,8220849.23224,35666
2026-05-20T14:00:00+00:00,84.69,86.16,84.33,85.86,272070.779,2026-05-20T14:59:59.999000+00:00,23244922.27253,67791
2026-05-20T15:00:00+00:00,85.85,86.27,85.43,85.92,186074.859,2026-05-20T15:59:59.999000+00:00,15987959.08716,51809
2026-05-20T16:00:00+00:00,85.92,86.85,85.54,86.49,357900.742,2026-05-20T16:59:59.999000+00:00,30914202.11512,66291
2026-05-20T17:00:00+00:00,86.49,87.09,86.32,86.52,150046.101,2026-05-20T17:59:59.999000+00:00,13008498.56775,36429
2026-05-20T18:00:00+00:00,86.52,86.58,85.53,85.83,193504.706,2026-05-20T18:59:59.999000+00:00,16648884.93488,29918
2026-05-20T19:00:00+00:00,85.83,86.29,85.61,86.16,65372.471,2026-05-20T19:59:59.999000+00:00,5624800.09272,22330
2026-05-20T20:00:00+00:00,86.16,86.24,85.55,86.18,78154.834,2026-05-20T20:59:59.999000+00:00,6718022.44997,19282
2026-05-20T21:00:00+00:00,86.17,86.33,85.95,85.99,54832.453,2026-05-20T21:59:59.999000+00:00,4723036.68904,10748
2026-05-20T22:00:00+00:00,85.98,86.24,85.64,86.04,130104.192,2026-05-20T22:59:59.999000+00:00,11170638.64042,20979
2026-05-20T23:00:00+00:00,86.03,86.18,85.88,86.17,48553.486,2026-05-20T23:59:59.999000+00:00,4176146.56991,9936
2026-05-21T00:00:00+00:00,86.17,86.83,86.11,86.64,86420.595,2026-05-21T00:59:59.999000+00:00,7473263.04433,19047
2026-05-21T01:00:00+00:00,86.64,87.06,86.39,86.54,91377.068,2026-05-21T01:59:59.999000+00:00,7917305.60513,20709
2026-05-21T02:00:00+00:00,86.54,86.88,86.44,86.61,51901.381,2026-05-21T02:59:59.999000+00:00,4499643.9761,11847
2026-05-21T03:00:00+00:00,86.61,86.91,86.54,86.85,74417.697,2026-05-21T03:59:59.999000+00:00,6454468.7162,13646
2026-05-21T04:00:00+00:00,86.85,87.22,86.76,86.98,147799.558,2026-05-21T04:59:59.999000+00:00,12860803.50192,21848
2026-05-21T05:00:00+00:00,86.98,87.11,86.36,86.51,69467.76,2026-05-21T05:59:59.999000+00:00,6021324.66141,15009
2026-05-21T06:00:00+00:00,86.51,86.62,86.2,86.31,65105.686,2026-05-21T06:59:59.999000+00:00,5624984.36118,13793
2026-05-21T07:00:00+00:00,86.31,86.73,86.26,86.64,48554.085,2026-05-21T07:59:59.999000+00:00,4199047.50567,11607
2026-05-21T08:00:00+00:00,86.64,87.27,86.63,86.86,102192.922,2026-05-21T08:59:59.999000+00:00,8884402.89548,21320
2026-05-21T09:00:00+00:00,86.86,87.06,86.46,86.5,68490.735,2026-05-21T09:59:59.999000+00:00,5944242.54169,13318
2026-05-21T10:00:00+00:00,86.49,86.68,85.71,85.74,159097.608,2026-05-21T10:59:59.999000+00:00,13690976.33252,32590
2026-05-21T11:00:00+00:00,85.75,85.94,85.57,85.58,95096.498,2026-05-21T11:59:59.999000+00:00,8155718.34973,21872
2026-05-21T12:00:00+00:00,85.58,85.85,85.42,85.75,88240.799,2026-05-21T12:59:59.999000+00:00,7557399.00304,20882
2026-05-21T13:00:00+00:00,85.75,86.13,85.32,86.07,162266.673,2026-05-21T13:59:59.999000+00:00,13918723.04378,39364
2026-05-21T14:00:00+00:00,86.07,86.47,85.62,86.01,200878.902,2026-05-21T14:59:59.999000+00:00,17298740.3419,47452
2026-05-21T15:00:00+00:00,86.01,86.9,85.9,86.46,190666.389,2026-05-21T15:59:59.999000+00:00,16490406.13882,42494
2026-05-21T16:00:00+00:00,86.46,86.59,86.04,86.26,84224.896,2026-05-21T16:59:59.999000+00:00,7271107.4697,22015
2026-05-21T17:00:00+00:00,86.27,88.0,86.18,87.59,412896.524,2026-05-21T17:59:59.999000+00:00,36118442.10821,75572
2026-05-21T18:00:00+00:00,87.59,87.79,86.78,87.07,143367.121,2026-05-21T18:59:59.999000+00:00,12528061.25812,35473
2026-05-21T19:00:00+00:00,87.07,87.88,87.07,87.83,101416.649,2026-05-21T19:59:59.999000+00:00,8880101.10129,22754
2026-05-21T20:00:00+00:00,87.83,87.92,87.49,87.55,58881.459,2026-05-21T20:59:59.999000+00:00,5165943.10592,11656
2026-05-21T21:00:00+00:00,87.56,87.71,87.31,87.35,71672.627,2026-05-21T21:59:59.999000+00:00,6269672.80217,11943
2026-05-21T22:00:00+00:00,87.35,87.5,87.13,87.19,39825.505,2026-05-21T22:59:59.999000+00:00,3477775.25905,9595
2026-05-21T23:00:00+00:00,87.19,87.38,87.02,87.36,40062.763,2026-05-21T23:59:59.999000+00:00,3495174.39356,9443
2026-05-22T00:00:00+00:00,87.35,87.36,86.81,86.85,41758.667,2026-05-22T00:59:59.999000+00:00,3635823.26988,14863
2026-05-22T01:00:00+00:00,86.84,87.1,86.59,87.08,73961.854,2026-05-22T01:59:59.999000+00:00,6422003.24028,16854
2026-05-22T02:00:00+00:00,87.08,87.26,86.99,87.17,58346.684,2026-05-22T02:59:59.999000+00:00,5082889.46746,11787
2026-05-22T03:00:00+00:00,87.17,87.31,86.92,87.03,36429.328,2026-05-22T03:59:59.999000+00:00,3171593.59809,9041
2026-05-22T04:00:00+00:00,87.04,87.38,86.93,86.98,38065.164,2026-05-22T04:59:59.999000+00:00,3316702.65738,11247
2026-05-22T05:00:00+00:00,86.98,87.15,86.73,86.81,34805.509,2026-05-22T05:59:59.999000+00:00,3026027.94925,10092
2026-05-22T06:00:00+00:00,86.81,86.85,86.52,86.71,71982.585,2026-05-22T06:59:59.999000+00:00,6241185.16943,16588
2026-05-22T07:00:00+00:00,86.72,87.15,86.53,86.97,95928.814,2026-05-22T07:59:59.999000+00:00,8335200.20619,16909
2026-05-22T08:00:00+00:00,86.98,87.53,86.87,87.14,100546.91,2026-05-22T08:59:59.999000+00:00,8765535.82586,27453
2026-05-22T09:00:00+00:00,87.15,87.4,87.05,87.27,72260.868,2026-05-22T09:59:59.999000+00:00,6301937.13139,21016
2026-05-22T10:00:00+00:00,87.26,87.28,86.89,86.99,41700.794,2026-05-22T10:59:59.999000+00:00,3630069.28442,14082
2026-05-22T11:00:00+00:00,87.0,87.33,86.72,87.32,56878.079,2026-05-22T11:59:59.999000+00:00,4948981.98266,19950
2026-05-22T12:00:00+00:00,87.33,87.77,87.25,87.76,108340.371,2026-05-22T12:59:59.999000+00:00,9485372.45294,21759
2026-05-22T13:00:00+00:00,87.76,87.85,87.1,87.4,113191.591,2026-05-22T13:59:59.999000+00:00,9897394.70213,30850
2026-05-22T14:00:00+00:00,87.39,87.39,86.37,86.62,161712.123,2026-05-22T14:59:59.999000+00:00,14029933.34495,40112
2026-05-22T15:00:00+00:00,86.61,86.98,86.27,86.77,108409.144,2026-05-22T15:59:59.999000+00:00,9398763.90751,26413
2026-05-22T16:00:00+00:00,86.76,87.0,86.66,86.92,59642.479,2026-05-22T16:59:59.999000+00:00,5178911.7026,16180
2026-05-22T17:00:00+00:00,86.92,87.19,86.5,86.63,86639.61,2026-05-22T17:59:59.999000+00:00,7526476.66965,23032
2026-05-22T18:00:00+00:00,86.63,86.69,84.62,85.46,228881.8,2026-05-22T18:59:59.999000+00:00,19606841.70898,53283
2026-05-22T19:00:00+00:00,85.46,85.63,84.0,84.55,282732.807,2026-05-22T19:59:59.999000+00:00,23953172.81786,66903
2026-05-22T20:00:00+00:00,84.55,85.07,84.55,85.0,102055.063,2026-05-22T20:59:59.999000+00:00,8657827.04107,24773
2026-05-22T21:00:00+00:00,84.99,85.28,84.93,85.17,54697.487,2026-05-22T21:59:59.999000+00:00,4655431.96703,12446
2026-05-22T22:00:00+00:00,85.17,85.22,84.78,84.96,56157.437,2026-05-22T22:59:59.999000+00:00,4772064.68951,12369
2026-05-22T23:00:00+00:00,84.95,85.15,84.0,84.4,123359.495,2026-05-22T23:59:59.999000+00:00,10425256.45765,22817
2026-05-23T00:00:00+00:00,84.4,84.55,84.07,84.44,152682.941,2026-05-23T00:59:59.999000+00:00,12876555.79852,27332
2026-05-23T01:00:00+00:00,84.44,84.65,84.32,84.53,52466.491,2026-05-23T01:59:59.999000+00:00,4434190.92695,11558
2026-05-23T02:00:00+00:00,84.53,84.86,84.21,84.54,71432.08,2026-05-23T02:59:59.999000+00:00,6035599.51483,13915
2026-05-23T03:00:00+00:00,84.53,84.75,84.49,84.68,32887.193,2026-05-23T03:59:59.999000+00:00,2783351.62068,7327
2026-05-23T04:00:00+00:00,84.69,84.72,84.35,84.42,42184.357,2026-05-23T04:59:59.999000+00:00,3565378.45727,8938
2026-05-23T05:00:00+00:00,84.41,84.47,84.18,84.46,43173.824,2026-05-23T05:59:59.999000+00:00,3640908.29644,10147
2026-05-23T06:00:00+00:00,84.45,84.49,84.18,84.27,43696.192,2026-05-23T06:59:59.999000+00:00,3685323.11735,9214
2026-05-23T07:00:00+00:00,84.27,84.33,81.5,82.25,551122.284,2026-05-23T07:59:59.999000+00:00,45526597.33345,91653
2026-05-23T08:00:00+00:00,82.25,82.36,81.63,82.13,239163.964,2026-05-23T08:59:59.999000+00:00,19622079.61789,55039
2026-05-23T09:00:00+00:00,82.13,82.25,81.99,82.01,73864.961,2026-05-23T09:59:59.999000+00:00,6062718.57326,14549
2026-05-23T10:00:00+00:00,82.01,82.39,82.01,82.26,53942.834,2026-05-23T10:59:59.999000+00:00,4436002.41234,10452
2026-05-23T11:00:00+00:00,82.27,82.49,82.23,82.31,41102.178,2026-05-23T11:59:59.999000+00:00,3385203.86968,9669
2026-05-23T12:00:00+00:00,82.3,82.56,82.15,82.49,45766.671,2026-05-23T12:59:59.999000+00:00,3768460.96315,11472
2026-05-23T13:00:00+00:00,82.5,83.49,82.49,83.22,144123.581,2026-05-23T13:59:59.999000+00:00,11959538.69328,29587
2026-05-23T14:00:00+00:00,83.23,84.47,83.1,84.13,120078.49,2026-05-23T14:59:59.999000+00:00,10062379.97315,28224
2026-05-23T15:00:00+00:00,84.14,84.54,83.63,84.1,137355.31,2026-05-23T15:59:59.999000+00:00,11546308.84556,25773
2026-05-23T16:00:00+00:00,84.09,84.31,83.93,84.11,72498.943,2026-05-23T16:59:59.999000+00:00,6098856.97704,15474
2026-05-23T17:00:00+00:00,84.11,84.35,83.99,84.21,49841.752,2026-05-23T17:59:59.999000+00:00,4196228.98295,13382
2026-05-23T18:00:00+00:00,84.22,85.14,84.17,84.71,121230.166,2026-05-23T18:59:59.999000+00:00,10276548.1947,29287
2026-05-23T19:00:00+00:00,84.72,85.11,84.62,84.96,80916.44,2026-05-23T19:59:59.999000+00:00,6868617.21891,15750
2026-05-23T20:00:00+00:00,84.97,87.09,84.8,87.08,442248.406,2026-05-23T20:59:59.999000+00:00,38162739.55453,71615
2026-05-23T21:00:00+00:00,87.08,87.5,86.0,86.28,206245.648,2026-05-23T21:59:59.999000+00:00,17875295.6656,54909
2026-05-23T22:00:00+00:00,86.28,86.61,85.52,85.81,92579.804,2026-05-23T22:59:59.999000+00:00,7960087.92098,23071
2026-05-23T23:00:00+00:00,85.81,85.94,85.67,85.75,62497.201,2026-05-23T23:59:59.999000+00:00,5360683.40902,13841
2026-05-24T00:00:00+00:00,85.76,86.03,85.62,85.89,44726.666,2026-05-24T00:59:59.999000+00:00,3838336.35023,13660
2026-05-24T01:00:00+00:00,85.89,86.23,85.87,86.01,49161.072,2026-05-24T01:59:59.999000+00:00,4230373.44178,14550
2026-05-24T02:00:00+00:00,86.02,86.11,85.7,85.98,37780.957,2026-05-24T02:59:59.999000+00:00,3245199.62045,11071
2026-05-24T03:00:00+00:00,85.99,86.13,85.63,85.81,37495.875,2026-05-24T03:59:59.999000+00:00,3219078.22566,10529
2026-05-24T04:00:00+00:00,85.81,86.12,85.78,85.93,42576.619,2026-05-24T04:59:59.999000+00:00,3660630.8296,9186
2026-05-24T05:00:00+00:00,85.94,86.18,85.58,86.16,58294.97,2026-05-24T05:59:59.999000+00:00,5007984.99341,12031
2026-05-24T06:00:00+00:00,86.16,86.49,85.93,86.45,38412.794,2026-05-24T06:59:59.999000+00:00,3310524.17873,11414
2026-05-24T07:00:00+00:00,86.46,86.7,86.0,86.07,63973.862,2026-05-24T07:59:59.999000+00:00,5520215.89941,17125
2026-05-24T08:00:00+00:00,86.07,86.54,86.01,86.51,54511.479,2026-05-24T08:59:59.999000+00:00,4703195.87794,10351
2026-05-24T09:00:00+00:00,86.51,87.0,86.37,86.55,113084.912,2026-05-24T09:59:59.999000+00:00,9802713.7381,20596
2026-05-24T10:00:00+00:00,86.55,86.73,86.24,86.5,102230.961,2026-05-24T10:59:59.999000+00:00,8833335.01851,21257
2026-05-24T11:00:00+00:00,86.5,86.92,86.41,86.66,127148.504,2026-05-24T11:59:59.999000+00:00,11020191.81606,18490
2026-05-24T12:00:00+00:00,86.67,86.69,86.18,86.35,57436.398,2026-05-24T12:59:59.999000+00:00,4958261.64972,10781
2026-05-24T13:00:00+00:00,86.36,86.46,85.73,85.9,93401.757,2026-05-24T13:59:59.999000+00:00,8051129.51905,18027
2026-05-24T14:00:00+00:00,85.9,86.01,84.48,85.25,200702.214,2026-05-24T14:59:59.999000+00:00,17095546.20628,45429
2026-05-24T15:00:00+00:00,85.25,85.46,85.14,85.31,48240.019,2026-05-24T15:59:59.999000+00:00,4115011.56925,15601
2026-05-24T16:00:00+00:00,85.3,85.88,85.11,85.64,116324.475,2026-05-24T16:59:59.999000+00:00,9940998.46583,23798
2026-05-24T17:00:00+00:00,85.65,85.79,85.49,85.65,41465.913,2026-05-24T17:59:59.999000+00:00,3552355.1522,11169
2026-05-24T18:00:00+00:00,85.64,85.68,85.27,85.4,46432.363,2026-05-24T18:59:59.999000+00:00,3967544.07016,11930
2026-05-24T19:00:00+00:00,85.41,85.51,85.23,85.37,43085.316,2026-05-24T19:59:59.999000+00:00,3676853.46851,11535
2026-05-24T20:00:00+00:00,85.38,85.43,84.49,84.76,239925.577,2026-05-24T20:59:59.999000+00:00,20341383.41761,25248
2026-05-24T21:00:00+00:00,84.76,84.96,83.7,83.97,176347.501,2026-05-24T21:59:59.999000+00:00,14869266.72767,39426
2026-05-24T22:00:00+00:00,83.96,85.33,83.94,84.99,182836.569,2026-05-24T22:59:59.999000+00:00,15527761.10416,40382
2026-05-24T23:00:00+00:00,85.0,85.52,85.0,85.27,71060.63,2026-05-24T23:59:59.999000+00:00,6058287.82022,19111
2026-05-25T00:00:00+00:00,85.27,85.67,85.26,85.5,71590.419,2026-05-25T00:59:59.999000+00:00,6116938.658,19060
2026-05-25T01:00:00+00:00,85.5,85.59,84.83,84.87,57850.484,2026-05-25T01:59:59.999000+00:00,4937520.23593,16652
2026-05-25T02:00:00+00:00,84.87,85.85,84.87,85.08,121300.437,2026-05-25T02:59:59.999000+00:00,10360924.41922,24954
2026-05-25T03:00:00+00:00,85.08,85.18,84.8,84.95,51799.88,2026-05-25T03:59:59.999000+00:00,4400473.33987,14595
2026-05-25T04:00:00+00:00,84.95,85.93,84.93,85.84,65412.611,2026-05-25T04:59:59.999000+00:00,5589699.47791,15016
2026-05-25T05:00:00+00:00,85.85,86.18,85.76,85.98,84127.23,2026-05-25T05:59:59.999000+00:00,7234564.81594,24325
2026-05-25T06:00:00+00:00,85.99,86.19,85.65,85.99,65553.168,2026-05-25T06:59:59.999000+00:00,5632669.59374,16183
2026-05-25T07:00:00+00:00,85.99,86.16,85.48,85.96,80965.728,2026-05-25T07:59:59.999000+00:00,6944789.43417,15134
2026-05-25T08:00:00+00:00,85.95,86.08,85.75,86.02,52393.798,2026-05-25T08:59:59.999000+00:00,4500721.56264,10882
2026-05-25T09:00:00+00:00,86.03,86.22,85.93,85.94,54718.797,2026-05-25T09:59:59.999000+00:00,4707966.6479,13273
2026-05-25T10:00:00+00:00,85.94,86.11,85.9,86.08,38851.696,2026-05-25T10:59:59.999000+00:00,3341448.37658,9488
2026-05-25T11:00:00+00:00,86.07,86.14,85.7,85.76,45055.341,2026-05-25T11:59:59.999000+00:00,3872165.55964,11992
2026-05-25T12:00:00+00:00,85.77,86.07,85.66,85.87,70282.189,2026-05-25T12:59:59.999000+00:00,6037032.25791,17300
2026-05-25T13:00:00+00:00,85.87,86.03,85.77,86.01,39252.367,2026-05-25T13:59:59.999000+00:00,3371745.45837,12168
2026-05-25T14:00:00+00:00,86.01,86.45,85.9,86.34,86107.815,2026-05-25T14:59:59.999000+00:00,7423737.24827,20820
2026-05-25T15:00:00+00:00,86.34,86.52,86.06,86.26,79417.896,2026-05-25T15:59:59.999000+00:00,6852325.30714,16152
2026-05-25T16:00:00+00:00,86.26,86.44,85.98,86.27,69860.988,2026-05-25T16:59:59.999000+00:00,6019319.2198,15799
2026-05-25T17:00:00+00:00,86.26,86.38,86.06,86.13,70204.828,2026-05-25T17:59:59.999000+00:00,6051457.92936,12837
2026-05-25T18:00:00+00:00,86.12,86.3,85.88,85.91,35848.669,2026-05-25T18:59:59.999000+00:00,3086926.31756,12456
2026-05-25T19:00:00+00:00,85.91,85.92,85.52,85.64,78635.933,2026-05-25T19:59:59.999000+00:00,6742828.11371,28432
2026-05-25T20:00:00+00:00,85.64,85.87,85.3,85.41,54513.141,2026-05-25T20:59:59.999000+00:00,4665974.77923,18047
2026-05-25T21:00:00+00:00,85.4,85.56,85.27,85.38,37888.625,2026-05-25T21:59:59.999000+00:00,3236494.64,12394
2026-05-25T22:00:00+00:00,85.38,85.54,84.71,84.81,97179.48,2026-05-25T22:59:59.999000+00:00,8263762.8414,24448
2026-05-25T23:00:00+00:00,84.8,85.21,84.73,85.06,53423.945,2026-05-25T23:59:59.999000+00:00,4542552.70062,13487
2026-05-26T00:00:00+00:00,85.06,85.09,83.9,84.4,132643.991,2026-05-26T00:59:59.999000+00:00,11201716.48419,27773
2026-05-26T01:00:00+00:00,84.4,84.57,83.85,84.11,96961.397,2026-05-26T01:59:59.999000+00:00,8163717.40466,29113
2026-05-26T02:00:00+00:00,84.12,84.23,83.9,84.03,55429.958,2026-05-26T02:59:59.999000+00:00,4660908.34425,17310
2026-05-26T03:00:00+00:00,84.03,84.27,83.85,84.22,47752.189,2026-05-26T03:59:59.999000+00:00,4013237.20272,12171
2026-05-26T04:00:00+00:00,84.23,84.52,84.01,84.37,53034.445,2026-05-26T04:59:59.999000+00:00,4472436.68936,10976
2026-05-26T05:00:00+00:00,84.37,84.97,84.28,84.67,75504.798,2026-05-26T05:59:59.999000+00:00,6388347.72147,14270
2026-05-26T06:00:00+00:00,84.66,84.83,84.4,84.6,56970.101,2026-05-26T06:59:59.999000+00:00,4819239.09713,17240
2026-05-26T07:00:00+00:00,84.61,84.63,84.1,84.35,80754.154,2026-05-26T07:59:59.999000+00:00,6806203.38305,19725
2026-05-26T08:00:00+00:00,84.36,84.57,84.34,84.44,59335.634,2026-05-26T08:59:59.999000+00:00,5010385.92189,12080
2026-05-26T09:00:00+00:00,84.44,84.72,84.29,84.48,58415.962,2026-05-26T09:59:59.999000+00:00,4935712.4695,13110
2026-05-26T10:00:00+00:00,84.47,85.8,84.36,85.56,183698.566,2026-05-26T10:59:59.999000+00:00,15678471.61244,42659
2026-05-26T11:00:00+00:00,85.57,85.66,85.21,85.21,91112.397,2026-05-26T11:59:59.999000+00:00,7784024.54529,19258
2026-05-26T12:00:00+00:00,85.22,85.4,84.81,85.32,160039.674,2026-05-26T12:59:59.999000+00:00,13617384.04649,23614
2026-05-26T13:00:00+00:00,85.32,85.77,84.69,85.5,146297.629,2026-05-26T13:59:59.999000+00:00,12463017.26109,33936
2026-05-26T14:00:00+00:00,85.51,86.13,84.77,85.24,220713.906,2026-05-26T14:59:59.999000+00:00,18870763.10633,56864
2026-05-26T15:00:00+00:00,85.23,85.36,84.03,84.49,194932.871,2026-05-26T15:59:59.999000+00:00,16506812.65944,50741
2026-05-26T16:00:00+00:00,84.49,84.57,83.95,84.23,143497.998,2026-05-26T16:59:59.999000+00:00,12094923.64089,31688
2026-05-26T17:00:00+00:00,84.23,84.39,83.15,83.59,209924.179,2026-05-26T17:59:59.999000+00:00,17564399.85323,48005
2026-05-26T18:00:00+00:00,83.59,84.09,83.49,83.63,83062.071,2026-05-26T18:59:59.999000+00:00,6961932.51165,26023
2026-05-26T19:00:00+00:00,83.63,84.02,83.36,83.8,74747.88,2026-05-26T19:59:59.999000+00:00,6258191.89781,21773
2026-05-26T20:00:00+00:00,83.8,83.98,83.74,83.94,35022.905,2026-05-26T20:59:59.999000+00:00,2937601.82387,14685
2026-05-26T21:00:00+00:00,83.94,83.97,83.57,83.7,36418.796,2026-05-26T21:59:59.999000+00:00,3051437.22673,12980
2026-05-26T22:00:00+00:00,83.7,83.88,83.54,83.65,25596.949,2026-05-26T22:59:59.999000+00:00,2141894.79998,13695
2026-05-26T23:00:00+00:00,83.66,83.85,83.63,83.72,36908.98,2026-05-26T23:59:59.999000+00:00,3092084.80481,9304
2026-05-27T00:00:00+00:00,83.73,84.18,83.72,84.14,51872.541,2026-05-27T00:59:59.999000+00:00,4356772.8175,16428
2026-05-27T01:00:00+00:00,84.13,84.19,83.8,83.86,39325.588,2026-05-27T01:59:59.999000+00:00,3302535.12997,16798
2026-05-27T02:00:00+00:00,83.85,83.96,83.55,83.96,32006.417,2026-05-27T02:59:59.999000+00:00,2680050.01711,14431
2026-05-27T03:00:00+00:00,83.96,84.07,83.48,83.63,51996.289,2026-05-27T03:59:59.999000+00:00,4355664.72868,17347
2026-05-27T04:00:00+00:00,83.62,83.68,82.86,83.64,98948.351,2026-05-27T04:59:59.999000+00:00,8231651.26001,22657
2026-05-27T05:00:00+00:00,83.64,83.93,83.57,83.89,37127.15,2026-05-27T05:59:59.999000+00:00,3110090.69613,13269
2026-05-27T06:00:00+00:00,83.89,84.07,83.74,84.06,44875.778,2026-05-27T06:59:59.999000+00:00,3766581.26832,14325
2026-05-27T07:00:00+00:00,84.06,84.21,83.89,84.21,46819.8,2026-05-27T07:59:59.999000+00:00,3935218.82436,13133
2026-05-27T08:00:00+00:00,84.2,84.42,83.89,83.93,77659.248,2026-05-27T08:59:59.999000+00:00,6540471.97748,13822
2026-05-27T09:00:00+00:00,83.93,83.96,83.6,83.78,70110.937,2026-05-27T09:59:59.999000+00:00,5873355.18389,13739
2026-05-27T10:00:00+00:00,83.78,84.09,83.67,83.95,40788.979,2026-05-27T10:59:59.999000+00:00,3423244.59336,13802
2026-05-27T11:00:00+00:00,83.95,84.23,83.91,83.94,64108.013,2026-05-27T11:59:59.999000+00:00,5390919.30574,22547
2026-05-27T12:00:00+00:00,83.95,84.68,83.55,83.95,134139.978,2026-05-27T12:59:59.999000+00:00,11294682.97224,33333
2026-05-27T13:00:00+00:00,83.94,84.06,82.98,83.63,139110.853,2026-05-27T13:59:59.999000+00:00,11608329.56819,60737
2026-05-27T14:00:00+00:00,83.64,84.12,83.22,83.91,144628.697,2026-05-27T14:59:59.999000+00:00,12113022.57882,49756
2026-05-27T15:00:00+00:00,83.91,84.84,83.88,84.44,218419.389,2026-05-27T15:59:59.999000+00:00,18442012.003,53446
2026-05-27T16:00:00+00:00,84.44,84.75,83.87,84.18,108536.454,2026-05-27T16:59:59.999000+00:00,9146531.5518,32818
2026-05-27T17:00:00+00:00,84.18,84.2,83.16,83.41,148897.615,2026-05-27T17:59:59.999000+00:00,12445631.57976,57736
2026-05-27T18:00:00+00:00,83.4,83.99,83.2,83.94,60867.62,2026-05-27T18:59:59.999000+00:00,5083231.81751,29851
2026-05-27T19:00:00+00:00,83.94,84.14,83.87,83.91,62313.648,2026-05-27T19:59:59.999000+00:00,5234434.61626,19323
2026-05-27T20:00:00+00:00,83.92,84.14,83.76,83.82,53378.037,2026-05-27T20:59:59.999000+00:00,4481452.70221,15945
2026-05-27T21:00:00+00:00,83.82,83.82,82.1,82.49,206098.586,2026-05-27T21:59:59.999000+00:00,17093603.27883,64983
2026-05-27T22:00:00+00:00,82.49,83.03,82.22,82.47,115782.572,2026-05-27T22:59:59.999000+00:00,9565320.57507,50256
2026-05-27T23:00:00+00:00,82.46,82.7,82.2,82.44,71643.823,2026-05-27T23:59:59.999000+00:00,5906880.44153,30978
2026-05-28T00:00:00+00:00,82.43,82.74,82.36,82.71,61588.421,2026-05-28T00:59:59.999000+00:00,5085667.69341,24496
2026-05-28T01:00:00+00:00,82.72,82.76,81.93,82.27,152669.651,2026-05-28T01:59:59.999000+00:00,12563994.91041,46822
2026-05-28T02:00:00+00:00,82.28,82.44,82.0,82.1,78589.947,2026-05-28T02:59:59.999000+00:00,6458991.68838,31332
2026-05-28T03:00:00+00:00,82.11,82.25,80.5,80.7,306109.879,2026-05-28T03:59:59.999000+00:00,24855975.00524,99872
2026-05-28T04:00:00+00:00,80.7,80.98,80.0,80.9,222109.557,2026-05-28T04:59:59.999000+00:00,17871248.98213,63498
2026-05-28T05:00:00+00:00,80.9,81.0,80.42,80.7,91993.905,2026-05-28T05:59:59.999000+00:00,7423224.05372,31887
2026-05-28T06:00:00+00:00,80.7,81.12,80.53,80.97,80847.152,2026-05-28T06:59:59.999000+00:00,6535845.05542,24424
2026-05-28T07:00:00+00:00,80.97,81.3,80.86,81.26,97340.967,2026-05-28T07:59:59.999000+00:00,7893839.20162,21857
2026-05-28T08:00:00+00:00,81.26,81.3,80.83,80.99,50944.095,2026-05-28T08:59:59.999000+00:00,4129304.49851,18912
2026-05-28T09:00:00+00:00,80.99,81.32,80.83,81.22,83999.553,2026-05-28T09:59:59.999000+00:00,6818121.39518,18370
2026-05-28T10:00:00+00:00,81.23,81.32,80.72,80.75,64016.774,2026-05-28T10:59:59.999000+00:00,5189121.58135,18740
2026-05-28T11:00:00+00:00,80.75,80.93,80.6,80.88,40350.227,2026-05-28T11:59:59.999000+00:00,3259529.2426,16551
2026-05-28T12:00:00+00:00,80.88,81.25,80.59,81.13,54576.523,2026-05-28T12:59:59.999000+00:00,4417103.0362,23792
2026-05-28T13:00:00+00:00,81.14,81.36,80.53,80.79,100198.153,2026-05-28T13:59:59.999000+00:00,8100101.52778,40487
2026-05-28T14:00:00+00:00,80.79,81.66,80.02,81.19,218768.323,2026-05-28T14:59:59.999000+00:00,17683351.01209,101616
2026-05-28T15:00:00+00:00,81.2,81.38,80.56,81.14,77614.828,2026-05-28T15:59:59.999000+00:00,6294012.38619,42216
2026-05-28T16:00:00+00:00,81.15,82.18,80.91,82.07,119764.688,2026-05-28T16:59:59.999000+00:00,9774524.83877,50985
2026-05-28T17:00:00+00:00,82.08,82.64,81.84,82.3,65125.039,2026-05-28T17:59:59.999000+00:00,5355721.87004,37197
2026-05-28T18:00:00+00:00,82.3,83.01,82.25,82.9,117421.506,2026-05-28T18:59:59.999000+00:00,9719813.76552,39463
2026-05-28T19:00:00+00:00,82.89,82.89,82.17,82.19,50293.02,2026-05-28T19:59:59.999000+00:00,4147697.98439,24609
2026-05-28T20:00:00+00:00,82.18,82.6,81.78,82.3,43031.984,2026-05-28T20:59:59.999000+00:00,3538383.99479,23788
2026-05-28T21:00:00+00:00,82.3,82.7,82.22,82.44,53388.329,2026-05-28T21:59:59.999000+00:00,4406782.6185,19562
2026-05-28T22:00:00+00:00,82.44,82.63,81.91,82.04,43604.141,2026-05-28T22:59:59.999000+00:00,3583429.65553,17962
2026-05-28T23:00:00+00:00,82.03,82.28,82.0,82.11,32568.818,2026-05-28T23:59:59.999000+00:00,2674449.65418,14747
2026-05-29T00:00:00+00:00,82.12,82.48,82.12,82.33,44227.163,2026-05-29T00:59:59.999000+00:00,3641413.38299,18474
2026-05-29T01:00:00+00:00,82.33,82.48,82.06,82.21,44771.64,2026-05-29T01:59:59.999000+00:00,3682035.52534,17849
2026-05-29T02:00:00+00:00,82.21,82.32,81.47,81.57,85401.787,2026-05-29T02:59:59.999000+00:00,6991760.6311,22281
2026-05-29T03:00:00+00:00,81.57,81.96,81.52,81.61,40129.799,2026-05-29T03:59:59.999000+00:00,3279418.34657,14512
2026-05-29T04:00:00+00:00,81.62,81.94,81.36,81.93,58649.542,2026-05-29T04:59:59.999000+00:00,4790155.84774,20207
2026-05-29T05:00:00+00:00,81.93,82.2,81.82,82.07,58901.409,2026-05-29T05:59:59.999000+00:00,4830700.29379,18790
2026-05-29T06:00:00+00:00,82.06,82.49,82.02,82.31,47792.747,2026-05-29T06:59:59.999000+00:00,3928812.81285,15935
2026-05-29T07:00:00+00:00,82.31,82.46,81.92,82.24,122627.972,2026-05-29T07:59:59.999000+00:00,10076985.16208,24341
2026-05-29T08:00:00+00:00,82.25,82.49,82.18,82.22,57065.615,2026-05-29T08:59:59.999000+00:00,4699626.72045,15337
2026-05-29T09:00:00+00:00,82.23,82.65,82.21,82.44,62077.037,2026-05-29T09:59:59.999000+00:00,5119023.04769,12863
2026-05-29T10:00:00+00:00,82.44,82.45,82.09,82.15,55962.432,2026-05-29T10:59:59.999000+00:00,4602892.55788,15477
2026-05-29T11:00:00+00:00,82.15,82.21,81.52,81.77,82474.186,2026-05-29T11:59:59.999000+00:00,6756497.29224,25951
2026-05-29T12:00:00+00:00,81.76,81.79,81.31,81.48,89507.527,2026-05-29T12:59:59.999000+00:00,7303005.12883,28115
2026-05-29T13:00:00+00:00,81.48,81.78,81.1,81.44,87403.486,2026-05-29T13:59:59.999000+00:00,7112788.85631,36967
2026-05-29T14:00:00+00:00,81.44,81.58,80.35,81.33,213503.036,2026-05-29T14:59:59.999000+00:00,17287853.94994,77951
2026-05-29T15:00:00+00:00,81.33,83.24,81.2,82.59,318976.733,2026-05-29T15:59:59.999000+00:00,26296955.84619,94817
2026-05-29T16:00:00+00:00,82.58,83.13,82.2,82.93,111480.069,2026-05-29T16:59:59.999000+00:00,9223033.65627,50976
2026-05-29T17:00:00+00:00,82.93,83.22,82.67,82.79,112719.09,2026-05-29T17:59:59.999000+00:00,9358161.85256,38304
2026-05-29T18:00:00+00:00,82.8,83.0,81.82,82.07,90897.665,2026-05-29T18:59:59.999000+00:00,7494073.01794,38369
2026-05-29T19:00:00+00:00,82.06,82.41,81.6,82.06,57214.482,2026-05-29T19:59:59.999000+00:00,4697039.90319,27216
2026-05-29T20:00:00+00:00,82.06,82.39,82.01,82.22,41563.509,2026-05-29T20:59:59.999000+00:00,3417383.33503,18384
2026-05-29T21:00:00+00:00,82.23,82.4,81.7,81.71,56705.161,2026-05-29T21:59:59.999000+00:00,4655265.44591,16634
2026-05-29T22:00:00+00:00,81.71,82.02,81.62,81.99,71666.376,2026-05-29T22:59:59.999000+00:00,5866270.30169,14118
2026-05-29T23:00:00+00:00,81.98,82.11,81.76,82.04,52559.183,2026-05-29T23:59:59.999000+00:00,4308042.7987,11123
2026-05-30T00:00:00+00:00,82.04,82.35,81.94,82.29,44417.277,2026-05-30T00:59:59.999000+00:00,3651417.2763,12733
2026-05-30T01:00:00+00:00,82.3,83.0,82.22,82.82,59647.896,2026-05-30T01:59:59.999000+00:00,4931200.18224,14882
2026-05-30T02:00:00+00:00,82.82,83.03,82.77,82.98,40547.38,2026-05-30T02:59:59.999000+00:00,3362264.23672,10068
2026-05-30T03:00:00+00:00,82.97,83.1,82.62,82.67,34396.482,2026-05-30T03:59:59.999000+00:00,2850596.57678,9938
2026-05-30T04:00:00+00:00,82.67,82.8,81.86,82.33,78885.714,2026-05-30T04:59:59.999000+00:00,6492866.41255,20409
2026-05-30T05:00:00+00:00,82.32,82.77,82.2,82.6,77289.943,2026-05-30T05:59:59.999000+00:00,6371988.85206,14687
2026-05-30T06:00:00+00:00,82.59,82.74,82.39,82.47,29474.382,2026-05-30T06:59:59.999000+00:00,2433524.28794,9133
2026-05-30T07:00:00+00:00,82.48,82.52,82.26,82.37,32754.46,2026-05-30T07:59:59.999000+00:00,2697553.50688,8179
2026-05-30T08:00:00+00:00,82.37,82.41,82.19,82.23,20767.929,2026-05-30T08:59:59.999000+00:00,1709162.97785,7775
2026-05-30T09:00:00+00:00,82.23,82.39,82.2,82.34,30260.937,2026-05-30T09:59:59.999000+00:00,2490290.85899,7432
2026-05-30T10:00:00+00:00,82.34,82.51,82.3,82.38,25328.398,2026-05-30T10:59:59.999000+00:00,2087602.9357,6314
2026-05-30T11:00:00+00:00,82.39,82.55,82.22,82.33,19548.233,2026-05-30T11:59:59.999000+00:00,1609771.3573,7754
2026-05-30T12:00:00+00:00,82.33,82.44,82.25,82.43,43052.052,2026-05-30T12:59:59.999000+00:00,3543842.97136,12673
2026-05-30T13:00:00+00:00,82.43,82.57,82.25,82.48,35489.486,2026-05-30T13:59:59.999000+00:00,2925804.17217,8126
2026-05-30T14:00:00+00:00,82.48,82.79,82.43,82.63,67065.937,2026-05-30T14:59:59.999000+00:00,5541550.31519,16943
2026-05-30T15:00:00+00:00,82.63,82.92,82.48,82.69,81051.937,2026-05-30T15:59:59.999000+00:00,6697979.07216,17103
2026-05-30T16:00:00+00:00,82.68,82.92,82.63,82.89,36497.145,2026-05-30T16:59:59.999000+00:00,3021503.3589,10411
2026-05-30T17:00:00+00:00,82.88,83.06,82.63,83.05,47059.145,2026-05-30T17:59:59.999000+00:00,3900711.102,16674
2026-05-30T18:00:00+00:00,83.05,83.14,82.87,83.03,40910.983,2026-05-30T18:59:59.999000+00:00,3396491.87601,9617
2026-05-30T19:00:00+00:00,83.02,83.05,82.78,82.99,38589.163,2026-05-30T19:59:59.999000+00:00,3200695.32701,10167
2026-05-30T20:00:00+00:00,82.99,83.08,82.86,82.96,24764.884,2026-05-30T20:59:59.999000+00:00,2054711.56464,6705
2026-05-30T21:00:00+00:00,82.96,83.17,82.91,83.02,41466.384,2026-05-30T21:59:59.999000+00:00,3443758.66914,8233
2026-05-30T22:00:00+00:00,83.02,83.02,82.45,82.65,44641.477,2026-05-30T22:59:59.999000+00:00,3691985.47119,13171
2026-05-30T23:00:00+00:00,82.64,82.89,82.52,82.73,24582.62,2026-05-30T23:59:59.999000+00:00,2032383.33446,9504
2026-05-31T00:00:00+00:00,82.74,82.96,82.62,82.93,24737.64,2026-05-31T00:59:59.999000+00:00,2049174.05294,10319
2026-05-31T01:00:00+00:00,82.93,83.25,82.92,83.02,51068.124,2026-05-31T01:59:59.999000+00:00,4243008.42459,15852
2026-05-31T02:00:00+00:00,83.03,83.42,82.88,83.15,57438.18,2026-05-31T02:59:59.999000+00:00,4775953.57531,17777
2026-05-31T03:00:00+00:00,83.16,83.35,83.1,83.25,30533.414,2026-05-31T03:59:59.999000+00:00,2540674.4427,9643
2026-05-31T04:00:00+00:00,83.24,83.3,83.09,83.22,22050.49,2026-05-31T04:59:59.999000+00:00,1835000.3486,7284
2026-05-31T05:00:00+00:00,83.21,83.22,83.0,83.03,27586.436,2026-05-31T05:59:59.999000+00:00,2292112.22714,10970
2026-05-31T06:00:00+00:00,83.03,83.03,82.84,82.95,37499.62,2026-05-31T06:59:59.999000+00:00,3110034.71642,12971
2026-05-31T07:00:00+00:00,82.96,82.96,82.52,82.66,40461.406,2026-05-31T07:59:59.999000+00:00,3346024.71946,13768
2026-05-31T08:00:00+00:00,82.67,82.86,82.59,82.81,30621.667,2026-05-31T08:59:59.999000+00:00,2534338.65827,8386
2026-05-31T09:00:00+00:00,82.8,83.05,82.64,82.75,32322.821,2026-05-31T09:59:59.999000+00:00,2677365.39054,9802
2026-05-31T10:00:00+00:00,82.75,82.75,82.49,82.71,38083.093,2026-05-31T10:59:59.999000+00:00,3146130.88095,9734
2026-05-31T11:00:00+00:00,82.71,82.85,82.67,82.76,19251.647,2026-05-31T11:59:59.999000+00:00,1593453.66472,6913
2026-05-31T12:00:00+00:00,82.76,82.94,82.57,82.82,28099.328,2026-05-31T12:59:59.999000+00:00,2325774.42005,8640
2026-05-31T13:00:00+00:00,82.82,83.12,82.66,82.77,29814.806,2026-05-31T13:59:59.999000+00:00,2471610.9358,9674
2026-05-31T14:00:00+00:00,82.76,82.77,81.79,81.96,148012.05,2026-05-31T14:59:59.999000+00:00,12155552.02512,39636
2026-05-31T15:00:00+00:00,81.96,82.27,81.81,81.88,43985.251,2026-05-31T15:59:59.999000+00:00,3608589.1952,12579
2026-05-31T16:00:00+00:00,81.88,82.04,81.42,81.59,78396.656,2026-05-31T16:59:59.999000+00:00,6400812.47357,21983
2026-05-31T17:00:00+00:00,81.58,81.9,81.46,81.87,39396.192,2026-05-31T17:59:59.999000+00:00,3217405.30518,10814
2026-05-31T18:00:00+00:00,81.87,81.87,81.61,81.76,20947.376,2026-05-31T18:59:59.999000+00:00,1712168.84428,8714
2026-05-31T19:00:00+00:00,81.75,81.8,81.33,81.58,27603.547,2026-05-31T19:59:59.999000+00:00,2251486.00456,9210
2026-05-31T20:00:00+00:00,81.59,82.01,81.59,81.97,24807.536,2026-05-31T20:59:59.999000+00:00,2028829.81193,7546
2026-05-31T21:00:00+00:00,81.97,82.37,81.88,82.3,28166.972,2026-05-31T21:59:59.999000+00:00,2312387.30031,10588
2026-05-31T22:00:00+00:00,82.31,82.69,82.04,82.53,55921.078,2026-05-31T22:59:59.999000+00:00,4610748.84671,22009
2026-05-31T23:00:00+00:00,82.52,82.92,81.95,82.44,57075.336,2026-05-31T23:59:59.999000+00:00,4707123.99251,22569
2026-06-01T00:00:00+00:00,82.45,83.1,82.37,82.83,85074.537,2026-06-01T00:59:59.999000+00:00,7046630.19877,28586
2026-06-01T01:00:00+00:00,82.83,82.87,81.75,81.76,74116.465,2026-06-01T01:59:59.999000+00:00,6100157.73799,26413
2026-06-01T02:00:00+00:00,81.76,82.9,81.63,82.68,58203.479,2026-06-01T02:59:59.999000+00:00,4795361.33593,25877
2026-06-01T03:00:00+00:00,82.68,82.99,82.56,82.63,74313.342,2026-06-01T03:59:59.999000+00:00,6155147.80641,27111
2026-06-01T04:00:00+00:00,82.63,82.78,81.77,82.04,63756.645,2026-06-01T04:59:59.999000+00:00,5232897.26447,23650
2026-06-01T05:00:00+00:00,82.03,82.11,81.63,81.82,43692.778,2026-06-01T05:59:59.999000+00:00,3579140.61976,18860
2026-06-01T06:00:00+00:00,81.82,81.87,81.13,81.45,71844.779,2026-06-01T06:59:59.999000+00:00,5853119.98494,26657
2026-06-01T07:00:00+00:00,81.45,81.58,80.63,80.74,69985.216,2026-06-01T07:59:59.999000+00:00,5675917.91401,27210
2026-06-01T08:00:00+00:00,80.74,81.05,80.46,80.99,76555.839,2026-06-01T08:59:59.999000+00:00,6181861.2505,25411
2026-06-01T09:00:00+00:00,80.99,81.29,80.99,81.08,73646.34,2026-06-01T09:59:59.999000+00:00,5976100.60438,19993
2026-06-01T10:00:00+00:00,81.08,81.19,80.83,81.1,61932.621,2026-06-01T10:59:59.999000+00:00,5016829.92195,16356
2026-06-01T11:00:00+00:00,81.1,81.26,80.6,80.81,101246.714,2026-06-01T11:59:59.999000+00:00,8197773.89718,22326
2026-06-01T12:00:00+00:00,80.82,81.07,80.23,80.82,140019.467,2026-06-01T12:59:59.999000+00:00,11302429.18958,37028
2026-06-01T13:00:00+00:00,80.82,80.86,79.28,79.84,314651.976,2026-06-01T13:59:59.999000+00:00,25200352.83708,79366
2026-06-01T14:00:00+00:00,79.84,80.11,79.43,79.71,145590.94,2026-06-01T14:59:59.999000+00:00,11601646.06311,47735
2026-06-01T15:00:00+00:00,79.71,80.05,79.2,79.6,120002.491,2026-06-01T15:59:59.999000+00:00,9558473.15567,39627
2026-06-01T16:00:00+00:00,79.61,80.46,79.11,80.41,119404.2,2026-06-01T16:59:59.999000+00:00,9521493.06177,35061
2026-06-01T17:00:00+00:00,80.4,81.21,80.29,80.93,134586.836,2026-06-01T17:59:59.999000+00:00,10866440.04366,36457
2026-06-01T18:00:00+00:00,80.92,81.22,80.58,80.86,52921.751,2026-06-01T18:59:59.999000+00:00,4280316.54297,20551
2026-06-01T19:00:00+00:00,80.86,81.31,80.6,81.2,52219.795,2026-06-01T19:59:59.999000+00:00,4229553.28688,19350
2026-06-01T20:00:00+00:00,81.19,81.24,80.96,81.13,52430.236,2026-06-01T20:59:59.999000+00:00,4253317.30693,15323
2026-06-01T21:00:00+00:00,81.14,81.14,80.5,80.68,115156.362,2026-06-01T21:59:59.999000+00:00,9303347.17514,26137
2026-06-01T22:00:00+00:00,80.67,81.48,80.32,81.4,94615.138,2026-06-01T22:59:59.999000+00:00,7652202.61875,30012
2026-06-01T23:00:00+00:00,81.41,81.65,81.07,81.28,113179.449,2026-06-01T23:59:59.999000+00:00,9208585.06388,26610
2026-06-02T00:00:00+00:00,81.28,81.3,80.87,80.89,42277.445,2026-06-02T00:59:59.999000+00:00,3427847.98892,18829
2026-06-02T01:00:00+00:00,80.89,81.01,80.04,80.11,75615.542,2026-06-02T01:59:59.999000+00:00,6087215.99575,28086
2026-06-02T02:00:00+00:00,80.11,80.78,79.41,80.78,122227.642,2026-06-02T02:59:59.999000+00:00,9782042.90155,46371
2026-06-02T03:00:00+00:00,80.78,81.05,80.64,80.92,66363.578,2026-06-02T03:59:59.999000+00:00,5367199.86424,24390
2026-06-02T04:00:00+00:00,80.92,81.02,80.38,80.44,61469.761,2026-06-02T04:59:59.999000+00:00,4962686.17403,22186
2026-06-02T05:00:00+00:00,80.44,80.59,79.57,79.63,83029.984,2026-06-02T05:59:59.999000+00:00,6646579.94322,29634
2026-06-02T06:00:00+00:00,79.63,79.82,79.33,79.59,113130.612,2026-06-02T06:59:59.999000+00:00,9003516.94556,32367
2026-06-02T07:00:00+00:00,79.6,79.94,79.16,79.67,75041.988,2026-06-02T07:59:59.999000+00:00,5973766.68802,29415
2026-06-02T08:00:00+00:00,79.67,79.8,79.45,79.61,59264.398,2026-06-02T08:59:59.999000+00:00,4718255.18736,26385
2026-06-02T09:00:00+00:00,79.62,79.64,78.78,79.1,129401.829,2026-06-02T09:59:59.999000+00:00,10237751.82122,36930
2026-06-02T10:00:00+00:00,79.11,79.48,78.97,79.44,59917.175,2026-06-02T10:59:59.999000+00:00,4751474.44956,19853
2026-06-02T11:00:00+00:00,79.43,79.45,78.85,78.94,72081.665,2026-06-02T11:59:59.999000+00:00,5701087.86665,20920
2026-06-02T12:00:00+00:00,78.93,79.16,78.66,78.98,79062.512,2026-06-02T12:59:59.999000+00:00,6237871.37086,25024
2026-06-02T13:00:00+00:00,78.97,79.22,78.8,78.95,83201.925,2026-06-02T13:59:59.999000+00:00,6575867.49922,33888
2026-06-02T14:00:00+00:00,78.95,78.99,76.75,77.44,432986.793,2026-06-02T14:59:59.999000+00:00,33646632.14883,128496
2026-06-02T15:00:00+00:00,77.44,77.49,75.58,76.38,418914.184,2026-06-02T15:59:59.999000+00:00,32053522.2836,126345
2026-06-02T16:00:00+00:00,76.38,77.67,76.15,76.71,228269.734,2026-06-02T16:59:59.999000+00:00,17564781.45512,63171
2026-06-02T17:00:00+00:00,76.72,77.19,76.48,76.84,164609.961,2026-06-02T17:59:59.999000+00:00,12649739.41131,41783
2026-06-02T18:00:00+00:00,76.84,77.08,75.81,76.15,91384.374,2026-06-02T18:59:59.999000+00:00,6980517.17996,38083
2026-06-02T19:00:00+00:00,76.16,76.27,74.5,75.53,344086.413,2026-06-02T19:59:59.999000+00:00,25903777.15999,82509
2026-06-02T20:00:00+00:00,75.53,75.95,74.77,75.44,116900.273,2026-06-02T20:59:59.999000+00:00,8800216.98086,47426
2026-06-02T21:00:00+00:00,75.44,76.08,75.33,75.67,96795.655,2026-06-02T21:59:59.999000+00:00,7328300.39259,29796
2026-06-02T22:00:00+00:00,75.66,75.67,73.37,73.67,290461.886,2026-06-02T22:59:59.999000+00:00,21630788.26147,92072
2026-06-02T23:00:00+00:00,73.68,74.32,72.73,74.23,336041.588,2026-06-02T23:59:59.999000+00:00,24711337.66822,106648
2026-06-03T00:00:00+00:00,74.23,75.13,74.0,74.85,202547.302,2026-06-03T00:59:59.999000+00:00,15126682.75643,48473
2026-06-03T01:00:00+00:00,74.85,75.05,74.15,74.75,111009.176,2026-06-03T01:59:59.999000+00:00,8293212.78035,38163
2026-06-03T02:00:00+00:00,74.75,74.81,74.21,74.4,79705.256,2026-06-03T02:59:59.999000+00:00,5934904.98439,29077
2026-06-03T03:00:00+00:00,74.41,74.54,72.28,72.71,254498.453,2026-06-03T03:59:59.999000+00:00,18654135.27539,75515
2026-06-03T04:00:00+00:00,72.71,74.11,72.69,74.06,143688.804,2026-06-03T04:59:59.999000+00:00,10564326.09324,45940
2026-06-03T05:00:00+00:00,74.06,74.92,74.05,74.75,169098.882,2026-06-03T05:59:59.999000+00:00,12616402.79977,46978
2026-06-03T06:00:00+00:00,74.75,75.33,74.67,74.86,162671.761,2026-06-03T06:59:59.999000+00:00,12200999.86607,34222
2026-06-03T07:00:00+00:00,74.86,75.4,74.76,75.27,93467.022,2026-06-03T07:59:59.999000+00:00,7029498.42397,22504
2026-06-03T08:00:00+00:00,75.26,75.33,74.86,75.01,78085.895,2026-06-03T08:59:59.999000+00:00,5860614.28211,21943
2026-06-03T09:00:00+00:00,75.0,75.41,74.73,75.01,140506.339,2026-06-03T09:59:59.999000+00:00,10537782.00353,28143
2026-06-03T10:00:00+00:00,75.01,75.6,74.97,75.55,111179.566,2026-06-03T10:59:59.999000+00:00,8383751.3881,27248
2026-06-03T11:00:00+00:00,75.55,75.71,75.0,75.12,75239.604,2026-06-03T11:59:59.999000+00:00,5673794.16401,20399
2026-06-03T12:00:00+00:00,75.12,75.27,74.68,75.18,83437.504,2026-06-03T12:59:59.999000+00:00,6258020.595,25619
2026-06-03T13:00:00+00:00,75.19,75.37,74.39,74.57,127785.018,2026-06-03T13:59:59.999000+00:00,9566966.50439,53868
2026-06-03T14:00:00+00:00,74.56,74.61,73.84,74.46,151500.761,2026-06-03T14:59:59.999000+00:00,11246390.88366,62191
2026-06-03T15:00:00+00:00,74.46,74.48,73.24,73.31,136205.798,2026-06-03T15:59:59.999000+00:00,10059949.35598,58009
2026-06-03T16:00:00+00:00,73.31,73.48,72.02,73.01,253803.687,2026-06-03T16:59:59.999000+00:00,18442154.69534,99153
2026-06-03T17:00:00+00:00,73.01,74.1,72.4,73.17,136778.12,2026-06-03T17:59:59.999000+00:00,10023534.11114,64136
2026-06-03T18:00:00+00:00,73.17,73.49,72.46,73.09,112565.336,2026-06-03T18:59:59.999000+00:00,8217172.68362,58016
2026-06-03T19:00:00+00:00,73.1,73.17,71.71,71.99,243448.336,2026-06-03T19:59:59.999000+00:00,17579720.43623,81847
2026-06-03T20:00:00+00:00,71.99,72.43,70.93,71.23,412273.108,2026-06-03T20:59:59.999000+00:00,29507240.35918,102264
2026-06-03T21:00:00+00:00,71.22,72.86,71.03,72.82,169893.125,2026-06-03T21:59:59.999000+00:00,12233307.4492,78569
2026-06-03T22:00:00+00:00,72.81,73.18,71.94,72.22,100282.043,2026-06-03T22:59:59.999000+00:00,7258165.60231,74610
2026-06-03T23:00:00+00:00,72.22,72.28,71.57,71.61,105574.784,2026-06-03T23:59:59.999000+00:00,7577552.07505,64684
2026-06-04T00:00:00+00:00,71.61,72.09,70.33,70.75,262808.474,2026-06-04T00:59:59.999000+00:00,18665582.98371,130095
2026-06-04T01:00:00+00:00,70.76,70.96,68.42,68.63,532824.55,2026-06-04T01:59:59.999000+00:00,37075432.48199,204192
2026-06-04T02:00:00+00:00,68.63,70.47,66.8,70.07,642074.708,2026-06-04T02:59:59.999000+00:00,43938426.37673,188283
2026-06-04T03:00:00+00:00,70.07,71.65,70.04,71.48,294832.251,2026-06-04T03:59:59.999000+00:00,20966833.23488,67018
2026-06-04T04:00:00+00:00,71.49,71.8,70.8,70.9,142724.495,2026-06-04T04:59:59.999000+00:00,10178961.63267,43257
2026-06-04T05:00:00+00:00,70.89,70.89,69.91,70.35,131019.18,2026-06-04T05:59:59.999000+00:00,9207807.3185,56270
2026-06-04T06:00:00+00:00,70.34,71.21,70.26,70.35,104601.425,2026-06-04T06:59:59.999000+00:00,7398235.54653,46136
2026-06-04T07:00:00+00:00,70.36,70.4,69.14,69.15,145332.526,2026-06-04T07:59:59.999000+00:00,10139901.23321,55531
2026-06-04T08:00:00+00:00,69.16,69.44,68.33,69.25,208429.027,2026-06-04T08:59:59.999000+00:00,14378309.7808,73193
2026-06-04T09:00:00+00:00,69.24,69.27,67.74,68.86,206826.657,2026-06-04T09:59:59.999000+00:00,14127994.50277,87598
2026-06-04T10:00:00+00:00,68.87,68.94,67.51,67.89,211805.825,2026-06-04T10:59:59.999000+00:00,14453879.73808,83234
2026-06-04T11:00:00+00:00,67.89,68.71,67.37,68.7,212452.26,2026-06-04T11:59:59.999000+00:00,14444314.60349,65432
2026-06-04T12:00:00+00:00,68.69,70.38,68.32,70.12,266361.497,2026-06-04T12:59:59.999000+00:00,18507843.15442,103082
2026-06-04T13:00:00+00:00,70.12,70.58,69.02,70.38,185403.263,2026-06-04T13:59:59.999000+00:00,12962536.72318,106924
2026-06-04T14:00:00+00:00,70.38,70.64,69.56,69.77,223518.479,2026-06-04T14:59:59.999000+00:00,15642822.84948,79508
2026-06-04T15:00:00+00:00,69.76,70.5,69.38,69.64,288475.982,2026-06-04T15:59:59.999000+00:00,20163292.7928,74894
2026-06-04T16:00:00+00:00,69.64,69.67,68.98,69.41,104450.235,2026-06-04T16:59:59.999000+00:00,7245445.10208,49657
2026-06-04T17:00:00+00:00,69.41,69.74,68.48,69.25,98633.551,2026-06-04T17:59:59.999000+00:00,6816112.02013,62449
2026-06-04T18:00:00+00:00,69.25,69.89,68.65,69.5,112317.193,2026-06-04T18:59:59.999000+00:00,7793918.60472,55941
2026-06-04T19:00:00+00:00,69.49,69.71,69.03,69.1,109858.18,2026-06-04T19:59:59.999000+00:00,7621056.26136,47023
2026-06-04T20:00:00+00:00,69.09,69.15,68.44,68.82,90783.732,2026-06-04T20:59:59.999000+00:00,6244510.36435,48176
2026-06-04T21:00:00+00:00,68.81,69.06,67.61,67.8,109794.006,2026-06-04T21:59:59.999000+00:00,7495323.34251,48226
2026-06-04T22:00:00+00:00,67.79,68.58,67.57,68.49,162189.322,2026-06-04T22:59:59.999000+00:00,11022476.12167,77853
2026-06-04T23:00:00+00:00,68.48,68.93,68.0,68.88,80732.672,2026-06-04T23:59:59.999000+00:00,5532006.40539,45777
2026-06-05T00:00:00+00:00,68.87,69.1,68.27,68.31,94482.783,2026-06-05T00:59:59.999000+00:00,6492826.52497,51709
2026-06-05T01:00:00+00:00,68.3,68.82,67.58,68.52,170977.826,2026-06-05T01:59:59.999000+00:00,11674802.32656,69277
2026-06-05T02:00:00+00:00,68.52,68.62,67.21,67.33,205697.435,2026-06-05T02:59:59.999000+00:00,13965556.44786,77429
2026-06-05T03:00:00+00:00,67.33,67.87,66.94,67.09,205341.548,2026-06-05T03:59:59.999000+00:00,13805834.5012,81675
2026-06-05T04:00:00+00:00,67.1,68.01,66.52,67.94,279233.158,2026-06-05T04:59:59.999000+00:00,18801301.46605,80911
2026-06-05T05:00:00+00:00,67.95,68.1,66.07,66.24,227052.135,2026-06-05T05:59:59.999000+00:00,15206061.3792,89395
2026-06-05T06:00:00+00:00,66.24,66.56,63.87,65.05,711566.681,2026-06-05T06:59:59.999000+00:00,46366250.23613,251660
2026-06-05T07:00:00+00:00,65.05,66.31,63.93,66.18,404654.712,2026-06-05T07:59:59.999000+00:00,26336564.05418,156912
2026-06-05T08:00:00+00:00,66.18,66.2,65.1,65.31,175461.816,2026-06-05T08:59:59.999000+00:00,11522089.08559,76064
2026-06-05T09:00:00+00:00,65.32,66.62,65.31,66.55,208083.634,2026-06-05T09:59:59.999000+00:00,13753466.36158,73655
2026-06-05T10:00:00+00:00,66.56,66.74,66.16,66.42,110468.156,2026-06-05T10:59:59.999000+00:00,7341419.34487,53561
2026-06-05T11:00:00+00:00,66.41,66.8,65.84,66.08,152006.519,2026-06-05T11:59:59.999000+00:00,10078747.86453,67007
2026-06-05T12:00:00+00:00,66.08,66.37,65.2,65.83,192608.052,2026-06-05T12:59:59.999000+00:00,12668726.05004,130931
2026-06-05T13:00:00+00:00,65.82,66.83,64.3,64.32,372355.711,2026-06-05T13:59:59.999000+00:00,24507469.08931,146501
2026-06-05T14:00:00+00:00,64.33,65.85,63.94,65.27,439146.751,2026-06-05T14:59:59.999000+00:00,28531947.28573,178391
2026-06-05T15:00:00+00:00,65.27,65.34,63.78,64.24,467507.146,2026-06-05T15:59:59.999000+00:00,30119096.76182,145440
2026-06-05T16:00:00+00:00,64.25,65.98,63.18,65.86,605057.033,2026-06-05T16:59:59.999000+00:00,39139243.90055,193922
2026-06-05T17:00:00+00:00,65.86,66.06,64.8,65.09,221416.878,2026-06-05T17:59:59.999000+00:00,14457743.59476,87484
2026-06-05T18:00:00+00:00,65.1,65.39,62.63,62.91,374915.582,2026-06-05T18:59:59.999000+00:00,23940997.47874,133077
2026-06-05T19:00:00+00:00,62.9,63.84,61.48,63.44,543475.913,2026-06-05T19:59:59.999000+00:00,33982151.10968,190958
2026-06-05T20:00:00+00:00,63.44,64.82,62.68,64.64,301434.009,2026-06-05T20:59:59.999000+00:00,19294222.6637,118278
2026-06-05T21:00:00+00:00,64.63,65.42,64.53,64.89,189844.812,2026-06-05T21:59:59.999000+00:00,12332671.95237,68703
2026-06-05T22:00:00+00:00,64.88,64.91,63.78,64.41,208505.233,2026-06-05T22:59:59.999000+00:00,13417861.51094,102212
2026-06-05T23:00:00+00:00,64.41,64.79,62.64,63.64,180299.965,2026-06-05T23:59:59.999000+00:00,11464249.25731,71586
2026-06-06T00:00:00+00:00,63.64,64.83,63.63,64.68,120881.287,2026-06-06T00:59:59.999000+00:00,7786418.50086,54745
2026-06-06T01:00:00+00:00,64.68,64.86,63.78,63.85,108817.371,2026-06-06T01:59:59.999000+00:00,6989557.01663,52743
2026-06-06T02:00:00+00:00,63.86,63.96,63.27,63.53,114641.909,2026-06-06T02:59:59.999000+00:00,7295753.6183,59233
2026-06-06T03:00:00+00:00,63.52,63.54,62.58,62.84,139553.093,2026-06-06T03:59:59.999000+00:00,8789795.93428,67459
2026-06-06T04:00:00+00:00,62.84,63.12,60.35,60.88,419817.254,2026-06-06T04:59:59.999000+00:00,25719489.17261,153973
2026-06-06T05:00:00+00:00,60.89,62.72,60.13,62.62,293810.466,2026-06-06T05:59:59.999000+00:00,18139870.23479,133059
2026-06-06T06:00:00+00:00,62.62,63.35,62.08,62.22,157531.056,2026-06-06T06:59:59.999000+00:00,9896120.29912,71231
2026-06-06T07:00:00+00:00,62.22,63.16,62.06,62.78,123693.397,2026-06-06T07:59:59.999000+00:00,7766147.6098,47022
2026-06-06T08:00:00+00:00,62.79,63.6,62.54,63.18,116203.679,2026-06-06T08:59:59.999000+00:00,7340610.57803,48958
2026-06-06T09:00:00+00:00,63.17,63.56,62.49,62.71,84549.16,2026-06-06T09:59:59.999000+00:00,5330815.11094,44416
2026-06-06T10:00:00+00:00,62.7,62.71,61.2,61.84,226017.518,2026-06-06T10:59:59.999000+00:00,13958420.64548,72099
2026-06-06T11:00:00+00:00,61.84,62.69,61.77,62.46,135940.245,2026-06-06T11:59:59.999000+00:00,8461888.02725,46532
2026-06-06T12:00:00+00:00,62.46,63.11,62.04,62.92,162475.471,2026-06-06T12:59:59.999000+00:00,10175080.3465,49687
2026-06-06T13:00:00+00:00,62.93,63.06,62.17,62.45,88374.736,2026-06-06T13:59:59.999000+00:00,5528222.45064,41340
2026-06-06T14:00:00+00:00,62.45,62.93,62.3,62.33,126534.329,2026-06-06T14:59:59.999000+00:00,7935799.69136,51479
2026-06-06T15:00:00+00:00,62.33,62.48,61.32,62.03,296337.214,2026-06-06T15:59:59.999000+00:00,18327454.47123,76904
2026-06-06T16:00:00+00:00,62.04,62.4,61.38,62.13,240041.71,2026-06-06T16:59:59.999000+00:00,14845937.5044,62383
2026-06-06T17:00:00+00:00,62.13,62.28,61.46,61.63,100047.277,2026-06-06T17:59:59.999000+00:00,6186737.12227,42863
2026-06-06T18:00:00+00:00,61.62,62.14,61.41,61.73,77417.593,2026-06-06T18:59:59.999000+00:00,4778129.02278,37796
2026-06-06T19:00:00+00:00,61.74,62.2,61.62,61.64,77950.681,2026-06-06T19:59:59.999000+00:00,4824565.27696,31178
2026-06-06T20:00:00+00:00,61.64,61.94,61.38,61.84,156326.464,2026-06-06T20:59:59.999000+00:00,9631078.18575,35824
2026-06-06T21:00:00+00:00,61.85,62.38,61.83,61.91,77443.896,2026-06-06T21:59:59.999000+00:00,4807881.34379,25185
2026-06-06T22:00:00+00:00,61.9,61.98,61.47,61.73,74264.556,2026-06-06T22:59:59.999000+00:00,4583034.19953,34163
2026-06-06T23:00:00+00:00,61.72,62.3,61.68,62.2,52170.694,2026-06-06T23:59:59.999000+00:00,3238434.4552,24422
2026-06-07T00:00:00+00:00,62.21,62.64,61.96,62.11,86470.166,2026-06-07T00:59:59.999000+00:00,5384484.89073,25968
2026-06-07T01:00:00+00:00,62.11,63.86,62.04,63.67,203218.882,2026-06-07T01:59:59.999000+00:00,12864349.5899,68683
2026-06-07T02:00:00+00:00,63.67,63.79,63.07,63.55,120313.278,2026-06-07T02:59:59.999000+00:00,7632527.65457,40344
2026-06-07T03:00:00+00:00,63.55,64.15,63.41,63.84,132638.914,2026-06-07T03:59:59.999000+00:00,8460231.70032,38967
2026-06-07T04:00:00+00:00,63.84,64.13,63.31,64.1,102582.666,2026-06-07T04:59:59.999000+00:00,6545322.83814,31927
2026-06-07T05:00:00+00:00,64.09,64.5,63.9,64.26,136530.072,2026-06-07T05:59:59.999000+00:00,8770089.29006,44943
2026-06-07T06:00:00+00:00,64.27,65.0,64.03,64.85,137142.167,2026-06-07T06:59:59.999000+00:00,8866929.26827,41221
2026-06-07T07:00:00+00:00,64.85,65.02,64.61,64.93,138583.045,2026-06-07T07:59:59.999000+00:00,8985699.52272,30656
2026-06-07T08:00:00+00:00,64.92,65.97,64.5,65.97,192726.319,2026-06-07T08:59:59.999000+00:00,12565653.71801,46201
2026-06-07T09:00:00+00:00,65.96,66.11,64.85,65.02,125152.967,2026-06-07T09:59:59.999000+00:00,8200331.80806,43492
2026-06-07T10:00:00+00:00,65.03,65.09,64.46,64.67,105980.139,2026-06-07T10:59:59.999000+00:00,6864753.9568,35854
2026-06-07T11:00:00+00:00,64.67,65.25,64.55,65.04,58725.207,2026-06-07T11:59:59.999000+00:00,3811167.0327,26496
2026-06-07T12:00:00+00:00,65.05,65.11,63.67,64.33,185560.454,2026-06-07T12:59:59.999000+00:00,11906538.81006,71952
2026-06-07T13:00:00+00:00,64.33,64.44,64.09,64.34,77996.253,2026-06-07T13:59:59.999000+00:00,5012115.07331,31899
2026-06-07T14:00:00+00:00,64.34,65.35,64.33,64.92,114695.185,2026-06-07T14:59:59.999000+00:00,7438344.43355,44489
2026-06-07T15:00:00+00:00,64.92,65.24,64.63,64.99,83149.955,2026-06-07T15:59:59.999000+00:00,5397163.86509,35161
2026-06-07T16:00:00+00:00,64.99,65.33,64.75,65.15,66802.943,2026-06-07T16:59:59.999000+00:00,4346569.77111,33756
2026-06-07T17:00:00+00:00,65.15,65.62,65.09,65.32,60601.695,2026-06-07T17:59:59.999000+00:00,3964029.86139,34417
2026-06-07T18:00:00+00:00,65.33,65.58,64.91,64.95,42035.734,2026-06-07T18:59:59.999000+00:00,2743783.66022,29620
2026-06-07T19:00:00+00:00,64.96,64.98,63.64,63.95,151033.83,2026-06-07T19:59:59.999000+00:00,9680906.50915,66999
2026-06-07T20:00:00+00:00,63.94,64.8,63.75,64.7,85671.223,2026-06-07T20:59:59.999000+00:00,5515427.096,37801
2026-06-07T21:00:00+00:00,64.69,64.93,64.31,64.63,51099.042,2026-06-07T21:59:59.999000+00:00,3299131.43509,26811
2026-06-07T22:00:00+00:00,64.64,67.92,64.53,65.83,318835.326,2026-06-07T22:59:59.999000+00:00,21145427.06705,144997
2026-06-07T23:00:00+00:00,65.82,66.67,65.77,66.5,164025.911,2026-06-07T23:59:59.999000+00:00,10855066.99684,54291
2026-06-08T00:00:00+00:00,66.5,67.11,66.02,66.71,163104.513,2026-06-08T00:59:59.999000+00:00,10859755.77908,55022
2026-06-08T01:00:00+00:00,66.72,66.81,65.4,66.19,160105.885,2026-06-08T01:59:59.999000+00:00,10560997.05831,63415
2026-06-08T02:00:00+00:00,66.19,66.65,66.06,66.46,94192.49,2026-06-08T02:59:59.999000+00:00,6249484.3479,36419
2026-06-08T03:00:00+00:00,66.46,66.75,66.18,66.37,74821.217,2026-06-08T03:59:59.999000+00:00,4969299.49515,27819
2026-06-08T04:00:00+00:00,66.37,66.42,65.37,65.44,84719.446,2026-06-08T04:59:59.999000+00:00,5568973.42885,34734
2026-06-08T05:00:00+00:00,65.44,65.65,64.98,65.34,79046.327,2026-06-08T05:59:59.999000+00:00,5159174.36532,34830
2026-06-08T06:00:00+00:00,65.33,65.89,65.27,65.68,92447.115,2026-06-08T06:59:59.999000+00:00,6067689.65021,33061
2026-06-08T07:00:00+00:00,65.68,66.23,65.38,66.11,82482.841,2026-06-08T07:59:59.999000+00:00,5432969.06585,33515
2026-06-08T08:00:00+00:00,66.1,66.11,65.45,65.63,83103.334,2026-06-08T08:59:59.999000+00:00,5462974.64052,32798
2026-06-08T09:00:00+00:00,65.63,66.39,65.6,66.38,101754.182,2026-06-08T09:59:59.999000+00:00,6721529.61969,39094
2026-06-08T10:00:00+00:00,66.37,66.47,65.81,66.21,104538.124,2026-06-08T10:59:59.999000+00:00,6918719.02524,40783
2026-06-08T11:00:00+00:00,66.21,67.06,66.04,66.68,217880.036,2026-06-08T11:59:59.999000+00:00,14524764.31408,47603
2026-06-08T12:00:00+00:00,66.69,67.32,65.99,67.26,224854.095,2026-06-08T12:59:59.999000+00:00,14977169.76205,59349
2026-06-08T13:00:00+00:00,67.26,67.29,66.42,66.78,151819.844,2026-06-08T13:59:59.999000+00:00,10150030.17892,68303
2026-06-08T14:00:00+00:00,66.78,67.31,66.45,67.28,315674.903,2026-06-08T14:59:59.999000+00:00,21114141.30684,67822
2026-06-08T15:00:00+00:00,67.28,67.82,67.06,67.18,204380.308,2026-06-08T15:59:59.999000+00:00,13790477.41657,57643
2026-06-08T16:00:00+00:00,67.19,67.75,66.9,66.96,139256.473,2026-06-08T16:59:59.999000+00:00,9370265.93386,37649
2026-06-08T17:00:00+00:00,66.95,67.39,66.56,67.38,147309.435,2026-06-08T17:59:59.999000+00:00,9850221.59759,39558
2026-06-08T18:00:00+00:00,67.38,67.62,67.16,67.43,82951.272,2026-06-08T18:59:59.999000+00:00,5592247.91526,27006
2026-06-08T19:00:00+00:00,67.43,67.82,67.28,67.46,121637.193,2026-06-08T19:59:59.999000+00:00,8219509.55837,33461
2026-06-08T20:00:00+00:00,67.46,67.53,66.94,67.48,83656.84,2026-06-08T20:59:59.999000+00:00,5624383.38793,24254
2026-06-08T21:00:00+00:00,67.48,68.17,67.42,67.48,110338.04,2026-06-08T21:59:59.999000+00:00,7483596.83998,30228
2026-06-08T22:00:00+00:00,67.48,67.48,66.84,67.2,68957.83,2026-06-08T22:59:59.999000+00:00,4629730.87904,29842
2026-06-08T23:00:00+00:00,67.2,67.42,66.65,66.82,69963.624,2026-06-08T23:59:59.999000+00:00,4682395.32364,33050
2026-06-09T00:00:00+00:00,66.82,66.89,65.29,65.42,249065.565,2026-06-09T00:59:59.999000+00:00,16414555.7719,63070
2026-06-09T01:00:00+00:00,65.41,66.08,65.39,65.99,99888.075,2026-06-09T01:59:59.999000+00:00,6565537.27513,34853
2026-06-09T02:00:00+00:00,65.99,66.08,65.53,65.91,52849.551,2026-06-09T02:59:59.999000+00:00,3476124.45167,25519
2026-06-09T03:00:00+00:00,65.92,66.1,65.68,66.01,55204.775,2026-06-09T03:59:59.999000+00:00,3638079.1583,21118
2026-06-09T04:00:00+00:00,66.01,67.41,65.83,67.02,181033.509,2026-06-09T04:59:59.999000+00:00,12080731.5716,49360
2026-06-09T05:00:00+00:00,67.02,67.39,66.7,67.18,276316.811,2026-06-09T05:59:59.999000+00:00,18537377.8632,43603
2026-06-09T06:00:00+00:00,67.19,67.47,66.98,67.05,79074.98,2026-06-09T06:59:59.999000+00:00,5316504.01595,25955
2026-06-09T07:00:00+00:00,67.06,67.34,66.62,66.89,99581.162,2026-06-09T07:59:59.999000+00:00,6666233.9973,30250
2026-06-09T08:00:00+00:00,66.9,66.94,66.39,66.6,97943.408,2026-06-09T08:59:59.999000+00:00,6524530.1476,31651
2026-06-09T09:00:00+00:00,66.6,66.83,66.08,66.18,68747.028,2026-06-09T09:59:59.999000+00:00,4565913.92835,24468
2026-06-09T10:00:00+00:00,66.18,66.49,66.0,66.42,69047.846,2026-06-09T10:59:59.999000+00:00,4570977.8547,23945
2026-06-09T11:00:00+00:00,66.41,66.47,65.9,66.11,100844.501,2026-06-09T11:59:59.999000+00:00,6664954.87214,28840
2026-06-09T12:00:00+00:00,66.11,66.52,65.95,66.21,105180.147,2026-06-09T12:59:59.999000+00:00,6966304.85873,33658
2026-06-09T13:00:00+00:00,66.22,66.38,65.6,65.86,168426.568,2026-06-09T13:59:59.999000+00:00,11110435.48966,61235
2026-06-09T14:00:00+00:00,65.86,65.99,64.39,65.08,298483.712,2026-06-09T14:59:59.999000+00:00,19400500.11987,119235
2026-06-09T15:00:00+00:00,65.08,65.31,64.26,64.33,175354.058,2026-06-09T15:59:59.999000+00:00,11360301.95415,71314
2026-06-09T16:00:00+00:00,64.33,64.5,63.54,64.14,231566.578,2026-06-09T16:59:59.999000+00:00,14827068.52668,94637
2026-06-09T17:00:00+00:00,64.15,65.17,64.09,64.79,200739.215,2026-06-09T17:59:59.999000+00:00,13009420.96215,59211
2026-06-09T18:00:00+00:00,64.8,65.55,64.66,65.3,103269.15,2026-06-09T18:59:59.999000+00:00,6729141.35833,44782
2026-06-09T19:00:00+00:00,65.29,65.65,65.05,65.41,118929.084,2026-06-09T19:59:59.999000+00:00,7772924.65317,47873
2026-06-09T20:00:00+00:00,65.42,65.7,65.29,65.62,62861.212,2026-06-09T20:59:59.999000+00:00,4115626.16548,26091
2026-06-09T21:00:00+00:00,65.63,65.65,64.88,65.02,56854.166,2026-06-09T21:59:59.999000+00:00,3709188.02918,20448
2026-06-09T22:00:00+00:00,65.02,65.35,64.82,64.89,64684.189,2026-06-09T22:59:59.999000+00:00,4209145.41361,23775
2026-06-09T23:00:00+00:00,64.89,65.18,64.69,64.96,66205.021,2026-06-09T23:59:59.999000+00:00,4299193.74631,27235
2026-06-10T00:00:00+00:00,64.97,65.22,64.49,65.19,84233.108,2026-06-10T00:59:59.999000+00:00,5464357.54305,32981
2026-06-10T01:00:00+00:00,65.18,65.32,64.81,65.09,76997.122,2026-06-10T01:59:59.999000+00:00,5015250.35358,37420
2026-06-10T02:00:00+00:00,65.1,65.25,64.25,64.31,86926.448,2026-06-10T02:59:59.999000+00:00,5618469.22189,36765
2026-06-10T03:00:00+00:00,64.31,64.86,64.27,64.51,44123.438,2026-06-10T03:59:59.999000+00:00,2848696.02223,25352
2026-06-10T04:00:00+00:00,64.52,64.66,64.12,64.29,55630.869,2026-06-10T04:59:59.999000+00:00,3581798.76115,25061
2026-06-10T05:00:00+00:00,64.29,64.38,63.92,64.13,60065.703,2026-06-10T05:59:59.999000+00:00,3850447.16372,28906
2026-06-10T06:00:00+00:00,64.13,64.37,63.83,64.2,59606.958,2026-06-10T06:59:59.999000+00:00,3821316.50816,29807
2026-06-10T07:00:00+00:00,64.21,64.8,64.14,64.5,67069.833,2026-06-10T07:59:59.999000+00:00,4325740.26503,30541
2026-06-10T08:00:00+00:00,64.5,64.52,63.43,63.61,129989.981,2026-06-10T08:59:59.999000+00:00,8297682.66594,42542
2026-06-10T09:00:00+00:00,63.62,63.76,63.07,63.64,98659.859,2026-06-10T09:59:59.999000+00:00,6261136.17129,41009
2026-06-10T10:00:00+00:00,63.64,63.79,63.27,63.68,106704.681,2026-06-10T10:59:59.999000+00:00,6779200.16154,37504
2026-06-10T11:00:00+00:00,63.68,63.77,62.95,63.49,200978.051,2026-06-10T11:59:59.999000+00:00,12727232.45257,63297
2026-06-10T12:00:00+00:00,63.5,64.68,63.3,64.13,300376.717,2026-06-10T12:59:59.999000+00:00,19244583.80502,85972
2026-06-10T13:00:00+00:00,64.12,65.54,64.01,65.08,250832.181,2026-06-10T13:59:59.999000+00:00,16279986.29606,92254
2026-06-10T14:00:00+00:00,65.08,65.28,64.59,65.06,155732.145,2026-06-10T14:59:59.999000+00:00,10109455.05257,79890
2026-06-10T15:00:00+00:00,65.07,65.77,64.56,65.44,226554.09,2026-06-10T15:59:59.999000+00:00,14766881.62365,97094
2026-06-10T16:00:00+00:00,65.44,65.49,64.24,64.62,149914.241,2026-06-10T16:59:59.999000+00:00,9732862.99283,59387
2026-06-10T17:00:00+00:00,64.62,64.97,63.63,64.04,154897.706,2026-06-10T17:59:59.999000+00:00,9931419.45621,61385
2026-06-10T18:00:00+00:00,64.05,64.22,63.36,63.84,113822.262,2026-06-10T18:59:59.999000+00:00,7259149.50624,55566
2026-06-10T19:00:00+00:00,63.84,63.95,63.39,63.56,106770.879,2026-06-10T19:59:59.999000+00:00,6796225.28908,61792
2026-06-10T20:00:00+00:00,63.56,63.66,63.18,63.33,87301.945,2026-06-10T20:59:59.999000+00:00,5537573.78708,45896
2026-06-10T21:00:00+00:00,63.32,63.32,62.34,62.59,95072.098,2026-06-10T21:59:59.999000+00:00,5976456.82935,51484
2026-06-10T22:00:00+00:00,62.6,63.07,62.37,62.77,122688.629,2026-06-10T22:59:59.999000+00:00,7691295.35268,49439
2026-06-10T23:00:00+00:00,62.78,63.31,62.46,63.19,102968.617,2026-06-10T23:59:59.999000+00:00,6480442.41305,36111
2026-06-11T00:00:00+00:00,63.19,63.77,63.19,63.67,95512.483,2026-06-11T00:59:59.999000+00:00,6071656.90301,36142
2026-06-11T01:00:00+00:00,63.67,65.16,63.67,64.9,203292.891,2026-06-11T01:59:59.999000+00:00,13133939.23831,51992
2026-06-11T02:00:00+00:00,64.91,65.0,64.37,64.52,146307.144,2026-06-11T02:59:59.999000+00:00,9453515.7512,39753
2026-06-11T03:00:00+00:00,64.53,65.48,64.33,65.27,148001.461,2026-06-11T03:59:59.999000+00:00,9612360.34689,34347
2026-06-11T04:00:00+00:00,65.27,65.35,64.95,65.21,64368.101,2026-06-11T04:59:59.999000+00:00,4193881.89466,25072
2026-06-11T05:00:00+00:00,65.21,65.26,64.95,64.97,54688.921,2026-06-11T05:59:59.999000+00:00,3561405.8306,19395
2026-06-11T06:00:00+00:00,64.97,65.43,64.81,65.12,107378.558,2026-06-11T06:59:59.999000+00:00,7000906.13649,29679
2026-06-11T07:00:00+00:00,65.12,65.18,64.77,65.04,102261.304,2026-06-11T07:59:59.999000+00:00,6645202.7624,25291
2026-06-11T08:00:00+00:00,65.04,65.53,65.03,65.31,85090.677,2026-06-11T08:59:59.999000+00:00,5558237.20083,22494
2026-06-11T09:00:00+00:00,65.31,65.56,65.01,65.38,138166.813,2026-06-11T09:59:59.999000+00:00,9020318.93445,24488
2026-06-11T10:00:00+00:00,65.39,65.66,65.28,65.5,80089.375,2026-06-11T10:59:59.999000+00:00,5243695.43461,21158
2026-06-11T11:00:00+00:00,65.5,66.15,65.33,65.88,134867.994,2026-06-11T11:59:59.999000+00:00,8872706.38599,31648
2026-06-11T12:00:00+00:00,65.89,65.93,64.89,65.26,205429.977,2026-06-11T12:59:59.999000+00:00,13411640.86884,59354
2026-06-11T13:00:00+00:00,65.26,65.74,65.06,65.53,131783.232,2026-06-11T13:59:59.999000+00:00,8621597.60403,48304
2026-06-11T14:00:00+00:00,65.52,65.78,64.99,65.35,114293.376,2026-06-11T14:59:59.999000+00:00,7480397.04005,49662
2026-06-11T15:00:00+00:00,65.35,65.87,65.0,65.55,124959.416,2026-06-11T15:59:59.999000+00:00,8185406.63537,44625
2026-06-11T16:00:00+00:00,65.56,65.8,65.31,65.38,85836.555,2026-06-11T16:59:59.999000+00:00,5626976.33537,29766
2026-06-11T17:00:00+00:00,65.39,67.19,65.05,67.15,309473.344,2026-06-11T17:59:59.999000+00:00,20519134.66211,80156
2026-06-11T18:00:00+00:00,67.15,67.31,66.64,66.8,144330.852,2026-06-11T18:59:59.999000+00:00,9661913.40796,40941
2026-06-11T19:00:00+00:00,66.8,67.42,66.6,66.93,176212.973,2026-06-11T19:59:59.999000+00:00,11806983.19881,38084
2026-06-11T20:00:00+00:00,66.93,67.04,66.36,66.6,77772.936,2026-06-11T20:59:59.999000+00:00,5186018.67784,20478
2026-06-11T21:00:00+00:00,66.6,67.1,66.58,66.91,45124.266,2026-06-11T21:59:59.999000+00:00,3020510.36747,13527
2026-06-11T22:00:00+00:00,66.91,67.14,66.87,66.9,50238.15,2026-06-11T22:59:59.999000+00:00,3365736.57861,17329
2026-06-11T23:00:00+00:00,66.89,67.13,66.69,66.93,56080.232,2026-06-11T23:59:59.999000+00:00,3750896.23721,16013
2026-06-12T00:00:00+00:00,66.93,67.11,66.75,66.87,63689.552,2026-06-12T00:59:59.999000+00:00,4263727.21822,16356
2026-06-12T01:00:00+00:00,66.87,66.87,66.42,66.7,75841.953,2026-06-12T01:59:59.999000+00:00,5054128.9936,17860
2026-06-12T02:00:00+00:00,66.69,67.3,66.68,67.14,83188.342,2026-06-12T02:59:59.999000+00:00,5578789.45518,20206
2026-06-12T03:00:00+00:00,67.15,67.18,66.68,67.04,70505.663,2026-06-12T03:59:59.999000+00:00,4718303.6868,17027
2026-06-12T04:00:00+00:00,67.04,67.24,66.85,67.07,69480.827,2026-06-12T04:59:59.999000+00:00,4659997.2761,15306
2026-06-12T05:00:00+00:00,67.07,67.08,66.63,66.74,60435.998,2026-06-12T05:59:59.999000+00:00,4036542.63393,15093
2026-06-12T06:00:00+00:00,66.75,66.82,65.95,66.11,129304.937,2026-06-12T06:59:59.999000+00:00,8568080.31712,25514
2026-06-12T07:00:00+00:00,66.12,66.49,66.12,66.32,79860.665,2026-06-12T07:59:59.999000+00:00,5293790.31784,15305
2026-06-12T08:00:00+00:00,66.32,67.05,66.31,66.92,85054.006,2026-06-12T08:59:59.999000+00:00,5682758.46079,16098
2026-06-12T09:00:00+00:00,66.92,67.49,66.85,67.17,192148.681,2026-06-12T09:59:59.999000+00:00,12918617.95321,36484
2026-06-12T10:00:00+00:00,67.18,67.35,66.59,66.79,85061.882,2026-06-12T10:59:59.999000+00:00,5695954.86336,20897
2026-06-12T11:00:00+00:00,66.79,67.1,66.78,66.93,63656.44,2026-06-12T11:59:59.999000+00:00,4260805.50487,17496
2026-06-12T12:00:00+00:00,66.92,67.0,66.63,66.77,104701.082,2026-06-12T12:59:59.999000+00:00,6996850.60581,29995
2026-06-12T13:00:00+00:00,66.77,67.01,66.37,66.72,179963.915,2026-06-12T13:59:59.999000+00:00,12005279.68558,44934
2026-06-12T14:00:00+00:00,66.73,67.99,66.65,67.94,231104.047,2026-06-12T14:59:59.999000+00:00,15539951.91956,62235
2026-06-12T15:00:00+00:00,67.93,68.82,67.18,67.25,567877.598,2026-06-12T15:59:59.999000+00:00,38688906.78735,86498
2026-06-12T16:00:00+00:00,67.26,68.01,67.09,68.01,158168.031,2026-06-12T16:59:59.999000+00:00,10693090.94227,41054
2026-06-12T17:00:00+00:00,68.02,68.22,67.27,67.4,116277.838,2026-06-12T17:59:59.999000+00:00,7870398.56782,29323
2026-06-12T18:00:00+00:00,67.4,67.48,67.01,67.07,88739.808,2026-06-12T18:59:59.999000+00:00,5968138.26394,24283
2026-06-12T19:00:00+00:00,67.07,67.42,66.68,66.78,104564.611,2026-06-12T19:59:59.999000+00:00,7006415.81097,29041
2026-06-12T20:00:00+00:00,66.79,66.83,66.42,66.68,127370.815,2026-06-12T20:59:59.999000+00:00,8488999.39052,20995
2026-06-12T21:00:00+00:00,66.69,66.95,66.47,66.57,41557.281,2026-06-12T21:59:59.999000+00:00,2774593.32723,11083
2026-06-12T22:00:00+00:00,66.57,66.76,66.43,66.63,37270.483,2026-06-12T22:59:59.999000+00:00,2481152.8704,13285
2026-06-12T23:00:00+00:00,66.64,66.83,66.48,66.82,23762.228,2026-06-12T23:59:59.999000+00:00,1583490.57131,11119
2026-06-13T00:00:00+00:00,66.83,67.08,66.78,66.99,37463.438,2026-06-13T00:59:59.999000+00:00,2507766.27958,12533
2026-06-13T01:00:00+00:00,67.0,67.51,66.98,67.45,46013.37,2026-06-13T01:59:59.999000+00:00,3094590.30813,13725
2026-06-13T02:00:00+00:00,67.44,67.51,66.87,66.97,51075.761,2026-06-13T02:59:59.999000+00:00,3431205.64059,12530
2026-06-13T03:00:00+00:00,66.97,67.05,66.7,66.88,44163.632,2026-06-13T03:59:59.999000+00:00,2954746.52183,9919
2026-06-13T04:00:00+00:00,66.87,66.96,66.64,66.67,46461.185,2026-06-13T04:59:59.999000+00:00,3103773.51855,10437
2026-06-13T05:00:00+00:00,66.67,66.88,66.59,66.79,50866.3,2026-06-13T05:59:59.999000+00:00,3395084.15289,13842
2026-06-13T06:00:00+00:00,66.79,67.22,66.67,67.16,49209.984,2026-06-13T06:59:59.999000+00:00,3296068.94552,14085
2026-06-13T07:00:00+00:00,67.16,67.47,66.96,67.37,82603.06,2026-06-13T07:59:59.999000+00:00,5551119.32965,19084
2026-06-13T08:00:00+00:00,67.38,67.57,67.26,67.33,86604.603,2026-06-13T08:59:59.999000+00:00,5835060.25329,15868
2026-06-13T09:00:00+00:00,67.32,67.54,67.29,67.37,64167.356,2026-06-13T09:59:59.999000+00:00,4325822.98571,14633
2026-06-13T10:00:00+00:00,67.37,67.61,67.34,67.44,37022.35,2026-06-13T10:59:59.999000+00:00,2497477.18388,11901
2026-06-13T11:00:00+00:00,67.44,67.96,67.38,67.9,41929.45,2026-06-13T11:59:59.999000+00:00,2841660.07823,13487
2026-06-13T12:00:00+00:00,67.91,68.06,67.77,67.99,91464.722,2026-06-13T12:59:59.999000+00:00,6209916.04393,15548
2026-06-13T13:00:00+00:00,67.98,68.45,67.83,68.02,118562.924,2026-06-13T13:59:59.999000+00:00,8073648.89126,21237
2026-06-13T14:00:00+00:00,68.02,68.43,67.99,68.29,66425.661,2026-06-13T14:59:59.999000+00:00,4531982.13723,24115
2026-06-13T15:00:00+00:00,68.29,68.71,68.18,68.6,83882.753,2026-06-13T15:59:59.999000+00:00,5745998.64894,28118
2026-06-13T16:00:00+00:00,68.6,68.63,67.83,68.1,104269.086,2026-06-13T16:59:59.999000+00:00,7100888.3634,29745
2026-06-13T17:00:00+00:00,68.09,68.28,67.84,68.0,50125.121,2026-06-13T17:59:59.999000+00:00,3410532.68042,21414
2026-06-13T18:00:00+00:00,68.0,68.38,67.97,68.13,30809.045,2026-06-13T18:59:59.999000+00:00,2100871.27683,14901
2026-06-13T19:00:00+00:00,68.13,68.4,68.03,68.23,26941.068,2026-06-13T19:59:59.999000+00:00,1836856.14126,13313
2026-06-13T20:00:00+00:00,68.24,68.29,68.05,68.28,21443.639,2026-06-13T20:59:59.999000+00:00,1462213.76602,11529
2026-06-13T21:00:00+00:00,68.28,69.59,68.23,69.27,162134.293,2026-06-13T21:59:59.999000+00:00,11198911.92853,49265
2026-06-13T22:00:00+00:00,69.27,69.28,68.88,68.91,82127.308,2026-06-13T22:59:59.999000+00:00,5671131.64274,26221
2026-06-13T23:00:00+00:00,68.9,69.18,68.79,68.94,49248.391,2026-06-13T23:59:59.999000+00:00,3396810.94723,17208
2026-06-14T00:00:00+00:00,68.94,68.94,68.65,68.75,54693.338,2026-06-14T00:59:59.999000+00:00,3761096.92636,18589
2026-06-14T01:00:00+00:00,68.75,69.1,68.64,68.82,52047.76,2026-06-14T01:59:59.999000+00:00,3585513.52416,20445
2026-06-14T02:00:00+00:00,68.82,69.11,68.72,68.83,53277.924,2026-06-14T02:59:59.999000+00:00,3672173.00717,13598
2026-06-14T03:00:00+00:00,68.83,69.04,68.76,68.94,35018.465,2026-06-14T03:59:59.999000+00:00,2412378.16889,12109
2026-06-14T04:00:00+00:00,68.95,69.01,68.44,68.52,70637.384,2026-06-14T04:59:59.999000+00:00,4851351.86821,18519
2026-06-14T05:00:00+00:00,68.53,68.6,67.88,68.24,193457.028,2026-06-14T05:59:59.999000+00:00,13199456.7344,26255
2026-06-14T06:00:00+00:00,68.25,68.5,68.1,68.19,53542.124,2026-06-14T06:59:59.999000+00:00,3655299.57432,14698
2026-06-14T07:00:00+00:00,68.2,68.25,68.04,68.23,43809.063,2026-06-14T07:59:59.999000+00:00,2986085.77343,11677
2026-06-14T08:00:00+00:00,68.23,68.37,68.11,68.25,34707.264,2026-06-14T08:59:59.999000+00:00,2369214.15652,8834
2026-06-14T09:00:00+00:00,68.25,68.5,67.92,68.47,53948.603,2026-06-14T09:59:59.999000+00:00,3679420.41333,15315
2026-06-14T10:00:00+00:00,68.48,68.52,68.15,68.16,38112.983,2026-06-14T10:59:59.999000+00:00,2606906.90481,11407
2026-06-14T11:00:00+00:00,68.16,68.35,68.02,68.11,30742.58,2026-06-14T11:59:59.999000+00:00,2096685.74773,10711
2026-06-14T12:00:00+00:00,68.11,68.17,67.7,67.78,48284.66,2026-06-14T12:59:59.999000+00:00,3279856.1018,15137
2026-06-14T13:00:00+00:00,67.78,67.87,67.51,67.77,72481.767,2026-06-14T13:59:59.999000+00:00,4906551.1085,21151
2026-06-14T14:00:00+00:00,67.77,67.83,66.94,67.27,113223.716,2026-06-14T14:59:59.999000+00:00,7617573.57737,33088
2026-06-14T15:00:00+00:00,67.27,67.55,67.26,67.43,47871.527,2026-06-14T15:59:59.999000+00:00,3227634.83605,16180
2026-06-14T16:00:00+00:00,67.43,67.76,67.41,67.49,34354.22,2026-06-14T16:59:59.999000+00:00,2322090.31783,14336
2026-06-14T17:00:00+00:00,67.48,67.74,67.3,67.34,30112.775,2026-06-14T17:59:59.999000+00:00,2034012.25132,13263
2026-06-14T18:00:00+00:00,67.34,67.5,67.19,67.43,19753.904,2026-06-14T18:59:59.999000+00:00,1330692.80891,11694
2026-06-14T19:00:00+00:00,67.43,67.75,67.35,67.57,24849.35,2026-06-14T19:59:59.999000+00:00,1679259.58974,10386
2026-06-14T20:00:00+00:00,67.57,68.07,67.44,67.81,32460.669,2026-06-14T20:59:59.999000+00:00,2198791.27044,14632
2026-06-14T21:00:00+00:00,67.8,70.55,67.8,70.16,316562.604,2026-06-14T21:59:59.999000+00:00,22031086.47612,108587
2026-06-14T22:00:00+00:00,70.16,70.73,69.68,70.45,201736.797,2026-06-14T22:59:59.999000+00:00,14172151.50624,79927
2026-06-14T23:00:00+00:00,70.45,71.29,70.15,71.28,196135.426,2026-06-14T23:59:59.999000+00:00,13895890.36533,55939
2026-06-15T00:00:00+00:00,71.29,71.73,70.94,71.12,200381.55,2026-06-15T00:59:59.999000+00:00,14294369.3327,58752
2026-06-15T01:00:00+00:00,71.13,71.35,70.66,71.01,90790.504,2026-06-15T01:59:59.999000+00:00,6445257.67664,35989
2026-06-15T02:00:00+00:00,71.0,71.59,70.9,70.99,74590.745,2026-06-15T02:59:59.999000+00:00,5317370.08261,28942
2026-06-15T03:00:00+00:00,70.98,71.37,70.91,71.24,66407.788,2026-06-15T03:59:59.999000+00:00,4726594.2686,21151
2026-06-15T04:00:00+00:00,71.24,71.27,70.88,70.93,45074.674,2026-06-15T04:59:59.999000+00:00,3204005.72903,17930
2026-06-15T05:00:00+00:00,70.92,71.31,70.81,71.22,47802.787,2026-06-15T05:59:59.999000+00:00,3398071.59139,16981
2026-06-15T06:00:00+00:00,71.22,71.5,71.11,71.36,53592.34,2026-06-15T06:59:59.999000+00:00,3820497.81455,18079
2026-06-15T07:00:00+00:00,71.36,71.5,71.12,71.28,88909.944,2026-06-15T07:59:59.999000+00:00,6341879.08136,22848
2026-06-15T08:00:00+00:00,71.28,71.62,71.17,71.3,86589.39,2026-06-15T08:59:59.999000+00:00,6183335.36158,22783
2026-06-15T09:00:00+00:00,71.3,71.48,70.8,71.23,89511.864,2026-06-15T09:59:59.999000+00:00,6370120.57267,21238
2026-06-15T10:00:00+00:00,71.23,72.12,71.19,71.88,147883.696,2026-06-15T10:59:59.999000+00:00,10602976.25162,32051
2026-06-15T11:00:00+00:00,71.88,72.82,71.65,72.61,207495.255,2026-06-15T11:59:59.999000+00:00,15020369.40971,66233
2026-06-15T12:00:00+00:00,72.61,73.0,72.31,72.86,131794.055,2026-06-15T12:59:59.999000+00:00,9576521.65213,40008
2026-06-15T13:00:00+00:00,72.85,74.23,72.72,73.64,313713.491,2026-06-15T13:59:59.999000+00:00,23087217.53191,92631
2026-06-15T14:00:00+00:00,73.63,73.98,73.2,73.82,159755.143,2026-06-15T14:59:59.999000+00:00,11771069.03113,57727
2026-06-15T15:00:00+00:00,73.81,75.26,73.79,75.25,232845.748,2026-06-15T15:59:59.999000+00:00,17348496.70012,69795
2026-06-15T16:00:00+00:00,75.25,76.09,74.97,75.48,251768.114,2026-06-15T16:59:59.999000+00:00,19030292.53538,85243
2026-06-15T17:00:00+00:00,75.47,75.48,74.65,75.28,239068.228,2026-06-15T17:59:59.999000+00:00,17941929.44045,71239
2026-06-15T18:00:00+00:00,75.28,75.69,75.1,75.3,93095.678,2026-06-15T18:59:59.999000+00:00,7021306.28242,47078
2026-06-15T19:00:00+00:00,75.3,75.81,74.58,75.28,108402.237,2026-06-15T19:59:59.999000+00:00,8147372.82042,60424
2026-06-15T20:00:00+00:00,75.27,75.46,74.77,74.95,67283.555,2026-06-15T20:59:59.999000+00:00,5049203.91473,41047
2026-06-15T21:00:00+00:00,74.95,75.03,74.4,74.45,78485.986,2026-06-15T21:59:59.999000+00:00,5858978.12798,31724
2026-06-15T22:00:00+00:00,74.46,74.61,73.62,73.78,152145.124,2026-06-15T22:59:59.999000+00:00,11256045.08336,50185
2026-06-15T23:00:00+00:00,73.77,74.07,73.62,73.98,75389.572,2026-06-15T23:59:59.999000+00:00,5566102.51098,30951
2026-06-16T00:00:00+00:00,73.99,74.42,73.85,74.04,69224.92,2026-06-16T00:59:59.999000+00:00,5129089.04544,31036
2026-06-16T01:00:00+00:00,74.05,74.35,73.85,73.88,65706.464,2026-06-16T01:59:59.999000+00:00,4872776.58418,25616
2026-06-16T02:00:00+00:00,73.89,73.89,72.77,73.01,131869.867,2026-06-16T02:59:59.999000+00:00,9663610.95945,41933
2026-06-16T03:00:00+00:00,73.02,73.81,72.87,73.74,80569.975,2026-06-16T03:59:59.999000+00:00,5912055.88517,22624
2026-06-16T04:00:00+00:00,73.75,73.94,73.19,73.36,54902.773,2026-06-16T04:59:59.999000+00:00,4034860.85161,19726
2026-06-16T05:00:00+00:00,73.37,73.84,73.36,73.67,52950.874,2026-06-16T05:59:59.999000+00:00,3900083.92899,18215
2026-06-16T06:00:00+00:00,73.67,74.32,73.67,74.19,77618.241,2026-06-16T06:59:59.999000+00:00,5744671.90604,17413
2026-06-16T07:00:00+00:00,74.19,74.54,74.13,74.46,84857.21,2026-06-16T07:59:59.999000+00:00,6307129.2682,22356
2026-06-16T08:00:00+00:00,74.45,75.65,74.35,75.4,128588.068,2026-06-16T08:59:59.999000+00:00,9640161.32278,38609
2026-06-16T09:00:00+00:00,75.39,75.46,74.81,74.85,79909.2,2026-06-16T09:59:59.999000+00:00,6001995.29322,29797
2026-06-16T10:00:00+00:00,74.85,75.12,74.69,74.7,58614.181,2026-06-16T10:59:59.999000+00:00,4391977.48341,22978
2026-06-16T11:00:00+00:00,74.7,74.9,74.38,74.66,79772.524,2026-06-16T11:59:59.999000+00:00,5949502.18695,24018
2026-06-16T12:00:00+00:00,74.67,75.53,74.49,74.94,135358.982,2026-06-16T12:59:59.999000+00:00,10146930.20772,47357
2026-06-16T13:00:00+00:00,74.94,74.97,73.87,73.99,182694.61,2026-06-16T13:59:59.999000+00:00,13565549.62515,67658
2026-06-16T14:00:00+00:00,73.99,74.3,72.29,72.98,250959.387,2026-06-16T14:59:59.999000+00:00,18333208.78832,96928
2026-06-16T15:00:00+00:00,72.97,73.65,72.87,73.29,114396.913,2026-06-16T15:59:59.999000+00:00,8383275.47525,63972
2026-06-16T16:00:00+00:00,73.29,73.48,73.01,73.1,77637.565,2026-06-16T16:59:59.999000+00:00,5684681.94904,44748
2026-06-16T17:00:00+00:00,73.11,73.84,73.06,73.67,85666.172,2026-06-16T17:59:59.999000+00:00,6289665.14505,43256
2026-06-16T18:00:00+00:00,73.68,74.34,73.58,74.0,111996.48,2026-06-16T18:59:59.999000+00:00,8281491.43326,44705
2026-06-16T19:00:00+00:00,74.0,74.23,73.48,73.84,84539.564,2026-06-16T19:59:59.999000+00:00,6244891.55163,42842
2026-06-16T20:00:00+00:00,73.85,74.26,73.67,74.14,59635.319,2026-06-16T20:59:59.999000+00:00,4415291.91413,27981
2026-06-16T21:00:00+00:00,74.14,74.22,73.73,73.94,51301.898,2026-06-16T21:59:59.999000+00:00,3792441.29725,19935
2026-06-16T22:00:00+00:00,73.94,74.1,73.62,73.84,37779.45,2026-06-16T22:59:59.999000+00:00,2789296.67432,17275
2026-06-16T23:00:00+00:00,73.85,73.97,73.42,73.52,29354.958,2026-06-16T23:59:59.999000+00:00,2162440.79353,13519
2026-06-17T00:00:00+00:00,73.53,73.78,73.32,73.37,46997.719,2026-06-17T00:59:59.999000+00:00,3456391.90331,22425
2026-06-17T01:00:00+00:00,73.37,74.0,73.17,73.93,60655.128,2026-06-17T01:59:59.999000+00:00,4462934.37613,28953
2026-06-17T02:00:00+00:00,73.94,74.47,73.69,74.05,96814.02,2026-06-17T02:59:59.999000+00:00,7172647.49856,32220
2026-06-17T03:00:00+00:00,74.05,74.06,73.52,73.68,56261.076,2026-06-17T03:59:59.999000+00:00,4149033.7757,28728
2026-06-17T04:00:00+00:00,73.68,74.11,73.6,73.83,46444.709,2026-06-17T04:59:59.999000+00:00,3427219.28734,20696
2026-06-17T05:00:00+00:00,73.84,74.01,73.44,73.65,51720.76,2026-06-17T05:59:59.999000+00:00,3811559.42094,23917
2026-06-17T06:00:00+00:00,73.65,73.83,73.19,73.41,59659.269,2026-06-17T06:59:59.999000+00:00,4381270.8768,24712
2026-06-17T07:00:00+00:00,73.41,73.61,72.99,73.26,87257.349,2026-06-17T07:59:59.999000+00:00,6392192.40127,37094
2026-06-17T08:00:00+00:00,73.27,73.3,72.16,72.34,135226.521,2026-06-17T08:59:59.999000+00:00,9821917.06966,47798
2026-06-17T09:00:00+00:00,72.34,72.67,72.31,72.54,63506.222,2026-06-17T09:59:59.999000+00:00,4602273.41334,26825
2026-06-17T10:00:00+00:00,72.54,72.69,72.12,72.15,48941.844,2026-06-17T10:59:59.999000+00:00,3544330.06916,24859
2026-06-17T11:00:00+00:00,72.15,72.24,71.71,72.04,84886.915,2026-06-17T11:59:59.999000+00:00,6114271.51117,41693
2026-06-17T12:00:00+00:00,72.04,72.36,71.59,72.33,83612.499,2026-06-17T12:59:59.999000+00:00,6022953.27809,40343
2026-06-17T13:00:00+00:00,72.33,72.77,72.16,72.43,98807.369,2026-06-17T13:59:59.999000+00:00,7159289.71249,49595
2026-06-17T14:00:00+00:00,72.42,72.67,71.82,72.39,117857.886,2026-06-17T14:59:59.999000+00:00,8526701.46001,61457
2026-06-17T15:00:00+00:00,72.39,73.87,72.36,73.81,133738.882,2026-06-17T15:59:59.999000+00:00,9774473.29731,59155
2026-06-17T16:00:00+00:00,73.8,74.69,73.71,73.76,153649.037,2026-06-17T16:59:59.999000+00:00,11381640.46958,59059
2026-06-17T17:00:00+00:00,73.77,74.35,73.47,74.22,81781.987,2026-06-17T17:59:59.999000+00:00,6036944.60655,44566
2026-06-17T18:00:00+00:00,74.21,74.38,72.19,73.5,355750.323,2026-06-17T18:59:59.999000+00:00,26133994.48547,177597
2026-06-17T19:00:00+00:00,73.49,73.71,71.43,71.66,292101.821,2026-06-17T19:59:59.999000+00:00,21112019.07815,148055
2026-06-17T20:00:00+00:00,71.66,72.25,71.55,72.2,102640.899,2026-06-17T20:59:59.999000+00:00,7382102.10183,47373
2026-06-17T21:00:00+00:00,72.19,72.23,71.38,71.62,62582.524,2026-06-17T21:59:59.999000+00:00,4495001.6219,27740
2026-06-17T22:00:00+00:00,71.61,71.95,70.83,71.7,78960.944,2026-06-17T22:59:59.999000+00:00,5638939.56206,42827
2026-06-17T23:00:00+00:00,71.71,72.13,71.69,72.05,43383.688,2026-06-17T23:59:59.999000+00:00,3122934.80689,22086
2026-06-18T00:00:00+00:00,72.05,72.5,72.03,72.22,48547.507,2026-06-18T00:59:59.999000+00:00,3509309.87156,24879
2026-06-18T01:00:00+00:00,72.22,72.64,72.09,72.21,37956.591,2026-06-18T01:59:59.999000+00:00,2747684.83139,21336
2026-06-18T02:00:00+00:00,72.22,72.68,72.13,72.54,58257.5,2026-06-18T02:59:59.999000+00:00,4223001.97302,23053
2026-06-18T03:00:00+00:00,72.53,72.55,71.54,71.65,60126.254,2026-06-18T03:59:59.999000+00:00,4324361.51846,25359
2026-06-18T04:00:00+00:00,71.66,71.73,70.91,71.06,81871.729,2026-06-18T04:59:59.999000+00:00,5829692.94927,38675
2026-06-18T05:00:00+00:00,71.05,71.14,70.64,71.14,75690.834,2026-06-18T05:59:59.999000+00:00,5366746.95863,38688
2026-06-18T06:00:00+00:00,71.13,71.41,70.99,71.34,42452.534,2026-06-18T06:59:59.999000+00:00,3023715.78776,25826
2026-06-18T07:00:00+00:00,71.35,71.85,71.16,71.78,53820.989,2026-06-18T07:59:59.999000+00:00,3852797.00307,23667
2026-06-18T08:00:00+00:00,71.77,72.08,71.64,71.85,59084.128,2026-06-18T08:59:59.999000+00:00,4248466.852,22007
2026-06-18T09:00:00+00:00,71.86,72.16,71.75,71.85,37654.818,2026-06-18T09:59:59.999000+00:00,2708080.80202,18071
2026-06-18T10:00:00+00:00,71.85,71.85,71.08,71.39,104010.109,2026-06-18T10:59:59.999000+00:00,7422372.06637,30909
2026-06-18T11:00:00+00:00,71.39,71.56,70.72,70.94,79836.012,2026-06-18T11:59:59.999000+00:00,5672024.41105,31047
2026-06-18T12:00:00+00:00,70.94,71.62,70.87,71.57,55981.246,2026-06-18T12:59:59.999000+00:00,3991257.6187,28624
2026-06-18T13:00:00+00:00,71.57,71.8,70.73,71.05,93581.469,2026-06-18T13:59:59.999000+00:00,6670438.90853,53551
2026-06-18T14:00:00+00:00,71.06,71.72,70.7,71.08,124384.941,2026-06-18T14:59:59.999000+00:00,8844017.49241,80790
2026-06-18T15:00:00+00:00,71.08,71.1,68.35,68.44,498784.608,2026-06-18T15:59:59.999000+00:00,34660416.09326,164900
2026-06-18T16:00:00+00:00,68.43,69.13,68.38,69.06,181301.529,2026-06-18T16:59:59.999000+00:00,12467788.06613,72197
2026-06-18T17:00:00+00:00,69.07,69.15,68.5,68.64,102969.562,2026-06-18T17:59:59.999000+00:00,7089020.73178,40517
2026-06-18T18:00:00+00:00,68.64,68.99,68.23,68.66,147840.926,2026-06-18T18:59:59.999000+00:00,10143587.00326,44125
2026-06-18T19:00:00+00:00,68.66,69.53,68.57,69.37,89639.557,2026-06-18T19:59:59.999000+00:00,6188696.00517,39867
2026-06-18T20:00:00+00:00,69.38,69.96,69.38,69.82,75565.732,2026-06-18T20:59:59.999000+00:00,5272174.58464,31230
2026-06-18T21:00:00+00:00,69.81,69.9,69.41,69.57,60363.6,2026-06-18T21:59:59.999000+00:00,4202403.27895,23887
2026-06-18T22:00:00+00:00,69.56,69.69,69.26,69.52,53927.783,2026-06-18T22:59:59.999000+00:00,3748863.07864,22104
2026-06-18T23:00:00+00:00,69.51,69.79,69.27,69.71,40062.371,2026-06-18T23:59:59.999000+00:00,2788041.88312,19122
2026-06-19T00:00:00+00:00,69.72,69.9,69.53,69.81,56062.941,2026-06-19T00:59:59.999000+00:00,3909947.74346,21858
2026-06-19T01:00:00+00:00,69.8,70.03,69.54,69.94,48680.144,2026-06-19T01:59:59.999000+00:00,3399283.98917,23457
2026-06-19T02:00:00+00:00,69.94,70.09,69.41,69.66,46462.891,2026-06-19T02:59:59.999000+00:00,3239377.31096,21480
2026-06-19T03:00:00+00:00,69.65,69.74,68.64,69.05,164081.694,2026-06-19T03:59:59.999000+00:00,11332993.25645,46914
2026-06-19T04:00:00+00:00,69.06,69.27,68.1,68.33,133933.868,2026-06-19T04:59:59.999000+00:00,9194161.86654,44033
2026-06-19T05:00:00+00:00,68.33,68.75,68.32,68.7,96105.278,2026-06-19T05:59:59.999000+00:00,6587748.61938,30079
2026-06-19T06:00:00+00:00,68.69,68.84,68.46,68.75,112846.885,2026-06-19T06:59:59.999000+00:00,7748965.6336,27517
2026-06-19T07:00:00+00:00,68.75,68.77,67.98,68.38,94522.845,2026-06-19T07:59:59.999000+00:00,6455567.81082,33766
2026-06-19T08:00:00+00:00,68.37,68.75,68.23,68.68,76368.919,2026-06-19T08:59:59.999000+00:00,5235145.47802,28267
2026-06-19T09:00:00+00:00,68.69,68.76,68.22,68.33,67278.479,2026-06-19T09:59:59.999000+00:00,4601988.52342,27886
2026-06-19T10:00:00+00:00,68.32,68.46,68.05,68.3,82241.402,2026-06-19T10:59:59.999000+00:00,5609379.10946,26493
2026-06-19T11:00:00+00:00,68.31,68.47,68.09,68.25,61862.214,2026-06-19T11:59:59.999000+00:00,4225066.51433,22546
2026-06-19T12:00:00+00:00,68.25,68.71,67.92,68.62,99976.23,2026-06-19T12:59:59.999000+00:00,6828126.10794,38275
2026-06-19T13:00:00+00:00,68.62,69.58,68.4,69.28,149932.402,2026-06-19T13:59:59.999000+00:00,10351426.9769,50885
2026-06-19T14:00:00+00:00,69.28,69.48,68.83,69.15,96828.392,2026-06-19T14:59:59.999000+00:00,6702072.51956,41211
2026-06-19T15:00:00+00:00,69.14,69.54,68.93,69.33,66234.751,2026-06-19T15:59:59.999000+00:00,4583281.94736,33054
2026-06-19T16:00:00+00:00,69.34,69.57,68.69,68.71,82500.095,2026-06-19T16:59:59.999000+00:00,5715552.69944,36971
2026-06-19T17:00:00+00:00,68.72,69.52,68.63,69.31,65555.599,2026-06-19T17:59:59.999000+00:00,4530673.44858,34322
2026-06-19T18:00:00+00:00,69.32,69.37,68.8,69.06,38052.658,2026-06-19T18:59:59.999000+00:00,2627913.14603,24187
2026-06-19T19:00:00+00:00,69.05,69.16,68.78,68.97,44918.231,2026-06-19T19:59:59.999000+00:00,3098071.62192,20751
2026-06-19T20:00:00+00:00,68.97,69.31,68.72,69.25,31454.211,2026-06-19T20:59:59.999000+00:00,2170435.03339,19758
2026-06-19T21:00:00+00:00,69.25,69.31,68.91,69.02,34582.689,2026-06-19T21:59:59.999000+00:00,2389040.84211,23036
2026-06-19T22:00:00+00:00,69.01,69.44,69.0,69.42,61373.262,2026-06-19T22:59:59.999000+00:00,4253496.45933,19565
2026-06-19T23:00:00+00:00,69.43,69.87,69.24,69.74,72714.788,2026-06-19T23:59:59.999000+00:00,5056544.0404,18653
2026-06-20T00:00:00+00:00,69.73,70.12,69.61,69.63,89692.457,2026-06-20T00:59:59.999000+00:00,6261811.89234,34750
2026-06-20T01:00:00+00:00,69.62,69.95,69.54,69.8,32309.702,2026-06-20T01:59:59.999000+00:00,2253073.58545,13934
2026-06-20T02:00:00+00:00,69.8,69.86,69.48,69.65,36533.063,2026-06-20T02:59:59.999000+00:00,2542748.97887,15187
2026-06-20T03:00:00+00:00,69.66,70.11,69.62,70.0,53423.81,2026-06-20T03:59:59.999000+00:00,3737371.39375,15553
2026-06-20T04:00:00+00:00,70.0,71.09,69.89,70.86,103542.958,2026-06-20T04:59:59.999000+00:00,7300319.53095,30935
2026-06-20T05:00:00+00:00,70.87,72.46,70.72,71.8,173683.895,2026-06-20T05:59:59.999000+00:00,12472891.93178,69204
2026-06-20T06:00:00+00:00,71.8,72.39,71.71,72.12,103980.817,2026-06-20T06:59:59.999000+00:00,7498727.04988,32202
2026-06-20T07:00:00+00:00,72.12,72.15,71.45,71.6,75932.218,2026-06-20T07:59:59.999000+00:00,5445810.79539,27707
2026-06-20T08:00:00+00:00,71.6,71.65,71.27,71.34,64686.511,2026-06-20T08:59:59.999000+00:00,4621866.20424,21551
2026-06-20T09:00:00+00:00,71.34,71.63,71.21,71.57,55197.875,2026-06-20T09:59:59.999000+00:00,3944154.91122,17931
2026-06-20T10:00:00+00:00,71.57,71.72,71.41,71.69,38092.521,2026-06-20T10:59:59.999000+00:00,2726545.96024,14397
2026-06-20T11:00:00+00:00,71.69,72.1,71.45,71.78,56490.448,2026-06-20T11:59:59.999000+00:00,4054348.73682,16601
2026-06-20T12:00:00+00:00,71.78,71.94,71.38,71.56,66486.387,2026-06-20T12:59:59.999000+00:00,4765947.66455,18183
2026-06-20T13:00:00+00:00,71.55,71.58,70.75,71.19,85462.161,2026-06-20T13:59:59.999000+00:00,6079247.64879,30228
2026-06-20T14:00:00+00:00,71.19,72.18,70.47,71.93,166026.559,2026-06-20T14:59:59.999000+00:00,11863928.1325,64766
2026-06-20T15:00:00+00:00,71.94,72.62,71.49,72.02,345082.299,2026-06-20T15:59:59.999000+00:00,24835684.54328,67738
2026-06-20T16:00:00+00:00,72.03,72.05,71.32,71.67,128031.775,2026-06-20T16:59:59.999000+00:00,9170482.08335,33773
2026-06-20T17:00:00+00:00,71.67,71.68,71.09,71.55,52934.745,2026-06-20T17:59:59.999000+00:00,3779611.87263,25343
2026-06-20T18:00:00+00:00,71.56,71.99,71.53,71.75,69624.594,2026-06-20T18:59:59.999000+00:00,4997770.00219,18757
2026-06-20T19:00:00+00:00,71.75,71.92,71.6,71.86,53925.99,2026-06-20T19:59:59.999000+00:00,3869488.44022,18102
2026-06-20T20:00:00+00:00,71.86,72.07,71.7,72.01,46159.868,2026-06-20T20:59:59.999000+00:00,3318611.33815,18918
2026-06-20T21:00:00+00:00,72.02,72.45,71.96,72.41,49010.686,2026-06-20T21:59:59.999000+00:00,3541361.2574,27170
2026-06-20T22:00:00+00:00,72.41,74.3,72.36,73.56,255371.48,2026-06-20T22:59:59.999000+00:00,18775954.03925,82032
2026-06-20T23:00:00+00:00,73.56,73.65,73.21,73.22,65931.808,2026-06-20T23:59:59.999000+00:00,4841842.54502,25206
2026-06-21T00:00:00+00:00,73.22,73.28,73.02,73.2,50783.813,2026-06-21T00:59:59.999000+00:00,3714113.0592,21152
2026-06-21T01:00:00+00:00,73.2,73.32,72.88,73.19,55705.138,2026-06-21T01:59:59.999000+00:00,4072487.13617,19618
2026-06-21T02:00:00+00:00,73.19,73.39,73.08,73.34,31953.75,2026-06-21T02:59:59.999000+00:00,2339544.40716,13494
2026-06-21T03:00:00+00:00,73.34,73.86,73.13,73.63,113803.369,2026-06-21T03:59:59.999000+00:00,8359419.55057,30057
2026-06-21T04:00:00+00:00,73.63,73.84,73.39,73.44,45055.876,2026-06-21T04:59:59.999000+00:00,3317397.61509,19947
2026-06-21T05:00:00+00:00,73.44,73.52,73.01,73.09,45918.298,2026-06-21T05:59:59.999000+00:00,3359934.06413,15839
2026-06-21T06:00:00+00:00,73.09,73.36,73.04,73.24,41475.298,2026-06-21T06:59:59.999000+00:00,3036126.0004,14994
2026-06-21T07:00:00+00:00,73.25,73.45,73.07,73.21,166976.776,2026-06-21T07:59:59.999000+00:00,12233420.85242,24718
2026-06-21T08:00:00+00:00,73.21,73.25,72.75,73.15,97362.467,2026-06-21T08:59:59.999000+00:00,7108431.8283,21754
2026-06-21T09:00:00+00:00,73.16,74.1,73.08,74.05,123475.706,2026-06-21T09:59:59.999000+00:00,9098589.80371,34210
2026-06-21T10:00:00+00:00,74.04,74.4,73.87,73.9,106025.042,2026-06-21T10:59:59.999000+00:00,7857306.95677,34433
2026-06-21T11:00:00+00:00,73.91,74.04,73.07,73.21,75409.009,2026-06-21T11:59:59.999000+00:00,5543544.56254,30326
2026-06-21T12:00:00+00:00,73.21,73.69,72.93,73.65,135448.191,2026-06-21T12:59:59.999000+00:00,9910276.86112,35199
2026-06-21T13:00:00+00:00,73.65,73.93,73.47,73.91,116612.678,2026-06-21T13:59:59.999000+00:00,8597294.08022,26322
2026-06-21T14:00:00+00:00,73.92,74.15,73.63,74.11,114476.757,2026-06-21T14:59:59.999000+00:00,8459903.60104,25671
2026-06-21T15:00:00+00:00,74.11,74.29,73.91,74.14,66306.147,2026-06-21T15:59:59.999000+00:00,4913772.85499,23771
2026-06-21T16:00:00+00:00,74.14,74.68,73.8,74.34,91123.039,2026-06-21T16:59:59.999000+00:00,6764034.79308,28084
2026-06-21T17:00:00+00:00,74.34,74.64,74.04,74.24,95065.842,2026-06-21T17:59:59.999000+00:00,7070828.55828,30091
2026-06-21T18:00:00+00:00,74.25,74.44,73.86,74.22,98577.389,2026-06-21T18:59:59.999000+00:00,7309326.2262,30298
2026-06-21T19:00:00+00:00,74.21,74.47,74.11,74.42,37234.342,2026-06-21T19:59:59.999000+00:00,2766884.16301,17935
2026-06-21T20:00:00+00:00,74.42,74.55,73.34,73.42,80489.03,2026-06-21T20:59:59.999000+00:00,5939499.33006,35013
2026-06-21T21:00:00+00:00,73.43,73.47,72.42,73.15,150999.111,2026-06-21T21:59:59.999000+00:00,11006395.86605,60373
2026-06-21T22:00:00+00:00,73.14,73.26,72.63,73.06,73823.856,2026-06-21T22:59:59.999000+00:00,5388969.95369,37284
2026-06-21T23:00:00+00:00,73.05,73.1,72.31,72.46,108584.694,2026-06-21T23:59:59.999000+00:00,7891899.8289,49980
2026-06-22T00:00:00+00:00,72.47,73.59,72.46,73.36,103710.641,2026-06-22T00:59:59.999000+00:00,7576220.92112,51300
2026-06-22T01:00:00+00:00,73.37,74.99,73.27,74.37,191909.013,2026-06-22T01:59:59.999000+00:00,14262028.81502,76921
2026-06-22T02:00:00+00:00,74.37,74.46,73.77,73.83,82099.166,2026-06-22T02:59:59.999000+00:00,6082528.41361,34489
2026-06-22T03:00:00+00:00,73.84,74.06,73.29,73.52,95274.82,2026-06-22T03:59:59.999000+00:00,7023489.65835,39062
2026-06-22T04:00:00+00:00,73.53,73.91,73.36,73.86,88522.178,2026-06-22T04:59:59.999000+00:00,6514867.83414,28242
2026-06-22T05:00:00+00:00,73.87,74.15,73.8,73.95,59283.568,2026-06-22T05:59:59.999000+00:00,4387600.99639,23738
2026-06-22T06:00:00+00:00,73.96,74.21,73.56,73.71,61212.293,2026-06-22T06:59:59.999000+00:00,4518897.49937,22741
2026-06-22T07:00:00+00:00,73.72,74.48,73.67,74.1,84946.447,2026-06-22T07:59:59.999000+00:00,6300111.44536,28288
2026-06-22T08:00:00+00:00,74.1,74.33,73.71,73.9,79772.549,2026-06-22T08:59:59.999000+00:00,5904597.21563,31078
2026-06-22T09:00:00+00:00,73.89,74.03,73.57,73.8,61836.585,2026-06-22T09:59:59.999000+00:00,4563663.11224,24585
2026-06-22T10:00:00+00:00,73.79,74.01,73.6,73.78,50650.13,2026-06-22T10:59:59.999000+00:00,3737060.67769,16588
2026-06-22T11:00:00+00:00,73.77,74.44,73.64,74.17,250333.205,2026-06-22T11:59:59.999000+00:00,18542913.87471,51675
2026-06-22T12:00:00+00:00,74.18,74.56,74.0,74.41,173681.723,2026-06-22T12:59:59.999000+00:00,12896960.65804,40941
2026-06-22T13:00:00+00:00,74.42,74.98,74.24,74.98,191736.843,2026-06-22T13:59:59.999000+00:00,14307517.95164,65944
2026-06-22T14:00:00+00:00,74.97,75.0,73.19,73.44,221209.13,2026-06-22T14:59:59.999000+00:00,16342684.05809,72443
2026-06-22T15:00:00+00:00,73.45,73.8,72.98,73.14,132069.817,2026-06-22T15:59:59.999000+00:00,9697962.99755,59214
2026-06-22T16:00:00+00:00,73.15,73.21,72.55,72.95,126835.764,2026-06-22T16:59:59.999000+00:00,9235770.71799,49184
2026-06-22T17:00:00+00:00,72.95,73.34,72.63,73.28,59765.784,2026-06-22T17:59:59.999000+00:00,4361309.4799,28796
2026-06-22T18:00:00+00:00,73.28,73.57,72.58,72.64,104171.034,2026-06-22T18:59:59.999000+00:00,7614344.27988,30147
2026-06-22T19:00:00+00:00,72.64,72.81,72.45,72.71,86356.895,2026-06-22T19:59:59.999000+00:00,6273749.36386,28052
2026-06-22T20:00:00+00:00,72.71,72.97,72.49,72.83,40056.151,2026-06-22T20:59:59.999000+00:00,2914478.36235,14626
2026-06-22T21:00:00+00:00,72.82,72.89,72.28,72.73,47245.83,2026-06-22T21:59:59.999000+00:00,3429135.5228,17701
2026-06-22T22:00:00+00:00,72.74,72.96,71.37,72.11,134404.111,2026-06-22T22:59:59.999000+00:00,9663634.2016,55801
2026-06-22T23:00:00+00:00,72.11,72.17,71.82,71.95,40140.39,2026-06-22T23:59:59.999000+00:00,2890878.74828,20590
2026-06-23T00:00:00+00:00,71.95,72.01,71.46,71.88,69273.443,2026-06-23T00:59:59.999000+00:00,4969134.51671,33748
2026-06-23T01:00:00+00:00,71.89,72.04,71.31,71.72,66120.409,2026-06-23T01:59:59.999000+00:00,4743447.98781,32179
2026-06-23T02:00:00+00:00,71.71,72.06,71.54,72.0,58271.013,2026-06-23T02:59:59.999000+00:00,4189126.84309,24310
2026-06-23T03:00:00+00:00,71.99,72.01,71.73,72.0,43972.128,2026-06-23T03:59:59.999000+00:00,3159207.49914,19792
2026-06-23T04:00:00+00:00,71.99,72.03,71.37,71.45,50400.276,2026-06-23T04:59:59.999000+00:00,3615236.66914,21778
2026-06-23T05:00:00+00:00,71.46,71.6,70.9,71.02,81827.004,2026-06-23T05:59:59.999000+00:00,5825835.98887,40947
2026-06-23T06:00:00+00:00,71.03,71.07,69.68,70.33,226879.089,2026-06-23T06:59:59.999000+00:00,15931639.41296,83417
2026-06-23T07:00:00+00:00,70.33,70.56,69.97,70.01,147921.654,2026-06-23T07:59:59.999000+00:00,10403974.12433,31219
2026-06-23T08:00:00+00:00,70.01,70.11,68.16,68.7,354240.759,2026-06-23T08:59:59.999000+00:00,24417684.71873,113489
2026-06-23T09:00:00+00:00,68.71,69.06,68.68,68.93,115063.175,2026-06-23T09:59:59.999000+00:00,7926943.98171,26690
2026-06-23T10:00:00+00:00,68.93,69.22,68.61,68.82,66289.858,2026-06-23T10:59:59.999000+00:00,4565764.36944,21902
2026-06-23T11:00:00+00:00,68.82,69.38,68.82,69.33,88613.203,2026-06-23T11:59:59.999000+00:00,6126414.05246,27889
2026-06-23T12:00:00+00:00,69.33,69.38,68.87,68.98,76392.781,2026-06-23T12:59:59.999000+00:00,5280524.39703,25296
2026-06-23T13:00:00+00:00,68.98,69.37,68.64,69.2,147090.516,2026-06-23T13:59:59.999000+00:00,10151123.07022,68753
2026-06-23T14:00:00+00:00,69.2,69.68,69.06,69.2,120384.98,2026-06-23T14:59:59.999000+00:00,8347699.01299,64778
2026-06-23T15:00:00+00:00,69.2,69.2,68.4,68.92,87673.904,2026-06-23T15:59:59.999000+00:00,6028126.50902,44373
2026-06-23T16:00:00+00:00,68.93,69.41,68.81,68.9,97343.659,2026-06-23T16:59:59.999000+00:00,6727020.52424,39763
2026-06-23T17:00:00+00:00,68.89,69.19,68.64,68.78,37570.846,2026-06-23T17:59:59.999000+00:00,2588125.05384,26811
2026-06-23T18:00:00+00:00,68.78,69.05,68.69,68.91,43917.128,2026-06-23T18:59:59.999000+00:00,3024471.10154,26969
2026-06-23T19:00:00+00:00,68.9,69.11,68.73,68.84,48268.352,2026-06-23T19:59:59.999000+00:00,3325864.8901,27691
2026-06-23T20:00:00+00:00,68.84,69.06,68.83,69.01,33350.563,2026-06-23T20:59:59.999000+00:00,2300354.35055,14657
2026-06-23T21:00:00+00:00,69.02,69.31,68.97,69.27,44272.529,2026-06-23T21:59:59.999000+00:00,3063217.20883,14144
2026-06-23T22:00:00+00:00,69.27,69.84,69.26,69.56,58575.578,2026-06-23T22:59:59.999000+00:00,4073502.40396,23945
2026-06-23T23:00:00+00:00,69.56,69.82,69.31,69.71,38806.438,2026-06-23T23:59:59.999000+00:00,2698915.55594,21760
2026-06-24T00:00:00+00:00,69.7,70.14,69.59,69.99,62322.349,2026-06-24T00:59:59.999000+00:00,4357942.49927,31388
2026-06-24T01:00:00+00:00,70.0,70.41,69.67,70.09,80642.47,2026-06-24T01:59:59.999000+00:00,5653709.29805,31944
2026-06-24T02:00:00+00:00,70.09,70.15,69.43,69.46,71586.522,2026-06-24T02:59:59.999000+00:00,4995904.03567,26978
2026-06-24T03:00:00+00:00,69.46,69.77,69.1,69.56,49187.914,2026-06-24T03:59:59.999000+00:00,3417436.23781,20462
2026-06-24T04:00:00+00:00,69.57,69.7,69.0,69.58,52609.006,2026-06-24T04:59:59.999000+00:00,3650993.12592,23853
2026-06-24T05:00:00+00:00,69.59,70.22,69.52,69.95,69893.074,2026-06-24T05:59:59.999000+00:00,4886819.52776,25810
2026-06-24T06:00:00+00:00,69.95,70.04,69.7,69.75,63506.548,2026-06-24T06:59:59.999000+00:00,4438069.10939,20839
2026-06-24T07:00:00+00:00,69.75,69.79,69.28,69.38,65877.757,2026-06-24T07:59:59.999000+00:00,4581744.04534,25033
2026-06-24T08:00:00+00:00,69.38,69.63,69.25,69.48,62541.362,2026-06-24T08:59:59.999000+00:00,4341494.14582,18987
2026-06-24T09:00:00+00:00,69.48,69.55,69.2,69.31,97596.397,2026-06-24T09:59:59.999000+00:00,6771258.72216,32519
2026-06-24T10:00:00+00:00,69.31,69.35,68.96,69.05,63646.967,2026-06-24T10:59:59.999000+00:00,4399611.92704,22277
2026-06-24T11:00:00+00:00,69.05,70.44,68.77,69.82,116152.287,2026-06-24T11:59:59.999000+00:00,8064962.38087,40704
2026-06-24T12:00:00+00:00,69.82,69.93,69.41,69.46,64524.267,2026-06-24T12:59:59.999000+00:00,4498800.06816,32864
2026-06-24T13:00:00+00:00,69.46,69.5,68.37,68.88,250377.265,2026-06-24T13:59:59.999000+00:00,17250815.79498,109572
2026-06-24T14:00:00+00:00,68.87,69.43,68.59,68.85,174917.477,2026-06-24T14:59:59.999000+00:00,12061219.24758,83520
2026-06-24T15:00:00+00:00,68.86,68.9,67.24,67.33,178449.337,2026-06-24T15:59:59.999000+00:00,12123065.61448,90273
2026-06-24T16:00:00+00:00,67.32,68.03,66.28,66.52,568454.036,2026-06-24T16:59:59.999000+00:00,38220136.85391,128051
2026-06-24T17:00:00+00:00,66.52,66.92,64.71,64.98,409632.055,2026-06-24T17:59:59.999000+00:00,26843640.98749,145434
2026-06-24T18:00:00+00:00,64.98,66.5,64.83,66.03,231997.633,2026-06-24T18:59:59.999000+00:00,15273705.90443,102991
2026-06-24T19:00:00+00:00,66.04,66.39,65.54,66.13,128029.456,2026-06-24T19:59:59.999000+00:00,8438991.74185,60819
2026-06-24T20:00:00+00:00,66.13,68.01,65.98,67.68,270507.541,2026-06-24T20:59:59.999000+00:00,18217954.56971,97462
2026-06-24T21:00:00+00:00,67.69,68.12,67.22,68.09,123508.194,2026-06-24T21:59:59.999000+00:00,8346915.86765,37610
2026-06-24T22:00:00+00:00,68.08,68.55,67.69,67.83,69717.518,2026-06-24T22:59:59.999000+00:00,4744577.05506,37182
2026-06-24T23:00:00+00:00,67.84,68.2,67.76,68.11,42990.097,2026-06-24T23:59:59.999000+00:00,2923746.66796,20480
2026-06-25T00:00:00+00:00,68.12,68.32,67.57,67.72,61805.237,2026-06-25T00:59:59.999000+00:00,4198626.44387,29885
2026-06-25T01:00:00+00:00,67.72,68.01,67.4,67.89,75604.252,2026-06-25T01:59:59.999000+00:00,5118015.63905,24107
2026-06-25T02:00:00+00:00,67.89,67.94,67.61,67.74,35486.972,2026-06-25T02:59:59.999000+00:00,2405022.72328,16722
2026-06-25T03:00:00+00:00,67.75,67.87,67.47,67.7,60280.93,2026-06-25T03:59:59.999000+00:00,4076811.06497,17416
2026-06-25T04:00:00+00:00,67.7,68.51,67.5,68.46,83359.396,2026-06-25T04:59:59.999000+00:00,5672787.85068,21948
2026-06-25T05:00:00+00:00,68.47,69.31,68.35,69.04,193552.002,2026-06-25T05:59:59.999000+00:00,13349312.21256,55471
2026-06-25T06:00:00+00:00,69.03,69.66,69.01,69.47,132524.603,2026-06-25T06:59:59.999000+00:00,9188375.69377,38415
2026-06-25T07:00:00+00:00,69.48,69.58,69.24,69.45,90052.657,2026-06-25T07:59:59.999000+00:00,6249212.30117,30177
2026-06-25T08:00:00+00:00,69.44,69.45,68.99,69.05,82641.573,2026-06-25T08:59:59.999000+00:00,5713990.89901,20266
2026-06-25T09:00:00+00:00,69.06,69.19,68.8,68.83,47562.621,2026-06-25T09:59:59.999000+00:00,3280145.58264,18285
2026-06-25T10:00:00+00:00,68.83,68.88,68.13,68.29,97123.555,2026-06-25T10:59:59.999000+00:00,6653629.53192,21065
2026-06-25T11:00:00+00:00,68.3,68.44,68.0,68.18,102663.847,2026-06-25T11:59:59.999000+00:00,7001086.36243,27309
2026-06-25T12:00:00+00:00,68.18,68.92,67.79,68.29,167650.431,2026-06-25T12:59:59.999000+00:00,11464584.28708,56835
2026-06-25T13:00:00+00:00,68.29,68.45,64.04,64.23,570872.698,2026-06-25T13:59:59.999000+00:00,37787864.12052,193196
2026-06-25T14:00:00+00:00,64.23,67.24,64.23,66.36,606207.423,2026-06-25T14:59:59.999000+00:00,39931999.35575,269946
2026-06-25T15:00:00+00:00,66.37,66.39,65.24,66.32,224938.704,2026-06-25T15:59:59.999000+00:00,14816950.89236,89737
2026-06-25T16:00:00+00:00,66.32,67.05,65.65,65.98,183517.994,2026-06-25T16:59:59.999000+00:00,12149713.71181,78153
