open_time,open,high,low,close,volume,close_time,quote_volume,trades
2026-01-10T04:00:00+00:00,90626.15,90682.7,90408.23,90678.5,491.62648,2026-01-10T07:59:59.999000+00:00,44519778.6610781,128891
2026-01-10T08:00:00+00:00,90678.5,90832.0,90618.28,90723.86,647.39632,2026-01-10T11:59:59.999000+00:00,58733899.4249501,150291
2026-01-10T12:00:00+00:00,90723.87,90788.78,90538.46,90665.75,414.48163,2026-01-10T15:59:59.999000+00:00,37576099.8211168,122126
2026-01-10T16:00:00+00:00,90665.76,90746.0,90504.55,90626.54,530.14761,2026-01-10T19:59:59.999000+00:00,48045037.4675609,93917
2026-01-10T20:00:00+00:00,90626.54,90659.03,90404.0,90504.7,491.4755,2026-01-10T23:59:59.999000+00:00,44493403.9966902,131751
2026-01-11T00:00:00+00:00,90504.7,90737.95,90451.1,90733.5,463.88039,2026-01-11T03:59:59.999000+00:00,42051077.8909056,124999
2026-01-11T04:00:00+00:00,90733.49,90850.0,90585.34,90710.79,546.84342,2026-01-11T07:59:59.999000+00:00,49620691.8973478,110833
2026-01-11T08:00:00+00:00,90710.8,90816.0,90610.27,90754.99,694.37617,2026-01-11T11:59:59.999000+00:00,63005915.2324175,134305
2026-01-11T12:00:00+00:00,90754.99,91191.5,90708.25,90875.79,1144.02813,2026-01-11T15:59:59.999000+00:00,104038227.4027365,250909
2026-01-11T16:00:00+00:00,90875.79,91283.89,90673.3,90690.8,961.40735,2026-01-11T19:59:59.999000+00:00,87473936.3307343,232990
2026-01-11T20:00:00+00:00,90690.81,91041.79,90236.0,91013.65,1666.60048,2026-01-11T23:59:59.999000+00:00,151056015.1778082,427993
2026-01-12T00:00:00+00:00,91013.66,92519.95,90700.29,91808.12,3786.46912,2026-01-12T03:59:59.999000+00:00,347253069.6496484,953179
2026-01-12T04:00:00+00:00,91808.12,92290.81,91381.36,91408.09,1706.23351,2026-01-12T07:59:59.999000+00:00,156828888.7569121,373934
2026-01-12T08:00:00+00:00,91408.09,91630.13,90370.0,90620.96,2761.14204,2026-01-12T11:59:59.999000+00:00,250751817.4697381,581046
2026-01-12T12:00:00+00:00,90620.95,91665.0,90128.44,91665.0,2904.06995,2026-01-12T15:59:59.999000+00:00,263929473.5737071,877382
2026-01-12T16:00:00+00:00,91664.99,92332.0,91000.53,91861.27,3629.97324,2026-01-12T19:59:59.999000+00:00,333268940.8490825,928463
2026-01-12T20:00:00+00:00,91861.27,92046.23,90938.2,91296.2,1400.19482,2026-01-12T23:59:59.999000+00:00,127932671.9702182,385505
2026-01-13T00:00:00+00:00,91296.2,91546.08,91042.66,91408.91,1312.52459,2026-01-13T03:59:59.999000+00:00,119841692.4564612,325189
2026-01-13T04:00:00+00:00,91408.9,92275.38,91350.71,91942.0,2568.59009,2026-01-13T07:59:59.999000+00:00,236174198.0768592,445438
2026-01-13T08:00:00+00:00,91941.99,92672.11,91924.27,92000.74,2545.21662,2026-01-13T11:59:59.999000+00:00,234776011.9427941,473767
2026-01-13T12:00:00+00:00,92000.73,93450.0,91787.61,93449.99,4336.89557,2026-01-13T15:59:59.999000+00:00,401086823.4086086,1170196
2026-01-13T16:00:00+00:00,93449.99,94231.82,93078.31,94226.84,4752.59807,2026-01-13T19:59:59.999000+00:00,444758231.025622,1286109
2026-01-13T20:00:00+00:00,94226.85,96495.0,94062.0,95414.0,7505.68988,2026-01-13T23:59:59.999000+00:00,713133844.2073587,1324372
2026-01-14T00:00:00+00:00,95413.99,95722.01,95116.03,95720.99,2381.89992,2026-01-14T03:59:59.999000+00:00,227239900.7223417,643513
2026-01-14T04:00:00+00:00,95720.99,95799.22,94559.28,95205.1,2873.6342,2026-01-14T07:59:59.999000+00:00,273149042.5766023,575454
2026-01-14T08:00:00+00:00,95205.11,95315.15,94737.95,94792.99,1756.03488,2026-01-14T11:59:59.999000+00:00,166885522.1556041,475107
2026-01-14T12:00:00+00:00,94793.0,97084.68,94680.67,96764.57,6031.62524,2026-01-14T15:59:59.999000+00:00,580345459.9314647,1435939
2026-01-14T16:00:00+00:00,96764.57,97777.0,96246.56,97267.42,6680.63165,2026-01-14T19:59:59.999000+00:00,649361297.855257,1470063
2026-01-14T20:00:00+00:00,97267.42,97924.49,96772.02,96951.78,3128.06839,2026-01-14T23:59:59.999000+00:00,304554598.4073449,746136
2026-01-15T00:00:00+00:00,96951.78,97000.0,95777.0,95985.1,2821.68199,2026-01-15T03:59:59.999000+00:00,272054276.5747434,584806
2026-01-15T04:00:00+00:00,95985.11,96760.15,95952.89,96630.48,2056.29256,2026-01-15T07:59:59.999000+00:00,198178492.146447,462877
2026-01-15T08:00:00+00:00,96630.47,97193.34,96289.98,96581.08,2793.34386,2026-01-15T11:59:59.999000+00:00,270237014.4926607,512597
2026-01-15T12:00:00+00:00,96581.07,97165.03,95435.91,96737.04,4818.18164,2026-01-15T15:59:59.999000+00:00,463879280.8432028,1230231
2026-01-15T16:00:00+00:00,96737.04,97163.0,95183.13,95516.01,7868.89039,2026-01-15T19:59:59.999000+00:00,758114914.4935715,1239335
2026-01-15T20:00:00+00:00,95516.01,95871.0,95134.48,95604.8,1367.42325,2026-01-15T23:59:59.999000+00:00,130544204.2931082,463249
2026-01-16T00:00:00+00:00,95604.81,95855.12,95321.58,95354.69,1207.1411,2026-01-16T03:59:59.999000+00:00,115378279.7006572,362766
2026-01-16T04:00:00+00:00,95354.69,95816.83,95133.03,95653.16,2294.926,2026-01-16T07:59:59.999000+00:00,219083322.7890941,358241
2026-01-16T08:00:00+00:00,95653.16,95871.47,95261.43,95429.09,1614.38797,2026-01-16T11:59:59.999000+00:00,154250645.183386,288509
2026-01-16T12:00:00+00:00,95429.09,95809.08,94293.46,94585.98,3014.1328,2026-01-16T15:59:59.999000+00:00,286570081.0735824,926894
2026-01-16T16:00:00+00:00,94585.99,95215.74,94508.0,95002.09,1854.59442,2026-01-16T19:59:59.999000+00:00,175975525.5332734,628508
2026-01-16T20:00:00+00:00,95002.09,95600.0,94682.0,95550.94,1182.53231,2026-01-16T23:59:59.999000+00:00,112761553.7972583,406641
2026-01-17T00:00:00+00:00,95550.94,95578.2,95200.0,95372.95,520.98136,2026-01-17T03:59:59.999000+00:00,49695618.6579246,153215
2026-01-17T04:00:00+00:00,95372.94,95373.64,95041.7,95101.67,558.53587,2026-01-17T07:59:59.999000+00:00,53193870.7371647,148515
2026-01-17T08:00:00+00:00,95101.67,95323.86,95021.67,95323.86,614.83515,2026-01-17T11:59:59.999000+00:00,58543264.6839111,157393
2026-01-17T12:00:00+00:00,95323.85,95639.45,95198.81,95573.64,1450.99515,2026-01-17T15:59:59.999000+00:00,138504947.1210961,240499
2026-01-17T16:00:00+00:00,95573.65,95576.14,95212.25,95291.38,636.49063,2026-01-17T19:59:59.999000+00:00,60710385.0233725,164857
2026-01-17T20:00:00+00:00,95291.37,95412.86,95050.0,95147.77,498.96321,2026-01-17T23:59:59.999000+00:00,47513855.4484389,156048
2026-01-18T00:00:00+00:00,95147.77,95250.0,94876.33,95200.29,721.03445,2026-01-18T03:59:59.999000+00:00,68534005.3790473,216444
2026-01-18T04:00:00+00:00,95200.29,95260.0,95028.27,95028.27,705.29271,2026-01-18T07:59:59.999000+00:00,67090007.5607823,141153
2026-01-18T08:00:00+00:00,95028.27,95295.39,95021.44,95168.06,960.00602,2026-01-18T11:59:59.999000+00:00,91353052.4395281,156208
2026-01-18T12:00:00+00:00,95168.06,95376.24,94910.0,95119.28,1177.17902,2026-01-18T15:59:59.999000+00:00,111962283.8024563,232386
2026-01-18T16:00:00+00:00,95119.27,95521.71,95073.02,95380.99,921.46243,2026-01-18T19:59:59.999000+00:00,87865233.9668337,235135
2026-01-18T20:00:00+00:00,95380.99,95531.12,93615.4,93673.14,2410.20356,2026-01-18T23:59:59.999000+00:00,227969160.1190641,507459
2026-01-19T00:00:00+00:00,93673.14,93673.14,91910.2,92690.09,6141.54249,2026-01-19T03:59:59.999000+00:00,569182623.9156358,1190855
2026-01-19T04:00:00+00:00,92690.08,92861.41,92385.07,92841.62,1712.23708,2026-01-19T07:59:59.999000+00:00,158602697.5472185,328667
2026-01-19T08:00:00+00:00,92841.62,93368.44,92702.56,93191.96,1908.98628,2026-01-19T11:59:59.999000+00:00,177660733.405242,432648
2026-01-19T12:00:00+00:00,93191.96,93226.44,92700.0,93068.62,1798.82427,2026-01-19T15:59:59.999000+00:00,167274782.3435379,493053
2026-01-19T16:00:00+00:00,93068.62,93420.0,92930.0,93105.85,1153.18382,2026-01-19T19:59:59.999000+00:00,107439280.6556886,373206
2026-01-19T20:00:00+00:00,93105.85,93342.36,92158.48,92631.0,1580.75353,2026-01-19T23:59:59.999000+00:00,146610218.1817242,540637
2026-01-20T00:00:00+00:00,92630.99,92870.0,92264.7,92434.92,1260.14088,2026-01-20T03:59:59.999000+00:00,116657929.2894801,496044
2026-01-20T04:00:00+00:00,92434.93,92470.37,90771.78,91177.98,4648.13308,2026-01-20T07:59:59.999000+00:00,424720877.6339111,1101555
2026-01-20T08:00:00+00:00,91177.99,91442.88,90693.0,91218.99,2254.1302,2026-01-20T11:59:59.999000+00:00,205329533.2313666,671094
2026-01-20T12:00:00+00:00,91218.99,91371.11,89859.06,90684.95,5038.30665,2026-01-20T15:59:59.999000+00:00,456669956.357148,1454038
2026-01-20T16:00:00+00:00,90684.95,90974.49,89292.48,89725.76,4114.75823,2026-01-20T19:59:59.999000+00:00,369945918.6934964,1306074
2026-01-20T20:00:00+00:00,89725.77,89854.2,87895.98,88427.66,4691.85706,2026-01-20T23:59:59.999000+00:00,416352453.3887761,1035226
2026-01-21T00:00:00+00:00,88427.66,89598.8,88250.0,89432.33,2980.55061,2026-01-21T03:59:59.999000+00:00,265236836.1142676,649549
2026-01-21T04:00:00+00:00,89432.33,90120.44,89093.28,89213.95,2049.62852,2026-01-21T07:59:59.999000+00:00,183603104.5062017,432630
2026-01-21T08:00:00+00:00,89213.96,89493.46,88700.0,88789.99,2010.929,2026-01-21T11:59:59.999000+00:00,179332525.5243247,561074
2026-01-21T12:00:00+00:00,88789.99,90574.0,88196.72,90288.04,4684.20136,2026-01-21T15:59:59.999000+00:00,418220303.6746183,1648678
2026-01-21T16:00:00+00:00,90288.04,90450.0,87263.53,90355.56,6425.20187,2026-01-21T19:59:59.999000+00:00,569364367.9891859,2360969
2026-01-21T20:00:00+00:00,90355.56,90377.0,89344.98,89454.73,2466.99236,2026-01-21T23:59:59.999000+00:00,221950977.5511051,766153
2026-01-22T00:00:00+00:00,89454.73,90359.99,89454.72,89899.51,1561.80923,2026-01-22T03:59:59.999000+00:00,140523160.2829743,525248
2026-01-22T04:00:00+00:00,89899.51,90215.79,89802.0,89818.79,1213.67268,2026-01-22T07:59:59.999000+00:00,109225185.68313,329803
2026-01-22T08:00:00+00:00,89818.79,90150.0,89760.0,89941.26,1125.90639,2026-01-22T11:59:59.999000+00:00,101314930.1144683,348223
2026-01-22T12:00:00+00:00,89941.26,90340.0,88515.37,89000.01,3512.25665,2026-01-22T15:59:59.999000+00:00,313969200.3952485,1168941
2026-01-22T16:00:00+00:00,89000.0,89924.46,88676.95,89777.9,2304.40726,2026-01-22T19:59:59.999000+00:00,205774601.1633822,969034
2026-01-22T20:00:00+00:00,89777.89,89946.13,89140.13,89559.67,1107.45271,2026-01-22T23:59:59.999000+00:00,99103545.7167853,402163
2026-01-23T00:00:00+00:00,89559.68,89979.97,89450.48,89924.78,1144.14106,2026-01-23T03:59:59.999000+00:00,102694677.2356154,371194
2026-01-23T04:00:00+00:00,89924.78,90088.94,89400.0,89549.45,1729.71757,2026-01-23T07:59:59.999000+00:00,155175753.319069,560274
2026-01-23T08:00:00+00:00,89549.45,89632.18,88860.44,89202.48,1992.68771,2026-01-23T11:59:59.999000+00:00,177711327.2180448,580165
2026-01-23T12:00:00+00:00,89202.47,89865.53,88578.36,89761.61,2836.93325,2026-01-23T15:59:59.999000+00:00,253071200.3215104,1075371
2026-01-23T16:00:00+00:00,89761.61,91224.99,89489.0,89982.79,4430.77605,2026-01-23T19:59:59.999000+00:00,400289384.5526843,1410872
2026-01-23T20:00:00+00:00,89982.79,90156.06,89200.68,89600.26,1784.23355,2026-01-23T23:59:59.999000+00:00,159829923.0319191,622031
2026-01-24T00:00:00+00:00,89600.26,89957.39,89424.39,89770.02,760.9766,2026-01-24T03:59:59.999000+00:00,68253051.2964822,227811
2026-01-24T04:00:00+00:00,89770.03,89853.38,89572.81,89620.1,954.94709,2026-01-24T07:59:59.999000+00:00,85657544.750093,144923
2026-01-24T08:00:00+00:00,89620.11,89686.43,89577.97,89595.4,513.59579,2026-01-24T11:59:59.999000+00:00,46029985.1733966,107093
2026-01-24T12:00:00+00:00,89595.41,89595.41,89171.75,89275.77,1016.91516,2026-01-24T15:59:59.999000+00:00,90964710.8890066,193981
2026-01-24T16:00:00+00:00,89275.77,89461.4,89162.08,89331.36,560.08706,2026-01-24T19:59:59.999000+00:00,50024095.7147351,152909
2026-01-24T20:00:00+00:00,89331.36,89489.84,89215.59,89225.34,420.04567,2026-01-24T23:59:59.999000+00:00,37534758.2681677,133137
2026-01-25T00:00:00+00:00,89225.34,89319.13,88838.72,88960.35,949.82753,2026-01-25T03:59:59.999000+00:00,84609577.7783958,215983
2026-01-25T04:00:00+00:00,88960.36,89090.13,88635.84,88659.99,1365.03813,2026-01-25T07:59:59.999000+00:00,121300375.6268614,241931
2026-01-25T08:00:00+00:00,88659.99,88760.0,88136.0,88570.17,1276.76207,2026-01-25T11:59:59.999000+00:00,112976354.3860253,361476
2026-01-25T12:00:00+00:00,88570.17,88971.89,88340.75,88446.5,1271.25718,2026-01-25T15:59:59.999000+00:00,112761097.715065,370622
2026-01-25T16:00:00+00:00,88446.51,88448.85,86194.85,86495.16,6164.82689,2026-01-25T19:59:59.999000+00:00,538608130.7562971,1495854
2026-01-25T20:00:00+00:00,86495.17,87013.79,86074.72,86670.36,3398.50839,2026-01-25T23:59:59.999000+00:00,293978153.5789364,1034312
2026-01-26T00:00:00+00:00,86670.36,87973.11,86509.63,87282.05,4005.56746,2026-01-26T03:59:59.999000+00:00,350123125.1282487,1022875
2026-01-26T04:00:00+00:00,87282.04,88074.48,87244.27,88000.64,3558.66159,2026-01-26T07:59:59.999000+00:00,312484747.2534555,643626
2026-01-26T08:00:00+00:00,88000.64,88424.45,87600.69,87855.0,1820.3712,2026-01-26T11:59:59.999000+00:00,160098631.2345044,461359
2026-01-26T12:00:00+00:00,87855.01,88860.0,87325.03,87641.41,4437.30175,2026-01-26T15:59:59.999000+00:00,390623196.4156781,1204757
2026-01-26T16:00:00+00:00,87641.41,88537.95,87035.51,88013.19,2334.22752,2026-01-26T19:59:59.999000+00:00,204958111.6012256,1022910
2026-01-26T20:00:00+00:00,88013.19,88659.09,87542.05,88347.08,1610.38501,2026-01-26T23:59:59.999000+00:00,141847947.3561025,442556
2026-01-27T00:00:00+00:00,88347.08,88898.0,88194.82,88788.0,1649.23753,2026-01-27T03:59:59.999000+00:00,146115546.388287,392884
2026-01-27T04:00:00+00:00,88787.99,89010.0,88278.03,88320.41,1448.31937,2026-01-27T07:59:59.999000+00:00,128262293.6450252,326245
2026-01-27T08:00:00+00:00,88320.41,88397.85,87743.52,87992.74,1462.63908,2026-01-27T11:59:59.999000+00:00,128741689.5772967,339090
2026-01-27T12:00:00+00:00,87992.74,88474.23,87578.67,88047.46,2499.9435,2026-01-27T15:59:59.999000+00:00,219898114.5257576,876100
2026-01-27T16:00:00+00:00,88047.46,88819.89,87304.33,88408.77,3647.91175,2026-01-27T19:59:59.999000+00:00,321389992.0709454,1229055
2026-01-27T20:00:00+00:00,88408.78,89523.16,88373.49,89250.0,2417.35302,2026-01-27T23:59:59.999000+00:00,215619217.3821913,623962
2026-01-28T00:00:00+00:00,89249.99,89497.96,88985.0,89126.67,1094.38637,2026-01-28T03:59:59.999000+00:00,97673536.0569012,373642
2026-01-28T04:00:00+00:00,89126.68,89400.0,88840.0,89134.35,1349.92307,2026-01-28T07:59:59.999000+00:00,120297987.1417755,343691
2026-01-28T08:00:00+00:00,89134.35,90156.72,88833.65,90080.0,2787.07391,2026-01-28T11:59:59.999000+00:00,249307731.5313905,601247
2026-01-28T12:00:00+00:00,90079.99,90488.0,88904.61,89479.66,4428.88675,2026-01-28T15:59:59.999000+00:00,398176089.5722893,1243012
2026-01-28T16:00:00+00:00,89479.66,90600.0,89006.36,89402.58,3310.08413,2026-01-28T19:59:59.999000+00:00,296806111.9054422,1241762
2026-01-28T20:00:00+00:00,89402.57,89896.0,88878.01,89299.99,1361.83079,2026-01-28T23:59:59.999000+00:00,121658384.6436731,582437
2026-01-29T00:00:00+00:00,89300.0,89348.0,87704.0,88053.71,2923.10988,2026-01-29T03:59:59.999000+00:00,258458116.2063293,841576
2026-01-29T04:00:00+00:00,88053.71,88430.05,87901.23,88352.97,1476.91111,2026-01-29T07:59:59.999000+00:00,130352487.2188047,319940
2026-01-29T08:00:00+00:00,88352.96,88500.0,87750.01,87846.5,2299.04104,2026-01-29T11:59:59.999000+00:00,202350368.0748139,375181
2026-01-29T12:00:00+00:00,87846.5,88182.29,84366.56,84934.02,10107.55386,2026-01-29T15:59:59.999000+00:00,868554873.9865234,1467093
2026-01-29T16:00:00+00:00,84934.02,85638.3,83383.33,84012.11,10787.89043,2026-01-29T19:59:59.999000+00:00,911383998.6871414,1943012
2026-01-29T20:00:00+00:00,84012.11,84737.69,83824.9,84650.16,2836.87569,2026-01-29T23:59:59.999000+00:00,239281743.7363908,651947
2026-01-30T00:00:00+00:00,84650.16,84735.75,81118.0,82676.43,12245.12313,2026-01-30T03:59:59.999000+00:00,1009027615.836988,1870415
2026-01-30T04:00:00+00:00,82676.42,83332.2,82056.08,82816.98,4789.41822,2026-01-30T07:59:59.999000+00:00,396711858.0460145,878254
2026-01-30T08:00:00+00:00,82816.98,83314.85,82160.0,83151.36,3255.07609,2026-01-30T11:59:59.999000+00:00,269004440.0688526,887515
2026-01-30T12:00:00+00:00,83151.36,83797.99,82382.01,82883.94,4751.88055,2026-01-30T15:59:59.999000+00:00,394682897.0529472,1726639
2026-01-30T16:00:00+00:00,82882.84,84621.16,81871.37,84242.99,6116.25601,2026-01-30T19:59:59.999000+00:00,509866885.2613238,2472068
2026-01-30T20:00:00+00:00,84243.0,84523.11,83539.2,84260.49,4038.09393,2026-01-30T23:59:59.999000+00:00,339330370.2157059,1163938
2026-01-31T00:00:00+00:00,84260.5,84270.02,83815.02,84022.69,1727.33956,2026-01-31T03:59:59.999000+00:00,145238921.8162055,389593
2026-01-31T04:00:00+00:00,84022.7,84146.22,83404.67,83546.81,1349.94572,2026-01-31T07:59:59.999000+00:00,113129394.9034143,330990
2026-01-31T08:00:00+00:00,83546.82,83629.08,82560.75,83020.0,2408.78889,2026-01-31T11:59:59.999000+00:00,200082196.5366967,720307
2026-01-31T12:00:00+00:00,83020.0,83140.0,80825.76,81302.15,6811.82932,2026-01-31T15:59:59.999000+00:00,556391001.7888056,1469375
2026-01-31T16:00:00+00:00,81302.16,82200.0,75719.9,77750.01,22029.61555,2026-01-31T19:59:59.999000+00:00,1737008005.1952648,3049577
2026-01-31T20:00:00+00:00,77750.01,79240.0,77092.34,78741.09,5164.37229,2026-01-31T23:59:59.999000+00:00,403414573.3826571,1425134
2026-02-01T00:00:00+00:00,78741.1,79424.0,78284.0,78868.28,4258.38184,2026-02-01T03:59:59.999000+00:00,335705316.0150468,1297030
2026-02-01T04:00:00+00:00,78868.29,79119.3,77967.69,78343.0,2563.1542,2026-02-01T07:59:59.999000+00:00,201446289.0075807,844039
2026-02-01T08:00:00+00:00,78343.0,79220.72,78148.1,78743.56,2450.30839,2026-02-01T11:59:59.999000+00:00,192733533.1896487,944371
2026-02-01T12:00:00+00:00,78743.57,78768.68,76761.98,77593.4,4807.63006,2026-02-01T15:59:59.999000+00:00,373985194.7110624,1690995
2026-02-01T16:00:00+00:00,77593.4,78443.1,77000.01,77174.78,2883.53084,2026-02-01T19:59:59.999000+00:00,223871713.2638358,1408260
2026-02-01T20:00:00+00:00,77174.77,77779.63,75700.0,76968.21,8432.47635,2026-02-01T23:59:59.999000+00:00,647178510.8602122,1817211
2026-02-02T00:00:00+00:00,76968.22,78231.26,74604.0,76292.98,11449.76567,2026-02-02T03:59:59.999000+00:00,871702405.1897113,2645338
2026-02-02T04:00:00+00:00,76292.98,76958.0,74911.14,76660.79,9568.39849,2026-02-02T07:59:59.999000+00:00,726240942.8691734,2202613
2026-02-02T08:00:00+00:00,76660.78,77970.62,76628.28,77759.99,5651.50758,2026-02-02T11:59:59.999000+00:00,437537180.679424,1357946
2026-02-02T12:00:00+00:00,77760.0,79360.0,77564.62,78850.06,7522.81805,2026-02-02T15:59:59.999000+00:00,589203781.7803552,2019514
2026-02-02T16:00:00+00:00,78850.06,79288.28,78283.27,78341.5,5462.07718,2026-02-02T19:59:59.999000+00:00,430453810.7566943,1196930
2026-02-02T20:00:00+00:00,78341.5,78962.78,77888.0,78738.61,2619.02319,2026-02-02T23:59:59.999000+00:00,205614323.1859714,663237
2026-02-03T00:00:00+00:00,78738.6,79186.81,77644.09,78753.32,4012.52848,2026-02-03T03:59:59.999000+00:00,315222030.4406513,1184338
2026-02-03T04:00:00+00:00,78753.32,78999.99,77950.0,78794.67,2886.84787,2026-02-03T07:59:59.999000+00:00,226835689.1736536,861943
2026-02-03T08:00:00+00:00,78794.67,79084.29,77950.0,78079.5,2794.97467,2026-02-03T11:59:59.999000+00:00,219219491.2244865,951934
2026-02-03T12:00:00+00:00,78079.5,78458.89,77055.54,78132.33,5543.61818,2026-02-03T15:59:59.999000+00:00,431840559.0602594,1788491
2026-02-03T16:00:00+00:00,78132.34,78134.53,72945.5,74935.0,18839.6377,2026-02-03T19:59:59.999000+00:00,1410579491.7584774,3077800
2026-02-03T20:00:00+00:00,74935.0,76960.0,74586.54,75770.21,5042.50199,2026-02-03T23:59:59.999000+00:00,383205746.9172636,1334939
2026-02-04T00:00:00+00:00,75770.21,76971.52,75467.22,76698.17,3573.68321,2026-02-04T03:59:59.999000+00:00,272738590.7676544,1118157
2026-02-04T04:00:00+00:00,76698.17,76830.69,76105.3,76514.3,2837.0505,2026-02-04T07:59:59.999000+00:00,217015006.3229754,705472
2026-02-04T08:00:00+00:00,76514.3,76607.69,75666.0,76017.25,2912.66082,2026-02-04T11:59:59.999000+00:00,221824460.4727163,905165
2026-02-04T12:00:00+00:00,76017.25,76260.85,73794.11,74136.36,8952.94529,2026-02-04T15:59:59.999000+00:00,671748276.9658481,2606399
2026-02-04T16:00:00+00:00,74136.48,74249.83,72169.0,73923.29,13944.22381,2026-02-04T19:59:59.999000+00:00,1020412779.4708772,3621129
2026-02-04T20:00:00+00:00,73923.3,74144.0,71888.0,73165.83,6154.79637,2026-02-04T23:59:59.999000+00:00,449095517.539075,1767680
2026-02-05T00:00:00+00:00,73165.84,73341.18,71152.78,71223.25,8356.43633,2026-02-05T03:59:59.999000+00:00,602690598.1643589,2690802
2026-02-05T04:00:00+00:00,71223.25,71622.82,70140.0,70756.85,13229.00492,2026-02-05T07:59:59.999000+00:00,937889720.2388573,2073704
2026-02-05T08:00:00+00:00,70756.86,71978.58,69922.0,70318.35,9382.74194,2026-02-05T11:59:59.999000+00:00,665219725.6740667,1454638
2026-02-05T12:00:00+00:00,70318.35,70872.04,66720.15,67489.07,25214.85527,2026-02-05T15:59:59.999000+00:00,1731421994.6907675,2967018
2026-02-05T16:00:00+00:00,67489.08,68681.81,65200.0,65265.65,21297.2321,2026-02-05T19:59:59.999000+00:00,1421929542.343858,2924988
2026-02-05T20:00:00+00:00,65265.66,65700.0,62345.0,62909.86,28818.55843,2026-02-05T23:59:59.999000+00:00,1839594013.168785,3252860
2026-02-06T00:00:00+00:00,62909.87,66010.0,60000.0,64168.33,28980.40325,2026-02-06T03:59:59.999000+00:00,1825125065.7150643,3736413
2026-02-06T04:00:00+00:00,64168.33,66826.5,63914.62,64856.0,13204.36329,2026-02-06T07:59:59.999000+00:00,862429162.554502,1922335
2026-02-06T08:00:00+00:00,64856.0,66755.13,64500.0,66631.32,9652.84585,2026-02-06T11:59:59.999000+00:00,633520566.3146394,1492849
2026-02-06T12:00:00+00:00,66631.32,69192.0,66114.49,68626.0,17606.82465,2026-02-06T15:59:59.999000+00:00,1191688651.3854425,2999294
2026-02-06T16:00:00+00:00,68625.99,71500.0,68428.19,70731.46,17283.69927,2026-02-06T19:59:59.999000+00:00,1210438927.9306433,2002331
2026-02-06T20:00:00+00:00,70731.45,71751.33,69837.35,70580.26,5811.079,2026-02-06T23:59:59.999000+00:00,410854296.7112138,1075306
2026-02-07T00:00:00+00:00,70580.26,70928.75,69718.0,70918.99,4687.77364,2026-02-07T03:59:59.999000+00:00,329436668.6384284,1139290
2026-02-07T04:00:00+00:00,70918.99,71690.07,67300.0,68087.14,13271.32166,2026-02-07T07:59:59.999000+00:00,918746524.7167246,1870659
2026-02-07T08:00:00+00:00,68087.13,68790.0,67582.48,67972.65,8689.01558,2026-02-07T11:59:59.999000+00:00,592443428.2597489,1141821
2026-02-07T12:00:00+00:00,67972.65,69999.99,67901.89,69151.5,9290.84055,2026-02-07T15:59:59.999000+00:00,641961528.7883201,1571055
2026-02-07T16:00:00+00:00,69151.5,69898.0,68531.5,69373.61,6393.31777,2026-02-07T19:59:59.999000+00:00,442987187.8249819,1052092
2026-02-07T20:00:00+00:00,69373.61,69728.83,68787.34,69289.38,1923.21116,2026-02-07T23:59:59.999000+00:00,133408540.8409485,392510
2026-02-08T00:00:00+00:00,69289.37,69696.57,68888.0,69099.99,2026.40929,2026-02-08T03:59:59.999000+00:00,140326686.7608756,636690
2026-02-08T04:00:00+00:00,69100.0,69719.07,68952.01,69710.69,2878.17149,2026-02-08T07:59:59.999000+00:00,199578554.510112,480034
2026-02-08T08:00:00+00:00,69710.69,71220.0,69514.15,70999.98,5309.31519,2026-02-08T11:59:59.999000+00:00,373686854.8141382,1139417
2026-02-08T12:00:00+00:00,70999.99,71554.95,70707.39,71188.99,3659.2176,2026-02-08T15:59:59.999000+00:00,260509753.907124,916243
2026-02-08T16:00:00+00:00,71188.99,71538.05,70251.33,71422.97,2720.17356,2026-02-08T19:59:59.999000+00:00,193021003.0587266,799162
2026-02-08T20:00:00+00:00,71422.96,72271.41,70000.0,70330.38,4827.24455,2026-02-08T23:59:59.999000+00:00,342880905.6018657,898903
2026-02-09T00:00:00+00:00,70330.38,71453.53,70068.18,71307.56,4021.31441,2026-02-09T03:59:59.999000+00:00,284095679.0574778,1221357
2026-02-09T04:00:00+00:00,71307.56,71359.37,70311.7,70422.59,2930.6054,2026-02-09T07:59:59.999000+00:00,207409154.6026833,751991
2026-02-09T08:00:00+00:00,70422.59,70608.83,68420.58,68928.72,6108.89766,2026-02-09T11:59:59.999000+00:00,423568798.5962026,1323380
2026-02-09T12:00:00+00:00,68928.71,69884.82,68308.0,69563.37,6863.78788,2026-02-09T15:59:59.999000+00:00,474511739.6133422,1602329
2026-02-09T16:00:00+00:00,69563.37,71075.31,69100.0,70957.01,6239.20348,2026-02-09T19:59:59.999000+00:00,438773832.1992439,1176709
2026-02-09T20:00:00+00:00,70957.01,71126.0,69823.52,70138.0,2988.91959,2026-02-09T23:59:59.999000+00:00,210600335.3520278,569003
2026-02-10T00:00:00+00:00,70138.0,70527.59,69208.61,69511.83,2469.62773,2026-02-10T03:59:59.999000+00:00,172704357.7800935,649051
2026-02-10T04:00:00+00:00,69511.83,69906.5,68682.0,68919.66,3133.48778,2026-02-10T07:59:59.999000+00:00,216937941.2596458,646201
2026-02-10T08:00:00+00:00,68919.66,69417.7,68459.89,68535.01,3589.46371,2026-02-10T11:59:59.999000+00:00,247678394.22295,564768
2026-02-10T12:00:00+00:00,68535.02,69591.2,67800.0,69293.37,5843.11364,2026-02-10T15:59:59.999000+00:00,402003350.4572621,1327368
2026-02-10T16:00:00+00:00,69293.37,69993.65,68604.63,69062.01,3997.49855,2026-02-10T19:59:59.999000+00:00,277163373.0796055,1017925
2026-02-10T20:00:00+00:00,69062.0,69136.91,68362.0,68841.29,1340.57931,2026-02-10T23:59:59.999000+00:00,92136206.5603684,353345
2026-02-11T00:00:00+00:00,68841.28,69292.88,68011.11,68187.99,1918.23444,2026-02-11T03:59:59.999000+00:00,131863432.1500322,608169
2026-02-11T04:00:00+00:00,68188.0,68325.0,66557.99,67032.72,5175.02607,2026-02-11T07:59:59.999000+00:00,348037184.1806555,1092642
2026-02-11T08:00:00+00:00,67032.71,67134.42,66369.49,67053.03,3914.08731,2026-02-11T11:59:59.999000+00:00,261553860.0473432,835269
2026-02-11T12:00:00+00:00,67053.03,68834.34,65756.0,66519.73,9148.58414,2026-02-11T15:59:59.999000+00:00,613687854.3077133,2193292
2026-02-11T16:00:00+00:00,66519.72,67860.44,65876.0,67586.67,5004.8715,2026-02-11T19:59:59.999000+00:00,334532505.5857009,1424330
2026-02-11T20:00:00+00:00,67586.66,68369.77,66787.7,67082.52,3557.44256,2026-02-11T23:59:59.999000+00:00,240839111.2726695,802875
2026-02-12T00:00:00+00:00,67082.52,68047.48,67055.53,67580.99,2100.97039,2026-02-12T03:59:59.999000+00:00,141942869.0133056,770076
2026-02-12T04:00:00+00:00,67581.0,67682.69,66670.45,67217.72,2710.60187,2026-02-12T07:59:59.999000+00:00,182063344.2349478,823443
2026-02-12T08:00:00+00:00,67217.71,68299.0,66891.6,68076.01,3668.0563,2026-02-12T11:59:59.999000+00:00,248201740.517306,859926
2026-02-12T12:00:00+00:00,68076.01,68410.52,67014.98,67134.74,4824.24216,2026-02-12T15:59:59.999000+00:00,326864449.8737072,1510255
2026-02-12T16:00:00+00:00,67134.74,67232.04,65118.0,65788.36,7933.48282,2026-02-12T19:59:59.999000+00:00,523134993.5762197,2047495
2026-02-12T20:00:00+00:00,65788.36,66488.9,65215.06,66272.17,3034.38929,2026-02-12T23:59:59.999000+00:00,199954748.1187203,767085
2026-02-13T00:00:00+00:00,66272.17,66814.0,65872.46,66553.08,2583.39216,2026-02-13T03:59:59.999000+00:00,171471784.549514,829333
2026-02-13T04:00:00+00:00,66553.09,66671.62,66002.98,66208.96,2428.41994,2026-02-13T07:59:59.999000+00:00,161035736.4843336,649466
2026-02-13T08:00:00+00:00,66208.96,67226.66,66191.52,67171.42,2201.58479,2026-02-13T11:59:59.999000+00:00,147042475.89495,844614
2026-02-13T12:00:00+00:00,67171.41,69309.8,66867.47,68692.12,6886.55091,2026-02-13T15:59:59.999000+00:00,467661512.2144619,2270933
2026-02-13T16:00:00+00:00,68692.12,69482.97,68540.83,68938.91,4320.62247,2026-02-13T19:59:59.999000+00:00,298437083.2887491,1374173
2026-02-13T20:00:00+00:00,68938.91,69079.4,68683.32,68853.96,1823.97928,2026-02-13T23:59:59.999000+00:00,125637429.8980462,482323
2026-02-14T00:00:00+00:00,68853.97,69137.5,68768.56,68981.99,1291.93003,2026-02-14T03:59:59.999000+00:00,89092971.3982967,360289
2026-02-14T04:00:00+00:00,68982.0,69343.0,68730.13,69219.26,2188.37379,2026-02-14T07:59:59.999000+00:00,150914517.3726029,334307
2026-02-14T08:00:00+00:00,69219.27,70560.01,69218.71,70505.74,3530.97709,2026-02-14T11:59:59.999000+00:00,246699739.2294898,836795
2026-02-14T12:00:00+00:00,70505.74,70533.67,69064.6,69778.28,7103.62124,2026-02-14T15:59:59.999000+00:00,494341009.808903,1145173
2026-02-14T16:00:00+00:00,69778.28,69930.9,69283.02,69873.99,2295.28058,2026-02-14T19:59:59.999000+00:00,159968386.1711496,694171
2026-02-14T20:00:00+00:00,69873.99,70250.46,69668.05,69822.95,1704.6012,2026-02-14T23:59:59.999000+00:00,119242690.3795844,432428
2026-02-15T00:00:00+00:00,69822.94,69990.02,69251.5,69954.5,1764.94129,2026-02-15T03:59:59.999000+00:00,122855046.9713238,539563
2026-02-15T04:00:00+00:00,69954.5,70926.42,69459.35,70828.42,4747.14422,2026-02-15T07:59:59.999000+00:00,333948500.1118941,800367
2026-02-15T08:00:00+00:00,70828.43,70983.0,70182.31,70295.22,2073.25418,2026-02-15T11:59:59.999000+00:00,146147024.8214023,674620
2026-02-15T12:00:00+00:00,70295.22,70418.48,68772.2,69099.99,3852.56524,2026-02-15T15:59:59.999000+00:00,267188458.526804,1086479
2026-02-15T16:00:00+00:00,69100.0,69100.0,68000.0,68286.63,8139.52235,2026-02-15T19:59:59.999000+00:00,557355357.8491315,996629
2026-02-15T20:00:00+00:00,68286.64,69078.49,68120.0,68832.58,1712.6248,2026-02-15T23:59:59.999000+00:00,117600183.8562588,500975
2026-02-16T00:00:00+00:00,68832.59,69065.5,68143.22,68424.82,1757.09824,2026-02-16T03:59:59.999000+00:00,120437657.0829231,596677
2026-02-16T04:00:00+00:00,68424.82,68900.0,68228.76,68587.9,1421.8609,2026-02-16T07:59:59.999000+00:00,97488651.3228872,413367
2026-02-16T08:00:00+00:00,68587.89,69060.77,68338.9,68812.83,1609.09509,2026-02-16T11:59:59.999000+00:00,110671876.4698025,492579
2026-02-16T12:00:00+00:00,68812.84,70126.67,67294.11,67539.52,6563.57157,2026-02-16T15:59:59.999000+00:00,450264428.9153964,2149894
2026-02-16T16:00:00+00:00,67539.53,68245.34,67513.94,67913.43,2266.56859,2026-02-16T19:59:59.999000+00:00,153859865.3738279,891023
2026-02-16T20:00:00+00:00,67913.44,68978.88,67827.11,68892.43,1897.57095,2026-02-16T23:59:59.999000+00:00,130075439.08876,690309
2026-02-17T00:00:00+00:00,68892.43,69241.5,68387.2,68474.9,1970.0963,2026-02-17T03:59:59.999000+00:00,135593412.0375882,749614
2026-02-17T04:00:00+00:00,68474.9,68707.49,67892.0,68388.12,1507.90265,2026-02-17T07:59:59.999000+00:00,103003352.4639145,610719
2026-02-17T08:00:00+00:00,68388.12,68479.17,67690.0,67854.6,1702.22977,2026-02-17T11:59:59.999000+00:00,115739259.1299135,621344
2026-02-17T12:00:00+00:00,67854.6,68360.5,66621.06,67392.05,5962.49538,2026-02-17T15:59:59.999000+00:00,401928066.2643107,1881416
2026-02-17T16:00:00+00:00,67392.06,68235.39,66881.08,67793.32,4203.96684,2026-02-17T19:59:59.999000+00:00,284459179.7063412,1610220
2026-02-17T20:00:00+00:00,67793.32,67928.08,67394.0,67503.52,1142.37827,2026-02-17T23:59:59.999000+00:00,77264381.6927439,521540
2026-02-18T00:00:00+00:00,67503.52,67705.65,66892.03,67629.11,1226.88759,2026-02-18T03:59:59.999000+00:00,82553427.777355,495054
2026-02-18T04:00:00+00:00,67629.1,68219.81,67500.1,68106.44,1433.81961,2026-02-18T07:59:59.999000+00:00,97273973.5580948,411382
2026-02-18T08:00:00+00:00,68106.44,68476.22,67076.9,67369.75,1922.15458,2026-02-18T11:59:59.999000+00:00,130457995.8237113,603108
2026-02-18T12:00:00+00:00,67369.75,68347.72,66717.3,67694.01,4330.13695,2026-02-18T15:59:59.999000+00:00,292091020.6579329,1181648
2026-02-18T16:00:00+00:00,67694.01,67706.94,65870.0,66177.14,4311.92393,2026-02-18T19:59:59.999000+00:00,287693234.23302,1306330
2026-02-18T20:00:00+00:00,66177.15,66550.0,66053.6,66461.0,2267.51573,2026-02-18T23:59:59.999000+00:00,150423872.6020096,551475
2026-02-19T00:00:00+00:00,66461.0,66997.07,66345.0,66980.91,1337.23292,2026-02-19T03:59:59.999000+00:00,89215477.4247236,411220
2026-02-19T04:00:00+00:00,66980.91,67320.0,66679.76,67206.45,1593.15988,2026-02-19T07:59:59.999000+00:00,106782407.8013098,440550
2026-02-19T08:00:00+00:00,67206.45,67206.45,66478.02,66496.02,1879.33579,2026-02-19T11:59:59.999000+00:00,125701951.6413813,566297
2026-02-19T12:00:00+00:00,66496.03,66755.39,65631.83,66398.0,4451.59374,2026-02-19T15:59:59.999000+00:00,294777171.2589781,1509439
2026-02-19T16:00:00+00:00,66398.01,67198.1,65899.25,67050.0,3411.99791,2026-02-19T19:59:59.999000+00:00,227326562.8891269,1229638
2026-02-19T20:00:00+00:00,67050.0,67168.86,66652.34,67003.73,1868.94964,2026-02-19T23:59:59.999000+00:00,125060001.7666329,522207
2026-02-20T00:00:00+00:00,67003.73,67488.67,66949.41,67366.25,1472.92111,2026-02-20T03:59:59.999000+00:00,99110593.9634002,459722
2026-02-20T04:00:00+00:00,67366.25,68006.0,67115.38,67825.91,2411.4783,2026-02-20T07:59:59.999000+00:00,163260352.8293299,489308
2026-02-20T08:00:00+00:00,67825.91,68318.39,67280.6,67318.41,3414.63472,2026-02-20T11:59:59.999000+00:00,231878790.4103248,541347
2026-02-20T12:00:00+00:00,67318.41,68083.98,66280.2,67582.95,16088.45139,2026-02-20T15:59:59.999000+00:00,1076569222.8511875,1705792
2026-02-20T16:00:00+00:00,67582.95,68000.0,66952.11,67646.03,9574.1468,2026-02-20T19:59:59.999000+00:00,645056109.1630121,1395777
2026-02-20T20:00:00+00:00,67646.03,68233.99,67520.3,68020.01,2390.23859,2026-02-20T23:59:59.999000+00:00,162204081.3505927,452966
2026-02-21T00:00:00+00:00,68020.0,68099.54,67534.69,67667.77,1582.09541,2026-02-21T03:59:59.999000+00:00,107364098.1290507,262118
2026-02-21T04:00:00+00:00,67667.77,67924.39,67593.99,67856.01,716.23217,2026-02-21T07:59:59.999000+00:00,48558986.6761004,166977
2026-02-21T08:00:00+00:00,67856.01,68314.54,67807.3,68092.45,1384.49772,2026-02-21T11:59:59.999000+00:00,94339705.7247532,248922
2026-02-21T12:00:00+00:00,68092.45,68698.7,67915.0,68615.0,1818.30536,2026-02-21T15:59:59.999000+00:00,124341927.9955416,345267
2026-02-21T16:00:00+00:00,68615.01,68658.5,68101.78,68543.51,1410.16439,2026-02-21T19:59:59.999000+00:00,96460314.9543123,296404
2026-02-21T20:00:00+00:00,68543.51,68605.63,67900.0,67975.93,1121.54626,2026-02-21T23:59:59.999000+00:00,76527045.3674407,273851
2026-02-22T00:00:00+00:00,67975.93,68222.16,67809.78,68041.43,1114.48202,2026-02-22T03:59:59.999000+00:00,75773591.3648503,294020
2026-02-22T04:00:00+00:00,68041.42,68178.79,67881.81,68005.3,923.792,2026-02-22T07:59:59.999000+00:00,62843242.0925301,234831
2026-02-22T08:00:00+00:00,68005.3,68245.0,67912.02,68219.97,733.14137,2026-02-22T11:59:59.999000+00:00,49907325.461369,206443
2026-02-22T12:00:00+00:00,68219.97,68232.4,67303.5,67684.14,2531.23331,2026-02-22T15:59:59.999000+00:00,171259766.2074006,650400
2026-02-22T16:00:00+00:00,67684.15,67718.13,67190.0,67428.32,1575.66204,2026-02-22T19:59:59.999000+00:00,106232820.2557924,386156
2026-02-22T20:00:00+00:00,67428.32,67751.44,67350.0,67643.4,1296.8241,2026-02-22T23:59:59.999000+00:00,87596590.1954712,389050
2026-02-23T00:00:00+00:00,67643.39,67684.86,64290.71,64934.17,11022.665,2026-02-23T03:59:59.999000+00:00,719316556.6220675,2248116
2026-02-23T04:00:00+00:00,64934.18,66015.22,64685.64,65958.94,4119.82727,2026-02-23T07:59:59.999000+00:00,269087200.2735727,787883
2026-02-23T08:00:00+00:00,65958.94,66600.0,65565.78,66207.23,3194.00092,2026-02-23T11:59:59.999000+00:00,211089133.5742879,794545
2026-02-23T12:00:00+00:00,66207.23,66511.51,65529.73,65660.1,3796.34009,2026-02-23T15:59:59.999000+00:00,250678780.5066995,1475063
2026-02-23T16:00:00+00:00,65660.1,65724.28,64048.71,64295.1,7179.94577,2026-02-23T19:59:59.999000+00:00,465035277.9538296,1988988
2026-02-23T20:00:00+00:00,64295.11,65035.98,63888.79,64656.02,3763.13018,2026-02-23T23:59:59.999000+00:00,242951707.1910594,974100
2026-02-24T00:00:00+00:00,64656.01,65026.75,63342.9,63595.51,4752.76382,2026-02-24T03:59:59.999000+00:00,304582065.380726,1747526
2026-02-24T04:00:00+00:00,63595.51,63628.52,62700.8,63192.96,4939.8898,2026-02-24T07:59:59.999000+00:00,311930854.8533944,1370317
2026-02-24T08:00:00+00:00,63192.79,63444.66,62908.92,63227.1,2234.59315,2026-02-24T11:59:59.999000+00:00,141250227.984066,720838
2026-02-24T12:00:00+00:00,63227.11,64031.76,62510.28,63973.97,5539.65443,2026-02-24T15:59:59.999000+00:00,349781798.6652192,1720495
2026-02-24T16:00:00+00:00,63973.98,64743.11,63689.54,64435.03,3972.72259,2026-02-24T19:59:59.999000+00:00,255228016.8838635,1388406
2026-02-24T20:00:00+00:00,64435.03,64591.99,63820.5,64058.15,1663.21243,2026-02-24T23:59:59.999000+00:00,106739195.952666,606047
2026-02-25T00:00:00+00:00,64058.15,66310.0,63913.27,65391.73,5187.17213,2026-02-25T03:59:59.999000+00:00,340689638.6677377,1472602
2026-02-25T04:00:00+00:00,65391.74,65650.0,64755.26,65028.3,2632.47033,2026-02-25T07:59:59.999000+00:00,171502919.9654499,758215
2026-02-25T08:00:00+00:00,65028.3,65692.62,64955.79,65430.04,1997.89784,2026-02-25T11:59:59.999000+00:00,130658074.8614692,643233
2026-02-25T12:00:00+00:00,65430.04,67578.0,65324.62,67412.33,7879.83719,2026-02-25T15:59:59.999000+00:00,524713731.2505769,1555450
2026-02-25T16:00:00+00:00,67412.32,69550.0,67404.0,69038.26,8300.46334,2026-02-25T19:59:59.999000+00:00,569565261.2716299,1537142
2026-02-25T20:00:00+00:00,69038.26,69988.83,67600.0,67988.04,4752.15176,2026-02-25T23:59:59.999000+00:00,326960076.8275714,1130073
2026-02-26T00:00:00+00:00,67988.04,68700.0,67727.52,68216.86,2995.4703,2026-02-26T03:59:59.999000+00:00,204243504.1205341,899323
2026-02-26T04:00:00+00:00,68216.87,68860.0,67817.87,67825.04,2533.15622,2026-02-26T07:59:59.999000+00:00,172982723.1773975,717211
2026-02-26T08:00:00+00:00,67825.05,68722.64,67792.0,68051.31,3268.6173,2026-02-26T11:59:59.999000+00:00,223131053.3997064,685401
2026-02-26T12:00:00+00:00,68051.3,68303.83,66761.16,67382.0,5206.19537,2026-02-26T15:59:59.999000+00:00,352032201.0536893,1467293
2026-02-26T16:00:00+00:00,67382.0,67903.12,66500.0,67589.22,5230.45057,2026-02-26T19:59:59.999000+00:00,350888815.7228144,1251932
2026-02-26T20:00:00+00:00,67589.21,67831.11,67150.14,67485.18,1503.88816,2026-02-26T23:59:59.999000+00:00,101496368.0904191,404977
2026-02-27T00:00:00+00:00,67485.19,67712.16,66885.0,67600.84,2159.8345,2026-02-27T03:59:59.999000+00:00,145292524.4184491,659975
2026-02-27T04:00:00+00:00,67600.84,68216.8,67459.3,67690.6,3025.27268,2026-02-27T07:59:59.999000+00:00,204988053.0972459,552210
2026-02-27T08:00:00+00:00,67690.6,68149.93,65960.01,66126.99,4904.69534,2026-02-27T11:59:59.999000+00:00,329331029.4633696,669348
2026-02-27T12:00:00+00:00,66126.99,66344.9,65649.34,66095.4,5494.9383,2026-02-27T15:59:59.999000+00:00,362645055.2392672,873872
2026-02-27T16:00:00+00:00,66095.4,66121.03,65113.72,65392.18,3875.92624,2026-02-27T19:59:59.999000+00:00,253965829.4380545,737650
2026-02-27T20:00:00+00:00,65392.18,65953.2,64914.46,65872.1,1767.91718,2026-02-27T23:59:59.999000+00:00,115811331.9055865,363009
2026-02-28T00:00:00+00:00,65872.09,66025.52,65721.13,65797.42,1045.74408,2026-02-28T03:59:59.999000+00:00,68899635.5585721,258355
2026-02-28T04:00:00+00:00,65797.42,65818.44,63030.0,63826.0,5914.91449,2026-02-28T07:59:59.999000+00:00,379525323.4205195,1181298
2026-02-28T08:00:00+00:00,63825.99,64307.44,63372.1,63844.2,4734.32265,2026-02-28T11:59:59.999000+00:00,302198131.4846222,839290
2026-02-28T12:00:00+00:00,63844.2,65360.51,63827.2,64841.18,4286.48357,2026-02-28T15:59:59.999000+00:00,276667056.3467563,872267
2026-02-28T16:00:00+00:00,64841.17,66666.65,64681.81,66362.01,2999.13046,2026-02-28T19:59:59.999000+00:00,196852498.7497526,976578
2026-02-28T20:00:00+00:00,66362.01,67760.0,66190.61,66973.26,3568.12124,2026-02-28T23:59:59.999000+00:00,238721762.7013438,1140726
2026-03-01T00:00:00+00:00,66973.26,68199.99,66042.72,67502.16,4690.36208,2026-03-01T03:59:59.999000+00:00,315933147.6882638,1134371
2026-03-01T04:00:00+00:00,67502.16,67612.14,66749.35,67141.39,3167.39554,2026-03-01T07:59:59.999000+00:00,212669357.206773,511568
2026-03-01T08:00:00+00:00,67141.4,67292.3,66215.71,66468.03,3250.92047,2026-03-01T11:59:59.999000+00:00,216568852.6606207,747092
2026-03-01T12:00:00+00:00,66468.04,67360.57,66132.27,66842.42,3640.03253,2026-03-01T15:59:59.999000+00:00,243482209.4634985,977418
2026-03-01T16:00:00+00:00,66842.42,67112.37,65699.98,65962.17,3900.17922,2026-03-01T19:59:59.999000+00:00,258474615.1805036,884138
2026-03-01T20:00:00+00:00,65962.16,66491.43,65056.0,65776.47,4552.96875,2026-03-01T23:59:59.999000+00:00,298655560.7065405,1057426
2026-03-02T00:00:00+00:00,65776.48,67079.0,65761.04,66820.03,2940.58836,2026-03-02T03:59:59.999000+00:00,195460980.0822989,1303941
2026-03-02T04:00:00+00:00,66820.03,66995.64,65542.6,66007.52,3610.46533,2026-03-02T07:59:59.999000+00:00,239534194.9197499,917964
2026-03-02T08:00:00+00:00,66007.8,66720.84,65654.54,66359.68,4361.76571,2026-03-02T11:59:59.999000+00:00,288860625.9464562,1050933
2026-03-02T12:00:00+00:00,66359.67,69617.74,65259.21,69130.2,10831.61306,2026-03-02T15:59:59.999000+00:00,729583263.7070436,2529970
2026-03-02T16:00:00+00:00,69130.2,70096.0,68576.18,68966.53,6828.10762,2026-03-02T19:59:59.999000+00:00,473251950.1776373,1736012
2026-03-02T20:00:00+00:00,68966.52,69539.77,68584.9,68830.06,3437.84423,2026-03-02T23:59:59.999000+00:00,237887827.0127313,858706
2026-03-03T00:00:00+00:00,68830.06,69258.08,68210.71,68377.94,2362.09713,2026-03-03T03:59:59.999000+00:00,162194743.8125237,794636
2026-03-03T04:00:00+00:00,68377.94,68617.42,67800.0,68172.8,3337.11294,2026-03-03T07:59:59.999000+00:00,227365622.9491671,788341
2026-03-03T08:00:00+00:00,68172.79,68311.83,66340.14,67026.61,6082.75912,2026-03-03T11:59:59.999000+00:00,407750552.8538524,1653419
2026-03-03T12:00:00+00:00,67026.6,67973.2,66158.0,67725.81,5443.2888,2026-03-03T15:59:59.999000+00:00,365374591.7864637,2026070
2026-03-03T16:00:00+00:00,67725.82,68999.0,67473.09,68435.0,5484.70019,2026-03-03T19:59:59.999000+00:00,374668661.1202111,1695997
2026-03-03T20:00:00+00:00,68435.0,68860.0,67832.3,68338.0,2262.28362,2026-03-03T23:59:59.999000+00:00,154494497.4208002,689656
2026-03-04T00:00:00+00:00,68338.01,68909.34,67400.0,67732.2,3814.8635,2026-03-04T03:59:59.999000+00:00,260143413.7925685,1101214
2026-03-04T04:00:00+00:00,67732.19,69668.0,67467.6,69493.13,5088.84069,2026-03-04T07:59:59.999000+00:00,348079968.9780357,874462
2026-03-04T08:00:00+00:00,69493.14,71893.0,69098.91,71111.4,12146.09777,2026-03-04T11:59:59.999000+00:00,860248372.6127144,2080445
2026-03-04T12:00:00+00:00,71111.4,73479.75,70588.0,73396.88,11378.24344,2026-03-04T15:59:59.999000+00:00,819140291.8671455,2248482
2026-03-04T16:00:00+00:00,73396.87,74050.0,72541.69,73611.1,8665.00622,2026-03-04T19:59:59.999000+00:00,635919281.799537,1604460
2026-03-04T20:00:00+00:00,73611.67,73716.0,72313.04,72666.77,3826.02448,2026-03-04T23:59:59.999000+00:00,279333118.5824596,709239
2026-03-05T00:00:00+00:00,72666.77,73306.82,72336.76,72497.89,3122.96483,2026-03-05T03:59:59.999000+00:00,227063662.7139999,932285
2026-03-05T04:00:00+00:00,72497.89,73081.08,71759.95,72055.5,4346.02458,2026-03-05T07:59:59.999000+00:00,314663609.3223868,815899
2026-03-05T08:00:00+00:00,72055.5,73558.15,71757.17,72915.79,6262.38044,2026-03-05T11:59:59.999000+00:00,455517410.8352307,1256669
2026-03-05T12:00:00+00:00,72915.8,73063.38,71168.65,71652.77,5607.55823,2026-03-05T15:59:59.999000+00:00,404671506.8312567,1717222
2026-03-05T16:00:00+00:00,71652.77,71654.65,70645.47,70918.07,4306.65518,2026-03-05T19:59:59.999000+00:00,306013987.5005776,1381923
2026-03-05T20:00:00+00:00,70918.08,71572.3,70777.0,70890.72,2944.92927,2026-03-05T23:59:59.999000+00:00,209584513.1843824,605162
2026-03-06T00:00:00+00:00,70891.02,71419.98,70344.03,71080.38,3031.93266,2026-03-06T03:59:59.999000+00:00,215330427.3255905,858814
2026-03-06T04:00:00+00:00,71080.37,71192.76,70143.19,71056.44,3088.31108,2026-03-06T07:59:59.999000+00:00,218031219.9120896,892242
2026-03-06T08:00:00+00:00,71056.44,71067.58,70184.01,70212.95,2441.15545,2026-03-06T11:59:59.999000+00:00,172353281.1319259,605761
2026-03-06T12:00:00+00:00,70212.94,70341.76,68176.47,68504.71,8554.35815,2026-03-06T15:59:59.999000+00:00,592660463.1762094,1414736
2026-03-06T16:00:00+00:00,68504.71,68795.44,67744.78,68131.79,3324.41432,2026-03-06T19:59:59.999000+00:00,226978112.7889519,1031088
2026-03-06T20:00:00+00:00,68131.79,68440.92,67777.0,68114.02,2189.71556,2026-03-06T23:59:59.999000+00:00,149247694.5401206,500258
2026-03-07T00:00:00+00:00,68114.02,68551.04,68060.6,68095.5,1736.7267,2026-03-07T03:59:59.999000+00:00,118500991.5996628,306024
2026-03-07T04:00:00+00:00,68095.5,68147.73,67446.41,67842.67,2373.66763,2026-03-07T07:59:59.999000+00:00,161076990.8964815,423758
2026-03-07T08:00:00+00:00,67842.67,68232.27,67720.98,68010.01,1490.07738,2026-03-07T11:59:59.999000+00:00,101284844.6943565,304929
2026-03-07T12:00:00+00:00,68010.0,68085.41,67609.44,67877.45,1728.39414,2026-03-07T15:59:59.999000+00:00,117439050.8952563,356961
2026-03-07T16:00:00+00:00,67877.45,67935.01,66915.26,67080.34,3059.42816,2026-03-07T19:59:59.999000+00:00,206469684.4869647,376805
2026-03-07T20:00:00+00:00,67080.33,67483.05,67068.01,67262.91,2331.24914,2026-03-07T23:59:59.999000+00:00,156958299.280327,298999
2026-03-08T00:00:00+00:00,67262.91,67481.96,66833.58,67000.26,2883.43952,2026-03-08T03:59:59.999000+00:00,193604407.914392,392656
2026-03-08T04:00:00+00:00,67000.26,67465.11,66547.15,67319.91,2866.09804,2026-03-08T07:59:59.999000+00:00,192314275.5770752,406105
2026-03-08T08:00:00+00:00,67319.9,68200.0,67156.93,67515.0,3303.40428,2026-03-08T11:59:59.999000+00:00,223403298.9789097,483848
2026-03-08T12:00:00+00:00,67515.0,67650.94,66761.68,67218.23,4464.48396,2026-03-08T15:59:59.999000+00:00,299754730.8224838,534010
2026-03-08T16:00:00+00:00,67218.23,67485.24,66745.54,67337.42,2550.26884,2026-03-08T19:59:59.999000+00:00,170987954.6338146,379748
2026-03-08T20:00:00+00:00,67337.41,67609.08,65618.49,65971.2,5525.94437,2026-03-08T23:59:59.999000+00:00,367457492.3887793,832025
2026-03-09T00:00:00+00:00,65971.2,67668.64,65821.97,67205.05,5224.01016,2026-03-09T03:59:59.999000+00:00,347784581.6434104,1087077
2026-03-09T04:00:00+00:00,67205.06,68069.29,66853.48,67555.13,3826.34806,2026-03-09T07:59:59.999000+00:00,258129347.7514894,692977
2026-03-09T08:00:00+00:00,67555.13,68460.09,67344.45,67764.98,4105.57826,2026-03-09T11:59:59.999000+00:00,278379482.6512458,718299
2026-03-09T12:00:00+00:00,67764.99,69480.0,67759.57,68863.66,7802.97956,2026-03-09T15:59:59.999000+00:00,537339607.9050617,1244185
2026-03-09T16:00:00+00:00,68863.67,69516.65,68179.12,68991.93,5039.37719,2026-03-09T19:59:59.999000+00:00,346548555.5265658,935516
2026-03-09T20:00:00+00:00,68991.93,69145.28,68384.69,68432.16,2898.42807,2026-03-09T23:59:59.999000+00:00,199440475.9719071,415613
2026-03-10T00:00:00+00:00,68432.16,70578.29,68391.41,69429.85,5314.5727,2026-03-10T03:59:59.999000+00:00,369613710.457061,817125
2026-03-10T04:00:00+00:00,69429.85,70546.74,69429.85,70406.01,4907.28195,2026-03-10T07:59:59.999000+00:00,343839408.7553136,597064
2026-03-10T08:00:00+00:00,70406.01,71300.0,70369.0,70580.94,6270.5173,2026-03-10T11:59:59.999000+00:00,444063485.7480411,668271
2026-03-10T12:00:00+00:00,70580.95,71777.0,69266.06,71346.16,7000.10748,2026-03-10T15:59:59.999000+00:00,494238684.2102584,1454207
2026-03-10T16:00:00+00:00,71346.17,71700.0,69739.0,70043.63,5504.97942,2026-03-10T19:59:59.999000+00:00,388867513.7329833,1185168
2026-03-10T20:00:00+00:00,70043.63,70417.3,69452.42,69948.63,3605.11841,2026-03-10T23:59:59.999000+00:00,251902818.5368631,454229
2026-03-11T00:00:00+00:00,69948.64,70173.25,69488.7,69551.91,4402.46797,2026-03-11T03:59:59.999000+00:00,307602594.0660655,541646
2026-03-11T04:00:00+00:00,69551.91,70281.87,69420.0,69648.29,3080.54464,2026-03-11T07:59:59.999000+00:00,214905414.7021261,446569
2026-03-11T08:00:00+00:00,69648.28,69786.32,69150.28,69173.0,3538.73168,2026-03-11T11:59:59.999000+00:00,246139697.3379169,522532
2026-03-11T12:00:00+00:00,69172.99,71091.18,68977.91,70227.91,7789.43505,2026-03-11T15:59:59.999000+00:00,546631398.5251175,1702330
2026-03-11T16:00:00+00:00,70227.92,71321.0,70161.78,70641.82,5738.49617,2026-03-11T19:59:59.999000+00:00,405798492.0419871,1074254
2026-03-11T20:00:00+00:00,70641.81,70950.0,70125.83,70191.86,2699.59991,2026-03-11T23:59:59.999000+00:00,190222999.5609547,472524
2026-03-12T00:00:00+00:00,70191.86,70353.87,69226.52,69446.61,2576.17397,2026-03-12T03:59:59.999000+00:00,179851991.824294,578518
2026-03-12T04:00:00+00:00,69446.61,69865.98,69205.91,69826.19,2721.97342,2026-03-12T07:59:59.999000+00:00,189174496.6294747,429244
2026-03-12T08:00:00+00:00,69826.19,70800.0,69580.0,70427.91,4649.38407,2026-03-12T11:59:59.999000+00:00,325969012.1752063,636787
2026-03-12T12:00:00+00:00,70427.9,70660.69,69355.34,70334.88,6097.47646,2026-03-12T15:59:59.999000+00:00,427454481.5631987,1308529
2026-03-12T16:00:00+00:00,70334.89,70569.15,69770.85,70432.32,3616.058,2026-03-12T19:59:59.999000+00:00,253926548.3153758,962584
2026-03-12T20:00:00+00:00,70432.33,70734.25,70013.17,70541.34,2336.09458,2026-03-12T23:59:59.999000+00:00,164368694.0025567,428397
2026-03-13T00:00:00+00:00,70541.34,72000.0,70386.01,71405.75,5755.69452,2026-03-13T03:59:59.999000+00:00,410956837.454275,928458
2026-03-13T04:00:00+00:00,71405.76,71672.76,71180.19,71612.22,4181.63698,2026-03-13T07:59:59.999000+00:00,298646868.2792795,538528
2026-03-13T08:00:00+00:00,71612.23,72575.98,71385.28,72228.82,5105.1507,2026-03-13T11:59:59.999000+00:00,367920577.2565952,771272
2026-03-13T12:00:00+00:00,72228.81,73913.74,71736.34,71831.46,12303.83944,2026-03-13T15:59:59.999000+00:00,897214013.6131018,1694366
2026-03-13T16:00:00+00:00,71831.46,72249.99,70841.23,71189.95,5469.31306,2026-03-13T19:59:59.999000+00:00,391164040.7280568,1004086
2026-03-13T20:00:00+00:00,71189.96,71491.03,70559.02,70930.0,3180.98208,2026-03-13T23:59:59.999000+00:00,225866188.9648388,375780
2026-03-14T00:00:00+00:00,70930.01,71185.23,70481.7,71081.3,3513.45361,2026-03-14T03:59:59.999000+00:00,248931541.4962061,329123
2026-03-14T04:00:00+00:00,71081.31,71307.92,70317.0,70596.68,2929.58232,2026-03-14T07:59:59.999000+00:00,207603173.343642,335117
2026-03-14T08:00:00+00:00,70596.68,70784.38,70389.08,70751.42,2494.95824,2026-03-14T11:59:59.999000+00:00,176124209.0166935,250830
2026-03-14T12:00:00+00:00,70751.42,70941.17,70501.0,70580.09,2537.57782,2026-03-14T15:59:59.999000+00:00,179480109.2769924,316293
2026-03-14T16:00:00+00:00,70580.09,70740.34,70500.0,70700.0,686.93095,2026-03-14T19:59:59.999000+00:00,48522650.0212293,211520
2026-03-14T20:00:00+00:00,70699.99,71253.17,70650.09,71211.95,854.74443,2026-03-14T23:59:59.999000+00:00,60646947.7915136,218856
2026-03-15T00:00:00+00:00,71211.95,71634.08,70858.82,71363.14,2591.56425,2026-03-15T03:59:59.999000+00:00,184672005.8293693,358161
2026-03-15T04:00:00+00:00,71363.13,71800.68,71330.66,71453.59,2377.69395,2026-03-15T07:59:59.999000+00:00,170159927.4942838,294463
2026-03-15T08:00:00+00:00,71453.59,71940.49,71453.59,71839.42,2170.1455,2026-03-15T11:59:59.999000+00:00,155736370.8253817,310575
2026-03-15T12:00:00+00:00,71839.41,71839.42,71263.99,71481.24,2095.3494,2026-03-15T15:59:59.999000+00:00,149835974.0920559,362063
2026-03-15T16:00:00+00:00,71481.24,71989.93,71320.08,71549.94,1241.1248,2026-03-15T19:59:59.999000+00:00,88810069.5680162,346610
2026-03-15T20:00:00+00:00,71549.94,73199.0,71433.75,72815.24,3561.42914,2026-03-15T23:59:59.999000+00:00,258120607.4345445,837141
2026-03-16T00:00:00+00:00,72815.25,74330.34,72270.41,73573.32,5313.15699,2026-03-16T03:59:59.999000+00:00,389442556.8632091,851589
2026-03-16T04:00:00+00:00,73573.31,74451.03,73385.18,73456.68,5517.22506,2026-03-16T07:59:59.999000+00:00,407380420.4308948,816177
2026-03-16T08:00:00+00:00,73456.69,73838.76,72888.8,73552.77,3812.93394,2026-03-16T11:59:59.999000+00:00,279823403.9050624,654796
2026-03-16T12:00:00+00:00,73552.78,74509.52,72990.52,73274.76,5744.41989,2026-03-16T15:59:59.999000+00:00,423921783.6371036,1376905
2026-03-16T16:00:00+00:00,73274.75,74418.6,73160.66,73963.0,4131.80846,2026-03-16T19:59:59.999000+00:00,305341632.0129753,998780
2026-03-16T20:00:00+00:00,73963.0,74909.08,73863.2,74884.67,3889.98585,2026-03-16T23:59:59.999000+00:00,289949714.7156184,698235
2026-03-17T00:00:00+00:00,74884.67,76000.0,74268.73,74463.98,6925.21053,2026-03-17T03:59:59.999000+00:00,520737829.6052472,1245176
2026-03-17T04:00:00+00:00,74463.98,74712.89,73784.0,74249.32,4918.92532,2026-03-17T07:59:59.999000+00:00,365111500.757466,655777
2026-03-17T08:00:00+00:00,74249.32,74452.97,73560.98,74033.11,3022.84272,2026-03-17T11:59:59.999000+00:00,223632439.1780496,609305
2026-03-17T12:00:00+00:00,74033.1,74893.94,73399.19,73914.39,4507.55719,2026-03-17T15:59:59.999000+00:00,333551863.3973936,1129605
2026-03-17T16:00:00+00:00,73914.4,74800.0,73855.24,74512.17,3050.04683,2026-03-17T19:59:59.999000+00:00,226963985.2101874,792455
2026-03-17T20:00:00+00:00,74511.21,74799.0,73871.74,73909.36,2096.68377,2026-03-17T23:59:59.999000+00:00,155979113.1843294,430869
2026-03-18T00:00:00+00:00,73909.37,74672.34,73535.36,74446.14,2220.38681,2026-03-18T03:59:59.999000+00:00,164555203.6264512,501167
2026-03-18T04:00:00+00:00,74446.14,74486.3,73700.01,73883.8,2292.66886,2026-03-18T07:59:59.999000+00:00,169807068.8092198,348177
2026-03-18T08:00:00+00:00,73883.8,74281.33,72800.0,72952.85,3439.26859,2026-03-18T11:59:59.999000+00:00,253148596.0004272,611167
2026-03-18T12:00:00+00:00,72952.85,72981.79,70857.21,71467.82,8373.20589,2026-03-18T15:59:59.999000+00:00,601714224.5052994,1614193
2026-03-18T16:00:00+00:00,71467.82,72000.5,70933.85,71072.38,4336.24884,2026-03-18T19:59:59.999000+00:00,309643431.8476661,1057189
2026-03-18T20:00:00+00:00,71072.38,71451.22,70500.0,71246.54,2731.10194,2026-03-18T23:59:59.999000+00:00,194081314.1886786,602004
2026-03-19T00:00:00+00:00,71246.55,71613.79,70902.37,71215.39,2427.94963,2026-03-19T03:59:59.999000+00:00,172774544.2239235,493310
2026-03-19T04:00:00+00:00,71215.39,71215.39,69478.51,70191.17,4492.82933,2026-03-19T07:59:59.999000+00:00,315944786.6456659,759250
2026-03-19T08:00:00+00:00,70191.16,70560.91,69900.0,69952.75,3434.1741,2026-03-19T11:59:59.999000+00:00,241159078.7405343,674946
2026-03-19T12:00:00+00:00,69952.75,70179.53,68793.35,69412.51,6707.39933,2026-03-19T15:59:59.999000+00:00,465586723.6564802,1537283
2026-03-19T16:00:00+00:00,69412.52,70596.42,69122.03,70271.99,3251.17683,2026-03-19T19:59:59.999000+00:00,226961442.6221202,1033823
2026-03-19T20:00:00+00:00,70272.0,70695.6,69718.23,69930.0,2051.28897,2026-03-19T23:59:59.999000+00:00,144147373.9716883,473914
2026-03-20T00:00:00+00:00,69930.01,70809.43,69837.1,70729.92,2423.03588,2026-03-20T03:59:59.999000+00:00,170470366.1277585,533341
2026-03-20T04:00:00+00:00,70729.93,70969.71,70160.06,70854.66,2609.94577,2026-03-20T07:59:59.999000+00:00,184334559.9433715,354126
2026-03-20T08:00:00+00:00,70854.66,71367.0,70218.68,70478.71,3112.13588,2026-03-20T11:59:59.999000+00:00,220272458.9680237,570471
2026-03-20T12:00:00+00:00,70478.71,70685.63,69480.0,69860.09,4715.91571,2026-03-20T15:59:59.999000+00:00,330065910.1811959,1345284
2026-03-20T16:00:00+00:00,69860.09,70190.18,69388.0,70177.86,3079.98123,2026-03-20T19:59:59.999000+00:00,215057270.8474679,1042090
2026-03-20T20:00:00+00:00,70177.85,70923.75,69754.71,70510.73,2180.15298,2026-03-20T23:59:59.999000+00:00,153612274.6208529,524659
2026-03-21T00:00:00+00:00,70510.73,70826.0,70431.67,70657.35,1194.32406,2026-03-21T03:59:59.999000+00:00,84344171.5646874,290231
2026-03-21T04:00:00+00:00,70657.35,70879.76,70617.05,70727.33,2717.2463,2026-03-21T07:59:59.999000+00:00,192249048.5909771,265408
2026-03-21T08:00:00+00:00,70727.33,70753.79,70492.02,70652.72,2045.34328,2026-03-21T11:59:59.999000+00:00,144443626.420017,202462
2026-03-21T12:00:00+00:00,70652.73,71100.94,70453.09,70630.02,1644.14012,2026-03-21T15:59:59.999000+00:00,116387097.3759431,275796
2026-03-21T16:00:00+00:00,70630.02,70652.64,70210.0,70396.0,1221.39503,2026-03-21T19:59:59.999000+00:00,86001896.5572043,206874
2026-03-21T20:00:00+00:00,70396.01,70516.82,68571.42,68918.12,4574.71871,2026-03-21T23:59:59.999000+00:00,319268041.5175951,399315
2026-03-22T00:00:00+00:00,68918.12,69588.79,68228.5,69339.99,4148.48971,2026-03-22T03:59:59.999000+00:00,286023208.297121,774466
2026-03-22T04:00:00+00:00,69340.0,69526.85,68892.93,68919.38,1759.92655,2026-03-22T07:59:59.999000+00:00,121824081.245537,321261
2026-03-22T08:00:00+00:00,68919.37,68990.67,68110.55,68217.95,2582.06971,2026-03-22T11:59:59.999000+00:00,177221143.1675777,498197
2026-03-22T12:00:00+00:00,68217.94,69005.71,68199.04,68847.96,1809.03421,2026-03-22T15:59:59.999000+00:00,124289500.1734879,477420
2026-03-22T16:00:00+00:00,68847.97,68885.53,68145.01,68199.93,1323.42339,2026-03-22T19:59:59.999000+00:00,90732472.0592532,322417
2026-03-22T20:00:00+00:00,68199.93,68498.4,67360.66,67859.0,3220.84325,2026-03-22T23:59:59.999000+00:00,218836070.3767206,875391
2026-03-23T00:00:00+00:00,67859.0,68585.12,67445.18,68074.6,2495.61558,2026-03-23T03:59:59.999000+00:00,169735020.8351517,844992
2026-03-23T04:00:00+00:00,68074.6,68915.4,67502.48,68333.16,4814.40128,2026-03-23T07:59:59.999000+00:00,328900802.4212869,856478
2026-03-23T08:00:00+00:00,68333.16,71499.0,67916.14,70122.15,9165.95784,2026-03-23T11:59:59.999000+00:00,642361770.3196703,1507808
2026-03-23T12:00:00+00:00,70122.15,71817.09,69671.95,70131.48,7343.07463,2026-03-23T15:59:59.999000+00:00,520385074.1326068,1954971
2026-03-23T16:00:00+00:00,70131.48,71246.01,70131.47,70679.05,3251.32187,2026-03-23T19:59:59.999000+00:00,229876874.0452842,972666
2026-03-23T20:00:00+00:00,70679.04,70998.0,70404.39,70906.45,1264.71999,2026-03-23T23:59:59.999000+00:00,89495627.4776942,372815
2026-03-24T00:00:00+00:00,70906.45,71099.96,70278.46,70542.9,2279.09671,2026-03-24T03:59:59.999000+00:00,160935631.6164432,557335
2026-03-24T04:00:00+00:00,70542.9,71400.0,70119.06,71291.7,3689.3445,2026-03-24T07:59:59.999000+00:00,260588642.620537,525113
2026-03-24T08:00:00+00:00,71291.7,71368.61,70850.11,71157.77,2477.92852,2026-03-24T11:59:59.999000+00:00,176263461.563361,504943
2026-03-24T12:00:00+00:00,71157.77,71177.66,69507.34,69873.04,5583.13531,2026-03-24T15:59:59.999000+00:00,391828567.5053976,1198866
2026-03-24T16:00:00+00:00,69873.04,70001.92,68923.07,69377.33,3539.49609,2026-03-24T19:59:59.999000+00:00,245607496.3202749,821218
2026-03-24T20:00:00+00:00,69377.33,70832.54,69296.15,70556.74,3133.42131,2026-03-24T23:59:59.999000+00:00,220137429.5839508,583853
2026-03-25T00:00:00+00:00,70556.74,71100.28,70408.0,70716.7,2504.53992,2026-03-25T03:59:59.999000+00:00,177106685.8680221,447131
2026-03-25T04:00:00+00:00,70716.7,71345.0,70703.83,70926.88,2879.13545,2026-03-25T07:59:59.999000+00:00,204637157.5585717,395651
2026-03-25T08:00:00+00:00,70926.88,72026.09,70800.0,71678.97,3287.51237,2026-03-25T11:59:59.999000+00:00,234941427.741308,532173
2026-03-25T12:00:00+00:00,71678.97,71963.71,70530.47,70832.99,4210.48461,2026-03-25T15:59:59.999000+00:00,300372896.2376533,950573
2026-03-25T16:00:00+00:00,70832.99,71752.88,70681.07,70883.31,2995.16787,2026-03-25T19:59:59.999000+00:00,212947004.0245557,652538
2026-03-25T20:00:00+00:00,70883.32,71594.11,70646.34,71336.53,1842.66044,2026-03-25T23:59:59.999000+00:00,131012817.1093214,320836
2026-03-26T00:00:00+00:00,71336.53,71436.82,70672.37,70921.47,2157.03878,2026-03-26T03:59:59.999000+00:00,153342543.9654964,366662
2026-03-26T04:00:00+00:00,70921.47,70921.47,69805.0,70087.44,3434.08444,2026-03-26T07:59:59.999000+00:00,241304017.8176439,490057
2026-03-26T08:00:00+00:00,70087.44,70144.44,69192.96,69276.01,3321.72857,2026-03-26T11:59:59.999000+00:00,231354961.6566932,582544
2026-03-26T12:00:00+00:00,69276.01,69877.45,68632.4,69082.64,4699.85538,2026-03-26T15:59:59.999000+00:00,325826726.6389486,953874
2026-03-26T16:00:00+00:00,69082.64,69162.0,68153.0,68534.36,4026.59411,2026-03-26T19:59:59.999000+00:00,276351472.5723735,664322
2026-03-26T20:00:00+00:00,68534.37,69478.42,68436.74,68820.31,3181.1564,2026-03-26T23:59:59.999000+00:00,219520011.6886835,540243
2026-03-27T00:00:00+00:00,68820.31,69179.05,68531.37,68767.51,2714.9612,2026-03-27T03:59:59.999000+00:00,186981164.4777899,371457
2026-03-27T04:00:00+00:00,68767.5,68955.53,68304.14,68540.48,3934.07819,2026-03-27T07:59:59.999000+00:00,270046016.2930933,439218
2026-03-27T08:00:00+00:00,68540.49,68635.07,66231.96,66702.78,7325.96218,2026-03-27T11:59:59.999000+00:00,492605332.7934349,966573
2026-03-27T12:00:00+00:00,66702.78,66773.25,65730.17,66112.82,8273.04177,2026-03-27T15:59:59.999000+00:00,548448846.0640779,1176382
2026-03-27T16:00:00+00:00,66112.82,66290.0,65548.25,66040.66,3963.05735,2026-03-27T19:59:59.999000+00:00,261119694.8279085,857518
2026-03-27T20:00:00+00:00,66040.65,66420.75,65817.44,66407.28,2392.59488,2026-03-27T23:59:59.999000+00:00,158117168.2536086,348158
2026-03-28T00:00:00+00:00,66407.28,66520.46,65932.09,66240.0,2309.42704,2026-03-28T03:59:59.999000+00:00,152929844.2808535,309702
2026-03-28T04:00:00+00:00,66240.0,66573.61,66110.0,66561.48,2351.82142,2026-03-28T07:59:59.999000+00:00,156090551.5598073,229211
2026-03-28T08:00:00+00:00,66561.49,66570.09,66124.4,66319.47,1871.98665,2026-03-28T11:59:59.999000+00:00,124251772.8473964,220015
2026-03-28T12:00:00+00:00,66319.46,67288.94,66240.87,67014.91,2726.87142,2026-03-28T15:59:59.999000+00:00,182281813.3345371,446391
2026-03-28T16:00:00+00:00,67014.92,67096.77,66704.0,66916.52,1090.61096,2026-03-28T19:59:59.999000+00:00,72966661.8106615,245127
2026-03-28T20:00:00+00:00,66916.52,67010.0,66283.38,66377.03,1111.68098,2026-03-28T23:59:59.999000+00:00,74155611.6138047,236922
2026-03-29T00:00:00+00:00,66377.04,67130.5,66281.4,66912.0,1535.14396,2026-03-29T03:59:59.999000+00:00,102373233.3872243,314720
2026-03-29T04:00:00+00:00,66912.0,66936.6,66556.78,66671.0,1351.87148,2026-03-29T07:59:59.999000+00:00,90195532.2176092,220311
2026-03-29T08:00:00+00:00,66671.0,66988.01,66418.0,66816.28,1084.63055,2026-03-29T11:59:59.999000+00:00,72302750.0147926,267856
2026-03-29T12:00:00+00:00,66816.29,66875.24,66334.37,66523.0,1436.58796,2026-03-29T15:59:59.999000+00:00,95664694.8631148,339563
2026-03-29T16:00:00+00:00,66523.01,66665.05,66158.26,66348.62,994.8232,2026-03-29T19:59:59.999000+00:00,66075078.4632162,268623
2026-03-29T20:00:00+00:00,66348.61,66793.83,65000.0,66010.93,3649.79869,2026-03-29T23:59:59.999000+00:00,240392228.6600299,735104
2026-03-30T00:00:00+00:00,66010.93,67450.0,65800.59,67173.8,3701.61439,2026-03-30T03:59:59.999000+00:00,247191671.1023927,952521
2026-03-30T04:00:00+00:00,67173.8,67800.0,67167.92,67624.39,2742.98319,2026-03-30T07:59:59.999000+00:00,185029306.6336459,526336
2026-03-30T08:00:00+00:00,67624.39,68042.3,67360.41,67680.45,3383.09323,2026-03-30T11:59:59.999000+00:00,229042979.2704244,472657
2026-03-30T12:00:00+00:00,67680.44,68169.65,67088.73,67629.4,4177.92296,2026-03-30T15:59:59.999000+00:00,282809083.7895337,884612
2026-03-30T16:00:00+00:00,67629.4,67641.65,66233.13,66550.05,2673.9969,2026-03-30T19:59:59.999000+00:00,178892997.5286725,676482
2026-03-30T20:00:00+00:00,66550.06,66994.17,66419.79,66797.37,1673.77908,2026-03-30T23:59:59.999000+00:00,111651652.567406,390241
2026-03-31T00:00:00+00:00,66797.38,68408.37,66544.51,67704.74,2940.06225,2026-03-31T03:59:59.999000+00:00,199018605.4260682,717942
2026-03-31T04:00:00+00:00,67704.74,67979.38,67103.32,67367.69,3894.57803,2026-03-31T07:59:59.999000+00:00,262832374.3255113,524636
2026-03-31T08:00:00+00:00,67367.7,67496.0,65998.05,66685.69,4187.99082,2026-03-31T11:59:59.999000+00:00,278989809.6523961,762502
2026-03-31T12:00:00+00:00,66685.69,67767.87,66427.53,66736.8,4137.18923,2026-03-31T15:59:59.999000+00:00,277390253.5224024,1124651
2026-03-31T16:00:00+00:00,66736.79,68589.49,66729.28,67838.8,4391.49464,2026-03-31T19:59:59.999000+00:00,297859870.2547039,1236596
2026-03-31T20:00:00+00:00,67838.79,68410.3,67831.7,68284.48,2554.09165,2026-03-31T23:59:59.999000+00:00,174077574.2737927,480493
2026-04-01T00:00:00+00:00,68284.49,68378.64,67578.75,68170.67,3175.60054,2026-04-01T03:59:59.999000+00:00,215748833.0733383,544854
2026-04-01T04:00:00+00:00,68170.67,69310.0,68005.33,68692.0,4308.24633,2026-04-01T07:59:59.999000+00:00,296094654.5360423,649239
2026-04-01T08:00:00+00:00,68692.0,68851.35,68389.21,68712.52,3486.85039,2026-04-01T11:59:59.999000+00:00,239136956.3627735,495293
2026-04-01T12:00:00+00:00,68712.52,68965.0,67918.83,68918.52,4091.84986,2026-04-01T15:59:59.999000+00:00,280144482.354049,934133
2026-04-01T16:00:00+00:00,68918.52,69171.77,67939.28,68176.84,2610.209,2026-04-01T19:59:59.999000+00:00,178684853.5834617,719195
2026-04-01T20:00:00+00:00,68176.84,68534.0,67964.48,68113.92,1347.43378,2026-04-01T23:59:59.999000+00:00,91898447.1648595,399196
2026-04-02T00:00:00+00:00,68113.92,68653.38,66500.0,66576.25,4290.09553,2026-04-02T03:59:59.999000+00:00,288995533.2349349,1029708
2026-04-02T04:00:00+00:00,66576.25,66961.26,66217.07,66930.79,2994.81146,2026-04-02T07:59:59.999000+00:00,199368653.9611148,490517
2026-04-02T08:00:00+00:00,66930.79,66930.79,66167.1,66220.28,2840.44212,2026-04-02T11:59:59.999000+00:00,188718889.2072709,438577
2026-04-02T12:00:00+00:00,66220.28,67104.86,65712.12,66852.91,4983.19383,2026-04-02T15:59:59.999000+00:00,330939751.8650213,1146893
2026-04-02T16:00:00+00:00,66852.91,67430.99,66596.8,66975.99,3741.79932,2026-04-02T19:59:59.999000+00:00,250617642.9721046,781208
2026-04-02T20:00:00+00:00,66976.0,67100.0,66731.08,66901.99,1353.1369,2026-04-02T23:59:59.999000+00:00,90582990.2866107,302230
2026-04-03T00:00:00+00:00,66901.99,67000.0,66282.0,66579.97,2208.57089,2026-04-03T03:59:59.999000+00:00,147166004.5381127,429332
2026-04-03T04:00:00+00:00,66579.98,67247.38,66416.68,67042.08,2873.22499,2026-04-03T07:59:59.999000+00:00,191742837.4383399,433915
2026-04-03T08:00:00+00:00,67042.08,67288.0,66674.72,67017.44,1439.81595,2026-04-03T11:59:59.999000+00:00,96455388.4898632,322306
2026-04-03T12:00:00+00:00,67017.43,67370.42,66508.1,66827.15,2358.77199,2026-04-03T15:59:59.999000+00:00,157678405.4086948,467732
2026-04-03T16:00:00+00:00,66827.15,67069.0,66751.86,66885.74,1215.72021,2026-04-03T19:59:59.999000+00:00,81320066.1663402,211546
2026-04-03T20:00:00+00:00,66885.73,66970.18,66826.13,66964.3,1333.02728,2026-04-03T23:59:59.999000+00:00,89172904.9364373,158273
2026-04-04T00:00:00+00:00,66964.29,66968.28,66814.0,66832.18,803.20366,2026-04-04T03:59:59.999000+00:00,53709777.1474872,183488
2026-04-04T04:00:00+00:00,66832.18,67052.99,66775.91,67014.96,1728.28038,2026-04-04T07:59:59.999000+00:00,115679107.1167595,198939
2026-04-04T08:00:00+00:00,67014.95,67232.72,66918.0,67156.93,1347.31961,2026-04-04T11:59:59.999000+00:00,90331916.3362009,213612
2026-04-04T12:00:00+00:00,67156.93,67562.93,67029.07,67383.66,1507.29551,2026-04-04T15:59:59.999000+00:00,101342732.0797559,287603
2026-04-04T16:00:00+00:00,67383.66,67543.6,67265.0,67288.42,858.41299,2026-04-04T19:59:59.999000+00:00,57838808.2348501,286417
2026-04-04T20:00:00+00:00,67288.42,67504.54,67186.62,67300.42,1129.00398,2026-04-04T23:59:59.999000+00:00,76029676.5081906,186120
2026-04-05T00:00:00+00:00,67300.42,67307.28,66955.72,67145.98,1216.87122,2026-04-05T03:59:59.999000+00:00,81717728.8237249,161820
2026-04-05T04:00:00+00:00,67145.98,67188.51,66611.66,66820.64,1903.42714,2026-04-05T07:59:59.999000+00:00,127283913.4686847,235623
2026-04-05T08:00:00+00:00,66820.64,67150.0,66819.42,66999.0,1062.42874,2026-04-05T11:59:59.999000+00:00,71166044.534962,213582
2026-04-05T12:00:00+00:00,66998.99,67856.16,66680.57,67306.64,2736.41551,2026-04-05T15:59:59.999000+00:00,183744679.5755868,439576
2026-04-05T16:00:00+00:00,67306.65,67560.45,67173.4,67361.01,965.55771,2026-04-05T19:59:59.999000+00:00,65024925.1714581,314175
2026-04-05T20:00:00+00:00,67361.01,69136.2,67332.66,69034.18,3848.7672,2026-04-05T23:59:59.999000+00:00,262724685.7490338,741481
2026-04-06T00:00:00+00:00,69034.18,69588.0,68776.61,69123.69,4502.91561,2026-04-06T03:59:59.999000+00:00,311474454.3514123,902632
2026-04-06T04:00:00+00:00,69123.69,69354.26,68806.53,69115.91,2814.82721,2026-04-06T07:59:59.999000+00:00,194475051.6871729,485832
2026-04-06T08:00:00+00:00,69115.91,70283.32,69081.88,69614.91,3999.04132,2026-04-06T11:59:59.999000+00:00,278875174.8697994,698373
2026-04-06T12:00:00+00:00,69614.91,69973.25,69163.86,69968.87,3409.36539,2026-04-06T15:59:59.999000+00:00,237075585.4555297,1071099
2026-04-06T16:00:00+00:00,69968.87,70351.46,69282.02,69739.53,3175.25769,2026-04-06T19:59:59.999000+00:00,221640295.1486856,891801
2026-04-06T20:00:00+00:00,69739.52,69974.08,68300.0,68853.66,2380.20322,2026-04-06T23:59:59.999000+00:00,164479611.5835628,645786
2026-04-07T00:00:00+00:00,68853.66,69128.2,68273.34,68779.21,2422.31591,2026-04-07T03:59:59.999000+00:00,166478723.2330586,774360
2026-04-07T04:00:00+00:00,68779.2,68981.83,68443.0,68624.61,1823.63549,2026-04-07T07:59:59.999000+00:00,125215260.9081131,360308
2026-04-07T08:00:00+00:00,68624.6,69247.9,68071.96,68345.75,2273.58534,2026-04-07T11:59:59.999000+00:00,156083719.1498947,602722
2026-04-07T12:00:00+00:00,68345.75,68633.87,67732.01,68168.1,4041.29436,2026-04-07T15:59:59.999000+00:00,275416609.5555898,877924
2026-04-07T16:00:00+00:00,68168.11,69098.44,68085.01,69011.29,3817.42066,2026-04-07T19:59:59.999000+00:00,261836481.4151918,763698
2026-04-07T20:00:00+00:00,69011.29,72761.0,69011.29,71924.22,9372.24485,2026-04-07T23:59:59.999000+00:00,664607061.5808489,1492694
2026-04-08T00:00:00+00:00,71924.22,72110.65,71240.99,71287.39,3370.06511,2026-04-08T03:59:59.999000+00:00,241296783.5989242,601242
2026-04-08T04:00:00+00:00,71287.39,71941.42,71287.38,71627.59,3297.9557,2026-04-08T07:59:59.999000+00:00,236396199.3557326,387928
2026-04-08T08:00:00+00:00,71627.59,71955.0,71407.77,71675.12,2214.64952,2026-04-08T11:59:59.999000+00:00,158684384.7823453,377758
2026-04-08T12:00:00+00:00,71675.12,72857.0,70707.23,71310.0,6816.03917,2026-04-08T15:59:59.999000+00:00,489044255.3954351,1291966
2026-04-08T16:00:00+00:00,71309.99,71963.94,71019.0,71318.48,2617.29334,2026-04-08T19:59:59.999000+00:00,187085759.9290974,780175
2026-04-08T20:00:00+00:00,71318.47,71748.0,70901.89,71069.93,1486.68343,2026-04-08T23:59:59.999000+00:00,105976804.9905892,404919
2026-04-09T00:00:00+00:00,71069.93,71198.8,70466.0,70992.39,2645.29554,2026-04-09T03:59:59.999000+00:00,187560713.6070664,551958
2026-04-09T04:00:00+00:00,70992.37,71116.0,70689.38,70982.01,2261.38499,2026-04-09T07:59:59.999000+00:00,160484103.7311071,347295
2026-04-09T08:00:00+00:00,70982.01,71575.0,70865.42,71150.17,1825.96774,2026-04-09T11:59:59.999000+00:00,130115156.6952565,348930
2026-04-09T12:00:00+00:00,71150.17,72358.0,70522.77,72141.99,4001.11726,2026-04-09T15:59:59.999000+00:00,285752805.6821221,991804
2026-04-09T16:00:00+00:00,72142.0,72550.0,71729.66,72096.32,4013.80807,2026-04-09T19:59:59.999000+00:00,289696860.0024857,910776
2026-04-09T20:00:00+00:00,72096.33,73145.0,71585.25,71787.97,3410.84799,2026-04-09T23:59:59.999000+00:00,246714176.2912983,622262
2026-04-10T00:00:00+00:00,71787.98,72387.0,71573.35,71868.67,2706.87605,2026-04-10T03:59:59.999000+00:00,194790067.9172284,557690
2026-04-10T04:00:00+00:00,71868.67,72267.89,71428.0,71481.85,2293.26674,2026-04-10T07:59:59.999000+00:00,164865618.6196995,380706
2026-04-10T08:00:00+00:00,71481.85,72261.93,71426.15,72127.59,1565.72366,2026-04-10T11:59:59.999000+00:00,112420183.1065955,354974
2026-04-10T12:00:00+00:00,72127.59,73289.96,71899.51,72460.51,5093.36163,2026-04-10T15:59:59.999000+00:00,370037894.2516655,955471
2026-04-10T16:00:00+00:00,72460.52,73264.76,72387.41,73236.11,2498.15366,2026-04-10T19:59:59.999000+00:00,182195125.2231499,554837
2026-04-10T20:00:00+00:00,73236.11,73434.0,72700.6,72962.7,3215.25114,2026-04-10T23:59:59.999000+00:00,234886746.9373242,372630
2026-04-11T00:00:00+00:00,72962.71,73094.89,72670.0,72866.63,1637.40665,2026-04-11T03:59:59.999000+00:00,119356836.0156417,217255
2026-04-11T04:00:00+00:00,72866.62,72954.28,72612.16,72745.38,1432.18692,2026-04-11T07:59:59.999000+00:00,104178022.8655957,179735
2026-04-11T08:00:00+00:00,72745.38,72915.95,72617.75,72907.05,905.10314,2026-04-11T11:59:59.999000+00:00,65876132.2264597,148187
2026-04-11T12:00:00+00:00,72907.05,72982.4,72513.09,72858.17,1133.77392,2026-04-11T15:59:59.999000+00:00,82470629.0232852,228241
2026-04-11T16:00:00+00:00,72858.18,73790.0,72812.94,73687.15,2377.30473,2026-04-11T19:59:59.999000+00:00,174320698.8014343,418019
2026-04-11T20:00:00+00:00,73687.16,73689.97,72907.4,73043.16,1585.16838,2026-04-11T23:59:59.999000+00:00,116234794.7772536,280604
2026-04-12T00:00:00+00:00,73043.16,73137.24,71310.0,71593.19,4092.12587,2026-04-12T03:59:59.999000+00:00,294609132.2714082,672057
2026-04-12T04:00:00+00:00,71593.18,71781.0,71417.22,71665.0,1969.72049,2026-04-12T07:59:59.999000+00:00,141095647.3343879,193926
2026-04-12T08:00:00+00:00,71664.99,71805.85,71357.76,71468.55,1780.81611,2026-04-12T11:59:59.999000+00:00,127536937.0735057,161761
2026-04-12T12:00:00+00:00,71468.54,71500.0,70604.07,70892.03,2361.32179,2026-04-12T15:59:59.999000+00:00,167667726.8336194,378976
2026-04-12T16:00:00+00:00,70892.04,71222.58,70821.05,71084.18,991.98626,2026-04-12T19:59:59.999000+00:00,70464388.2634608,181390
2026-04-12T20:00:00+00:00,71084.18,71452.0,70505.88,70740.98,2276.49749,2026-04-12T23:59:59.999000+00:00,161452060.0402091,480669
2026-04-13T00:00:00+00:00,70741.56,71271.78,70615.3,70976.0,1886.6472,2026-04-13T03:59:59.999000+00:00,134060690.087982,388627
2026-04-13T04:00:00+00:00,70975.99,71144.0,70672.72,70813.88,2674.10149,2026-04-13T07:59:59.999000+00:00,189623214.3021345,297034
2026-04-13T08:00:00+00:00,70813.88,70997.12,70566.99,70929.68,1023.04479,2026-04-13T11:59:59.999000+00:00,72407437.0839902,263580
2026-04-13T12:00:00+00:00,70929.68,72464.28,70758.5,71866.59,5445.44909,2026-04-13T15:59:59.999000+00:00,390027473.7791191,914922
2026-04-13T16:00:00+00:00,71866.59,73480.0,71679.8,73322.82,6766.75131,2026-04-13T19:59:59.999000+00:00,490711722.3320777,919355
2026-04-13T20:00:00+00:00,73322.0,74900.0,73007.08,74417.99,6434.22237,2026-04-13T23:59:59.999000+00:00,476539780.5988624,890021
2026-04-14T00:00:00+00:00,74418.0,74579.32,73954.86,74444.43,3586.04231,2026-04-14T03:59:59.999000+00:00,266464778.7447262,449320
2026-04-14T04:00:00+00:00,74444.44,74924.64,74150.6,74546.0,3393.84035,2026-04-14T07:59:59.999000+00:00,252752729.3636301,402197
2026-04-14T08:00:00+00:00,74545.99,74910.0,74307.35,74376.52,2697.70497,2026-04-14T11:59:59.999000+00:00,201137375.2722788,400168
2026-04-14T12:00:00+00:00,74376.52,76038.0,74277.19,75317.07,9779.47075,2026-04-14T15:59:59.999000+00:00,735820628.1103466,1334906
2026-04-14T16:00:00+00:00,75317.06,75688.0,73795.47,74223.18,4920.10933,2026-04-14T19:59:59.999000+00:00,366726254.8205857,954188
2026-04-14T20:00:00+00:00,74223.3,74434.33,73806.09,74131.55,2155.77685,2026-04-14T23:59:59.999000+00:00,159827223.2956526,492669
2026-04-15T00:00:00+00:00,74131.55,74786.72,74126.32,74345.97,2142.74367,2026-04-15T03:59:59.999000+00:00,159569243.112278,419388
2026-04-15T04:00:00+00:00,74345.98,74434.51,73514.0,73730.43,3073.4123,2026-04-15T07:59:59.999000+00:00,227312740.5620527,412127
2026-04-15T08:00:00+00:00,73730.43,74256.44,73675.96,74201.78,1889.67298,2026-04-15T11:59:59.999000+00:00,139859664.3843035,392889
2026-04-15T12:00:00+00:00,74201.78,74506.84,73580.85,73844.08,2744.86135,2026-04-15T15:59:59.999000+00:00,203453220.0384701,786767
2026-04-15T16:00:00+00:00,73844.07,75281.0,73762.89,75002.6,2728.37363,2026-04-15T19:59:59.999000+00:00,203066774.8113109,688167
2026-04-15T20:00:00+00:00,75002.6,75425.0,74512.06,74809.99,1845.97774,2026-04-15T23:59:59.999000+00:00,138186969.6286067,488454
2026-04-16T00:00:00+00:00,74809.99,75267.85,74451.49,74888.21,1937.97594,2026-04-16T03:59:59.999000+00:00,145044520.5126545,493297
2026-04-16T04:00:00+00:00,74888.21,75174.38,74636.0,74707.03,2185.42777,2026-04-16T07:59:59.999000+00:00,163816151.9609335,380814
2026-04-16T08:00:00+00:00,74707.02,74901.5,74277.34,74574.79,2687.27336,2026-04-16T11:59:59.999000+00:00,200275229.2307376,397201
2026-04-16T12:00:00+00:00,74574.8,75030.39,73309.85,74697.19,5210.02393,2026-04-16T15:59:59.999000+00:00,386606862.5531474,995409
2026-04-16T16:00:00+00:00,74697.2,75410.71,73912.23,75342.99,3497.56,2026-04-16T19:59:59.999000+00:00,261186146.7774069,893006
2026-04-16T20:00:00+00:00,75343.0,75534.76,74789.5,75154.29,1570.42677,2026-04-16T23:59:59.999000+00:00,117965212.7147315,422163
2026-04-17T00:00:00+00:00,75154.28,75154.77,74529.4,74615.82,2160.86835,2026-04-17T03:59:59.999000+00:00,161648978.7847055,291079
2026-04-17T04:00:00+00:00,74615.82,75089.51,74555.12,75074.77,1339.49148,2026-04-17T07:59:59.999000+00:00,100263083.8171961,293749
2026-04-17T08:00:00+00:00,75074.76,76370.25,74993.24,75589.7,4979.26567,2026-04-17T11:59:59.999000+00:00,376496117.1087652,785388
2026-04-17T12:00:00+00:00,75589.7,78052.49,75531.97,77785.02,11844.17586,2026-04-17T15:59:59.999000+00:00,913540763.421964,2111036
2026-04-17T16:00:00+00:00,77785.03,78333.0,77000.0,77393.58,3865.48754,2026-04-17T19:59:59.999000+00:00,299979874.9933108,1052553
2026-04-17T20:00:00+00:00,77393.58,77611.68,76911.0,77072.0,1752.07804,2026-04-17T23:59:59.999000+00:00,135414390.7147283,397362
2026-04-18T00:00:00+00:00,77072.01,77420.08,76962.67,77005.47,1127.42699,2026-04-18T03:59:59.999000+00:00,87033978.8392885,281988
2026-04-18T04:00:00+00:00,77005.47,77278.58,76884.1,76997.8,1126.90915,2026-04-18T07:59:59.999000+00:00,86860094.1923708,203982
2026-04-18T08:00:00+00:00,76997.79,77048.0,75763.76,76039.05,2670.18059,2026-04-18T11:59:59.999000+00:00,203914682.3603835,506182
2026-04-18T12:00:00+00:00,76039.06,76363.75,75797.53,76167.34,1672.54902,2026-04-18T15:59:59.999000+00:00,127375724.5174403,386477
2026-04-18T16:00:00+00:00,76167.33,76211.57,75445.16,75649.85,1564.20833,2026-04-18T19:59:59.999000+00:00,118557712.106799,371618
2026-04-18T20:00:00+00:00,75649.86,75891.64,75599.64,75691.76,980.57048,2026-04-18T23:59:59.999000+00:00,74266375.9177252,190865
2026-04-19T00:00:00+00:00,75691.76,75847.42,75357.0,75515.77,1006.37687,2026-04-19T03:59:59.999000+00:00,76088047.6073239,248420
2026-04-19T04:00:00+00:00,75515.76,75782.63,74867.72,75252.34,1626.173,2026-04-19T07:59:59.999000+00:00,122490074.6387668,309957
2026-04-19T08:00:00+00:00,75252.33,75641.99,74921.74,75604.11,1388.70023,2026-04-19T11:59:59.999000+00:00,104456315.6906051,303690
2026-04-19T12:00:00+00:00,75604.11,76240.66,75401.44,75846.63,2918.88485,2026-04-19T15:59:59.999000+00:00,221358396.0519665,585796
2026-04-19T16:00:00+00:00,75846.63,75853.26,74608.0,74965.47,2037.3962,2026-04-19T19:59:59.999000+00:00,152946595.3748627,629800
2026-04-19T20:00:00+00:00,74965.46,74965.47,73762.9,73801.79,2392.29117,2026-04-19T23:59:59.999000+00:00,177575941.0772665,662088
2026-04-20T00:00:00+00:00,73801.8,74746.93,73724.31,74634.0,2498.4367,2026-04-20T03:59:59.999000+00:00,185788933.2829729,410708
2026-04-20T04:00:00+00:00,74634.01,75572.0,74095.18,74837.17,2480.55303,2026-04-20T07:59:59.999000+00:00,185383548.5351478,493909
2026-04-20T08:00:00+00:00,74837.18,75404.63,74619.41,75192.71,1646.53372,2026-04-20T11:59:59.999000+00:00,123510536.0455823,446766
2026-04-20T12:00:00+00:00,75192.72,75772.72,74702.0,75716.77,3717.10765,2026-04-20T15:59:59.999000+00:00,279843898.4427195,1123802
2026-04-20T16:00:00+00:00,75716.78,76486.67,75289.92,76296.96,4186.21296,2026-04-20T19:59:59.999000+00:00,318328819.9398238,710688
2026-04-20T20:00:00+00:00,76296.97,76558.62,75617.6,75840.97,2464.56628,2026-04-20T23:59:59.999000+00:00,187648178.1248288,377718
2026-04-21T00:00:00+00:00,75840.97,76263.4,75474.77,75710.3,1612.43915,2026-04-21T03:59:59.999000+00:00,122291902.7332562,388276
2026-04-21T04:00:00+00:00,75710.31,76300.0,75600.0,76084.34,2226.77918,2026-04-21T07:59:59.999000+00:00,169263835.4812954,328799
2026-04-21T08:00:00+00:00,76084.34,76927.57,76063.98,76452.94,2659.19547,2026-04-21T11:59:59.999000+00:00,203376219.1957889,489087
2026-04-21T12:00:00+00:00,76452.94,76595.3,75430.62,75834.65,3598.9457,2026-04-21T15:59:59.999000+00:00,273375796.7574577,976779
2026-04-21T16:00:00+00:00,75834.66,76190.72,74821.57,75023.43,2902.15339,2026-04-21T19:59:59.999000+00:00,219124196.0847464,947226
2026-04-21T20:00:00+00:00,75023.43,76425.37,74967.58,76336.15,1913.05843,2026-04-21T23:59:59.999000+00:00,144686322.3057665,486046
2026-04-22T00:00:00+00:00,76336.14,77733.11,76132.95,77521.48,3427.92326,2026-04-22T03:59:59.999000+00:00,264048583.148532,718372
2026-04-22T04:00:00+00:00,77521.47,78452.18,77364.25,78012.79,4391.05885,2026-04-22T07:59:59.999000+00:00,342414280.1264261,619439
2026-04-22T08:00:00+00:00,78012.78,78399.0,77941.59,78300.0,2316.44812,2026-04-22T11:59:59.999000+00:00,180943959.319677,397191
2026-04-22T12:00:00+00:00,78300.0,79400.0,78114.04,79272.9,5465.82641,2026-04-22T15:59:59.999000+00:00,430572925.0283997,1076339
2026-04-22T16:00:00+00:00,79272.91,79472.82,78632.37,78846.62,2393.5344,2026-04-22T19:59:59.999000+00:00,188975040.5642711,606114
2026-04-22T20:00:00+00:00,78846.62,78915.84,78155.83,78178.23,1742.72121,2026-04-22T23:59:59.999000+00:00,136777297.3590279,339622
2026-04-23T00:00:00+00:00,78178.22,78574.44,77453.43,77746.46,3482.97564,2026-04-23T03:59:59.999000+00:00,271870892.9801951,704515
2026-04-23T04:00:00+00:00,77746.47,78339.35,77675.8,78048.62,1711.42731,2026-04-23T07:59:59.999000+00:00,133531521.0875478,367546
2026-04-23T08:00:00+00:00,78048.61,78175.52,77174.01,77704.62,3562.23716,2026-04-23T11:59:59.999000+00:00,276391715.5079063,489182
2026-04-23T12:00:00+00:00,77704.61,78662.5,77379.92,78376.76,3163.89025,2026-04-23T15:59:59.999000+00:00,246605347.4041747,791680
2026-04-23T16:00:00+00:00,78376.77,78509.82,76960.0,77727.26,3947.74807,2026-04-23T19:59:59.999000+00:00,306941247.4302752,937534
2026-04-23T20:00:00+00:00,77727.25,78331.0,77637.5,78257.48,1102.51658,2026-04-23T23:59:59.999000+00:00,86008973.944147,281339
2026-04-24T00:00:00+00:00,78257.48,78581.93,77555.0,77737.85,2050.74535,2026-04-24T03:59:59.999000+00:00,160231082.6171168,401198
2026-04-24T04:00:00+00:00,77737.84,78057.65,77457.0,77644.6,2006.47598,2026-04-24T07:59:59.999000+00:00,155931979.6074518,310156
2026-04-24T08:00:00+00:00,77644.59,78372.58,77402.01,78240.26,2919.1254,2026-04-24T11:59:59.999000+00:00,227238082.5755203,460974
2026-04-24T12:00:00+00:00,78240.27,78479.37,77577.22,78038.62,2850.11432,2026-04-24T15:59:59.999000+00:00,222458983.3592187,741520
2026-04-24T16:00:00+00:00,78038.63,78060.29,77363.63,77628.85,1634.32254,2026-04-24T19:59:59.999000+00:00,126923663.1982498,454034
2026-04-24T20:00:00+00:00,77628.84,77757.14,77264.08,77437.13,1214.35956,2026-04-24T23:59:59.999000+00:00,94148773.2426391,214091
2026-04-25T00:00:00+00:00,77437.13,77711.87,77309.92,77679.07,943.00804,2026-04-25T03:59:59.999000+00:00,73078937.558883,148443
2026-04-25T04:00:00+00:00,77679.08,77691.23,77450.0,77501.19,894.01774,2026-04-25T07:59:59.999000+00:00,69335830.5481378,112968
2026-04-25T08:00:00+00:00,77501.19,77885.35,77491.36,77682.3,753.19705,2026-04-25T11:59:59.999000+00:00,58535274.1483999,119345
2026-04-25T12:00:00+00:00,77682.29,77752.54,77299.89,77330.26,1006.59668,2026-04-25T15:59:59.999000+00:00,78075468.195723,147328
2026-04-25T16:00:00+00:00,77330.25,77454.31,77140.23,77330.01,1247.67486,2026-04-25T19:59:59.999000+00:00,96479134.7931994,165846
2026-04-25T20:00:00+00:00,77330.0,77650.0,77311.05,77625.0,840.61983,2026-04-25T23:59:59.999000+00:00,65179359.1008104,112612
2026-04-26T00:00:00+00:00,77625.0,77642.43,77326.51,77400.21,671.17692,2026-04-26T03:59:59.999000+00:00,52026700.9622633,113031
2026-04-26T04:00:00+00:00,77400.21,78200.0,77383.46,78102.53,1405.76785,2026-04-26T07:59:59.999000+00:00,109590620.3664487,235298
2026-04-26T08:00:00+00:00,78102.53,78210.0,77926.59,78101.44,721.69853,2026-04-26T11:59:59.999000+00:00,56328153.456191,139117
2026-04-26T12:00:00+00:00,78101.43,78173.15,77770.0,78049.0,1130.54235,2026-04-26T15:59:59.999000+00:00,88163851.0047044,190222
2026-04-26T16:00:00+00:00,78049.0,78500.0,77850.0,78221.16,1505.06004,2026-04-26T19:59:59.999000+00:00,117581165.3257789,236532
2026-04-26T20:00:00+00:00,78221.17,78961.0,77843.75,78657.55,2529.31593,2026-04-26T23:59:59.999000+00:00,198301482.3694137,562771
2026-04-27T00:00:00+00:00,78657.55,79485.66,78400.03,79105.49,3042.99628,2026-04-27T03:59:59.999000+00:00,240529569.829983,627419
2026-04-27T04:00:00+00:00,79105.5,79160.0,77465.05,77606.6,3608.39615,2026-04-27T07:59:59.999000+00:00,281566071.3107824,563977
2026-04-27T08:00:00+00:00,77606.59,77980.0,77553.23,77844.26,1607.93582,2026-04-27T11:59:59.999000+00:00,125083156.7256222,224612
2026-04-27T12:00:00+00:00,77844.25,78265.34,76564.33,76793.09,3804.78309,2026-04-27T15:59:59.999000+00:00,294619821.8005163,804957
2026-04-27T16:00:00+00:00,76793.1,76990.43,76459.64,76878.07,2644.9239,2026-04-27T19:59:59.999000+00:00,202958318.4563456,514967
2026-04-27T20:00:00+00:00,76878.23,77450.0,76763.71,77371.32,1337.88894,2026-04-27T23:59:59.999000+00:00,103076611.9609428,246957
2026-04-28T00:00:00+00:00,77371.32,77478.0,76672.0,76815.18,1448.26407,2026-04-28T03:59:59.999000+00:00,111629911.5968319,332197
2026-04-28T04:00:00+00:00,76815.18,77154.0,76424.9,76879.28,2882.71195,2026-04-28T07:59:59.999000+00:00,221430324.2115158,382433
2026-04-28T08:00:00+00:00,76879.28,77013.63,76130.1,76229.0,2842.73206,2026-04-28T11:59:59.999000+00:00,217812362.8739135,386699
2026-04-28T12:00:00+00:00,76228.99,76421.94,75666.6,76066.38,3776.77215,2026-04-28T15:59:59.999000+00:00,287255204.8816382,711775
2026-04-28T16:00:00+00:00,76066.37,76380.83,75881.28,76330.97,1381.80454,2026-04-28T19:59:59.999000+00:00,105203755.6146094,340246
2026-04-28T20:00:00+00:00,76330.97,76481.3,76197.02,76342.77,878.43906,2026-04-28T23:59:59.999000+00:00,67081114.3765124,199096
2026-04-29T00:00:00+00:00,76342.78,77127.62,76187.75,76994.78,1891.92924,2026-04-29T03:59:59.999000+00:00,144873826.9627742,344243
2026-04-29T04:00:00+00:00,76994.77,77455.71,76880.0,77053.64,2974.5751,2026-04-29T07:59:59.999000+00:00,229410251.9043896,348103
2026-04-29T08:00:00+00:00,77053.65,77904.93,76972.32,77590.03,2697.20554,2026-04-29T11:59:59.999000+00:00,208968866.540064,419003
2026-04-29T12:00:00+00:00,77590.04,77596.39,75705.32,75924.25,5263.52444,2026-04-29T15:59:59.999000+00:00,404163485.0477835,884825
2026-04-29T16:00:00+00:00,75924.24,76274.8,74937.52,75563.86,3962.49362,2026-04-29T19:59:59.999000+00:00,299373776.728234,690524
2026-04-29T20:00:00+00:00,75563.87,76088.9,75497.43,75780.0,1490.20228,2026-04-29T23:59:59.999000+00:00,112945651.1622828,346192
2026-04-30T00:00:00+00:00,75780.0,76473.26,75494.7,75928.1,1613.44526,2026-04-30T03:59:59.999000+00:00,122633694.630049,502145
2026-04-30T04:00:00+00:00,75928.09,76179.91,75323.65,76161.67,1807.58096,2026-04-30T07:59:59.999000+00:00,136866891.6257408,413963
2026-04-30T08:00:00+00:00,76161.67,76339.38,75876.29,76059.43,1712.03014,2026-04-30T11:59:59.999000+00:00,130255424.0546452,320857
2026-04-30T12:00:00+00:00,76059.42,76669.14,76042.75,76473.6,3506.19966,2026-04-30T15:59:59.999000+00:00,267759179.977798,757085
2026-04-30T16:00:00+00:00,76473.6,76514.8,76111.0,76412.8,930.96663,2026-04-30T19:59:59.999000+00:00,71072093.0694469,357750
2026-04-30T20:00:00+00:00,76412.8,76568.9,76206.02,76346.57,811.59342,2026-04-30T23:59:59.999000+00:00,61997308.3314741,217680
2026-05-01T00:00:00+00:00,76346.58,77453.74,76320.42,77131.08,2250.38749,2026-05-01T03:59:59.999000+00:00,172960115.0427243,332552
2026-05-01T04:00:00+00:00,77131.08,77206.38,76653.6,77130.54,2352.39487,2026-05-01T07:59:59.999000+00:00,181246373.4387758,283432
2026-05-01T08:00:00+00:00,77130.54,77600.0,77048.0,77463.98,1968.27324,2026-05-01T11:59:59.999000+00:00,152212519.583216,259648
2026-05-01T12:00:00+00:00,77463.98,78914.12,77408.73,78445.89,6731.19551,2026-05-01T15:59:59.999000+00:00,527305467.4664376,805606
2026-05-01T16:00:00+00:00,78445.88,78683.23,78131.02,78360.0,2194.42574,2026-05-01T19:59:59.999000+00:00,172026718.1286092,435455
2026-05-01T20:00:00+00:00,78360.01,78422.81,77752.0,78231.13,1818.78817,2026-05-01T23:59:59.999000+00:00,142086642.2598013,271765
2026-05-02T00:00:00+00:00,78231.13,78514.82,78166.48,78400.0,1196.13639,2026-05-02T03:59:59.999000+00:00,93718172.8523643,193990
2026-05-02T04:00:00+00:00,78399.99,78448.99,78040.0,78220.0,1475.03871,2026-05-02T07:59:59.999000+00:00,115371450.5095799,141494
2026-05-02T08:00:00+00:00,78220.0,78394.0,78094.43,78143.08,868.1323,2026-05-02T11:59:59.999000+00:00,67933926.4983365,100439
2026-05-02T12:00:00+00:00,78143.09,78487.68,78108.41,78487.67,726.08154,2026-05-02T15:59:59.999000+00:00,56872977.9844811,136958
2026-05-02T16:00:00+00:00,78487.67,78596.61,78310.54,78486.0,708.03792,2026-05-02T19:59:59.999000+00:00,55550536.2136347,142507
2026-05-02T20:00:00+00:00,78486.23,79199.48,78418.32,78686.85,1177.44956,2026-05-02T23:59:59.999000+00:00,92791325.3910133,220755
2026-05-03T00:00:00+00:00,78686.84,78754.55,78108.75,78203.08,1047.76325,2026-05-03T03:59:59.999000+00:00,82053926.0543718,208865
2026-05-03T04:00:00+00:00,78203.07,78483.67,78084.08,78363.25,794.16967,2026-05-03T07:59:59.999000+00:00,62159747.2621949,131027
2026-05-03T08:00:00+00:00,78363.24,78849.22,78354.53,78656.01,948.77514,2026-05-03T11:59:59.999000+00:00,74518710.796928,151044
2026-05-03T12:00:00+00:00,78656.01,78878.77,78586.99,78668.36,1137.8563,2026-05-03T15:59:59.999000+00:00,89575916.3536687,197990
2026-05-03T16:00:00+00:00,78668.36,78853.32,78558.65,78760.32,916.2637,2026-05-03T19:59:59.999000+00:00,72097288.5944381,168347
2026-05-03T20:00:00+00:00,78760.32,79447.0,78484.42,78568.57,2580.96484,2026-05-03T23:59:59.999000+00:00,203888741.3900271,495201
2026-05-04T00:00:00+00:00,78568.58,80458.0,78288.88,80316.31,5091.61332,2026-05-04T03:59:59.999000+00:00,405849652.3613749,798129
2026-05-04T04:00:00+00:00,80316.3,80635.51,79500.0,79696.75,3632.41236,2026-05-04T07:59:59.999000+00:00,290970799.4058189,446188
2026-05-04T08:00:00+00:00,79696.75,79930.0,78202.0,78793.67,5989.03806,2026-05-04T11:59:59.999000+00:00,472495368.8523955,655591
2026-05-04T12:00:00+00:00,78793.67,80545.17,78500.0,80028.85,5918.14009,2026-05-04T15:59:59.999000+00:00,471086959.5040747,926658
2026-05-04T16:00:00+00:00,80028.85,80776.99,79619.33,80053.31,3742.49503,2026-05-04T19:59:59.999000+00:00,300180394.6798754,648707
2026-05-04T20:00:00+00:00,80053.31,80397.19,79744.91,79861.01,1669.26249,2026-05-04T23:59:59.999000+00:00,133591675.7078997,259331
2026-05-05T00:00:00+00:00,79861.01,81083.98,79808.72,80893.08,2402.14099,2026-05-05T03:59:59.999000+00:00,193362338.3593288,378068
2026-05-05T04:00:00+00:00,80893.08,81323.52,80725.0,80855.59,2974.59341,2026-05-05T07:59:59.999000+00:00,240873499.2330156,376455
2026-05-05T08:00:00+00:00,80855.59,81095.48,80527.76,81014.05,2484.57226,2026-05-05T11:59:59.999000+00:00,200675636.2948736,255333
2026-05-05T12:00:00+00:00,81014.05,81712.32,80932.54,81525.19,4561.19169,2026-05-05T15:59:59.999000+00:00,371228843.0006674,703156
2026-05-05T16:00:00+00:00,81525.19,81680.0,81050.04,81606.35,1780.45876,2026-05-05T19:59:59.999000+00:00,144912031.9000956,348055
2026-05-05T20:00:00+00:00,81606.35,81791.48,80790.0,80905.52,2744.22284,2026-05-05T23:59:59.999000+00:00,223266680.4429551,429863
2026-05-06T00:00:00+00:00,80905.53,81760.84,80731.14,81581.69,3011.74344,2026-05-06T03:59:59.999000+00:00,244741070.8369929,402234
2026-05-06T04:00:00+00:00,81581.7,81649.99,81060.0,81359.82,2300.70653,2026-05-06T07:59:59.999000+00:00,187249650.6160106,335929
2026-05-06T08:00:00+00:00,81359.82,82850.0,81328.68,82522.89,5188.93186,2026-05-06T11:59:59.999000+00:00,426154900.1328115,583617
2026-05-06T12:00:00+00:00,82522.88,82539.33,81136.0,81704.25,4508.6602,2026-05-06T15:59:59.999000+00:00,368798606.2968813,793007
2026-05-06T16:00:00+00:00,81704.25,81907.51,81200.0,81464.87,2369.91746,2026-05-06T19:59:59.999000+00:00,193245510.0410719,393608
2026-05-06T20:00:00+00:00,81464.86,81700.0,81000.0,81447.01,1418.81447,2026-05-06T23:59:59.999000+00:00,115460886.8374801,286312
2026-05-07T00:00:00+00:00,81447.01,81490.03,80830.23,80834.91,2068.1731,2026-05-07T03:59:59.999000+00:00,167618852.3828372,392967
2026-05-07T04:00:00+00:00,80834.92,81708.32,80725.09,81518.58,2038.83969,2026-05-07T07:59:59.999000+00:00,165615423.349839,310508
2026-05-07T08:00:00+00:00,81518.57,81590.0,80572.4,80866.65,2364.09693,2026-05-07T11:59:59.999000+00:00,191593255.9650518,327251
2026-05-07T12:00:00+00:00,80866.65,81180.0,79699.52,79890.63,4826.66306,2026-05-07T15:59:59.999000+00:00,387835749.7335032,699919
2026-05-07T16:00:00+00:00,79890.0,80269.06,79500.0,80146.11,3315.14425,2026-05-07T19:59:59.999000+00:00,264879682.8932034,529240
2026-05-07T20:00:00+00:00,80146.77,80371.23,79582.95,80006.0,1541.88635,2026-05-07T23:59:59.999000+00:00,123223417.7778993,280444
2026-05-08T00:00:00+00:00,80006.0,80142.84,79181.48,79578.85,3093.73664,2026-05-08T03:59:59.999000+00:00,246521433.7820703,345140
2026-05-08T04:00:00+00:00,79578.84,79778.95,79248.58,79682.4,2410.56518,2026-05-08T07:59:59.999000+00:00,191729371.9117839,297876
2026-05-08T08:00:00+00:00,79682.4,80340.94,79666.05,80231.22,2348.19703,2026-05-08T11:59:59.999000+00:00,187887211.4459457,289634
2026-05-08T12:00:00+00:00,80231.22,80500.0,79549.54,80142.14,3741.40163,2026-05-08T15:59:59.999000+00:00,299281685.9596143,697304
2026-05-08T16:00:00+00:00,80142.13,80299.99,79738.75,80179.94,3047.90033,2026-05-08T19:59:59.999000+00:00,244074210.673118,440133
2026-05-08T20:00:00+00:00,80180.0,80409.09,80089.76,80193.17,1359.50928,2026-05-08T23:59:59.999000+00:00,109072131.6447296,195285
2026-05-09T00:00:00+00:00,80193.18,80550.67,80129.85,80383.95,1093.10948,2026-05-09T03:59:59.999000+00:00,87838021.1310757,169580
2026-05-09T04:00:00+00:00,80383.96,80666.66,80135.0,80228.89,1481.48785,2026-05-09T07:59:59.999000+00:00,119043207.9224785,178507
2026-05-09T08:00:00+00:00,80228.88,80452.44,80166.26,80345.46,1009.73824,2026-05-09T11:59:59.999000+00:00,81097106.5008045,117110
2026-05-09T12:00:00+00:00,80345.47,80600.0,80234.0,80527.92,1439.92073,2026-05-09T15:59:59.999000+00:00,115729842.9610117,166073
2026-05-09T16:00:00+00:00,80527.92,81080.0,80487.4,80938.53,1533.85565,2026-05-09T19:59:59.999000+00:00,123906317.939529,227656
2026-05-09T20:00:00+00:00,80938.53,80938.53,80621.88,80678.4,990.30982,2026-05-09T23:59:59.999000+00:00,79981729.5315207,143447
2026-05-10T00:00:00+00:00,80678.41,80887.15,80572.77,80775.0,1332.26793,2026-05-10T03:59:59.999000+00:00,107502912.2653846,154990
2026-05-10T04:00:00+00:00,80774.99,80840.0,80658.97,80736.03,1238.41638,2026-05-10T07:59:59.999000+00:00,100011257.1020295,137194
2026-05-10T08:00:00+00:00,80736.03,80975.4,80691.0,80821.21,1108.70905,2026-05-10T11:59:59.999000+00:00,89613061.193439,151511
2026-05-10T12:00:00+00:00,80821.21,81442.81,80784.2,81418.01,1642.67937,2026-05-10T15:59:59.999000+00:00,133127974.3651267,249005
2026-05-10T16:00:00+00:00,81418.01,81583.11,81148.0,81437.83,1798.22732,2026-05-10T19:59:59.999000+00:00,146333824.8773451,284670
2026-05-10T20:00:00+00:00,81437.83,82479.32,80279.77,82210.07,4914.01877,2026-05-10T23:59:59.999000+00:00,400634684.4601496,824238
2026-05-11T00:00:00+00:00,82210.07,82380.0,80525.0,80736.01,3139.85094,2026-05-11T03:59:59.999000+00:00,255479585.0522354,614787
2026-05-11T04:00:00+00:00,80736.0,81049.51,80639.99,80740.4,1595.10256,2026-05-11T07:59:59.999000+00:00,128881022.5865959,244189
2026-05-11T08:00:00+00:00,80740.4,81200.0,80621.87,81196.94,1639.3936,2026-05-11T11:59:59.999000+00:00,132720347.1947808,271633
2026-05-11T12:00:00+00:00,81196.95,81458.0,80462.97,81445.9,2668.23418,2026-05-11T15:59:59.999000+00:00,216243652.7289704,650159
2026-05-11T16:00:00+00:00,81445.89,82137.26,81344.72,81961.99,2673.46567,2026-05-11T19:59:59.999000+00:00,218772682.0358554,529808
2026-05-11T20:00:00+00:00,81961.99,82078.91,81596.31,81745.65,1235.71361,2026-05-11T23:59:59.999000+00:00,101096381.2773177,265820
2026-05-12T00:00:00+00:00,81745.66,81788.0,80714.28,81058.8,1860.32116,2026-05-12T03:59:59.999000+00:00,151124237.9503138,388045
2026-05-12T04:00:00+00:00,81058.79,81305.24,80800.77,80865.4,1779.90239,2026-05-12T07:59:59.999000+00:00,144381281.5739865,268668
2026-05-12T08:00:00+00:00,80865.4,80964.13,80496.57,80784.87,1973.06446,2026-05-12T11:59:59.999000+00:00,159362666.508291,294919
2026-05-12T12:00:00+00:00,80784.86,80999.0,80188.65,80336.01,3205.73752,2026-05-12T15:59:59.999000+00:00,258409868.4661538,710778
2026-05-12T16:00:00+00:00,80336.01,80874.42,79843.59,80834.64,2673.67675,2026-05-12T19:59:59.999000+00:00,214814079.4015798,453833
2026-05-12T20:00:00+00:00,80835.3,80896.25,80439.91,80504.47,893.55448,2026-05-12T23:59:59.999000+00:00,72088033.5403521,228894
2026-05-13T00:00:00+00:00,80504.47,81299.99,80412.15,81249.99,1575.91837,2026-05-13T03:59:59.999000+00:00,127656230.6728354,334232
2026-05-13T04:00:00+00:00,81249.99,81281.07,80889.12,81026.92,1495.76347,2026-05-13T07:59:59.999000+00:00,121245223.7630726,198694
2026-05-13T08:00:00+00:00,81026.92,81324.64,80494.98,80501.22,1841.28298,2026-05-13T11:59:59.999000+00:00,149042536.9335684,306180
2026-05-13T12:00:00+00:00,80501.22,80592.65,78807.22,78827.21,5073.46241,2026-05-13T15:59:59.999000+00:00,404393745.2761137,803873
2026-05-13T16:00:00+00:00,78827.21,79800.0,78754.65,79642.41,3344.60077,2026-05-13T19:59:59.999000+00:00,265102268.069998,455154
2026-05-13T20:00:00+00:00,79642.41,79760.0,79228.0,79313.61,1479.02843,2026-05-13T23:59:59.999000+00:00,117489838.1532355,252437
2026-05-14T00:00:00+00:00,79313.61,79681.73,78922.0,79044.85,2209.55472,2026-05-14T03:59:59.999000+00:00,175540098.7812882,397326
2026-05-14T04:00:00+00:00,79044.86,79998.0,78982.06,79745.98,2068.97946,2026-05-14T07:59:59.999000+00:00,164790849.7291272,308952
2026-05-14T08:00:00+00:00,79745.99,79936.98,79234.0,79258.27,1846.46215,2026-05-14T11:59:59.999000+00:00,147094020.3760948,288904
2026-05-14T12:00:00+00:00,79258.27,81332.23,79230.31,81301.23,5702.09728,2026-05-14T15:59:59.999000+00:00,459033748.0625507,868440
2026-05-14T16:00:00+00:00,81301.22,82048.13,81080.25,81419.74,6279.93607,2026-05-14T19:59:59.999000+00:00,512349082.8561297,947517
2026-05-14T20:00:00+00:00,81419.75,81590.19,81059.93,81089.99,1620.83839,2026-05-14T23:59:59.999000+00:00,131848675.2136064,289907
2026-05-15T00:00:00+00:00,81090.0,81664.45,80750.0,81059.15,2453.72559,2026-05-15T03:59:59.999000+00:00,199331253.2759649,573517
2026-05-15T04:00:00+00:00,81059.15,81100.0,80314.0,80814.88,3091.1014,2026-05-15T07:59:59.999000+00:00,249281204.1838394,465782
2026-05-15T08:00:00+00:00,80814.88,80822.95,80369.0,80628.53,1706.25967,2026-05-15T11:59:59.999000+00:00,137498908.8477579,332890
2026-05-15T12:00:00+00:00,80628.52,80635.44,78659.0,79150.27,6208.56941,2026-05-15T15:59:59.999000+00:00,492850761.6670466,1113399
2026-05-15T16:00:00+00:00,79150.26,79561.94,79051.0,79146.5,1959.36078,2026-05-15T19:59:59.999000+00:00,155332090.4624186,471899
2026-05-15T20:00:00+00:00,79146.5,79217.07,78911.42,79113.21,1932.25394,2026-05-15T23:59:59.999000+00:00,152858455.9318408,226627
2026-05-16T00:00:00+00:00,79113.2,79227.77,79010.0,79083.18,1248.1828,2026-05-16T03:59:59.999000+00:00,98782149.8781734,172892
2026-05-16T04:00:00+00:00,79083.19,79129.71,78066.0,78369.77,2404.82958,2026-05-16T07:59:59.999000+00:00,189004677.9853879,368303
2026-05-16T08:00:00+00:00,78369.78,78530.52,77640.0,78081.71,3846.10003,2026-05-16T11:59:59.999000+00:00,300108345.8633895,465246
2026-05-16T12:00:00+00:00,78080.46,78346.0,77833.4,78238.67,2684.35726,2026-05-16T15:59:59.999000+00:00,209458549.6676124,277288
2026-05-16T16:00:00+00:00,78238.68,78364.65,78119.72,78259.66,1260.04581,2026-05-16T19:59:59.999000+00:00,98598246.6189946,183025
2026-05-16T20:00:00+00:00,78259.67,78318.94,78125.32,78148.05,689.34644,2026-05-16T23:59:59.999000+00:00,53938686.6452932,130907
2026-05-17T00:00:00+00:00,78148.05,78243.19,77721.19,78028.88,1284.92928,2026-05-17T03:59:59.999000+00:00,100153382.3810949,259487
2026-05-17T04:00:00+00:00,78028.88,78323.96,78003.35,78180.01,952.09545,2026-05-17T07:59:59.999000+00:00,74402882.8045699,139896
2026-05-17T08:00:00+00:00,78180.0,78599.99,78033.01,78415.99,1136.18338,2026-05-17T11:59:59.999000+00:00,89016794.9300075,208939
2026-05-17T12:00:00+00:00,78415.99,78550.0,77850.0,78051.41,1115.91599,2026-05-17T15:59:59.999000+00:00,87238754.9756237,241451
2026-05-17T16:00:00+00:00,78051.42,78468.46,77856.69,78415.3,837.07576,2026-05-17T19:59:59.999000+00:00,65398691.5395684,212443
2026-05-17T20:00:00+00:00,78415.29,78485.36,76735.16,77457.67,3116.50234,2026-05-17T23:59:59.999000+00:00,241850975.0139876,508217
2026-05-18T00:00:00+00:00,77457.67,77477.99,76707.61,76924.65,2888.01155,2026-05-18T03:59:59.999000+00:00,222451363.2525988,682471
2026-05-18T04:00:00+00:00,76924.66,77089.29,76583.33,77073.69,2702.66726,2026-05-18T07:59:59.999000+00:00,207940327.3272454,378018
2026-05-18T08:00:00+00:00,77073.69,77403.48,76668.58,77285.83,2052.55387,2026-05-18T11:59:59.999000+00:00,158009262.4399141,347335
2026-05-18T12:00:00+00:00,77285.83,77800.0,76051.0,76409.46,6216.09738,2026-05-18T15:59:59.999000+00:00,476782195.4852342,1093285
2026-05-18T16:00:00+00:00,76409.46,76995.0,76144.24,76928.0,3295.85681,2026-05-18T19:59:59.999000+00:00,252179256.0142005,719150
2026-05-18T20:00:00+00:00,76928.0,77222.79,76800.0,77001.87,1590.32991,2026-05-18T23:59:59.999000+00:00,122499627.3727782,309069
2026-05-19T00:00:00+00:00,77001.88,77414.62,76487.83,76787.11,2006.76014,2026-05-19T03:59:59.999000+00:00,154312071.7206243,409793
2026-05-19T04:00:00+00:00,76787.1,77278.57,76644.98,77233.69,1508.45954,2026-05-19T07:59:59.999000+00:00,116135166.5986094,312349
2026-05-19T08:00:00+00:00,77233.68,77317.02,76633.83,76714.62,1745.68912,2026-05-19T11:59:59.999000+00:00,134330028.5478066,353681
2026-05-19T12:00:00+00:00,76714.61,77048.72,76144.71,76521.23,3363.76947,2026-05-19T15:59:59.999000+00:00,257708472.1435481,686940
2026-05-19T16:00:00+00:00,76521.24,77065.8,76407.72,76818.74,1634.99916,2026-05-19T19:59:59.999000+00:00,125582001.0074323,360896
2026-05-19T20:00:00+00:00,76818.73,77040.83,76642.95,76834.36,765.18235,2026-05-19T23:59:59.999000+00:00,58836638.2897828,191462
2026-05-20T00:00:00+00:00,76834.36,76922.46,76516.74,76723.54,1561.801,2026-05-20T03:59:59.999000+00:00,119804401.4258981,376048
2026-05-20T04:00:00+00:00,76723.55,77472.21,76692.0,77282.64,2218.09189,2026-05-20T07:59:59.999000+00:00,171138256.8911002,304596
2026-05-20T08:00:00+00:00,77282.65,77663.0,77210.33,77382.49,1682.41191,2026-05-20T11:59:59.999000+00:00,130363005.9287853,223205
2026-05-20T12:00:00+00:00,77382.5,77853.04,76891.61,77455.46,3039.76807,2026-05-20T15:59:59.999000+00:00,235264407.0660166,771773
2026-05-20T16:00:00+00:00,77455.45,77713.66,77018.38,77667.49,1712.28825,2026-05-20T19:59:59.999000+00:00,132639714.8752605,465144
2026-05-20T20:00:00+00:00,77667.49,77766.6,77226.61,77552.23,1081.90195,2026-05-20T23:59:59.999000+00:00,83881485.2845744,296988
2026-05-21T00:00:00+00:00,77552.24,78173.15,77525.0,78078.72,2263.9569,2026-05-21T03:59:59.999000+00:00,176450002.8395794,323259
2026-05-21T04:00:00+00:00,78078.72,78180.01,77521.0,77889.01,1454.09234,2026-05-21T07:59:59.999000+00:00,113174708.1911153,273599
2026-05-21T08:00:00+00:00,77889.01,78200.0,77147.15,77189.1,1934.87402,2026-05-21T11:59:59.999000+00:00,150109563.9322884,398191
2026-05-21T12:00:00+00:00,77189.1,77402.12,76719.47,77259.46,2353.9044,2026-05-21T15:59:59.999000+00:00,181463283.85318,636222
2026-05-21T16:00:00+00:00,77259.45,78098.16,77008.75,77690.56,2693.31851,2026-05-21T19:59:59.999000+00:00,208942205.9974839,628414
2026-05-21T20:00:00+00:00,77690.56,77813.35,77534.43,77615.52,618.11224,2026-05-21T23:59:59.999000+00:00,48028932.4141022,213461
2026-05-22T00:00:00+00:00,77615.52,77817.8,77327.28,77779.98,884.30161,2026-05-22T03:59:59.999000+00:00,68607031.5587212,262036
2026-05-22T04:00:00+00:00,77779.98,77900.0,77288.77,77408.06,1756.84353,2026-05-22T07:59:59.999000+00:00,136273565.877494,283504
2026-05-22T08:00:00+00:00,77408.07,77535.0,77184.45,77428.84,1436.53453,2026-05-22T11:59:59.999000+00:00,111089623.5665412,267845
2026-05-22T12:00:00+00:00,77428.83,77584.94,76570.0,76790.59,2613.83665,2026-05-22T15:59:59.999000+00:00,201277486.6758566,538200
2026-05-22T16:00:00+00:00,76790.6,77093.72,75668.76,75860.44,2815.05544,2026-05-22T19:59:59.999000+00:00,215062349.7203905,642354
2026-05-22T20:00:00+00:00,75860.44,76087.85,75359.18,75539.5,1765.78958,2026-05-22T23:59:59.999000+00:00,133890403.511456,376844
2026-05-23T00:00:00+00:00,75539.5,75664.62,75220.0,75635.22,1896.10926,2026-05-23T03:59:59.999000+00:00,143081863.3813734,379391
2026-05-23T04:00:00+00:00,75635.22,75650.63,74289.6,74609.36,2690.99014,2026-05-23T07:59:59.999000+00:00,201843393.9899397,291493
2026-05-23T08:00:00+00:00,74609.37,74873.55,74303.56,74789.99,2509.09623,2026-05-23T11:59:59.999000+00:00,187368569.3401342,228680
2026-05-23T12:00:00+00:00,74789.99,75726.3,74660.05,75520.0,2943.5001,2026-05-23T15:59:59.999000+00:00,221349476.8966604,296058
2026-05-23T16:00:00+00:00,75519.99,76012.22,75371.72,75983.45,1772.27259,2026-05-23T19:59:59.999000+00:00,134064251.7695557,295468
2026-05-23T20:00:00+00:00,75983.45,77404.18,75953.94,76752.01,3274.91982,2026-05-23T23:59:59.999000+00:00,251289050.3961526,612446
2026-05-24T00:00:00+00:00,76752.0,77011.62,76629.02,76750.0,1051.70404,2026-05-24T03:59:59.999000+00:00,80792933.0795345,212742
2026-05-24T04:00:00+00:00,76750.01,77065.94,76651.59,76799.99,817.66826,2026-05-24T07:59:59.999000+00:00,62814260.3979385,156102
2026-05-24T08:00:00+00:00,76799.99,77543.15,76734.42,77320.06,1746.24676,2026-05-24T11:59:59.999000+00:00,134690446.9447062,220137
2026-05-24T12:00:00+00:00,77320.06,77325.72,76195.36,76371.59,1982.25663,2026-05-24T15:59:59.999000+00:00,151975091.4823176,328989
2026-05-24T16:00:00+00:00,76371.59,76799.99,76371.59,76773.34,882.04437,2026-05-24T19:59:59.999000+00:00,67601817.9946742,221766
2026-05-24T20:00:00+00:00,76773.33,77225.97,76108.0,77064.96,1918.0815,2026-05-24T23:59:59.999000+00:00,147050967.712145,473233
2026-05-25T00:00:00+00:00,77064.96,77485.0,76914.25,77026.67,1368.4044,2026-05-25T03:59:59.999000+00:00,105578637.7312158,399478
2026-05-25T04:00:00+00:00,77026.68,77650.0,76990.78,77401.12,1348.52945,2026-05-25T07:59:59.999000+00:00,104322120.6755996,271955
2026-05-25T08:00:00+00:00,77401.11,77699.97,77280.32,77357.5,1214.44703,2026-05-25T11:59:59.999000+00:00,94099984.9474514,225247
2026-05-25T12:00:00+00:00,77357.5,77905.52,77286.5,77628.82,1563.39696,2026-05-25T15:59:59.999000+00:00,121251852.8471382,336312
2026-05-25T16:00:00+00:00,77628.82,77807.29,77343.61,77441.86,1121.16576,2026-05-25T19:59:59.999000+00:00,86986025.6494108,262382
2026-05-25T20:00:00+00:00,77441.85,77500.0,77019.82,77322.01,1056.37837,2026-05-25T23:59:59.999000+00:00,81629383.1467815,283135
2026-05-26T00:00:00+00:00,77322.01,77345.0,76475.59,76664.01,2145.81269,2026-05-26T03:59:59.999000+00:00,164738004.8469679,395497
2026-05-26T04:00:00+00:00,76664.0,77059.74,76603.73,76730.84,2043.2043,2026-05-26T07:59:59.999000+00:00,156924704.3536484,323205
2026-05-26T08:00:00+00:00,76730.84,77621.75,76586.94,77183.55,1896.99632,2026-05-26T11:59:59.999000+00:00,146246716.33127,437344
2026-05-26T12:00:00+00:00,77183.56,78080.0,76272.63,76518.1,4834.0846,2026-05-26T15:59:59.999000+00:00,372249541.9134607,1013990
2026-05-26T16:00:00+00:00,76518.1,76710.01,75779.3,76052.0,4688.69854,2026-05-26T19:59:59.999000+00:00,357349325.2462373,860782
2026-05-26T20:00:00+00:00,76052.0,76180.0,75677.97,75930.01,1344.67984,2026-05-26T23:59:59.999000+00:00,102101025.0060074,329927
2026-05-27T00:00:00+00:00,75930.01,76104.02,75607.62,75683.0,2404.25109,2026-05-27T03:59:59.999000+00:00,182437480.5798871,350806
2026-05-27T04:00:00+00:00,75683.0,75980.0,75310.9,75977.17,2224.40852,2026-05-27T07:59:59.999000+00:00,168342969.9139334,390149
2026-05-27T08:00:00+00:00,75977.16,76071.41,75710.76,75769.18,1291.66875,2026-05-27T11:59:59.999000+00:00,98055997.8637789,330751
2026-05-27T12:00:00+00:00,75769.18,76174.15,74758.33,75326.01,5186.20338,2026-05-27T15:59:59.999000+00:00,389924669.072026,1041783
2026-05-27T16:00:00+00:00,75326.02,75408.01,74663.45,75066.08,3165.53822,2026-05-27T19:59:59.999000+00:00,237469097.3716778,660988
2026-05-27T20:00:00+00:00,75066.09,75415.81,74243.99,74449.3,2605.70487,2026-05-27T23:59:59.999000+00:00,194450048.1075211,592591
2026-05-28T00:00:00+00:00,74449.31,74590.77,73060.59,73258.01,5727.94403,2026-05-28T03:59:59.999000+00:00,422454652.7756379,957958
2026-05-28T04:00:00+00:00,73258.0,73512.14,72728.85,73498.0,4799.6102,2026-05-28T07:59:59.999000+00:00,350788898.9720567,613599
2026-05-28T08:00:00+00:00,73498.0,73616.0,73193.13,73505.66,1994.38372,2026-05-28T11:59:59.999000+00:00,146414650.8575235,379544
2026-05-28T12:00:00+00:00,73505.65,73580.75,72582.82,72928.73,4632.38493,2026-05-28T15:59:59.999000+00:00,338350899.7207173,1025017
2026-05-28T16:00:00+00:00,72928.73,73749.69,72741.4,73419.32,2524.28664,2026-05-28T19:59:59.999000+00:00,185327073.9490145,520421
2026-05-28T20:00:00+00:00,73419.31,73949.22,73241.48,73617.51,1595.41074,2026-05-28T23:59:59.999000+00:00,117472349.2323247,303174
2026-05-29T00:00:00+00:00,73617.52,73868.33,73189.11,73301.52,2123.30407,2026-05-29T03:59:59.999000+00:00,156251092.4591922,362421
2026-05-29T04:00:00+00:00,73301.53,73939.19,73210.21,73528.56,2641.80699,2026-05-29T07:59:59.999000+00:00,194346867.6781097,337489
2026-05-29T08:00:00+00:00,73528.55,73902.85,73341.85,73487.98,2197.79295,2026-05-29T11:59:59.999000+00:00,161975355.4234668,288370
2026-05-29T12:00:00+00:00,73487.98,74200.0,72512.49,73808.26,4624.93207,2026-05-29T15:59:59.999000+00:00,338945900.8604173,955004
2026-05-29T16:00:00+00:00,73808.25,74514.1,73187.25,73520.28,5596.86593,2026-05-29T19:59:59.999000+00:00,414173826.5981446,676951
2026-05-29T20:00:00+00:00,73520.29,73844.0,73320.0,73460.78,1502.0394,2026-05-29T23:59:59.999000+00:00,110413449.8870964,277083
2026-05-30T00:00:00+00:00,73460.78,73796.43,73408.62,73524.01,1539.64276,2026-05-30T03:59:59.999000+00:00,113323762.9491,194546
2026-05-30T04:00:00+00:00,73524.01,73709.91,73216.0,73548.6,1487.87007,2026-05-30T07:59:59.999000+00:00,109352098.1261865,245090
2026-05-30T08:00:00+00:00,73548.6,73680.75,73500.02,73602.02,1076.47863,2026-05-30T11:59:59.999000+00:00,79212007.5008943,121936
2026-05-30T12:00:00+00:00,73602.01,74100.0,73594.4,73930.14,1485.09864,2026-05-30T15:59:59.999000+00:00,109676214.0858925,237589
2026-05-30T16:00:00+00:00,73930.13,74143.76,73811.3,74016.65,836.20775,2026-05-30T19:59:59.999000+00:00,61866638.4589054,182606
2026-05-30T20:00:00+00:00,74016.64,74054.0,73781.3,73884.38,1090.11124,2026-05-30T23:59:59.999000+00:00,80558664.990542,142639
2026-05-31T00:00:00+00:00,73884.38,74275.66,73858.56,74150.64,1099.56261,2026-05-31T03:59:59.999000+00:00,81450558.592583,244533
2026-05-31T04:00:00+00:00,74150.64,74221.33,73836.0,73871.24,869.39106,2026-05-31T07:59:59.999000+00:00,64375261.5012054,149705
2026-05-31T08:00:00+00:00,73871.25,74024.0,73699.2,73937.79,1250.59286,2026-05-31T11:59:59.999000+00:00,92398964.3909115,173955
2026-05-31T12:00:00+00:00,73937.63,74023.99,73483.05,73655.21,1349.33176,2026-05-31T15:59:59.999000+00:00,99503135.8356294,253612
2026-05-31T16:00:00+00:00,73655.2,73734.0,73400.0,73563.42,985.40321,2026-05-31T19:59:59.999000+00:00,72509378.3963207,200563
2026-05-31T20:00:00+00:00,73563.41,74198.0,73500.0,73674.39,1432.17557,2026-05-31T23:59:59.999000+00:00,105670233.8725472,341069
2026-06-01T00:00:00+00:00,73674.39,74092.0,73222.0,73769.06,1797.97503,2026-06-01T03:59:59.999000+00:00,132503071.004449,517267
2026-06-01T04:00:00+00:00,73769.06,73841.37,72704.0,72818.0,2313.7758,2026-06-01T07:59:59.999000+00:00,169351798.3791221,519944
2026-06-01T08:00:00+00:00,72818.0,73095.64,72290.0,72479.99,4064.81004,2026-06-01T11:59:59.999000+00:00,295822836.1186243,494971
2026-06-01T12:00:00+00:00,72480.0,72610.0,71066.33,71129.62,8608.45364,2026-06-01T15:59:59.999000+00:00,617467508.6104907,1508444
2026-06-01T16:00:00+00:00,71129.62,71800.73,70686.68,71595.24,4920.23395,2026-06-01T19:59:59.999000+00:00,350869050.8742894,715031
2026-06-01T20:00:00+00:00,71595.24,71690.0,70840.9,71408.9,2215.84338,2026-06-01T23:59:59.999000+00:00,157944073.6959021,482116
2026-06-02T00:00:00+00:00,71408.9,71408.9,70111.0,70953.69,3525.64758,2026-06-02T03:59:59.999000+00:00,249850079.2495126,740992
2026-06-02T04:00:00+00:00,70953.7,71048.0,69733.0,70118.42,4217.43297,2026-06-02T07:59:59.999000+00:00,296424153.2384471,754037
2026-06-02T08:00:00+00:00,70118.42,70172.0,69324.65,69461.72,3766.33037,2026-06-02T11:59:59.999000+00:00,262275224.729139,710514
2026-06-02T12:00:00+00:00,69461.73,69548.13,67076.0,67304.28,9534.68154,2026-06-02T15:59:59.999000+00:00,651185416.479119,1597097
2026-06-02T16:00:00+00:00,67304.29,68146.3,66432.0,67315.14,5955.1383,2026-06-02T19:59:59.999000+00:00,401049257.9114817,1144705
2026-06-02T20:00:00+00:00,67315.14,67923.24,66193.0,66760.83,5858.9651,2026-06-02T23:59:59.999000+00:00,392564446.3754287,1303332
2026-06-03T00:00:00+00:00,66760.84,67204.15,65426.34,65849.9,5876.92165,2026-06-03T03:59:59.999000+00:00,390273983.9205726,1076017
2026-06-03T04:00:00+00:00,65849.9,67516.0,65834.0,67220.03,5699.32885,2026-06-03T07:59:59.999000+00:00,381781195.6046546,994422
2026-06-03T08:00:00+00:00,67220.03,67476.69,66656.48,67067.37,3840.69634,2026-06-03T11:59:59.999000+00:00,257706709.9916657,737079
2026-06-03T12:00:00+00:00,67067.37,67244.62,66076.0,66076.01,4537.71513,2026-06-03T15:59:59.999000+00:00,302861716.0743745,1390646
2026-06-03T16:00:00+00:00,66076.01,66373.18,65251.0,65462.0,4242.73831,2026-06-03T19:59:59.999000+00:00,279402457.3379947,1109866
2026-06-03T20:00:00+00:00,65461.99,65860.0,64092.49,64142.75,5940.90622,2026-06-03T23:59:59.999000+00:00,386323918.9636817,1368328
2026-06-04T00:00:00+00:00,64142.75,64540.3,61383.56,64363.49,16957.23407,2026-06-04T03:59:59.999000+00:00,1069265096.3593856,2410925
2026-06-04T04:00:00+00:00,64363.49,64764.32,63492.89,63603.15,5000.68767,2026-06-04T07:59:59.999000+00:00,320591861.7456476,1036545
2026-06-04T08:00:00+00:00,63603.15,63904.63,62205.0,62545.99,8595.49118,2026-06-04T11:59:59.999000+00:00,540467807.652113,1698955
2026-06-04T12:00:00+00:00,62546.0,64494.92,62392.0,63896.17,6185.98937,2026-06-04T15:59:59.999000+00:00,394325488.1960996,1831681
2026-06-04T16:00:00+00:00,63896.16,64163.93,62944.91,63629.38,3723.72569,2026-06-04T19:59:59.999000+00:00,236942600.7355761,1155303
2026-06-04T20:00:00+00:00,63629.38,63918.0,63106.04,63885.99,3114.04773,2026-06-04T23:59:59.999000+00:00,197756878.8005613,924567
2026-06-05T00:00:00+00:00,63885.99,63978.0,62339.0,62730.0,4162.99809,2026-06-05T03:59:59.999000+00:00,262536010.1409602,1225987
2026-06-05T04:00:00+00:00,62730.0,63688.0,61126.01,63115.99,10733.42354,2026-06-05T07:59:59.999000+00:00,668376397.0652407,2270535
2026-06-05T08:00:00+00:00,63115.99,63259.9,61964.98,61964.99,4297.16406,2026-06-05T11:59:59.999000+00:00,269110992.1566804,1142388
2026-06-05T12:00:00+00:00,61964.99,62457.86,60000.0,60438.01,14801.01342,2026-06-05T15:59:59.999000+00:00,903329435.9502803,2679839
2026-06-05T16:00:00+00:00,60438.0,61547.24,59130.91,60300.24,13747.59231,2026-06-05T19:59:59.999000+00:00,828648361.47734,2680737
2026-06-05T20:00:00+00:00,60300.24,62000.0,59940.01,61056.47,7285.09665,2026-06-05T23:59:59.999000+00:00,447020553.7128263,1659370
2026-06-06T00:00:00+00:00,61056.47,61530.05,60520.0,60687.04,2945.07914,2026-06-06T03:59:59.999000+00:00,179762223.6704187,973252
2026-06-06T04:00:00+00:00,60687.05,61276.95,59500.0,61004.95,7062.57386,2026-06-06T07:59:59.999000+00:00,427756115.8325964,1567097
2026-06-06T08:00:00+00:00,61004.95,61500.0,60198.0,60802.91,3473.55766,2026-06-06T11:59:59.999000+00:00,211333241.0287374,817667
2026-06-06T12:00:00+00:00,60802.9,61185.26,60396.0,60784.0,2291.49519,2026-06-06T15:59:59.999000+00:00,139417012.2724489,717560
2026-06-06T16:00:00+00:00,60784.01,60971.24,60393.96,60600.01,2446.99506,2026-06-06T19:59:59.999000+00:00,148359633.576543,534622
2026-06-06T20:00:00+00:00,60600.0,61000.0,60429.09,60884.62,1575.88786,2026-06-06T23:59:59.999000+00:00,95697732.0874891,390676
2026-06-07T00:00:00+00:00,60884.62,61778.33,60746.0,61701.07,2959.18911,2026-06-07T03:59:59.999000+00:00,181385716.2030478,709548
2026-06-07T04:00:00+00:00,61701.06,62416.26,61482.46,62404.73,4903.20395,2026-06-07T07:59:59.999000+00:00,304023070.1693883,740026
2026-06-07T08:00:00+00:00,62404.72,62960.0,62259.37,62621.96,4723.06235,2026-06-07T11:59:59.999000+00:00,295560305.0786909,725358
2026-06-07T12:00:00+00:00,62621.97,62643.97,61577.12,62093.99,4554.1389,2026-06-07T15:59:59.999000+00:00,282015239.1601059,947743
2026-06-07T16:00:00+00:00,62093.99,62332.0,61184.0,61328.0,2477.20723,2026-06-07T19:59:59.999000+00:00,153321370.3425705,627720
2026-06-07T20:00:00+00:00,61327.99,64234.68,61217.17,63332.01,6995.30289,2026-06-07T23:59:59.999000+00:00,440345071.8599046,1002066
2026-06-08T00:00:00+00:00,63332.01,63863.06,62720.86,63130.12,3315.4618,2026-06-08T03:59:59.999000+00:00,209776019.139319,951227
2026-06-08T04:00:00+00:00,63130.12,63350.0,62408.0,63283.99,2834.18452,2026-06-08T07:59:59.999000+00:00,178355729.1551866,746526
2026-06-08T08:00:00+00:00,63284.0,63873.08,62992.01,63479.61,3752.47446,2026-06-08T11:59:59.999000+00:00,237868671.2112363,730155
2026-06-08T12:00:00+00:00,63479.62,64200.0,62718.3,63774.48,8126.80733,2026-06-08T15:59:59.999000+00:00,517711748.3686128,1316931
2026-06-08T16:00:00+00:00,63774.48,64046.86,63268.01,63372.01,2713.14128,2026-06-08T19:59:59.999000+00:00,172421648.334559,623074
2026-06-08T20:00:00+00:00,63372.01,63850.0,62978.66,63085.99,2311.31685,2026-06-08T23:59:59.999000+00:00,146429470.5423066,519651
2026-06-09T00:00:00+00:00,63086.0,63184.0,62423.07,62875.17,3759.28744,2026-06-09T03:59:59.999000+00:00,235865848.1528649,700766
2026-06-09T04:00:00+00:00,62875.18,63526.01,62748.0,63198.44,3708.0084,2026-06-09T07:59:59.999000+00:00,234535665.0725845,551428
2026-06-09T08:00:00+00:00,63198.44,63208.86,62498.75,62711.12,2528.63515,2026-06-09T11:59:59.999000+00:00,158742223.0036342,465050
2026-06-09T12:00:00+00:00,62711.12,62895.18,61037.0,61131.84,6183.44756,2026-06-09T15:59:59.999000+00:00,382417752.565316,1260536
2026-06-09T16:00:00+00:00,61131.85,62103.39,60780.0,62098.09,4007.5249,2026-06-09T19:59:59.999000+00:00,246053601.5457886,963025
2026-06-09T20:00:00+00:00,62098.09,62272.0,61556.0,61730.0,1449.31614,2026-06-09T23:59:59.999000+00:00,89706958.8221522,406527
2026-06-10T00:00:00+00:00,61730.0,61974.7,61235.29,61549.64,1721.50899,2026-06-10T03:59:59.999000+00:00,106045624.8372721,592207
2026-06-10T04:00:00+00:00,61549.64,61813.34,61080.0,61687.56,2220.41887,2026-06-10T07:59:59.999000+00:00,136484341.6312986,480520
2026-06-10T08:00:00+00:00,61687.56,61736.0,60755.0,61034.04,2813.24386,2026-06-10T11:59:59.999000+00:00,172223607.1572254,735601
2026-06-10T12:00:00+00:00,61034.04,62857.99,60960.0,62639.23,4783.79909,2026-06-10T15:59:59.999000+00:00,296352226.0096525,1335269
2026-06-10T16:00:00+00:00,62639.23,62646.0,61588.8,61942.44,2675.36915,2026-06-10T19:59:59.999000+00:00,165886486.1541675,900048
2026-06-10T20:00:00+00:00,61942.45,61949.21,61104.24,61510.99,1784.37656,2026-06-10T23:59:59.999000+00:00,109718597.7997586,612041
2026-06-11T00:00:00+00:00,61510.99,62848.0,61510.99,62689.48,2852.15258,2026-06-11T03:59:59.999000+00:00,177317145.7910108,609797
2026-06-11T04:00:00+00:00,62689.47,62997.53,62544.89,62719.39,2483.01428,2026-06-11T07:59:59.999000+00:00,155847166.215894,451403
2026-06-11T08:00:00+00:00,62719.39,63257.21,62719.38,63108.0,2178.0981,2026-06-11T11:59:59.999000+00:00,137213592.4285858,382423
2026-06-11T12:00:00+00:00,63108.01,63239.43,62500.0,62749.44,4338.30998,2026-06-11T15:59:59.999000+00:00,272726925.3409483,910921
2026-06-11T16:00:00+00:00,62749.44,63933.02,62348.0,63605.68,4125.82489,2026-06-11T19:59:59.999000+00:00,260979936.0707047,792771
2026-06-11T20:00:00+00:00,63605.69,63700.0,63270.0,63625.99,1403.54659,2026-06-11T23:59:59.999000+00:00,89127100.5867416,299488
2026-06-12T00:00:00+00:00,63626.0,63810.01,63301.53,63524.82,2654.11007,2026-06-12T03:59:59.999000+00:00,168727450.0947112,351019
2026-06-12T04:00:00+00:00,63524.81,63863.98,62829.81,63100.8,3225.69245,2026-06-12T07:59:59.999000+00:00,204092793.5450215,438376
2026-06-12T08:00:00+00:00,63100.8,63953.84,63100.8,63766.01,2378.6864,2026-06-12T11:59:59.999000+00:00,151435133.1977628,452201
2026-06-12T12:00:00+00:00,63766.01,64394.44,63045.29,63593.02,4102.13697,2026-06-12T15:59:59.999000+00:00,261375415.2925594,1024713
2026-06-12T16:00:00+00:00,63593.02,64111.1,63510.16,63589.27,2256.79665,2026-06-12T19:59:59.999000+00:00,144000810.8794016,593615
2026-06-12T20:00:00+00:00,63589.28,63696.41,63400.0,63580.01,1779.62986,2026-06-12T23:59:59.999000+00:00,113029909.6701474,294128
2026-06-13T00:00:00+00:00,63580.0,63840.0,63418.66,63532.0,1807.91855,2026-06-13T03:59:59.999000+00:00,115050572.2544377,236410
2026-06-13T04:00:00+00:00,63532.0,63883.47,63484.0,63846.0,1539.29828,2026-06-13T07:59:59.999000+00:00,97970733.6989043,219856
2026-06-13T08:00:00+00:00,63845.99,63984.53,63726.57,63971.28,1197.2171,2026-06-13T11:59:59.999000+00:00,76452837.3025391,200969
2026-06-13T12:00:00+00:00,63971.28,64350.0,63921.33,64296.15,2169.16248,2026-06-13T15:59:59.999000+00:00,139129588.598864,290447
2026-06-13T16:00:00+00:00,64296.15,64333.62,63920.05,64296.59,1609.94419,2026-06-13T19:59:59.999000+00:00,103193467.7575661,294404
2026-06-13T20:00:00+00:00,64296.59,64762.77,64226.38,64458.01,1637.20103,2026-06-13T23:59:59.999000+00:00,105504850.8744821,246923
2026-06-14T00:00:00+00:00,64458.01,64710.0,64380.7,64545.3,1832.15643,2026-06-14T03:59:59.999000+00:00,118257180.2878221,214748
2026-06-14T04:00:00+00:00,64545.3,64563.48,64214.0,64429.39,1779.79489,2026-06-14T07:59:59.999000+00:00,114525085.7439294,195396
2026-06-14T08:00:00+00:00,64429.39,64664.0,64321.18,64546.0,842.29439,2026-06-14T11:59:59.999000+00:00,54340916.3288893,165992
2026-06-14T12:00:00+00:00,64546.01,64560.66,63866.66,64025.07,1790.92239,2026-06-14T15:59:59.999000+00:00,114931524.1264969,315826
2026-06-14T16:00:00+00:00,64025.06,64208.92,63678.83,63802.0,1240.64937,2026-06-14T19:59:59.999000+00:00,79253327.6641494,248701
2026-06-14T20:00:00+00:00,63801.99,65800.0,63794.09,65746.45,5717.21628,2026-06-14T23:59:59.999000+00:00,372346505.1125431,920238
2026-06-15T00:00:00+00:00,65746.45,65995.0,65354.0,65927.1,3254.30382,2026-06-15T03:59:59.999000+00:00,213639448.2933672,532026
2026-06-15T04:00:00+00:00,65927.11,66000.0,65611.01,65674.76,1981.09056,2026-06-15T07:59:59.999000+00:00,130283728.8441916,313310
2026-06-15T08:00:00+00:00,65674.76,66385.12,65512.0,66233.9,2545.824,2026-06-15T11:59:59.999000+00:00,167896880.8976139,444412
2026-06-15T12:00:00+00:00,66233.89,67292.15,66106.0,67292.14,5314.33714,2026-06-15T15:59:59.999000+00:00,354187932.4711306,752142
2026-06-15T16:00:00+00:00,67292.15,67292.15,66348.0,66614.35,3808.29082,2026-06-15T19:59:59.999000+00:00,254771827.0637017,642459
2026-06-15T20:00:00+00:00,66615.98,66681.3,66076.56,66328.74,1655.95468,2026-06-15T23:59:59.999000+00:00,109895422.9679691,456145
2026-06-16T00:00:00+00:00,66328.74,66463.26,65650.0,66165.21,2681.099,2026-06-16T03:59:59.999000+00:00,177184246.9219723,433781
2026-06-16T04:00:00+00:00,66165.21,66572.99,65802.0,66372.0,2376.27499,2026-06-16T07:59:59.999000+00:00,157212192.8426836,358612
2026-06-16T08:00:00+00:00,66372.0,66992.0,66345.06,66481.73,2144.18658,2026-06-16T11:59:59.999000+00:00,142798141.3958539,478161
2026-06-16T12:00:00+00:00,66481.73,66818.0,65360.92,65859.76,4190.74899,2026-06-16T15:59:59.999000+00:00,276467865.757203,946351
2026-06-16T16:00:00+00:00,65859.76,66248.69,65560.0,65675.88,1862.21148,2026-06-16T19:59:59.999000+00:00,122574589.5507108,487569
2026-06-16T20:00:00+00:00,65675.89,65938.0,65592.0,65675.01,1047.53697,2026-06-16T23:59:59.999000+00:00,68888147.783417,260155
2026-06-17T00:00:00+00:00,65675.02,66200.0,65477.5,65851.99,2420.24,2026-06-17T03:59:59.999000+00:00,159334427.2157205,383821
2026-06-17T04:00:00+00:00,65852.0,66048.19,65251.0,65539.5,2085.47507,2026-06-17T07:59:59.999000+00:00,137031246.926186,304083
2026-06-17T08:00:00+00:00,65539.51,65574.0,64565.0,64810.01,3091.21134,2026-06-17T11:59:59.999000+00:00,200746666.5301445,484154
2026-06-17T12:00:00+00:00,64810.01,65855.66,64590.53,65752.0,3491.08992,2026-06-17T15:59:59.999000+00:00,227701989.1945818,786310
2026-06-17T16:00:00+00:00,65751.99,66445.93,63998.35,64301.85,6215.6405,2026-06-17T19:59:59.999000+00:00,405874457.8035217,1426872
2026-06-17T20:00:00+00:00,64301.85,64529.2,63915.77,64509.4,1744.99726,2026-06-17T23:59:59.999000+00:00,112209760.4120808,547883
2026-06-18T00:00:00+00:00,64509.4,64806.0,64267.86,64282.82,1652.26355,2026-06-18T03:59:59.999000+00:00,106673009.7824865,391675
2026-06-18T04:00:00+00:00,64282.82,64510.5,63696.29,64510.44,2721.52451,2026-06-18T07:59:59.999000+00:00,174258357.1491494,514280
2026-06-18T08:00:00+00:00,64510.45,64646.75,63878.14,63974.4,1838.10092,2026-06-18T11:59:59.999000+00:00,118105000.9117221,390224
2026-06-18T12:00:00+00:00,63974.4,64445.19,62293.76,62369.44,5194.48784,2026-06-18T15:59:59.999000+00:00,329845328.849062,1121258
2026-06-18T16:00:00+00:00,62369.43,63008.33,62272.07,62950.79,3580.0956,2026-06-18T19:59:59.999000+00:00,224360442.9163794,780414
2026-06-18T20:00:00+00:00,62950.79,63274.19,62742.0,62958.01,1949.12419,2026-06-18T23:59:59.999000+00:00,122773241.5836095,376080
2026-06-19T00:00:00+00:00,62958.01,63110.29,62386.9,62773.51,2468.91953,2026-06-19T03:59:59.999000+00:00,155247582.7574397,396596
2026-06-19T04:00:00+00:00,62773.52,62917.32,62409.55,62629.99,1641.95094,2026-06-19T07:59:59.999000+00:00,102889549.5578239,403487
2026-06-19T08:00:00+00:00,62630.0,62782.0,62316.44,62626.0,3116.66446,2026-06-19T11:59:59.999000+00:00,194868847.0153648,423552
2026-06-19T12:00:00+00:00,62626.0,63419.27,62353.0,63214.01,2901.51359,2026-06-19T15:59:59.999000+00:00,182844281.0893635,678126
2026-06-19T16:00:00+00:00,63214.01,63387.8,62866.99,63021.6,2487.59549,2026-06-19T19:59:59.999000+00:00,157065336.3282753,485506
2026-06-19T20:00:00+00:00,63021.6,63666.0,62958.59,63543.91,1630.77999,2026-06-19T23:59:59.999000+00:00,103187356.0270502,284651
2026-06-20T00:00:00+00:00,63543.9,63777.0,63320.14,63476.79,1616.55782,2026-06-20T03:59:59.999000+00:00,102658991.7358543,312607
2026-06-20T04:00:00+00:00,63476.79,63907.07,63402.0,63655.21,1346.24836,2026-06-20T07:59:59.999000+00:00,85743670.8048452,267883
2026-06-20T08:00:00+00:00,63655.21,63798.76,63392.41,63688.0,1481.37623,2026-06-20T11:59:59.999000+00:00,94207746.8136805,230181
2026-06-20T12:00:00+00:00,63688.0,64388.0,63184.21,64160.04,2723.36068,2026-06-20T15:59:59.999000+00:00,173712718.2530985,540585
2026-06-20T16:00:00+00:00,64160.04,64167.26,63730.21,63936.0,1179.02142,2026-06-20T19:59:59.999000+00:00,75371411.3649962,354415
2026-06-20T20:00:00+00:00,63935.99,64350.0,63853.31,64298.01,1175.53873,2026-06-20T23:59:59.999000+00:00,75382672.7832676,264410
2026-06-21T00:00:00+00:00,64298.01,64472.99,64206.17,64426.0,1550.54505,2026-06-21T03:59:59.999000+00:00,99682480.4865569,207280
2026-06-21T04:00:00+00:00,64426.0,64588.0,64173.08,64191.07,991.47913,2026-06-21T07:59:59.999000+00:00,63777133.9291967,192899
2026-06-21T08:00:00+00:00,64191.06,64483.95,63900.17,64176.0,1273.61935,2026-06-21T11:59:59.999000+00:00,81766315.4105557,278849
2026-06-21T12:00:00+00:00,64176.0,64355.88,63952.0,64224.0,1101.09932,2026-06-21T15:59:59.999000+00:00,70627900.6074013,261322
2026-06-21T16:00:00+00:00,64224.0,64298.84,63933.47,64207.12,902.04873,2026-06-21T19:59:59.999000+00:00,57873813.4371436,250295
2026-06-21T20:00:00+00:00,64207.13,64271.21,63270.0,63311.99,2215.87175,2026-06-21T23:59:59.999000+00:00,141134531.8653581,577649
2026-06-22T00:00:00+00:00,63312.0,64823.52,63312.0,63974.01,3208.60773,2026-06-22T03:59:59.999000+00:00,206085227.8314243,769958
2026-06-22T04:00:00+00:00,63974.01,64397.57,63868.41,64211.19,2188.39984,2026-06-22T07:59:59.999000+00:00,140435032.8051994,384238
2026-06-22T08:00:00+00:00,64211.2,64768.46,64044.0,64657.22,1871.87312,2026-06-22T11:59:59.999000+00:00,120460631.47686,445403
2026-06-22T12:00:00+00:00,64657.22,65622.83,64579.08,64836.95,4214.1224,2026-06-22T15:59:59.999000+00:00,274338559.6586699,943073
2026-06-22T16:00:00+00:00,64836.95,64862.0,64276.0,64472.0,2332.89568,2026-06-22T19:59:59.999000+00:00,150577681.1254881,552327
2026-06-22T20:00:00+00:00,64472.51,64659.43,63804.59,64020.01,1607.20974,2026-06-22T23:59:59.999000+00:00,103137424.2587042,426338
2026-06-23T00:00:00+00:00,64020.01,64275.38,63828.93,64065.35,1775.89841,2026-06-23T03:59:59.999000+00:00,113810463.257732,412000
2026-06-23T04:00:00+00:00,64065.34,64095.55,62568.9,62886.03,3954.74479,2026-06-23T07:59:59.999000+00:00,249769578.9162991,654352
2026-06-23T08:00:00+00:00,62886.04,62945.08,61938.0,62507.06,6446.41259,2026-06-23T11:59:59.999000+00:00,402018362.6093837,664184
2026-06-23T12:00:00+00:00,62507.05,62855.98,61960.0,62487.79,4100.47989,2026-06-23T15:59:59.999000+00:00,255890735.6813711,946398
2026-06-23T16:00:00+00:00,62487.79,62846.0,62104.7,62388.49,2461.76341,2026-06-23T19:59:59.999000+00:00,153768837.4080825,580044
2026-06-23T20:00:00+00:00,62388.49,62799.99,62380.25,62734.57,1483.69383,2026-06-23T23:59:59.999000+00:00,92835243.377365,369212
2026-06-24T00:00:00+00:00,62734.57,63119.45,62461.87,62729.78,2762.4008,2026-06-24T03:59:59.999000+00:00,173503244.6173542,524761
2026-06-24T04:00:00+00:00,62729.78,63073.44,62525.49,62657.99,1825.36336,2026-06-24T07:59:59.999000+00:00,114538754.1784594,343629
2026-06-24T08:00:00+00:00,62658.0,63239.06,62318.88,62921.19,2314.92971,2026-06-24T11:59:59.999000+00:00,145076269.788959,470650
2026-06-24T12:00:00+00:00,62921.19,62973.2,60249.82,60250.0,9369.88622,2026-06-24T15:59:59.999000+00:00,573692749.7645245,1507424
2026-06-24T16:00:00+00:00,60250.0,60678.1,59102.7,59958.3,10843.6224,2026-06-24T19:59:59.999000+00:00,648464612.9816535,1716720
2026-06-24T20:00:00+00:00,59958.3,61276.0,59854.0,61077.99,3562.08294,2026-06-24T23:59:59.999000+00:00,216610182.9769442,804347
2026-06-25T00:00:00+00:00,61078.0,61163.16,60684.94,60883.65,2441.96666,2026-06-25T03:59:59.999000+00:00,148617037.7176224,488365
2026-06-25T04:00:00+00:00,60883.66,61962.4,60792.0,61911.04,3236.44626,2026-06-25T07:59:59.999000+00:00,199336748.6475796,585612
2026-06-25T08:00:00+00:00,61911.03,61920.0,61066.0,61282.01,1957.14848,2026-06-25T11:59:59.999000+00:00,120376027.9172556,397068
2026-06-25T12:00:00+00:00,61282.0,61761.35,58115.01,59557.99,15979.29296,2026-06-25T15:59:59.999000+00:00,950943210.7760452,2405299
