open_time,open,high,low,close,volume,close_time,quote_volume,trades
2026-01-10T04:00:00+00:00,3086.51,3093.38,3077.99,3092.77,20280.0951,2026-01-10T07:59:59.999000+00:00,62548053.944661,153243
2026-01-10T08:00:00+00:00,3092.77,3104.12,3087.37,3096.99,19119.5953,2026-01-10T11:59:59.999000+00:00,59214720.927366,152896
2026-01-10T12:00:00+00:00,3096.99,3104.01,3088.81,3095.64,12501.0934,2026-01-10T15:59:59.999000+00:00,38711365.54776,160344
2026-01-10T16:00:00+00:00,3095.63,3099.37,3090.08,3092.12,8420.0952,2026-01-10T19:59:59.999000+00:00,26055249.957983,95545
2026-01-10T20:00:00+00:00,3092.13,3093.3,3078.71,3086.72,11216.5896,2026-01-10T23:59:59.999000+00:00,34617289.429375,148215
2026-01-11T00:00:00+00:00,3086.72,3097.53,3084.46,3096.78,6690.1603,2026-01-11T03:59:59.999000+00:00,20688764.865661,131856
2026-01-11T04:00:00+00:00,3096.78,3102.42,3090.0,3095.32,10462.9255,2026-01-11T07:59:59.999000+00:00,32405321.910938,113477
2026-01-11T08:00:00+00:00,3095.32,3109.78,3092.7,3105.22,16569.4584,2026-01-11T11:59:59.999000+00:00,51428240.392201,139256
2026-01-11T12:00:00+00:00,3105.22,3131.0,3105.0,3118.22,35550.031,2026-01-11T15:59:59.999000+00:00,110748101.722782,338797
2026-01-11T16:00:00+00:00,3118.22,3147.27,3115.63,3124.36,36016.8437,2026-01-11T19:59:59.999000+00:00,112782298.283703,303696
2026-01-11T20:00:00+00:00,3124.36,3126.15,3092.59,3123.45,44091.8776,2026-01-11T23:59:59.999000+00:00,137174920.407717,495420
2026-01-12T00:00:00+00:00,3123.46,3171.49,3097.24,3152.55,72306.4411,2026-01-12T03:59:59.999000+00:00,227129509.973836,962354
2026-01-12T04:00:00+00:00,3152.56,3166.9,3133.52,3135.34,25464.2607,2026-01-12T07:59:59.999000+00:00,80331814.063059,315827
2026-01-12T08:00:00+00:00,3135.33,3147.62,3101.48,3115.43,40245.0871,2026-01-12T11:59:59.999000+00:00,125538913.023006,626658
2026-01-12T12:00:00+00:00,3115.43,3133.52,3065.55,3130.17,73683.7355,2026-01-12T15:59:59.999000+00:00,228477459.454925,983998
2026-01-12T16:00:00+00:00,3130.17,3146.66,3083.5,3121.83,57077.6791,2026-01-12T19:59:59.999000+00:00,177899016.020918,942739
2026-01-12T20:00:00+00:00,3121.82,3127.75,3083.54,3095.75,28596.2646,2026-01-12T23:59:59.999000+00:00,88647829.760257,472029
2026-01-13T00:00:00+00:00,3095.75,3119.01,3091.96,3116.14,22531.1335,2026-01-13T03:59:59.999000+00:00,69960561.916745,383431
2026-01-13T04:00:00+00:00,3116.14,3146.55,3112.46,3122.01,38274.2613,2026-01-13T07:59:59.999000+00:00,119810547.777331,432421
2026-01-13T08:00:00+00:00,3122.0,3148.33,3122.0,3133.95,33910.3954,2026-01-13T11:59:59.999000+00:00,106295004.27785,432776
2026-01-13T12:00:00+00:00,3133.95,3188.47,3130.0,3184.41,96545.2406,2026-01-13T15:59:59.999000+00:00,304279297.199079,1157853
2026-01-13T16:00:00+00:00,3184.41,3218.61,3172.0,3215.9,73955.9338,2026-01-13T19:59:59.999000+00:00,236022434.376916,1172339
2026-01-13T20:00:00+00:00,3215.91,3367.79,3190.56,3325.82,192565.317,2026-01-13T23:59:59.999000+00:00,634615456.576956,1298096
2026-01-14T00:00:00+00:00,3325.83,3357.56,3315.15,3351.95,85543.415,2026-01-14T03:59:59.999000+00:00,285103810.304035,784401
2026-01-14T04:00:00+00:00,3351.94,3364.64,3322.01,3335.78,63136.2459,2026-01-14T07:59:59.999000+00:00,210640332.549043,540347
2026-01-14T08:00:00+00:00,3335.78,3342.64,3282.59,3286.22,58774.1212,2026-01-14T11:59:59.999000+00:00,194770832.620023,545919
2026-01-14T12:00:00+00:00,3286.22,3362.17,3280.48,3345.81,107556.326,2026-01-14T15:59:59.999000+00:00,358057467.49215,1241532
2026-01-14T16:00:00+00:00,3345.81,3402.89,3315.51,3367.42,136432.6272,2026-01-14T19:59:59.999000+00:00,458932951.917927,1529555
2026-01-14T20:00:00+00:00,3367.42,3392.94,3347.83,3354.92,51997.3406,2026-01-14T23:59:59.999000+00:00,175143105.45662,709656
2026-01-15T00:00:00+00:00,3354.92,3355.8,3278.0,3286.55,57564.0628,2026-01-15T03:59:59.999000+00:00,190769807.027971,653130
2026-01-15T04:00:00+00:00,3286.56,3335.15,3284.84,3330.0,36938.0988,2026-01-15T07:59:59.999000+00:00,122372256.793244,488511
2026-01-15T08:00:00+00:00,3329.99,3378.75,3320.17,3349.96,56429.5116,2026-01-15T11:59:59.999000+00:00,189320415.177917,578821
2026-01-15T12:00:00+00:00,3349.96,3384.19,3285.79,3330.65,109387.0046,2026-01-15T15:59:59.999000+00:00,365504248.140217,1342387
2026-01-15T16:00:00+00:00,3330.66,3337.56,3273.72,3295.48,95663.6814,2026-01-15T19:59:59.999000+00:00,316435315.427729,1246351
2026-01-15T20:00:00+00:00,3295.47,3323.32,3276.7,3318.69,34011.4768,2026-01-15T23:59:59.999000+00:00,112226207.999142,457190
2026-01-16T00:00:00+00:00,3318.7,3326.79,3291.89,3295.21,26232.6895,2026-01-16T03:59:59.999000+00:00,86749126.274098,419192
2026-01-16T04:00:00+00:00,3295.22,3316.99,3277.04,3309.41,39155.7934,2026-01-16T07:59:59.999000+00:00,129214856.789141,375374
2026-01-16T08:00:00+00:00,3309.42,3319.97,3293.33,3301.94,24987.7787,2026-01-16T11:59:59.999000+00:00,82639137.175646,386704
2026-01-16T12:00:00+00:00,3301.94,3318.61,3253.01,3264.18,65806.1923,2026-01-16T15:59:59.999000+00:00,216375887.902179,1146837
2026-01-16T16:00:00+00:00,3264.17,3288.42,3259.83,3276.94,40718.886,2026-01-16T19:59:59.999000+00:00,133442549.612595,788855
2026-01-16T20:00:00+00:00,3276.94,3299.89,3264.42,3296.28,27020.4477,2026-01-16T23:59:59.999000+00:00,88856950.996174,411286
2026-01-17T00:00:00+00:00,3296.28,3297.34,3283.96,3289.32,11302.5507,2026-01-17T03:59:59.999000+00:00,37195337.760376,170806
2026-01-17T04:00:00+00:00,3289.33,3294.12,3285.99,3291.57,8025.4566,2026-01-17T07:59:59.999000+00:00,26405041.650886,116609
2026-01-17T08:00:00+00:00,3291.56,3305.32,3289.01,3302.72,19466.0816,2026-01-17T11:59:59.999000+00:00,64198074.849882,172227
2026-01-17T12:00:00+00:00,3302.72,3330.07,3299.77,3329.95,42521.6103,2026-01-17T15:59:59.999000+00:00,141084931.555397,302019
2026-01-17T16:00:00+00:00,3329.95,3330.26,3312.22,3316.36,27286.9449,2026-01-17T19:59:59.999000+00:00,90596915.3079,254385
2026-01-17T20:00:00+00:00,3316.36,3320.33,3297.44,3310.56,15722.3862,2026-01-17T23:59:59.999000+00:00,52028567.267069,213568
2026-01-18T00:00:00+00:00,3310.56,3319.5,3296.34,3316.16,14955.0073,2026-01-18T03:59:59.999000+00:00,49449341.949973,274674
2026-01-18T04:00:00+00:00,3316.15,3318.36,3306.4,3307.3,19441.7668,2026-01-18T07:59:59.999000+00:00,64411782.575719,205007
2026-01-18T08:00:00+00:00,3307.3,3326.2,3303.52,3322.0,26425.7891,2026-01-18T11:59:59.999000+00:00,87699651.047858,263440
2026-01-18T12:00:00+00:00,3322.0,3347.75,3314.64,3333.99,32494.8908,2026-01-18T15:59:59.999000+00:00,108229509.36244,407444
2026-01-18T16:00:00+00:00,3334.0,3368.82,3330.05,3346.56,28977.7552,2026-01-18T19:59:59.999000+00:00,97093149.799146,410609
2026-01-18T20:00:00+00:00,3346.56,3356.26,3278.86,3284.03,51059.0934,2026-01-18T23:59:59.999000+00:00,169418081.79512,666278
2026-01-19T00:00:00+00:00,3284.04,3284.58,3177.68,3212.29,189671.1361,2026-01-19T03:59:59.999000+00:00,610074734.03488,1630290
2026-01-19T04:00:00+00:00,3212.28,3218.02,3187.88,3207.47,86267.3546,2026-01-19T07:59:59.999000+00:00,276445092.152316,511273
2026-01-19T08:00:00+00:00,3207.47,3231.27,3197.3,3223.91,62305.8434,2026-01-19T11:59:59.999000+00:00,200426963.336093,570879
2026-01-19T12:00:00+00:00,3223.91,3236.26,3202.85,3216.21,39678.1061,2026-01-19T15:59:59.999000+00:00,127764115.628342,559934
2026-01-19T16:00:00+00:00,3216.2,3227.17,3208.5,3219.95,20446.9647,2026-01-19T19:59:59.999000+00:00,65801797.742083,480450
2026-01-19T20:00:00+00:00,3219.95,3225.43,3165.38,3189.55,44171.1547,2026-01-19T23:59:59.999000+00:00,141075561.004547,653338
2026-01-20T00:00:00+00:00,3189.56,3200.5,3175.53,3188.67,31249.1524,2026-01-20T03:59:59.999000+00:00,99658329.113576,652548
2026-01-20T04:00:00+00:00,3188.68,3189.23,3109.37,3123.37,92886.9592,2026-01-20T07:59:59.999000+00:00,291868491.819955,1121911
2026-01-20T08:00:00+00:00,3123.37,3123.84,3085.17,3109.88,80416.5277,2026-01-20T11:59:59.999000+00:00,249396747.838918,1034157
2026-01-20T12:00:00+00:00,3109.88,3115.0,2995.33,3032.99,151528.8906,2026-01-20T15:59:59.999000+00:00,462379448.957402,1950847
2026-01-20T16:00:00+00:00,3033.0,3042.92,2980.11,2996.49,80445.9788,2026-01-20T19:59:59.999000+00:00,241665002.093118,1401521
2026-01-20T20:00:00+00:00,2996.49,3007.22,2920.0,2939.88,81638.97,2026-01-20T23:59:59.999000+00:00,242005006.983091,1067654
2026-01-21T00:00:00+00:00,2939.88,2984.64,2921.89,2981.76,52743.8817,2026-01-21T03:59:59.999000+00:00,156030014.120436,963246
2026-01-21T04:00:00+00:00,2981.75,3002.0,2966.0,2970.6,43953.8509,2026-01-21T07:59:59.999000+00:00,131113379.857195,574844
2026-01-21T08:00:00+00:00,2970.6,2974.87,2938.0,2943.0,47857.5216,2026-01-21T11:59:59.999000+00:00,141699552.588376,535937
2026-01-21T12:00:00+00:00,2943.0,3026.83,2902.0,3002.69,152744.3548,2026-01-21T15:59:59.999000+00:00,452601825.5324,2134817
2026-01-21T16:00:00+00:00,3002.69,3069.07,2866.11,3055.56,209234.4299,2026-01-21T19:59:59.999000+00:00,616190414.980814,2759930
2026-01-21T20:00:00+00:00,3055.55,3057.72,2972.69,2982.27,71266.2092,2026-01-21T23:59:59.999000+00:00,215267996.732832,1095542
2026-01-22T00:00:00+00:00,2982.28,3038.33,2980.73,3013.41,40907.9309,2026-01-22T03:59:59.999000+00:00,123323612.233263,740957
2026-01-22T04:00:00+00:00,3013.41,3027.9,3000.4,3000.94,30603.7031,2026-01-22T07:59:59.999000+00:00,92305198.151893,481516
2026-01-22T08:00:00+00:00,3000.94,3016.4,2977.22,2986.8,36510.9344,2026-01-22T11:59:59.999000+00:00,109520108.375567,501913
2026-01-22T12:00:00+00:00,2986.8,3010.18,2906.02,2942.01,106579.0097,2026-01-22T15:59:59.999000+00:00,314954271.253172,1452427
2026-01-22T16:00:00+00:00,2942.02,2972.76,2923.99,2953.94,48457.5714,2026-01-22T19:59:59.999000+00:00,142841913.913803,1064051
2026-01-22T20:00:00+00:00,2953.94,2959.16,2930.15,2952.69,28601.5854,2026-01-22T23:59:59.999000+00:00,84261788.31144,455657
2026-01-23T00:00:00+00:00,2952.7,2972.08,2946.22,2964.42,22069.3863,2026-01-23T03:59:59.999000+00:00,65313118.010047,447566
2026-01-23T04:00:00+00:00,2964.42,2984.71,2935.31,2948.49,46545.6544,2026-01-23T07:59:59.999000+00:00,137785988.426052,706183
2026-01-23T08:00:00+00:00,2948.58,2951.34,2914.93,2940.68,56738.2502,2026-01-23T11:59:59.999000+00:00,166240805.400956,742561
2026-01-23T12:00:00+00:00,2940.68,2965.06,2892.4,2952.75,74272.5747,2026-01-23T15:59:59.999000+00:00,217316321.19225,1332250
2026-01-23T16:00:00+00:00,2952.66,3019.26,2938.46,2959.8,94167.9053,2026-01-23T19:59:59.999000+00:00,280513389.458343,1622097
2026-01-23T20:00:00+00:00,2959.79,2963.69,2930.42,2956.41,24621.5608,2026-01-23T23:59:59.999000+00:00,72588353.181867,628381
2026-01-24T00:00:00+00:00,2956.41,2970.41,2949.27,2962.72,19180.1792,2026-01-24T03:59:59.999000+00:00,56799653.012242,325404
2026-01-24T04:00:00+00:00,2962.72,2966.86,2953.99,2957.34,16552.4734,2026-01-24T07:59:59.999000+00:00,48987797.083914,170409
2026-01-24T08:00:00+00:00,2957.34,2964.98,2954.77,2961.18,7645.161,2026-01-24T11:59:59.999000+00:00,22633339.258133,116746
2026-01-24T12:00:00+00:00,2961.17,2968.08,2943.84,2957.25,21086.4614,2026-01-24T15:59:59.999000+00:00,62380203.216308,225001
2026-01-24T16:00:00+00:00,2957.25,2968.49,2952.23,2953.93,14150.0816,2026-01-24T19:59:59.999000+00:00,41889652.658699,185559
2026-01-24T20:00:00+00:00,2953.94,2964.55,2949.23,2953.22,13468.5473,2026-01-24T23:59:59.999000+00:00,39826630.63113,162030
2026-01-25T00:00:00+00:00,2953.23,2960.29,2937.5,2942.6,14633.9687,2026-01-25T03:59:59.999000+00:00,43156594.512621,212868
2026-01-25T04:00:00+00:00,2942.59,2949.36,2935.01,2939.57,15127.5126,2026-01-25T07:59:59.999000+00:00,44513047.03884,229072
2026-01-25T08:00:00+00:00,2939.58,2948.11,2921.0,2937.54,26614.8719,2026-01-25T11:59:59.999000+00:00,78141057.819258,345294
2026-01-25T12:00:00+00:00,2937.54,2945.37,2922.08,2926.81,24962.6202,2026-01-25T15:59:59.999000+00:00,73268832.238274,494417
2026-01-25T16:00:00+00:00,2926.82,2927.78,2797.2,2812.96,193895.4063,2026-01-25T19:59:59.999000+00:00,554557897.541096,1992595
2026-01-25T20:00:00+00:00,2812.96,2825.72,2787.0,2816.89,104952.1529,2026-01-25T23:59:59.999000+00:00,294500466.802682,1363541
2026-01-26T00:00:00+00:00,2816.9,2898.76,2812.37,2850.68,103456.7027,2026-01-26T03:59:59.999000+00:00,295730641.921514,1320338
2026-01-26T04:00:00+00:00,2850.69,2911.61,2849.91,2904.32,70449.5297,2026-01-26T07:59:59.999000+00:00,202797854.681259,787997
2026-01-26T08:00:00+00:00,2904.32,2934.4,2880.5,2892.15,58700.9528,2026-01-26T11:59:59.999000+00:00,170483945.253142,679603
2026-01-26T12:00:00+00:00,2892.15,2951.21,2875.77,2899.32,115201.556,2026-01-26T15:59:59.999000+00:00,335005063.284976,1449582
2026-01-26T16:00:00+00:00,2899.32,2936.06,2885.97,2923.12,66316.68,2026-01-26T19:59:59.999000+00:00,193200295.555422,1054884
2026-01-26T20:00:00+00:00,2923.11,2945.32,2895.82,2930.35,71043.916,2026-01-26T23:59:59.999000+00:00,207840342.882282,641166
2026-01-27T00:00:00+00:00,2930.35,2948.88,2912.44,2941.18,58753.8705,2026-01-27T03:59:59.999000+00:00,172465802.608453,543626
2026-01-27T04:00:00+00:00,2941.17,2957.04,2924.35,2929.11,52881.5063,2026-01-27T07:59:59.999000+00:00,155403140.744247,390018
2026-01-27T08:00:00+00:00,2929.11,2932.65,2899.77,2917.02,55309.1442,2026-01-27T11:59:59.999000+00:00,161150022.423898,460953
2026-01-27T12:00:00+00:00,2917.03,2943.63,2905.93,2937.45,67431.6111,2026-01-27T15:59:59.999000+00:00,197168478.469788,1073336
2026-01-27T16:00:00+00:00,2937.46,2998.52,2918.09,2980.48,130629.9434,2026-01-27T19:59:59.999000+00:00,387164301.715202,1771718
2026-01-27T20:00:00+00:00,2980.48,3035.08,2978.92,3026.77,113786.3233,2026-01-27T23:59:59.999000+00:00,343185622.471773,1038788
2026-01-28T00:00:00+00:00,3026.77,3029.79,2996.55,3005.18,26992.6585,2026-01-28T03:59:59.999000+00:00,81336023.934048,490677
2026-01-28T04:00:00+00:00,3005.18,3018.33,2992.89,3005.07,34894.0853,2026-01-28T07:59:59.999000+00:00,104868449.639083,358243
2026-01-28T08:00:00+00:00,3005.07,3045.36,2986.59,3039.72,57899.7112,2026-01-28T11:59:59.999000+00:00,174692968.083238,725324
2026-01-28T12:00:00+00:00,3039.71,3045.78,2983.67,3008.25,79326.4621,2026-01-28T15:59:59.999000+00:00,239465822.09038,1359567
2026-01-28T16:00:00+00:00,3008.25,3031.68,2989.41,3016.6,64622.6941,2026-01-28T19:59:59.999000+00:00,194523824.114395,1396958
2026-01-28T20:00:00+00:00,3016.6,3038.45,2996.66,3010.78,32872.0437,2026-01-28T23:59:59.999000+00:00,99170589.879221,730260
2026-01-29T00:00:00+00:00,3010.78,3013.5,2944.48,2952.52,54242.7483,2026-01-29T03:59:59.999000+00:00,161420180.547088,1018159
2026-01-29T04:00:00+00:00,2952.52,2965.69,2937.55,2961.54,30942.7833,2026-01-29T07:59:59.999000+00:00,91423092.619505,436170
2026-01-29T08:00:00+00:00,2961.54,2969.79,2923.77,2929.29,46623.7633,2026-01-29T11:59:59.999000+00:00,137280747.85717,513266
2026-01-29T12:00:00+00:00,2929.29,2939.0,2797.01,2824.32,140222.2492,2026-01-29T15:59:59.999000+00:00,399798771.368563,1801407
2026-01-29T16:00:00+00:00,2824.31,2860.05,2754.53,2797.53,242269.3264,2026-01-29T19:59:59.999000+00:00,679886779.80614,2275362
2026-01-29T20:00:00+00:00,2797.53,2827.59,2789.39,2822.59,46987.7274,2026-01-29T23:59:59.999000+00:00,132084733.841347,735244
2026-01-30T00:00:00+00:00,2822.6,2828.65,2689.0,2741.11,182314.4807,2026-01-30T03:59:59.999000+00:00,499594027.682694,1983651
2026-01-30T04:00:00+00:00,2741.12,2774.83,2696.82,2740.16,103133.5444,2026-01-30T07:59:59.999000+00:00,282551169.395473,1164722
2026-01-30T08:00:00+00:00,2740.17,2768.78,2710.0,2759.88,65278.2179,2026-01-30T11:59:59.999000+00:00,178497934.306067,1154458
2026-01-30T12:00:00+00:00,2759.87,2766.53,2693.42,2729.47,123239.403,2026-01-30T15:59:59.999000+00:00,337129814.367233,1966271
2026-01-30T16:00:00+00:00,2729.46,2761.46,2636.01,2742.4,205002.4188,2026-01-30T19:59:59.999000+00:00,555609845.879479,2897182
2026-01-30T20:00:00+00:00,2742.39,2742.87,2664.82,2707.38,114311.5604,2026-01-30T23:59:59.999000+00:00,308469157.457439,1495347
2026-01-31T00:00:00+00:00,2707.37,2714.64,2684.67,2695.86,31607.4725,2026-01-31T03:59:59.999000+00:00,85404346.947277,536130
2026-01-31T04:00:00+00:00,2695.86,2704.82,2668.2,2680.06,36477.2886,2026-01-31T07:59:59.999000+00:00,98155401.023995,422213
2026-01-31T08:00:00+00:00,2680.06,2683.49,2609.85,2640.72,101951.5948,2026-01-31T11:59:59.999000+00:00,269280021.698035,1071114
2026-01-31T12:00:00+00:00,2640.72,2644.43,2510.01,2534.2,226209.6577,2026-01-31T15:59:59.999000+00:00,580258120.184486,2005524
2026-01-31T16:00:00+00:00,2534.2,2551.26,2250.0,2382.82,562612.3808,2026-01-31T19:59:59.999000+00:00,1354276212.011615,3724592
2026-01-31T20:00:00+00:00,2382.83,2473.77,2355.24,2451.95,154239.3188,2026-01-31T23:59:59.999000+00:00,371979519.455904,1545724
2026-02-01T00:00:00+00:00,2451.96,2475.98,2429.15,2445.46,92986.2376,2026-02-01T03:59:59.999000+00:00,227850150.656503,1454631
2026-02-01T04:00:00+00:00,2445.46,2454.66,2393.46,2411.22,122634.216,2026-02-01T07:59:59.999000+00:00,297538194.709897,1359010
2026-02-01T08:00:00+00:00,2411.22,2438.98,2376.1,2411.86,99830.5142,2026-02-01T11:59:59.999000+00:00,240306357.5509,1427091
2026-02-01T12:00:00+00:00,2411.86,2412.47,2285.4,2315.39,215369.1339,2026-02-01T15:59:59.999000+00:00,505513118.128376,2295943
2026-02-01T16:00:00+00:00,2315.47,2377.99,2284.17,2320.35,236454.4214,2026-02-01T19:59:59.999000+00:00,549195944.098109,2184459
2026-02-01T20:00:00+00:00,2320.35,2349.24,2222.0,2270.15,259299.4235,2026-02-01T23:59:59.999000+00:00,592424733.48396,2317503
2026-02-02T00:00:00+00:00,2270.16,2324.17,2166.14,2239.02,298359.9131,2026-02-02T03:59:59.999000+00:00,670161939.645361,2801160
2026-02-02T04:00:00+00:00,2239.01,2268.0,2157.14,2228.93,301794.9407,2026-02-02T07:59:59.999000+00:00,667014932.360273,2315005
2026-02-02T08:00:00+00:00,2228.93,2319.0,2228.93,2282.32,202430.0447,2026-02-02T11:59:59.999000+00:00,460723054.640049,1608571
2026-02-02T12:00:00+00:00,2282.32,2396.62,2274.19,2372.71,260831.0106,2026-02-02T15:59:59.999000+00:00,609156293.873229,2292176
2026-02-02T16:00:00+00:00,2372.71,2387.31,2327.68,2331.54,123749.5713,2026-02-02T19:59:59.999000+00:00,291795588.175704,1246648
2026-02-02T20:00:00+00:00,2331.52,2355.55,2313.33,2347.02,61369.731,2026-02-02T23:59:59.999000+00:00,143325477.546874,885596
2026-02-03T00:00:00+00:00,2347.01,2359.88,2284.48,2344.03,92480.3296,2026-02-03T03:59:59.999000+00:00,215339648.07345,1343890
2026-02-03T04:00:00+00:00,2343.99,2354.99,2298.44,2323.12,142937.5961,2026-02-03T07:59:59.999000+00:00,333332933.085821,939165
2026-02-03T08:00:00+00:00,2323.13,2332.57,2262.15,2276.68,125794.6591,2026-02-03T11:59:59.999000+00:00,288147610.559541,1189827
2026-02-03T12:00:00+00:00,2276.68,2317.65,2251.94,2303.2,165687.0223,2026-02-03T15:59:59.999000+00:00,379397404.390585,2097911
2026-02-03T16:00:00+00:00,2303.21,2303.4,2110.0,2205.28,499560.1202,2026-02-03T19:59:59.999000+00:00,1095701889.975539,3529295
2026-02-03T20:00:00+00:00,2205.27,2343.82,2188.25,2233.72,294639.6594,2026-02-03T23:59:59.999000+00:00,669710994.035929,2543682
2026-02-04T00:00:00+00:00,2233.72,2295.74,2223.88,2283.37,94160.573,2026-02-04T03:59:59.999000+00:00,213031876.494346,1257630
2026-02-04T04:00:00+00:00,2283.37,2293.99,2256.0,2283.85,78151.7651,2026-02-04T07:59:59.999000+00:00,177886592.489645,753442
2026-02-04T08:00:00+00:00,2283.84,2285.9,2221.47,2254.86,132402.8161,2026-02-04T11:59:59.999000+00:00,297660469.551416,1041531
2026-02-04T12:00:00+00:00,2254.86,2263.3,2136.6,2151.83,322528.0764,2026-02-04T15:59:59.999000+00:00,708056899.007231,2791058
2026-02-04T16:00:00+00:00,2151.84,2194.71,2076.68,2188.27,475231.0228,2026-02-04T19:59:59.999000+00:00,1011634169.719226,3409121
2026-02-04T20:00:00+00:00,2188.26,2192.7,2088.01,2148.26,162269.1766,2026-02-04T23:59:59.999000+00:00,348337831.07103,1659758
2026-02-05T00:00:00+00:00,2148.25,2173.77,2097.94,2110.0,173253.3499,2026-02-05T03:59:59.999000+00:00,369521901.946261,2130118
2026-02-05T04:00:00+00:00,2110.0,2125.26,2068.2,2091.4,232556.1529,2026-02-05T07:59:59.999000+00:00,487963936.135577,2139557
2026-02-05T08:00:00+00:00,2091.5,2149.75,2061.96,2079.98,171883.2094,2026-02-05T11:59:59.999000+00:00,362013533.809026,1631215
2026-02-05T12:00:00+00:00,2079.98,2106.51,1927.33,1961.12,487545.3296,2026-02-05T15:59:59.999000+00:00,984698499.289046,2700547
2026-02-05T16:00:00+00:00,1961.12,2018.33,1913.76,1928.76,377522.1496,2026-02-05T19:59:59.999000+00:00,738654819.086681,2456506
2026-02-05T20:00:00+00:00,1928.78,1943.06,1818.18,1826.83,509526.5037,2026-02-05T23:59:59.999000+00:00,952321419.519272,2609644
2026-02-06T00:00:00+00:00,1826.83,1947.84,1747.8,1891.82,467955.4557,2026-02-06T03:59:59.999000+00:00,868309173.19175,2931114
2026-02-06T04:00:00+00:00,1891.81,1975.75,1885.95,1899.42,267768.456,2026-02-06T07:59:59.999000+00:00,513344316.376173,1622855
2026-02-06T08:00:00+00:00,1899.41,1939.35,1866.13,1932.68,372603.6313,2026-02-06T11:59:59.999000+00:00,710116472.31046,1453851
2026-02-06T12:00:00+00:00,1932.67,2002.18,1914.88,1980.81,347876.9294,2026-02-06T15:59:59.999000+00:00,681968767.895088,2425219
2026-02-06T16:00:00+00:00,1980.8,2090.13,1970.17,2065.63,408242.2928,2026-02-06T19:59:59.999000+00:00,834659949.718201,2588654
2026-02-06T20:00:00+00:00,2065.63,2093.94,2039.93,2063.38,237864.7921,2026-02-06T23:59:59.999000+00:00,491049991.520167,1341038
2026-02-07T00:00:00+00:00,2063.37,2086.0,2032.6,2080.81,123773.1219,2026-02-07T03:59:59.999000+00:00,254375493.217601,1038378
2026-02-07T04:00:00+00:00,2080.8,2119.46,1994.57,2027.1,180822.7462,2026-02-07T07:59:59.999000+00:00,372515413.409608,1670715
2026-02-07T08:00:00+00:00,2027.1,2032.6,1999.57,2018.77,90171.0894,2026-02-07T11:59:59.999000+00:00,181814315.237098,942175
2026-02-07T12:00:00+00:00,2018.77,2075.21,2009.82,2052.54,171743.7573,2026-02-07T15:59:59.999000+00:00,350764606.021966,1436385
2026-02-07T16:00:00+00:00,2052.55,2121.7,2009.54,2091.29,500380.4324,2026-02-07T19:59:59.999000+00:00,1031904298.028728,2183989
2026-02-07T20:00:00+00:00,2091.29,2115.0,2073.0,2087.08,75725.3015,2026-02-07T23:59:59.999000+00:00,158757125.196508,666718
2026-02-08T00:00:00+00:00,2087.08,2107.44,2076.86,2078.77,55846.2385,2026-02-08T03:59:59.999000+00:00,116621287.76215,600954
2026-02-08T04:00:00+00:00,2078.78,2090.01,2064.1,2084.41,81901.8886,2026-02-08T07:59:59.999000+00:00,170177886.740306,471006
2026-02-08T08:00:00+00:00,2084.41,2137.57,2078.04,2132.35,92748.6006,2026-02-08T11:59:59.999000+00:00,195618988.191343,965482
2026-02-08T12:00:00+00:00,2132.36,2145.26,2097.57,2108.64,92209.4994,2026-02-08T15:59:59.999000+00:00,195886654.258585,857803
2026-02-08T16:00:00+00:00,2108.63,2129.73,2072.8,2126.77,60836.7024,2026-02-08T19:59:59.999000+00:00,127851817.783731,662159
2026-02-08T20:00:00+00:00,2126.79,2152.03,2071.6,2089.74,99294.322,2026-02-08T23:59:59.999000+00:00,209212333.122779,821641
2026-02-09T00:00:00+00:00,2089.73,2103.02,2055.01,2100.25,90227.1224,2026-02-09T03:59:59.999000+00:00,187800866.712037,922984
2026-02-09T04:00:00+00:00,2100.25,2102.03,2064.67,2065.74,63962.1613,2026-02-09T07:59:59.999000+00:00,133281174.580049,572838
2026-02-09T08:00:00+00:00,2065.74,2070.21,2013.25,2028.23,110228.8629,2026-02-09T11:59:59.999000+00:00,224749836.785007,853994
2026-02-09T12:00:00+00:00,2028.26,2073.47,2008.62,2061.61,123193.2243,2026-02-09T15:59:59.999000+00:00,251136009.380411,1455543
2026-02-09T16:00:00+00:00,2061.61,2143.0,2047.78,2131.34,142688.2535,2026-02-09T19:59:59.999000+00:00,301060620.768106,1668213
2026-02-09T20:00:00+00:00,2131.34,2147.73,2089.0,2105.02,95078.9325,2026-02-09T23:59:59.999000+00:00,201288299.579669,858332
2026-02-10T00:00:00+00:00,2105.02,2124.71,2052.14,2064.96,63762.6252,2026-02-10T03:59:59.999000+00:00,133241696.537439,719697
2026-02-10T04:00:00+00:00,2064.96,2074.35,1997.59,2007.47,195613.5569,2026-02-10T07:59:59.999000+00:00,395838795.342534,985021
2026-02-10T08:00:00+00:00,2007.47,2029.98,1995.83,2003.21,114586.795,2026-02-10T11:59:59.999000+00:00,230502797.270739,622498
2026-02-10T12:00:00+00:00,2003.2,2040.01,1989.38,2022.66,106821.103,2026-02-10T15:59:59.999000+00:00,215261465.972393,1344064
2026-02-10T16:00:00+00:00,2022.67,2046.94,1996.18,2017.95,63309.8136,2026-02-10T19:59:59.999000+00:00,128049282.225476,1020831
2026-02-10T20:00:00+00:00,2017.95,2022.85,1997.0,2022.67,30227.7971,2026-02-10T23:59:59.999000+00:00,60816952.359991,467283
2026-02-11T00:00:00+00:00,2022.67,2032.31,1998.0,2009.59,33194.1097,2026-02-11T03:59:59.999000+00:00,67017506.653926,503881
2026-02-11T04:00:00+00:00,2009.59,2011.23,1939.21,1950.89,100528.6786,2026-02-11T07:59:59.999000+00:00,197623985.458608,987404
2026-02-11T08:00:00+00:00,1950.9,1956.52,1932.02,1953.66,49832.9522,2026-02-11T11:59:59.999000+00:00,96939865.567447,653812
2026-02-11T12:00:00+00:00,1953.65,2015.81,1903.19,1929.46,190798.5893,2026-02-11T15:59:59.999000+00:00,372701811.362654,2097641
2026-02-11T16:00:00+00:00,1929.46,1959.8,1908.8,1952.28,103334.7985,2026-02-11T19:59:59.999000+00:00,200094645.373595,1427284
2026-02-11T20:00:00+00:00,1952.27,1988.07,1932.44,1941.18,51966.6894,2026-02-11T23:59:59.999000+00:00,101722661.686646,780788
2026-02-12T00:00:00+00:00,1941.19,1977.75,1941.19,1968.69,42186.6103,2026-02-12T03:59:59.999000+00:00,82813203.108604,653718
2026-02-12T04:00:00+00:00,1968.7,1983.0,1953.14,1968.07,52494.6941,2026-02-12T07:59:59.999000+00:00,103413795.052575,605987
2026-02-12T08:00:00+00:00,1968.07,2001.42,1957.25,1989.02,56917.0883,2026-02-12T11:59:59.999000+00:00,112712753.050848,610389
2026-02-12T12:00:00+00:00,1989.02,1996.3,1945.01,1948.47,80328.0854,2026-02-12T15:59:59.999000+00:00,158712577.671198,1016348
2026-02-12T16:00:00+00:00,1948.48,1950.16,1897.24,1925.44,150050.4511,2026-02-12T19:59:59.999000+00:00,287784230.850194,1768908
2026-02-12T20:00:00+00:00,1925.45,1952.61,1909.66,1947.85,45590.2177,2026-02-12T23:59:59.999000+00:00,88045008.798605,607458
2026-02-13T00:00:00+00:00,1947.85,1958.21,1927.63,1953.55,37154.7957,2026-02-13T03:59:59.999000+00:00,72276869.392729,541140
2026-02-13T04:00:00+00:00,1953.56,1955.8,1924.72,1935.75,43614.141,2026-02-13T07:59:59.999000+00:00,84640046.504725,461390
2026-02-13T08:00:00+00:00,1935.75,1969.26,1933.65,1960.04,62366.42,2026-02-13T11:59:59.999000+00:00,122008067.574559,591739
2026-02-13T12:00:00+00:00,1960.05,2050.58,1952.6,2034.93,155146.5792,2026-02-13T15:59:59.999000+00:00,310195021.774029,1628260
2026-02-13T16:00:00+00:00,2034.92,2073.68,2031.42,2057.75,90215.9732,2026-02-13T19:59:59.999000+00:00,185605436.954024,1026760
2026-02-13T20:00:00+00:00,2057.74,2059.65,2038.69,2048.72,37151.8607,2026-02-13T23:59:59.999000+00:00,76182349.007114,446282
2026-02-14T00:00:00+00:00,2048.72,2057.57,2042.37,2054.37,20999.1891,2026-02-14T03:59:59.999000+00:00,43082066.728641,311973
2026-02-14T04:00:00+00:00,2054.39,2060.49,2048.5,2057.21,20369.1955,2026-02-14T07:59:59.999000+00:00,41848621.743061,214844
2026-02-14T08:00:00+00:00,2057.2,2107.67,2057.04,2099.58,58856.9562,2026-02-14T11:59:59.999000+00:00,122635827.07212,760286
2026-02-14T12:00:00+00:00,2099.58,2100.39,2064.58,2087.43,55179.6359,2026-02-14T15:59:59.999000+00:00,114774773.340199,629806
2026-02-14T16:00:00+00:00,2087.42,2090.51,2067.27,2088.52,38770.8925,2026-02-14T19:59:59.999000+00:00,80626667.729241,456470
2026-02-14T20:00:00+00:00,2088.52,2098.89,2078.63,2086.59,26501.3663,2026-02-14T23:59:59.999000+00:00,55351273.881094,346892
2026-02-15T00:00:00+00:00,2086.59,2090.5,2030.9,2058.94,241490.3874,2026-02-15T03:59:59.999000+00:00,494661116.53837,1025765
2026-02-15T04:00:00+00:00,2058.94,2103.32,2058.94,2091.41,80534.6926,2026-02-15T07:59:59.999000+00:00,167935854.595095,817986
2026-02-15T08:00:00+00:00,2091.41,2096.82,2054.36,2061.96,52092.5746,2026-02-15T11:59:59.999000+00:00,107924289.962196,587947
2026-02-15T12:00:00+00:00,2061.96,2068.63,1993.3,2011.29,115706.5194,2026-02-15T15:59:59.999000+00:00,233267435.471176,1157354
2026-02-15T16:00:00+00:00,2011.29,2011.3,1928.88,1942.23,289683.7113,2026-02-15T19:59:59.999000+00:00,568752281.33173,1607912
2026-02-15T20:00:00+00:00,1942.22,1974.51,1933.77,1966.58,55270.2099,2026-02-15T23:59:59.999000+00:00,108113530.981911,667347
2026-02-16T00:00:00+00:00,1966.59,1981.2,1948.76,1958.78,47402.3615,2026-02-16T03:59:59.999000+00:00,93117944.253116,633565
2026-02-16T04:00:00+00:00,1958.78,1978.64,1952.91,1971.13,38495.4814,2026-02-16T07:59:59.999000+00:00,75686595.230646,392641
2026-02-16T08:00:00+00:00,1971.14,1993.35,1957.12,1976.15,51619.9007,2026-02-16T11:59:59.999000+00:00,102125438.751803,560147
2026-02-16T12:00:00+00:00,1976.16,2023.51,1937.24,1956.65,110856.7205,2026-02-16T15:59:59.999000+00:00,219170753.580128,1573431
2026-02-16T16:00:00+00:00,1956.65,1988.4,1956.31,1974.04,57117.5097,2026-02-16T19:59:59.999000+00:00,112731209.949309,757916
2026-02-16T20:00:00+00:00,1974.04,2004.02,1971.1,1998.33,45855.9695,2026-02-16T23:59:59.999000+00:00,91284419.175267,558326
2026-02-17T00:00:00+00:00,1998.34,2008.58,1979.7,1985.7,39980.2922,2026-02-17T03:59:59.999000+00:00,79840609.288619,562676
2026-02-17T04:00:00+00:00,1985.69,1998.48,1964.72,1985.91,44990.1813,2026-02-17T07:59:59.999000+00:00,89107988.657486,531420
2026-02-17T08:00:00+00:00,1985.91,1990.88,1961.71,1968.47,47256.3661,2026-02-17T11:59:59.999000+00:00,93279219.396639,657792
2026-02-17T12:00:00+00:00,1968.47,2002.7,1941.66,1968.58,117605.2683,2026-02-17T15:59:59.999000+00:00,231451528.292015,1938442
2026-02-17T16:00:00+00:00,1968.59,2015.33,1954.03,1998.14,117627.2187,2026-02-17T19:59:59.999000+00:00,233881356.847481,2037979
2026-02-17T20:00:00+00:00,1998.15,2004.0,1987.57,1991.66,38787.6161,2026-02-17T23:59:59.999000+00:00,77400596.227537,692532
2026-02-18T00:00:00+00:00,1991.67,2000.56,1968.68,1997.07,48694.6631,2026-02-18T03:59:59.999000+00:00,96674958.051588,672514
2026-02-18T04:00:00+00:00,1997.08,2023.52,1993.35,2018.07,37645.5204,2026-02-18T07:59:59.999000+00:00,75452676.839553,522814
2026-02-18T08:00:00+00:00,2018.06,2039.05,1976.57,1981.43,60451.9639,2026-02-18T11:59:59.999000+00:00,121354674.24551,792048
2026-02-18T12:00:00+00:00,1981.44,2010.3,1954.3,1985.48,108443.0065,2026-02-18T15:59:59.999000+00:00,214572465.154389,1392697
2026-02-18T16:00:00+00:00,1985.48,1987.89,1923.78,1941.03,95520.9971,2026-02-18T19:59:59.999000+00:00,187017754.387148,1254332
2026-02-18T20:00:00+00:00,1941.04,1956.79,1935.82,1955.91,42882.8576,2026-02-18T23:59:59.999000+00:00,83419101.92138,542132
2026-02-19T00:00:00+00:00,1955.9,1974.73,1950.5,1972.33,26076.3731,2026-02-19T03:59:59.999000+00:00,51239000.248539,432597
2026-02-19T04:00:00+00:00,1972.32,1987.55,1964.2,1981.76,34121.8946,2026-02-19T07:59:59.999000+00:00,67428810.368847,402698
2026-02-19T08:00:00+00:00,1981.76,1982.54,1948.16,1949.58,43208.626,2026-02-19T11:59:59.999000+00:00,84911356.385476,386860
2026-02-19T12:00:00+00:00,1949.59,1956.18,1911.49,1926.3,102895.4861,2026-02-19T15:59:59.999000+00:00,198572512.153675,1379261
2026-02-19T16:00:00+00:00,1926.29,1947.52,1907.0,1941.34,63444.2011,2026-02-19T19:59:59.999000+00:00,122351897.304982,852294
2026-02-19T20:00:00+00:00,1941.33,1952.57,1934.79,1949.08,30510.4924,2026-02-19T23:59:59.999000+00:00,59366199.486223,339898
2026-02-20T00:00:00+00:00,1949.08,1964.54,1947.41,1954.85,28686.3728,2026-02-20T03:59:59.999000+00:00,56104521.628157,398586
2026-02-20T04:00:00+00:00,1954.85,1968.55,1931.01,1960.97,55966.1225,2026-02-20T07:59:59.999000+00:00,109272985.338114,486462
2026-02-20T08:00:00+00:00,1960.93,1973.86,1940.58,1943.98,58746.4014,2026-02-20T11:59:59.999000+00:00,115187507.947514,428662
2026-02-20T12:00:00+00:00,1943.99,1980.49,1922.97,1963.95,121943.2751,2026-02-20T15:59:59.999000+00:00,237806733.243753,1251364
2026-02-20T16:00:00+00:00,1963.96,1981.18,1939.21,1963.69,94955.2126,2026-02-20T19:59:59.999000+00:00,186486433.224502,1063467
2026-02-20T20:00:00+00:00,1963.69,1975.27,1961.6,1968.88,25956.1713,2026-02-20T23:59:59.999000+00:00,51110751.091486,319720
2026-02-21T00:00:00+00:00,1968.88,1970.7,1955.62,1959.03,16581.1973,2026-02-21T03:59:59.999000+00:00,32565470.217812,199931
2026-02-21T04:00:00+00:00,1959.03,1966.09,1956.21,1962.71,14321.5832,2026-02-21T07:59:59.999000+00:00,28097555.551967,143056
2026-02-21T08:00:00+00:00,1962.7,1988.6,1962.0,1977.02,40811.7456,2026-02-21T11:59:59.999000+00:00,80603220.410681,240601
2026-02-21T12:00:00+00:00,1977.02,1995.56,1969.49,1988.13,48823.033,2026-02-21T15:59:59.999000+00:00,96910887.024593,324039
2026-02-21T16:00:00+00:00,1988.13,1995.31,1976.41,1988.35,33339.759,2026-02-21T19:59:59.999000+00:00,66261957.639908,240770
2026-02-21T20:00:00+00:00,1988.34,1990.41,1970.0,1973.35,25296.5275,2026-02-21T23:59:59.999000+00:00,50050263.803274,213833
2026-02-22T00:00:00+00:00,1973.35,1982.99,1967.4,1974.71,20908.1331,2026-02-22T03:59:59.999000+00:00,41274935.104857,214412
2026-02-22T04:00:00+00:00,1974.71,1979.54,1970.2,1975.88,16211.4013,2026-02-22T07:59:59.999000+00:00,32017490.135835,131154
2026-02-22T08:00:00+00:00,1975.87,1983.13,1970.58,1980.78,17778.8113,2026-02-22T11:59:59.999000+00:00,35156254.213848,208977
2026-02-22T12:00:00+00:00,1980.79,1981.6,1943.53,1953.98,50424.8978,2026-02-22T15:59:59.999000+00:00,98675643.724057,634036
2026-02-22T16:00:00+00:00,1953.99,1955.56,1935.0,1943.74,29014.4909,2026-02-22T19:59:59.999000+00:00,56437530.561131,318475
2026-02-22T20:00:00+00:00,1943.73,1960.95,1939.81,1957.82,20987.9138,2026-02-22T23:59:59.999000+00:00,40955696.558844,343019
2026-02-23T00:00:00+00:00,1957.82,1958.33,1847.46,1862.87,167470.8913,2026-02-23T03:59:59.999000+00:00,315549813.551086,1778892
2026-02-23T04:00:00+00:00,1862.88,1888.71,1853.34,1885.5,66206.0759,2026-02-23T07:59:59.999000+00:00,123995387.849185,555621
2026-02-23T08:00:00+00:00,1885.5,1928.19,1877.23,1915.3,69463.5612,2026-02-23T11:59:59.999000+00:00,132491350.565459,695556
2026-02-23T12:00:00+00:00,1915.29,1935.52,1892.68,1895.65,88300.1008,2026-02-23T15:59:59.999000+00:00,168951893.426001,1363415
2026-02-23T16:00:00+00:00,1895.65,1900.18,1837.13,1857.19,118579.9054,2026-02-23T19:59:59.999000+00:00,221430058.290056,1662852
2026-02-23T20:00:00+00:00,1857.19,1870.0,1846.8,1856.3,37338.9523,2026-02-23T23:59:59.999000+00:00,69441200.363966,628417
2026-02-24T00:00:00+00:00,1856.3,1869.58,1811.81,1832.03,79888.0694,2026-02-24T03:59:59.999000+00:00,147083612.284531,1238886
2026-02-24T04:00:00+00:00,1832.03,1840.79,1813.77,1825.7,73536.267,2026-02-24T07:59:59.999000+00:00,134252071.685072,1035302
2026-02-24T08:00:00+00:00,1825.7,1836.18,1815.22,1826.75,63530.8244,2026-02-24T11:59:59.999000+00:00,115954463.561235,745956
2026-02-24T12:00:00+00:00,1826.75,1850.29,1800.0,1847.59,111212.7497,2026-02-24T15:59:59.999000+00:00,203102519.52892,1784136
2026-02-24T16:00:00+00:00,1847.59,1865.38,1838.36,1852.46,74379.3442,2026-02-24T19:59:59.999000+00:00,137995160.500906,1217624
2026-02-24T20:00:00+00:00,1852.47,1864.11,1845.41,1851.94,35516.7737,2026-02-24T23:59:59.999000+00:00,65892866.268552,585455
2026-02-25T00:00:00+00:00,1851.95,1944.86,1846.74,1906.14,105259.2872,2026-02-25T03:59:59.999000+00:00,200952646.402351,1438910
2026-02-25T04:00:00+00:00,1906.14,1914.35,1878.02,1893.31,54762.9592,2026-02-25T07:59:59.999000+00:00,103818696.77958,773774
2026-02-25T08:00:00+00:00,1893.32,1928.45,1890.27,1926.48,49526.3486,2026-02-25T11:59:59.999000+00:00,94713021.768838,694343
2026-02-25T12:00:00+00:00,1926.48,2028.7,1922.28,2013.73,159045.4848,2026-02-25T15:59:59.999000+00:00,314842261.492849,2192419
2026-02-25T16:00:00+00:00,2013.69,2086.17,2013.36,2071.1,145026.7604,2026-02-25T19:59:59.999000+00:00,298316780.045986,2026272
2026-02-25T20:00:00+00:00,2071.1,2148.39,2034.39,2057.48,169358.5976,2026-02-25T23:59:59.999000+00:00,353712926.662068,1899028
2026-02-26T00:00:00+00:00,2057.48,2076.6,2039.37,2054.55,59037.3129,2026-02-26T03:59:59.999000+00:00,121472295.018179,1221677
2026-02-26T04:00:00+00:00,2054.55,2082.81,2051.55,2053.37,61288.611,2026-02-26T07:59:59.999000+00:00,126629852.611167,941979
2026-02-26T08:00:00+00:00,2053.36,2083.33,2044.36,2057.66,57504.2592,2026-02-26T11:59:59.999000+00:00,118564362.372334,888192
2026-02-26T12:00:00+00:00,2057.65,2077.81,2011.56,2033.34,111408.8267,2026-02-26T15:59:59.999000+00:00,227847209.704062,1788522
2026-02-26T16:00:00+00:00,2033.34,2037.78,1975.35,2030.14,119622.7569,2026-02-26T19:59:59.999000+00:00,239734423.367409,1772328
2026-02-26T20:00:00+00:00,2030.13,2042.75,2018.33,2027.68,30921.5899,2026-02-26T23:59:59.999000+00:00,62814210.169038,529618
2026-02-27T00:00:00+00:00,2027.68,2049.48,2000.02,2045.39,54459.6079,2026-02-27T03:59:59.999000+00:00,110008057.693682,758456
2026-02-27T04:00:00+00:00,2045.39,2063.52,2022.16,2032.69,63087.8823,2026-02-27T07:59:59.999000+00:00,128734533.396795,591331
2026-02-27T08:00:00+00:00,2032.69,2045.93,1953.37,1962.08,92541.2853,2026-02-27T11:59:59.999000+00:00,184727505.732176,741928
2026-02-27T12:00:00+00:00,1962.08,1969.0,1938.82,1948.59,105123.5497,2026-02-27T15:59:59.999000+00:00,205356778.481758,1309667
2026-02-27T16:00:00+00:00,1948.59,1948.86,1907.48,1921.1,64022.9582,2026-02-27T19:59:59.999000+00:00,123331417.466038,1181232
2026-02-27T20:00:00+00:00,1921.11,1933.64,1887.0,1929.84,49451.9506,2026-02-27T23:59:59.999000+00:00,94761429.113995,630544
2026-02-28T00:00:00+00:00,1929.84,1937.17,1919.8,1924.49,21099.5553,2026-02-28T03:59:59.999000+00:00,40700963.888859,330609
2026-02-28T04:00:00+00:00,1924.49,1931.62,1835.36,1866.73,135260.6076,2026-02-28T07:59:59.999000+00:00,253530178.992112,1604112
2026-02-28T08:00:00+00:00,1866.73,1881.0,1845.05,1863.31,66347.784,2026-02-28T11:59:59.999000+00:00,123439958.027011,873459
2026-02-28T12:00:00+00:00,1863.32,1915.95,1862.47,1898.88,91811.9835,2026-02-28T15:59:59.999000+00:00,173703453.121319,1184491
2026-02-28T16:00:00+00:00,1898.87,1955.04,1886.02,1947.02,73171.577,2026-02-28T19:59:59.999000+00:00,140548399.363648,1087425
2026-02-28T20:00:00+00:00,1947.03,1984.99,1938.76,1964.51,73989.4761,2026-02-28T23:59:59.999000+00:00,145205329.840763,1105946
2026-03-01T00:00:00+00:00,1964.51,2054.8,1943.58,2023.29,128780.5667,2026-03-01T03:59:59.999000+00:00,259578034.038343,1565408
2026-03-01T04:00:00+00:00,2023.29,2030.3,1989.0,2007.24,69926.2021,2026-03-01T07:59:59.999000+00:00,140266712.75987,680986
2026-03-01T08:00:00+00:00,2007.23,2010.18,1972.24,1983.32,51208.5737,2026-03-01T11:59:59.999000+00:00,101777046.102964,676222
2026-03-01T12:00:00+00:00,1983.32,2028.0,1968.6,1993.38,80414.5735,2026-03-01T15:59:59.999000+00:00,160998978.378446,1161552
2026-03-01T16:00:00+00:00,1993.38,2009.38,1946.55,1953.9,99987.1454,2026-03-01T19:59:59.999000+00:00,197485050.463828,1234298
2026-03-01T20:00:00+00:00,1953.89,1971.01,1907.41,1939.71,98879.785,2026-03-01T23:59:59.999000+00:00,190925002.045994,1297832
2026-03-02T00:00:00+00:00,1939.71,1989.23,1937.42,1972.3,69056.6329,2026-03-02T03:59:59.999000+00:00,135514384.953158,1256036
2026-03-02T04:00:00+00:00,1972.3,1983.6,1925.53,1941.66,58667.3787,2026-03-02T07:59:59.999000+00:00,114642042.558207,869803
2026-03-02T08:00:00+00:00,1941.65,1967.13,1920.0,1947.81,61905.2816,2026-03-02T11:59:59.999000+00:00,120492211.74434,1048231
2026-03-02T12:00:00+00:00,1947.8,2065.48,1921.7,2047.33,181807.1215,2026-03-02T15:59:59.999000+00:00,362352209.860972,2770363
2026-03-02T16:00:00+00:00,2047.33,2090.0,2017.15,2043.57,122416.9126,2026-03-02T19:59:59.999000+00:00,251119614.642158,2192641
2026-03-02T20:00:00+00:00,2043.56,2058.59,2024.32,2027.35,83553.0476,2026-03-02T23:59:59.999000+00:00,170307090.735058,1206711
2026-03-03T00:00:00+00:00,2027.34,2041.48,1998.0,2008.88,72387.9676,2026-03-03T03:59:59.999000+00:00,146407709.113815,1211319
2026-03-03T04:00:00+00:00,2008.88,2019.4,1987.5,1996.33,54747.8134,2026-03-03T07:59:59.999000+00:00,109434106.77194,925505
2026-03-03T08:00:00+00:00,1996.32,2000.53,1939.1,1961.28,94656.1381,2026-03-03T11:59:59.999000+00:00,185638242.730577,1183174
2026-03-03T12:00:00+00:00,1961.28,1990.07,1929.56,1969.22,138896.9913,2026-03-03T15:59:59.999000+00:00,271667983.611804,2349375
2026-03-03T16:00:00+00:00,1969.21,2014.12,1958.76,1986.02,112467.8933,2026-03-03T19:59:59.999000+00:00,223135403.048783,1957431
2026-03-03T20:00:00+00:00,1986.03,2001.63,1959.35,1982.8,36173.0497,2026-03-03T23:59:59.999000+00:00,71639901.829775,684551
2026-03-04T00:00:00+00:00,1982.81,1998.66,1945.08,1960.9,62339.7285,2026-03-04T03:59:59.999000+00:00,122882907.065322,1148999
2026-03-04T04:00:00+00:00,1960.89,2010.0,1950.65,2006.55,52487.5859,2026-03-04T07:59:59.999000+00:00,103743049.744324,927698
2026-03-04T08:00:00+00:00,2006.55,2092.9,2000.47,2054.97,187331.0723,2026-03-04T11:59:59.999000+00:00,385835400.740249,2002114
2026-03-04T12:00:00+00:00,2054.97,2157.67,2036.37,2150.23,202994.5808,2026-03-04T15:59:59.999000+00:00,424800537.003311,2502408
2026-03-04T16:00:00+00:00,2150.23,2199.0,2129.13,2177.51,171810.7114,2026-03-04T19:59:59.999000+00:00,370403557.002459,2009920
2026-03-04T20:00:00+00:00,2177.51,2179.66,2116.67,2127.28,60681.1363,2026-03-04T23:59:59.999000+00:00,130325602.448391,936184
2026-03-05T00:00:00+00:00,2127.28,2141.93,2107.5,2120.15,54056.4032,2026-03-05T03:59:59.999000+00:00,114800645.718504,920091
2026-03-05T04:00:00+00:00,2120.15,2144.2,2095.71,2104.96,54039.2126,2026-03-05T07:59:59.999000+00:00,114631178.459429,774595
2026-03-05T08:00:00+00:00,2104.96,2163.66,2093.63,2137.92,70522.7353,2026-03-05T11:59:59.999000+00:00,150259156.141868,1177899
2026-03-05T12:00:00+00:00,2137.92,2142.95,2067.54,2086.96,124518.7575,2026-03-05T15:59:59.999000+00:00,261920881.846947,2003065
2026-03-05T16:00:00+00:00,2086.95,2093.7,2054.75,2074.36,89377.0807,2026-03-05T19:59:59.999000+00:00,185328499.794237,1349986
2026-03-05T20:00:00+00:00,2074.37,2099.36,2069.72,2072.86,39643.6233,2026-03-05T23:59:59.999000+00:00,82638491.027938,527929
2026-03-06T00:00:00+00:00,2072.86,2093.33,2061.79,2083.8,39076.4167,2026-03-06T03:59:59.999000+00:00,81261675.216928,760634
2026-03-06T04:00:00+00:00,2083.81,2087.66,2058.84,2082.83,45370.5524,2026-03-06T07:59:59.999000+00:00,94076801.427786,582711
2026-03-06T08:00:00+00:00,2082.83,2082.83,2045.79,2051.03,50661.1023,2026-03-06T11:59:59.999000+00:00,104470945.185282,615638
2026-03-06T12:00:00+00:00,2051.03,2062.12,1966.24,1978.01,172028.7426,2026-03-06T15:59:59.999000+00:00,345781170.709213,2048928
2026-03-06T16:00:00+00:00,1978.0,1993.3,1955.95,1983.75,75044.6173,2026-03-06T19:59:59.999000+00:00,148080921.45967,1147614
2026-03-06T20:00:00+00:00,1983.75,1989.91,1969.26,1978.68,29416.3256,2026-03-06T23:59:59.999000+00:00,58245554.632494,445899
2026-03-07T00:00:00+00:00,1978.68,1996.04,1971.79,1980.21,27984.3292,2026-03-07T03:59:59.999000+00:00,55455327.155212,288120
2026-03-07T04:00:00+00:00,1980.22,1984.19,1964.34,1982.94,40763.1763,2026-03-07T07:59:59.999000+00:00,80486314.474369,333095
2026-03-07T08:00:00+00:00,1982.94,1994.98,1975.38,1988.91,29519.2921,2026-03-07T11:59:59.999000+00:00,58606539.545179,290395
2026-03-07T12:00:00+00:00,1988.92,1990.95,1970.47,1981.04,29451.1976,2026-03-07T15:59:59.999000+00:00,58372410.839204,395021
2026-03-07T16:00:00+00:00,1981.03,1983.47,1948.09,1955.2,34963.6539,2026-03-07T19:59:59.999000+00:00,68758134.203555,407598
2026-03-07T20:00:00+00:00,1955.2,1974.27,1954.89,1969.59,21778.1709,2026-03-07T23:59:59.999000+00:00,42850508.570201,315314
2026-03-08T00:00:00+00:00,1969.6,1977.35,1935.73,1947.67,52276.8743,2026-03-08T03:59:59.999000+00:00,102068212.225279,439299
2026-03-08T04:00:00+00:00,1947.67,1960.41,1930.0,1955.23,53344.1715,2026-03-08T07:59:59.999000+00:00,103776368.196834,399641
2026-03-08T08:00:00+00:00,1955.22,1979.8,1944.85,1951.38,70951.6493,2026-03-08T11:59:59.999000+00:00,139454229.661283,435873
2026-03-08T12:00:00+00:00,1951.39,1954.67,1925.06,1943.32,83662.2406,2026-03-08T15:59:59.999000+00:00,162180246.775108,1017323
2026-03-08T16:00:00+00:00,1943.32,1970.58,1928.08,1964.91,48151.6932,2026-03-08T19:59:59.999000+00:00,93686922.281703,631218
2026-03-08T20:00:00+00:00,1964.91,1971.95,1916.14,1937.1,82803.1028,2026-03-08T23:59:59.999000+00:00,160269542.104175,1121231
2026-03-09T00:00:00+00:00,1937.11,2006.01,1929.65,1977.48,104584.2494,2026-03-09T03:59:59.999000+00:00,206262205.509796,1385371
2026-03-09T04:00:00+00:00,1977.48,2014.26,1963.45,1983.9,83648.8027,2026-03-09T07:59:59.999000+00:00,166663003.908821,987486
2026-03-09T08:00:00+00:00,1983.91,2022.0,1978.92,1992.2,68130.8102,2026-03-09T11:59:59.999000+00:00,136154820.675658,906642
2026-03-09T12:00:00+00:00,1992.2,2032.84,1992.2,2022.63,115494.5461,2026-03-09T15:59:59.999000+00:00,233043310.342539,1414385
2026-03-09T16:00:00+00:00,2022.64,2053.52,2005.76,2033.91,81118.9511,2026-03-09T19:59:59.999000+00:00,164328017.553814,1048222
2026-03-09T20:00:00+00:00,2033.91,2037.3,1989.12,1992.98,97848.1288,2026-03-09T23:59:59.999000+00:00,196431994.292421,618475
2026-03-10T00:00:00+00:00,1992.97,2054.19,1991.0,2026.8,83033.8026,2026-03-10T03:59:59.999000+00:00,168100823.473803,875564
2026-03-10T04:00:00+00:00,2026.8,2059.69,2026.36,2051.0,60378.2851,2026-03-10T07:59:59.999000+00:00,123433809.973065,601839
2026-03-10T08:00:00+00:00,2051.0,2074.0,2051.0,2061.69,60450.0646,2026-03-10T11:59:59.999000+00:00,124693815.717449,710721
2026-03-10T12:00:00+00:00,2061.7,2085.73,2008.65,2079.35,139969.2004,2026-03-10T15:59:59.999000+00:00,286957669.762404,1396918
2026-03-10T16:00:00+00:00,2079.34,2088.19,2027.16,2037.02,85631.607,2026-03-10T19:59:59.999000+00:00,176311608.697251,1218345
2026-03-10T20:00:00+00:00,2037.02,2048.31,2018.0,2036.51,33948.9142,2026-03-10T23:59:59.999000+00:00,69011529.402187,423611
2026-03-11T00:00:00+00:00,2036.5,2041.71,2018.13,2021.17,36763.3501,2026-03-11T03:59:59.999000+00:00,74616942.923996,428960
2026-03-11T04:00:00+00:00,2021.17,2041.49,2007.17,2012.54,35827.9229,2026-03-11T07:59:59.999000+00:00,72454045.541105,418266
2026-03-11T08:00:00+00:00,2012.54,2033.96,2009.48,2017.8,36247.0984,2026-03-11T11:59:59.999000+00:00,73252849.534438,544142
2026-03-11T12:00:00+00:00,2017.8,2082.66,2012.81,2049.73,132152.8625,2026-03-11T15:59:59.999000+00:00,271059934.519922,1727200
2026-03-11T16:00:00+00:00,2049.75,2085.58,2046.46,2076.06,76213.7444,2026-03-11T19:59:59.999000+00:00,157773619.096283,1123299
2026-03-11T20:00:00+00:00,2076.05,2084.53,2045.2,2051.97,32856.2777,2026-03-11T23:59:59.999000+00:00,67875565.590273,488419
2026-03-12T00:00:00+00:00,2051.97,2058.16,2017.59,2023.38,44363.5344,2026-03-12T03:59:59.999000+00:00,90354207.141064,567541
2026-03-12T04:00:00+00:00,2023.39,2042.26,2019.33,2040.7,36224.657,2026-03-12T07:59:59.999000+00:00,73539634.155194,382714
2026-03-12T08:00:00+00:00,2040.69,2076.65,2038.42,2062.83,56474.7206,2026-03-12T11:59:59.999000+00:00,116219273.841379,617407
2026-03-12T12:00:00+00:00,2062.83,2095.0,2037.79,2072.33,112015.805,2026-03-12T15:59:59.999000+00:00,231385465.901232,1621113
2026-03-12T16:00:00+00:00,2072.33,2078.09,2045.42,2069.59,63567.8353,2026-03-12T19:59:59.999000+00:00,131074660.855654,983488
2026-03-12T20:00:00+00:00,2069.6,2093.45,2054.99,2073.52,87861.2609,2026-03-12T23:59:59.999000+00:00,181885010.232155,585512
2026-03-13T00:00:00+00:00,2073.51,2148.8,2070.12,2118.85,126779.3388,2026-03-13T03:59:59.999000+00:00,268822044.625392,1212243
2026-03-13T04:00:00+00:00,2118.86,2120.06,2090.0,2099.38,45196.2617,2026-03-13T07:59:59.999000+00:00,94986259.491711,494435
2026-03-13T08:00:00+00:00,2099.38,2133.3,2091.45,2121.02,66817.4737,2026-03-13T11:59:59.999000+00:00,141309346.678089,777893
2026-03-13T12:00:00+00:00,2121.02,2209.03,2120.52,2128.01,234537.6685,2026-03-13T15:59:59.999000+00:00,508108528.640457,2045887
2026-03-13T16:00:00+00:00,2128.01,2143.33,2090.28,2102.48,84455.4942,2026-03-13T19:59:59.999000+00:00,178480710.423847,1141369
2026-03-13T20:00:00+00:00,2102.48,2116.66,2078.5,2092.22,41870.803,2026-03-13T23:59:59.999000+00:00,87696290.63409,466662
2026-03-14T00:00:00+00:00,2092.21,2103.42,2081.39,2101.16,31321.7837,2026-03-14T03:59:59.999000+00:00,65531005.011702,346003
2026-03-14T04:00:00+00:00,2101.15,2106.09,2068.28,2077.46,38191.8421,2026-03-14T07:59:59.999000+00:00,79691588.693297,365282
2026-03-14T08:00:00+00:00,2077.46,2081.64,2061.6,2073.67,26861.5463,2026-03-14T11:59:59.999000+00:00,55633967.379555,270467
2026-03-14T12:00:00+00:00,2073.67,2080.65,2069.8,2074.72,22427.7115,2026-03-14T15:59:59.999000+00:00,46541930.380164,240791
2026-03-14T16:00:00+00:00,2074.72,2079.47,2069.19,2077.49,10772.0777,2026-03-14T19:59:59.999000+00:00,22356889.032981,145527
2026-03-14T20:00:00+00:00,2077.5,2099.69,2076.2,2096.16,22925.6209,2026-03-14T23:59:59.999000+00:00,47893203.342343,216388
2026-03-15T00:00:00+00:00,2096.16,2107.91,2083.35,2096.15,28619.3164,2026-03-15T03:59:59.999000+00:00,59975681.87585,329471
2026-03-15T04:00:00+00:00,2096.15,2115.95,2096.13,2105.64,22147.2871,2026-03-15T07:59:59.999000+00:00,46672740.402873,269950
2026-03-15T08:00:00+00:00,2105.64,2123.44,2105.64,2119.63,21019.7068,2026-03-15T11:59:59.999000+00:00,44501332.874549,238048
2026-03-15T12:00:00+00:00,2119.63,2119.83,2086.34,2093.79,45875.4183,2026-03-15T15:59:59.999000+00:00,96174221.630036,382588
2026-03-15T16:00:00+00:00,2093.79,2117.86,2088.84,2113.49,31467.5941,2026-03-15T19:59:59.999000+00:00,66224549.3549,397316
2026-03-15T20:00:00+00:00,2113.49,2202.87,2110.0,2178.3,131696.615,2026-03-15T23:59:59.999000+00:00,285262715.16276,1384357
2026-03-16T00:00:00+00:00,2178.29,2253.48,2164.73,2235.67,133968.0991,2026-03-16T03:59:59.999000+00:00,296266200.83254,1206260
2026-03-16T04:00:00+00:00,2235.67,2288.63,2235.67,2248.95,186961.7977,2026-03-16T07:59:59.999000+00:00,422820355.647294,1148606
2026-03-16T08:00:00+00:00,2248.95,2280.0,2234.92,2269.94,89322.6948,2026-03-16T11:59:59.999000+00:00,201862268.639225,775540
2026-03-16T12:00:00+00:00,2269.94,2308.54,2255.04,2273.88,178036.6219,2026-03-16T15:59:59.999000+00:00,406976839.619025,1861435
2026-03-16T16:00:00+00:00,2273.88,2348.06,2270.0,2330.92,127675.3126,2026-03-16T19:59:59.999000+00:00,295957836.624046,1319043
2026-03-16T20:00:00+00:00,2330.92,2386.02,2323.68,2352.97,129928.2495,2026-03-16T23:59:59.999000+00:00,306153653.118639,1098427
2026-03-17T00:00:00+00:00,2352.97,2376.66,2308.03,2320.0,159041.6195,2026-03-17T03:59:59.999000+00:00,374112299.556244,1449118
2026-03-17T04:00:00+00:00,2320.01,2337.86,2294.15,2327.7,86783.2765,2026-03-17T07:59:59.999000+00:00,200813210.987124,763581
2026-03-17T08:00:00+00:00,2327.71,2335.35,2304.0,2326.82,59820.3103,2026-03-17T11:59:59.999000+00:00,138803427.787583,734745
2026-03-17T12:00:00+00:00,2326.81,2357.73,2304.27,2315.98,105064.0596,2026-03-17T15:59:59.999000+00:00,244697393.849517,1472118
2026-03-17T16:00:00+00:00,2315.98,2342.7,2312.44,2320.22,50434.4264,2026-03-17T19:59:59.999000+00:00,117536308.119695,782903
2026-03-17T20:00:00+00:00,2320.22,2344.69,2316.78,2317.39,32687.4093,2026-03-17T23:59:59.999000+00:00,76131367.368274,394171
2026-03-18T00:00:00+00:00,2317.38,2350.0,2307.0,2340.61,39754.8685,2026-03-18T03:59:59.999000+00:00,92611158.050512,525080
2026-03-18T04:00:00+00:00,2340.61,2342.0,2311.53,2317.74,32757.9854,2026-03-18T07:59:59.999000+00:00,76151214.199179,366796
2026-03-18T08:00:00+00:00,2317.73,2333.62,2263.43,2269.34,70784.1433,2026-03-18T11:59:59.999000+00:00,162729954.561441,762820
2026-03-18T12:00:00+00:00,2269.33,2270.5,2168.97,2187.66,170394.1198,2026-03-18T15:59:59.999000+00:00,377758114.567997,1948341
2026-03-18T16:00:00+00:00,2187.67,2220.0,2166.87,2185.85,99070.471,2026-03-18T19:59:59.999000+00:00,217212826.956233,1327834
2026-03-18T20:00:00+00:00,2185.85,2206.88,2153.21,2203.39,75279.3007,2026-03-18T23:59:59.999000+00:00,164559636.767892,754066
2026-03-19T00:00:00+00:00,2203.39,2233.72,2187.24,2212.29,52579.6266,2026-03-19T03:59:59.999000+00:00,116020711.247561,674609
2026-03-19T04:00:00+00:00,2212.29,2213.11,2143.14,2166.68,79211.2867,2026-03-19T07:59:59.999000+00:00,172233669.797031,952951
2026-03-19T08:00:00+00:00,2166.68,2192.07,2158.09,2166.92,65786.0455,2026-03-19T11:59:59.999000+00:00,143056658.122879,804469
2026-03-19T12:00:00+00:00,2166.92,2167.48,2099.38,2118.81,165314.3215,2026-03-19T15:59:59.999000+00:00,351437575.460591,1976852
2026-03-19T16:00:00+00:00,2118.81,2156.92,2104.87,2141.19,86393.2993,2026-03-19T19:59:59.999000+00:00,183669068.411107,1181258
2026-03-19T20:00:00+00:00,2141.18,2155.62,2130.57,2137.81,41507.0994,2026-03-19T23:59:59.999000+00:00,88989378.618552,552021
2026-03-20T00:00:00+00:00,2137.82,2160.78,2132.69,2151.38,44494.7603,2026-03-20T03:59:59.999000+00:00,95582855.132636,621009
2026-03-20T04:00:00+00:00,2151.38,2159.24,2121.25,2150.54,43279.9495,2026-03-20T07:59:59.999000+00:00,92708311.616372,574468
2026-03-20T08:00:00+00:00,2150.53,2176.84,2131.56,2141.5,61690.4049,2026-03-20T11:59:59.999000+00:00,132808271.126978,842145
2026-03-20T12:00:00+00:00,2141.49,2152.74,2116.88,2134.01,68483.295,2026-03-20T15:59:59.999000+00:00,146124884.706072,1320553
2026-03-20T16:00:00+00:00,2134.0,2144.76,2117.41,2132.91,45009.742,2026-03-20T19:59:59.999000+00:00,95856620.222777,754341
2026-03-20T20:00:00+00:00,2132.91,2168.0,2123.96,2146.22,37198.0261,2026-03-20T23:59:59.999000+00:00,79914585.325819,482856
2026-03-21T00:00:00+00:00,2146.21,2159.87,2144.24,2153.6,15716.7385,2026-03-21T03:59:59.999000+00:00,33816406.227969,249850
2026-03-21T04:00:00+00:00,2153.59,2161.34,2150.36,2155.67,16494.1831,2026-03-21T07:59:59.999000+00:00,35552238.82124,168368
2026-03-21T08:00:00+00:00,2155.67,2159.52,2149.57,2157.37,12040.1339,2026-03-21T11:59:59.999000+00:00,25951770.637193,145347
2026-03-21T12:00:00+00:00,2157.37,2168.27,2146.45,2155.12,19951.1534,2026-03-21T15:59:59.999000+00:00,43032723.42814,225123
2026-03-21T16:00:00+00:00,2155.13,2155.64,2142.01,2152.16,13965.6408,2026-03-21T19:59:59.999000+00:00,30028620.845875,164448
2026-03-21T20:00:00+00:00,2152.17,2157.0,2070.78,2084.87,54391.6149,2026-03-21T23:59:59.999000+00:00,114762850.756486,422327
2026-03-22T00:00:00+00:00,2084.86,2127.21,2050.12,2113.83,109521.6483,2026-03-22T03:59:59.999000+00:00,228415855.850761,1047345
2026-03-22T04:00:00+00:00,2113.83,2122.94,2092.35,2093.38,32643.6328,2026-03-22T07:59:59.999000+00:00,68932197.312159,374424
2026-03-22T08:00:00+00:00,2093.4,2096.82,2066.97,2069.98,43062.5355,2026-03-22T11:59:59.999000+00:00,89668874.317822,550629
2026-03-22T12:00:00+00:00,2069.97,2092.63,2068.37,2083.1,34314.2881,2026-03-22T15:59:59.999000+00:00,71400216.483636,422707
2026-03-22T16:00:00+00:00,2083.1,2084.45,2054.35,2063.21,27972.3686,2026-03-22T19:59:59.999000+00:00,57908974.258199,344179
2026-03-22T20:00:00+00:00,2063.22,2074.16,2026.0,2053.89,65556.0839,2026-03-22T23:59:59.999000+00:00,134358658.436217,838573
2026-03-23T00:00:00+00:00,2053.9,2072.33,2035.69,2052.54,46093.4891,2026-03-23T03:59:59.999000+00:00,94678372.140468,748697
2026-03-23T04:00:00+00:00,2052.53,2072.11,2023.04,2044.72,57516.0292,2026-03-23T07:59:59.999000+00:00,117750665.023911,706585
2026-03-23T08:00:00+00:00,2044.73,2198.57,2028.2,2134.78,192147.2097,2026-03-23T11:59:59.999000+00:00,410479442.093017,1838949
2026-03-23T12:00:00+00:00,2134.78,2192.44,2107.43,2128.45,199243.9292,2026-03-23T15:59:59.999000+00:00,429362031.357455,2328207
2026-03-23T16:00:00+00:00,2128.46,2178.74,2117.77,2154.46,93011.0763,2026-03-23T19:59:59.999000+00:00,199562741.30987,1297298
2026-03-23T20:00:00+00:00,2154.45,2166.81,2140.71,2152.03,26496.7034,2026-03-23T23:59:59.999000+00:00,57066551.091778,429932
2026-03-24T00:00:00+00:00,2152.03,2156.22,2124.26,2141.59,43067.6466,2026-03-24T03:59:59.999000+00:00,92128317.392136,694154
2026-03-24T04:00:00+00:00,2141.59,2170.65,2128.84,2165.61,46075.0579,2026-03-24T07:59:59.999000+00:00,98986253.46928,612079
2026-03-24T08:00:00+00:00,2165.61,2175.16,2147.36,2165.9,40140.7495,2026-03-24T11:59:59.999000+00:00,86731932.580149,551067
2026-03-24T12:00:00+00:00,2165.89,2170.52,2120.0,2135.15,80333.0075,2026-03-24T15:59:59.999000+00:00,171997627.217012,1318506
2026-03-24T16:00:00+00:00,2135.15,2140.57,2103.02,2116.87,59554.7786,2026-03-24T19:59:59.999000+00:00,126191368.746598,818011
2026-03-24T20:00:00+00:00,2116.86,2163.7,2115.63,2156.23,47532.2327,2026-03-24T23:59:59.999000+00:00,102070147.405215,639276
2026-03-25T00:00:00+00:00,2156.22,2168.63,2146.35,2158.54,35228.5599,2026-03-25T03:59:59.999000+00:00,76044149.684371,445917
2026-03-25T04:00:00+00:00,2158.53,2179.73,2156.83,2164.57,38937.4198,2026-03-25T07:59:59.999000+00:00,84467019.020957,366518
2026-03-25T08:00:00+00:00,2164.57,2199.02,2164.57,2186.41,56767.0182,2026-03-25T11:59:59.999000+00:00,124050456.916827,562300
2026-03-25T12:00:00+00:00,2186.41,2198.16,2147.67,2162.56,76609.8458,2026-03-25T15:59:59.999000+00:00,166719272.986841,1144526
2026-03-25T16:00:00+00:00,2162.56,2186.85,2155.93,2172.69,46113.5072,2026-03-25T19:59:59.999000+00:00,100036436.796243,684308
2026-03-25T20:00:00+00:00,2172.68,2183.5,2159.42,2169.02,21985.1746,2026-03-25T23:59:59.999000+00:00,47701345.762507,288552
2026-03-26T00:00:00+00:00,2169.02,2172.19,2144.05,2153.21,29526.6584,2026-03-26T03:59:59.999000+00:00,63720468.237671,384632
2026-03-26T04:00:00+00:00,2153.22,2154.58,2112.17,2123.64,49214.7706,2026-03-26T07:59:59.999000+00:00,104698777.991305,511552
2026-03-26T08:00:00+00:00,2123.64,2126.89,2062.94,2068.44,76476.7034,2026-03-26T11:59:59.999000+00:00,159613590.573243,720255
2026-03-26T12:00:00+00:00,2068.45,2093.79,2052.01,2070.4,74259.0218,2026-03-26T15:59:59.999000+00:00,154004813.047253,1003702
2026-03-26T16:00:00+00:00,2070.4,2070.95,2034.54,2049.12,65545.1975,2026-03-26T19:59:59.999000+00:00,134554041.480356,714822
2026-03-26T20:00:00+00:00,2049.11,2080.42,2046.54,2060.43,42988.2721,2026-03-26T23:59:59.999000+00:00,88905069.641106,555784
2026-03-27T00:00:00+00:00,2060.43,2077.19,2056.8,2061.48,22743.3242,2026-03-27T03:59:59.999000+00:00,46998194.308136,366108
2026-03-27T04:00:00+00:00,2061.49,2072.36,2043.49,2066.23,52118.1988,2026-03-27T07:59:59.999000+00:00,107490340.674764,437181
2026-03-27T08:00:00+00:00,2066.24,2069.6,1983.02,1991.8,119274.8749,2026-03-27T11:59:59.999000+00:00,240658675.783707,991776
2026-03-27T12:00:00+00:00,1991.8,2010.45,1970.93,1991.32,108873.3737,2026-03-27T15:59:59.999000+00:00,216470642.556902,1084346
2026-03-27T16:00:00+00:00,1991.32,1997.73,1974.48,1991.71,70350.7315,2026-03-27T19:59:59.999000+00:00,139733234.223933,742004
2026-03-27T20:00:00+00:00,1991.7,1996.31,1980.0,1992.75,21513.0217,2026-03-27T23:59:59.999000+00:00,42757541.459698,287822
2026-03-28T00:00:00+00:00,1992.76,1995.16,1983.17,1989.19,17995.8198,2026-03-28T03:59:59.999000+00:00,35791224.936442,211494
2026-03-28T04:00:00+00:00,1989.19,2008.35,1987.3,2007.07,18318.467,2026-03-28T07:59:59.999000+00:00,36621392.511544,171265
2026-03-28T08:00:00+00:00,2007.07,2008.34,1992.77,1997.64,18237.6229,2026-03-28T11:59:59.999000+00:00,36459198.583702,164289
2026-03-28T12:00:00+00:00,1997.64,2047.45,1992.25,2026.84,65210.0923,2026-03-28T15:59:59.999000+00:00,131853578.339466,553972
2026-03-28T16:00:00+00:00,2026.84,2030.23,2016.5,2020.56,12710.5504,2026-03-28T19:59:59.999000+00:00,25717308.31523,196711
2026-03-28T20:00:00+00:00,2020.57,2026.48,1989.64,1994.74,22359.2531,2026-03-28T23:59:59.999000+00:00,44885349.460945,272079
2026-03-29T00:00:00+00:00,1994.74,2019.65,1991.52,2011.1,16613.2608,2026-03-29T03:59:59.999000+00:00,33307877.247281,269628
2026-03-29T04:00:00+00:00,2011.1,2012.72,1997.67,2006.14,12828.4597,2026-03-29T07:59:59.999000+00:00,25713523.248038,212112
2026-03-29T08:00:00+00:00,2006.14,2008.16,1991.9,2003.78,15067.8231,2026-03-29T11:59:59.999000+00:00,30145067.756505,217382
2026-03-29T12:00:00+00:00,2003.78,2004.9,1983.56,1992.97,25232.6686,2026-03-29T15:59:59.999000+00:00,50287494.00792,323082
2026-03-29T16:00:00+00:00,1992.98,2003.61,1987.6,1995.89,16964.0358,2026-03-29T19:59:59.999000+00:00,33867242.296662,243267
2026-03-29T20:00:00+00:00,1995.89,2009.48,1938.82,1984.64,80020.4902,2026-03-29T23:59:59.999000+00:00,157928449.473424,784337
2026-03-30T00:00:00+00:00,1984.65,2043.5,1980.28,2035.88,70029.5862,2026-03-30T03:59:59.999000+00:00,141231031.136314,878125
2026-03-30T04:00:00+00:00,2035.88,2068.28,2035.88,2059.58,52260.9134,2026-03-30T07:59:59.999000+00:00,107181176.510171,471916
2026-03-30T08:00:00+00:00,2059.58,2081.65,2048.14,2071.28,50627.4687,2026-03-30T11:59:59.999000+00:00,104493336.267903,511099
2026-03-30T12:00:00+00:00,2071.29,2085.0,2044.25,2074.53,70195.1822,2026-03-30T15:59:59.999000+00:00,145075944.027178,896727
2026-03-30T16:00:00+00:00,2074.53,2074.99,2013.33,2023.7,60238.4065,2026-03-30T19:59:59.999000+00:00,122980559.107391,696460
2026-03-30T20:00:00+00:00,2023.7,2049.1,2013.92,2026.48,34952.8774,2026-03-30T23:59:59.999000+00:00,71004318.0335,432219
2026-03-31T00:00:00+00:00,2026.48,2092.34,2016.29,2066.71,66502.1402,2026-03-31T03:59:59.999000+00:00,137267281.994318,794282
2026-03-31T04:00:00+00:00,2066.71,2072.24,2042.31,2055.97,34849.5818,2026-03-31T07:59:59.999000+00:00,71746428.292049,394201
2026-03-31T08:00:00+00:00,2055.98,2059.2,2012.64,2041.2,62779.5377,2026-03-31T11:59:59.999000+00:00,127661095.928296,723301
2026-03-31T12:00:00+00:00,2041.21,2092.0,2035.02,2054.85,95949.4482,2026-03-31T15:59:59.999000+00:00,198088477.793317,1255153
2026-03-31T16:00:00+00:00,2054.85,2124.03,2054.29,2096.54,126072.2648,2026-03-31T19:59:59.999000+00:00,264530378.292531,1392942
2026-03-31T20:00:00+00:00,2096.54,2111.01,2088.35,2105.43,35744.9296,2026-03-31T23:59:59.999000+00:00,75093557.905683,453917
2026-04-01T00:00:00+00:00,2105.43,2117.79,2082.08,2102.91,37975.9983,2026-04-01T03:59:59.999000+00:00,79727903.507911,560193
2026-04-01T04:00:00+00:00,2102.91,2158.0,2100.35,2131.0,78179.0218,2026-04-01T07:59:59.999000+00:00,166912950.682528,739316
2026-04-01T08:00:00+00:00,2131.0,2142.93,2125.0,2135.32,46234.2524,2026-04-01T11:59:59.999000+00:00,98660192.47447,499154
2026-04-01T12:00:00+00:00,2135.32,2152.0,2108.72,2135.04,77261.013,2026-04-01T15:59:59.999000+00:00,164265811.383766,1072590
2026-04-01T16:00:00+00:00,2135.04,2167.85,2123.58,2141.43,74639.0666,2026-04-01T19:59:59.999000+00:00,159868636.58856,824421
2026-04-01T20:00:00+00:00,2141.43,2165.42,2130.7,2140.35,84938.0258,2026-04-01T23:59:59.999000+00:00,182581765.241536,515859
2026-04-02T00:00:00+00:00,2140.35,2159.37,2046.48,2056.33,108784.5193,2026-04-02T03:59:59.999000+00:00,228689806.397036,1358682
2026-04-02T04:00:00+00:00,2056.33,2058.45,2038.63,2056.09,45874.1458,2026-04-02T07:59:59.999000+00:00,93993202.52015,531932
2026-04-02T08:00:00+00:00,2056.09,2056.09,2024.73,2033.01,34776.9717,2026-04-02T11:59:59.999000+00:00,70983430.849651,424333
2026-04-02T12:00:00+00:00,2033.02,2072.22,2017.04,2059.6,88821.5481,2026-04-02T15:59:59.999000+00:00,181530276.572359,1256262
2026-04-02T16:00:00+00:00,2059.59,2077.64,2043.65,2065.34,44924.9508,2026-04-02T19:59:59.999000+00:00,92488495.119993,572872
2026-04-02T20:00:00+00:00,2065.35,2074.16,2053.54,2057.17,23690.6966,2026-04-02T23:59:59.999000+00:00,48863313.206555,318842
2026-04-03T00:00:00+00:00,2057.18,2062.49,2040.66,2054.23,27862.5809,2026-04-03T03:59:59.999000+00:00,57141977.70546,373054
2026-04-03T04:00:00+00:00,2054.22,2075.17,2047.35,2065.85,24471.2575,2026-04-03T07:59:59.999000+00:00,50433103.897053,334496
2026-04-03T08:00:00+00:00,2065.84,2072.0,2053.46,2062.64,21397.6282,2026-04-03T11:59:59.999000+00:00,44118886.939554,241585
2026-04-03T12:00:00+00:00,2062.64,2081.76,2041.65,2051.26,34731.975,2026-04-03T15:59:59.999000+00:00,71370851.825276,443503
2026-04-03T16:00:00+00:00,2051.26,2056.54,2043.78,2052.68,12701.8429,2026-04-03T19:59:59.999000+00:00,26052502.884593,192989
2026-04-03T20:00:00+00:00,2052.69,2060.92,2049.23,2053.83,15101.3548,2026-04-03T23:59:59.999000+00:00,31023238.860905,155968
2026-04-04T00:00:00+00:00,2053.83,2053.86,2047.92,2050.05,7032.7972,2026-04-04T03:59:59.999000+00:00,14423778.790091,163579
2026-04-04T04:00:00+00:00,2050.05,2058.0,2048.41,2053.82,9175.3802,2026-04-04T07:59:59.999000+00:00,18841840.817355,170511
2026-04-04T08:00:00+00:00,2053.82,2055.44,2047.89,2051.84,11621.7432,2026-04-04T11:59:59.999000+00:00,23844217.285682,167289
2026-04-04T12:00:00+00:00,2051.84,2062.02,2044.63,2056.29,21445.1645,2026-04-04T15:59:59.999000+00:00,44023531.426161,261955
2026-04-04T16:00:00+00:00,2056.29,2084.0,2053.07,2064.71,25517.2179,2026-04-04T19:59:59.999000+00:00,52724395.460352,292634
2026-04-04T20:00:00+00:00,2064.71,2072.15,2059.6,2065.52,11712.1376,2026-04-04T23:59:59.999000+00:00,24196570.217143,190054
2026-04-05T00:00:00+00:00,2065.51,2065.63,2054.15,2056.64,8367.2542,2026-04-05T03:59:59.999000+00:00,17230590.537996,153206
2026-04-05T04:00:00+00:00,2056.64,2058.09,2027.75,2037.29,20196.3802,2026-04-05T07:59:59.999000+00:00,41230067.042119,297181
2026-04-05T08:00:00+00:00,2037.29,2052.53,2035.91,2042.32,8916.0507,2026-04-05T11:59:59.999000+00:00,18218049.005971,202356
2026-04-05T12:00:00+00:00,2042.31,2069.89,2021.5,2053.85,37354.6547,2026-04-05T15:59:59.999000+00:00,76328023.133075,576523
2026-04-05T16:00:00+00:00,2053.85,2069.95,2048.69,2062.37,21390.3714,2026-04-05T19:59:59.999000+00:00,44059941.788737,401357
2026-04-05T20:00:00+00:00,2062.38,2123.49,2050.0,2110.17,61128.6087,2026-04-05T23:59:59.999000+00:00,127660752.804448,874242
2026-04-06T00:00:00+00:00,2110.17,2147.24,2110.17,2129.35,65862.4144,2026-04-06T03:59:59.999000+00:00,140114580.485285,993102
2026-04-06T04:00:00+00:00,2129.35,2141.0,2120.04,2134.9,40132.1583,2026-04-06T07:59:59.999000+00:00,85496720.285631,568253
2026-04-06T08:00:00+00:00,2134.91,2174.79,2133.42,2151.53,64975.0888,2026-04-06T11:59:59.999000+00:00,139879765.803043,807958
2026-04-06T12:00:00+00:00,2151.53,2169.6,2137.76,2164.65,75911.3132,2026-04-06T15:59:59.999000+00:00,163404692.834073,1308526
2026-04-06T16:00:00+00:00,2164.65,2168.72,2123.6,2144.25,56698.6975,2026-04-06T19:59:59.999000+00:00,121510455.662051,918441
2026-04-06T20:00:00+00:00,2144.25,2155.06,2087.5,2107.16,52474.6172,2026-04-06T23:59:59.999000+00:00,110985022.60129,734086
2026-04-07T00:00:00+00:00,2107.16,2120.14,2093.64,2108.37,34808.2346,2026-04-07T03:59:59.999000+00:00,73406107.762564,750469
2026-04-07T04:00:00+00:00,2108.37,2119.21,2096.69,2104.04,24073.3793,2026-04-07T07:59:59.999000+00:00,50676334.851655,349115
2026-04-07T08:00:00+00:00,2104.03,2133.83,2082.35,2089.58,52681.4772,2026-04-07T11:59:59.999000+00:00,111004023.26421,599211
2026-04-07T12:00:00+00:00,2089.58,2093.17,2060.24,2080.06,76548.9624,2026-04-07T15:59:59.999000+00:00,158951471.575082,934462
2026-04-07T16:00:00+00:00,2080.07,2116.65,2077.52,2113.39,55202.1323,2026-04-07T19:59:59.999000+00:00,115723501.053713,722308
2026-04-07T20:00:00+00:00,2113.39,2273.87,2110.68,2240.01,216780.6235,2026-04-07T23:59:59.999000+00:00,476449768.271651,1834146
2026-04-08T00:00:00+00:00,2240.01,2251.39,2228.24,2234.68,71283.3269,2026-04-08T03:59:59.999000+00:00,159528086.663252,669709
2026-04-08T04:00:00+00:00,2234.68,2260.76,2234.68,2253.76,59756.0098,2026-04-08T07:59:59.999000+00:00,134321829.147398,450200
2026-04-08T08:00:00+00:00,2253.76,2263.35,2237.12,2247.23,52326.6102,2026-04-08T11:59:59.999000+00:00,117793378.738903,465377
2026-04-08T12:00:00+00:00,2247.23,2270.55,2186.61,2215.45,129483.0314,2026-04-08T15:59:59.999000+00:00,288320268.988727,1402147
2026-04-08T16:00:00+00:00,2215.44,2239.5,2197.7,2211.04,53536.308,2026-04-08T19:59:59.999000+00:00,118658276.291889,861618
2026-04-08T20:00:00+00:00,2211.03,2222.55,2179.78,2190.0,38332.3458,2026-04-08T23:59:59.999000+00:00,84299081.919746,490934
2026-04-09T00:00:00+00:00,2190.0,2193.79,2162.0,2182.49,34908.9725,2026-04-09T03:59:59.999000+00:00,76035723.465307,537316
2026-04-09T04:00:00+00:00,2182.49,2188.99,2175.6,2181.14,24256.0905,2026-04-09T07:59:59.999000+00:00,52914191.092959,263219
2026-04-09T08:00:00+00:00,2181.14,2197.7,2176.37,2180.26,33344.5829,2026-04-09T11:59:59.999000+00:00,72921406.083582,335762
2026-04-09T12:00:00+00:00,2180.26,2225.0,2157.31,2217.99,76023.3606,2026-04-09T15:59:59.999000+00:00,166284446.16329,1054255
2026-04-09T16:00:00+00:00,2218.0,2229.4,2193.0,2216.42,57199.04,2026-04-09T19:59:59.999000+00:00,126594157.187059,935902
2026-04-09T20:00:00+00:00,2216.42,2246.0,2183.33,2190.2,49585.9038,2026-04-09T23:59:59.999000+00:00,109658378.673232,629932
2026-04-10T00:00:00+00:00,2190.17,2204.1,2176.1,2186.06,33173.2947,2026-04-10T03:59:59.999000+00:00,72670870.663377,484630
2026-04-10T04:00:00+00:00,2186.05,2203.11,2176.4,2179.28,31613.9975,2026-04-10T07:59:59.999000+00:00,69238190.635896,277027
2026-04-10T08:00:00+00:00,2179.27,2224.28,2177.13,2215.65,47671.2334,2026-04-10T11:59:59.999000+00:00,105112528.177281,363412
2026-04-10T12:00:00+00:00,2215.66,2257.99,2208.18,2224.27,95750.7477,2026-04-10T15:59:59.999000+00:00,213735467.924631,996721
2026-04-10T16:00:00+00:00,2224.28,2256.0,2221.46,2253.17,37702.4223,2026-04-10T19:59:59.999000+00:00,84568813.010608,510186
2026-04-10T20:00:00+00:00,2253.17,2257.14,2235.41,2245.05,26987.3902,2026-04-10T23:59:59.999000+00:00,60666429.664333,297237
2026-04-11T00:00:00+00:00,2245.06,2252.15,2234.81,2237.17,19355.1058,2026-04-11T03:59:59.999000+00:00,43402035.074122,190679
2026-04-11T04:00:00+00:00,2237.18,2242.93,2229.0,2232.6,22477.3402,2026-04-11T07:59:59.999000+00:00,50241515.903762,182480
2026-04-11T08:00:00+00:00,2232.6,2249.31,2232.14,2246.11,22661.8276,2026-04-11T11:59:59.999000+00:00,50767333.08363,162437
2026-04-11T12:00:00+00:00,2246.12,2256.11,2233.72,2249.54,18996.8388,2026-04-11T15:59:59.999000+00:00,42622018.98582,221100
2026-04-11T16:00:00+00:00,2249.54,2329.93,2246.53,2315.96,89257.1086,2026-04-11T19:59:59.999000+00:00,204782078.795637,746802
2026-04-11T20:00:00+00:00,2315.96,2317.14,2276.47,2284.99,42037.1829,2026-04-11T23:59:59.999000+00:00,96556011.303951,426153
2026-04-12T00:00:00+00:00,2285.0,2288.57,2207.06,2213.71,91337.4612,2026-04-12T03:59:59.999000+00:00,204528648.623607,846856
2026-04-12T04:00:00+00:00,2213.7,2220.87,2208.32,2218.02,27644.0457,2026-04-12T07:59:59.999000+00:00,61221079.983588,238093
2026-04-12T08:00:00+00:00,2218.02,2219.04,2194.32,2204.62,26727.7633,2026-04-12T11:59:59.999000+00:00,59024832.175429,197651
2026-04-12T12:00:00+00:00,2204.62,2208.22,2175.0,2186.47,53590.6811,2026-04-12T15:59:59.999000+00:00,117383507.260545,489750
2026-04-12T16:00:00+00:00,2186.47,2207.23,2183.09,2198.27,21416.5101,2026-04-12T19:59:59.999000+00:00,47049607.785995,227971
2026-04-12T20:00:00+00:00,2198.27,2218.13,2183.99,2191.65,37440.4207,2026-04-12T23:59:59.999000+00:00,82313163.012724,575487
2026-04-13T00:00:00+00:00,2191.64,2209.05,2187.2,2194.36,26455.4785,2026-04-13T03:59:59.999000+00:00,58175672.455016,385676
2026-04-13T04:00:00+00:00,2194.36,2201.45,2182.22,2186.56,33191.7629,2026-04-13T07:59:59.999000+00:00,72752476.358242,306958
2026-04-13T08:00:00+00:00,2186.57,2195.34,2179.0,2187.33,20617.5554,2026-04-13T11:59:59.999000+00:00,45065829.225859,308903
2026-04-13T12:00:00+00:00,2187.33,2236.43,2175.68,2209.28,104259.3625,2026-04-13T15:59:59.999000+00:00,230119345.339937,1081599
2026-04-13T16:00:00+00:00,2209.28,2268.88,2200.0,2262.33,64810.6588,2026-04-13T19:59:59.999000+00:00,145049441.275301,879999
2026-04-13T20:00:00+00:00,2262.33,2394.71,2247.5,2369.46,204536.0111,2026-04-13T23:59:59.999000+00:00,478090250.931899,1564422
2026-04-14T00:00:00+00:00,2369.46,2378.06,2354.6,2365.5,74432.8525,2026-04-14T03:59:59.999000+00:00,176191509.284923,615339
2026-04-14T04:00:00+00:00,2365.5,2389.99,2354.76,2377.91,63856.121,2026-04-14T07:59:59.999000+00:00,151334759.838467,470297
2026-04-14T08:00:00+00:00,2377.92,2396.03,2367.61,2374.53,66171.3263,2026-04-14T11:59:59.999000+00:00,157672031.915121,564153
2026-04-14T12:00:00+00:00,2374.54,2415.5,2332.72,2364.63,155007.3984,2026-04-14T15:59:59.999000+00:00,368093708.833866,1013152
2026-04-14T16:00:00+00:00,2364.62,2371.48,2302.9,2313.32,73170.8888,2026-04-14T19:59:59.999000+00:00,170690345.383088,696087
2026-04-14T20:00:00+00:00,2313.32,2332.35,2308.53,2322.44,27468.7971,2026-04-14T23:59:59.999000+00:00,63717293.818657,330537
2026-04-15T00:00:00+00:00,2322.44,2342.76,2317.56,2328.81,28901.5466,2026-04-15T03:59:59.999000+00:00,67396109.927992,326045
2026-04-15T04:00:00+00:00,2328.82,2338.23,2308.5,2316.62,31505.5439,2026-04-15T07:59:59.999000+00:00,73104857.686006,253967
2026-04-15T08:00:00+00:00,2316.62,2339.42,2312.15,2337.43,39774.7835,2026-04-15T11:59:59.999000+00:00,92455632.976173,448805
2026-04-15T12:00:00+00:00,2337.42,2349.46,2317.54,2332.04,55356.8376,2026-04-15T15:59:59.999000+00:00,129142589.874188,812911
2026-04-15T16:00:00+00:00,2332.03,2385.61,2329.1,2375.05,60038.6043,2026-04-15T19:59:59.999000+00:00,141440244.77785,833035
2026-04-15T20:00:00+00:00,2375.05,2380.45,2348.58,2359.95,52613.3218,2026-04-15T23:59:59.999000+00:00,124301909.23688,558108
2026-04-16T00:00:00+00:00,2359.94,2369.59,2345.04,2357.86,24372.7204,2026-04-16T03:59:59.999000+00:00,57460231.224374,445911
2026-04-16T04:00:00+00:00,2357.85,2364.0,2335.72,2341.52,33030.1056,2026-04-16T07:59:59.999000+00:00,77706170.806047,341840
2026-04-16T08:00:00+00:00,2341.52,2348.4,2328.64,2335.67,38717.9452,2026-04-16T11:59:59.999000+00:00,90493966.468991,396912
2026-04-16T12:00:00+00:00,2335.68,2351.8,2285.1,2339.01,122115.6918,2026-04-16T15:59:59.999000+00:00,283140539.722715,1218677
2026-04-16T16:00:00+00:00,2339.01,2361.96,2309.96,2359.7,72519.8431,2026-04-16T19:59:59.999000+00:00,169313531.22711,951594
2026-04-16T20:00:00+00:00,2359.69,2364.68,2336.25,2348.17,38204.6316,2026-04-16T23:59:59.999000+00:00,89768286.444026,438276
2026-04-17T00:00:00+00:00,2348.16,2350.9,2323.83,2325.52,22001.9814,2026-04-17T03:59:59.999000+00:00,51383982.741164,328737
2026-04-17T04:00:00+00:00,2325.53,2342.02,2317.43,2334.16,31478.7638,2026-04-17T07:59:59.999000+00:00,73259232.491546,304046
2026-04-17T08:00:00+00:00,2334.15,2377.0,2332.98,2354.99,65874.4475,2026-04-17T11:59:59.999000+00:00,154948268.419206,615722
2026-04-17T12:00:00+00:00,2355.0,2456.93,2349.4,2441.96,220835.8864,2026-04-17T15:59:59.999000+00:00,533992872.833238,1914992
2026-04-17T16:00:00+00:00,2441.96,2464.91,2415.41,2427.92,76798.3675,2026-04-17T19:59:59.999000+00:00,187207897.826221,905824
2026-04-17T20:00:00+00:00,2427.92,2444.34,2415.47,2419.0,74741.9149,2026-04-17T23:59:59.999000+00:00,181675138.294731,472333
2026-04-18T00:00:00+00:00,2419.0,2427.64,2399.54,2405.04,29072.7602,2026-04-18T03:59:59.999000+00:00,70264971.553284,307040
2026-04-18T04:00:00+00:00,2405.03,2413.54,2399.52,2403.71,14941.9954,2026-04-18T07:59:59.999000+00:00,35966414.301134,170694
2026-04-18T08:00:00+00:00,2403.71,2404.85,2343.44,2352.96,67979.8578,2026-04-18T11:59:59.999000+00:00,161108089.49291,581840
2026-04-18T12:00:00+00:00,2352.96,2369.66,2345.25,2363.64,57355.5128,2026-04-18T15:59:59.999000+00:00,135252244.99248,417823
2026-04-18T16:00:00+00:00,2363.64,2375.14,2339.92,2348.59,39182.5061,2026-04-18T19:59:59.999000+00:00,92353697.805257,384817
2026-04-18T20:00:00+00:00,2348.59,2359.5,2344.96,2350.32,13208.7565,2026-04-18T23:59:59.999000+00:00,31073948.630118,183711
2026-04-19T00:00:00+00:00,2350.33,2355.3,2332.1,2339.77,20291.3796,2026-04-19T03:59:59.999000+00:00,47559829.744453,261070
2026-04-19T04:00:00+00:00,2339.77,2346.11,2300.0,2316.03,54404.7518,2026-04-19T07:59:59.999000+00:00,126268393.970684,402320
2026-04-19T08:00:00+00:00,2316.03,2331.13,2306.42,2329.38,23275.524,2026-04-19T11:59:59.999000+00:00,53974397.410726,316327
2026-04-19T12:00:00+00:00,2329.38,2350.24,2315.29,2330.8,37666.7192,2026-04-19T15:59:59.999000+00:00,87955907.272138,454066
2026-04-19T16:00:00+00:00,2330.8,2331.34,2287.62,2299.65,53803.7087,2026-04-19T19:59:59.999000+00:00,123915595.057721,608853
2026-04-19T20:00:00+00:00,2299.66,2300.0,2252.72,2263.27,66644.7443,2026-04-19T23:59:59.999000+00:00,151434389.637328,685624
2026-04-20T00:00:00+00:00,2263.28,2294.3,2259.67,2286.56,30033.2489,2026-04-20T03:59:59.999000+00:00,68460210.749165,333782
2026-04-20T04:00:00+00:00,2286.55,2332.88,2263.18,2298.8,59476.1626,2026-04-20T07:59:59.999000+00:00,136439643.963939,479365
2026-04-20T08:00:00+00:00,2298.81,2320.0,2289.82,2308.42,37613.5655,2026-04-20T11:59:59.999000+00:00,86676194.665583,528607
2026-04-20T12:00:00+00:00,2308.42,2326.36,2278.38,2313.91,85434.5339,2026-04-20T15:59:59.999000+00:00,196930074.560487,1274217
2026-04-20T16:00:00+00:00,2313.92,2344.19,2297.97,2331.78,53432.5029,2026-04-20T19:59:59.999000+00:00,124111959.381548,710349
2026-04-20T20:00:00+00:00,2331.78,2346.78,2307.74,2313.85,35010.0521,2026-04-20T23:59:59.999000+00:00,81434114.657971,425301
2026-04-21T00:00:00+00:00,2313.84,2326.64,2300.01,2311.62,22781.1909,2026-04-21T03:59:59.999000+00:00,52691898.233639,327475
2026-04-21T04:00:00+00:00,2311.62,2327.05,2304.06,2318.48,22945.3733,2026-04-21T07:59:59.999000+00:00,53157569.873788,303625
2026-04-21T08:00:00+00:00,2318.48,2338.75,2314.0,2320.45,30640.3683,2026-04-21T11:59:59.999000+00:00,71262900.279698,420800
2026-04-21T12:00:00+00:00,2320.45,2327.5,2290.35,2310.24,52118.0452,2026-04-21T15:59:59.999000+00:00,120274988.226656,950322
2026-04-21T16:00:00+00:00,2310.25,2332.0,2284.19,2298.41,62286.6088,2026-04-21T19:59:59.999000+00:00,143729519.147115,911368
2026-04-21T20:00:00+00:00,2298.42,2329.47,2296.04,2327.14,35874.3905,2026-04-21T23:59:59.999000+00:00,83070073.878684,485344
2026-04-22T00:00:00+00:00,2327.15,2379.66,2312.95,2363.62,66774.3839,2026-04-22T03:59:59.999000+00:00,157025524.897471,726085
2026-04-22T04:00:00+00:00,2363.63,2413.83,2358.41,2389.97,89349.9459,2026-04-22T07:59:59.999000+00:00,213612449.153956,668282
2026-04-22T08:00:00+00:00,2389.98,2400.78,2383.0,2398.44,41401.3724,2026-04-22T11:59:59.999000+00:00,98964646.854337,426855
2026-04-22T12:00:00+00:00,2398.44,2423.75,2390.9,2403.83,98738.8258,2026-04-22T15:59:59.999000+00:00,237530839.867554,1271017
2026-04-22T16:00:00+00:00,2403.84,2413.75,2384.17,2397.79,50321.212,2026-04-22T19:59:59.999000+00:00,120601718.180634,723878
2026-04-22T20:00:00+00:00,2397.8,2406.11,2373.95,2374.07,33121.3859,2026-04-22T23:59:59.999000+00:00,79250750.246735,414126
2026-04-23T00:00:00+00:00,2374.08,2382.0,2331.5,2340.81,76206.1153,2026-04-23T03:59:59.999000+00:00,179737212.091395,896029
2026-04-23T04:00:00+00:00,2340.82,2358.93,2337.12,2344.43,39343.6563,2026-04-23T07:59:59.999000+00:00,92436957.579036,427820
2026-04-23T08:00:00+00:00,2344.43,2345.0,2305.61,2328.97,78151.0377,2026-04-23T11:59:59.999000+00:00,181619186.735544,613077
2026-04-23T12:00:00+00:00,2328.96,2343.58,2315.23,2333.26,52807.9001,2026-04-23T15:59:59.999000+00:00,122964312.095282,816205
2026-04-23T16:00:00+00:00,2333.26,2335.76,2285.42,2312.88,79023.7839,2026-04-23T19:59:59.999000+00:00,182451499.782765,999074
2026-04-23T20:00:00+00:00,2312.87,2338.79,2312.74,2330.26,31113.199,2026-04-23T23:59:59.999000+00:00,72403178.397203,327374
2026-04-24T00:00:00+00:00,2330.27,2337.5,2301.35,2308.64,27004.8932,2026-04-24T03:59:59.999000+00:00,62681272.732802,379883
2026-04-24T04:00:00+00:00,2308.63,2317.35,2300.22,2311.63,28648.9402,2026-04-24T07:59:59.999000+00:00,66176139.971485,308752
2026-04-24T08:00:00+00:00,2311.63,2332.26,2303.74,2328.1,35868.9201,2026-04-24T11:59:59.999000+00:00,83155156.972671,440852
2026-04-24T12:00:00+00:00,2328.1,2331.85,2301.61,2323.81,46811.7304,2026-04-24T15:59:59.999000+00:00,108495488.427471,715319
2026-04-24T16:00:00+00:00,2323.81,2325.0,2308.82,2321.6,24666.2517,2026-04-24T19:59:59.999000+00:00,57163348.02736,387682
2026-04-24T20:00:00+00:00,2321.59,2328.16,2307.2,2314.99,20886.8825,2026-04-24T23:59:59.999000+00:00,48413420.08603,181336
2026-04-25T00:00:00+00:00,2314.98,2321.36,2311.27,2318.43,7639.0588,2026-04-25T03:59:59.999000+00:00,17699401.303677,94007
2026-04-25T04:00:00+00:00,2318.44,2319.01,2313.3,2316.48,6328.1546,2026-04-25T07:59:59.999000+00:00,14656659.36386,74646
2026-04-25T08:00:00+00:00,2316.48,2323.21,2311.2,2313.64,11470.7972,2026-04-25T11:59:59.999000+00:00,26598312.400388,106448
2026-04-25T12:00:00+00:00,2313.65,2318.94,2303.0,2308.09,15641.4778,2026-04-25T15:59:59.999000+00:00,36192480.331453,133121
2026-04-25T16:00:00+00:00,2308.08,2313.98,2300.55,2310.06,19676.6866,2026-04-25T19:59:59.999000+00:00,45427695.582898,143366
2026-04-25T20:00:00+00:00,2310.06,2320.42,2308.85,2319.5,7383.0441,2026-04-25T23:59:59.999000+00:00,17099038.556267,107169
2026-04-26T00:00:00+00:00,2319.49,2320.06,2306.72,2310.0,10012.7252,2026-04-26T03:59:59.999000+00:00,23173554.888979,108354
2026-04-26T04:00:00+00:00,2309.99,2336.48,2308.97,2331.24,24981.3334,2026-04-26T07:59:59.999000+00:00,58163719.356265,203500
2026-04-26T08:00:00+00:00,2331.25,2337.68,2329.66,2335.95,12111.2365,2026-04-26T11:59:59.999000+00:00,28261827.626216,121952
2026-04-26T12:00:00+00:00,2335.96,2352.44,2324.19,2348.05,24507.8806,2026-04-26T15:59:59.999000+00:00,57373656.308339,245066
2026-04-26T16:00:00+00:00,2348.06,2376.35,2340.56,2367.4,35056.7538,2026-04-26T19:59:59.999000+00:00,82744245.815981,293154
2026-04-26T20:00:00+00:00,2367.4,2380.0,2348.47,2369.44,47921.6924,2026-04-26T23:59:59.999000+00:00,113322213.944913,536544
2026-04-27T00:00:00+00:00,2369.45,2404.37,2359.46,2394.85,48640.6352,2026-04-27T03:59:59.999000+00:00,116200231.690658,619528
2026-04-27T04:00:00+00:00,2394.85,2396.05,2312.71,2316.01,71679.7375,2026-04-27T07:59:59.999000+00:00,167755396.544258,704000
2026-04-27T08:00:00+00:00,2316.0,2325.52,2309.13,2320.39,29605.5066,2026-04-27T11:59:59.999000+00:00,68638180.145572,292944
2026-04-27T12:00:00+00:00,2320.39,2329.82,2266.09,2275.07,85871.4106,2026-04-27T15:59:59.999000+00:00,197426548.929799,896015
2026-04-27T16:00:00+00:00,2275.07,2292.91,2270.04,2289.14,46317.2928,2026-04-27T19:59:59.999000+00:00,105775466.441325,448789
2026-04-27T20:00:00+00:00,2289.15,2308.61,2284.66,2303.67,18249.2759,2026-04-27T23:59:59.999000+00:00,41857719.349142,231006
2026-04-28T00:00:00+00:00,2303.66,2310.88,2280.99,2290.94,21169.2851,2026-04-28T03:59:59.999000+00:00,48602144.052993,355365
2026-04-28T04:00:00+00:00,2290.93,2296.91,2270.53,2287.99,37016.4672,2026-04-28T07:59:59.999000+00:00,84562746.336576,335571
2026-04-28T08:00:00+00:00,2288.0,2291.64,2270.36,2275.32,32729.5921,2026-04-28T11:59:59.999000+00:00,74658635.138558,336925
2026-04-28T12:00:00+00:00,2275.32,2286.2,2258.24,2279.76,49767.4453,2026-04-28T15:59:59.999000+00:00,113041008.32896,755933
2026-04-28T16:00:00+00:00,2279.76,2305.55,2274.38,2301.96,33432.9185,2026-04-28T19:59:59.999000+00:00,76565132.304037,376377
2026-04-28T20:00:00+00:00,2301.96,2305.95,2284.15,2289.42,13816.5119,2026-04-28T23:59:59.999000+00:00,31664964.347851,186821
2026-04-29T00:00:00+00:00,2289.42,2316.36,2278.84,2311.52,39935.6458,2026-04-29T03:59:59.999000+00:00,91714214.581204,394085
2026-04-29T04:00:00+00:00,2311.53,2342.5,2309.33,2323.73,55138.2957,2026-04-29T07:59:59.999000+00:00,128361828.219446,457186
2026-04-29T08:00:00+00:00,2323.74,2346.95,2321.11,2331.74,34673.3128,2026-04-29T11:59:59.999000+00:00,80964460.780454,451152
2026-04-29T12:00:00+00:00,2331.74,2331.94,2263.1,2272.51,81070.1689,2026-04-29T15:59:59.999000+00:00,186202785.059405,918226
2026-04-29T16:00:00+00:00,2272.5,2285.92,2220.36,2233.7,105332.5164,2026-04-29T19:59:59.999000+00:00,236794902.208297,949510
2026-04-29T20:00:00+00:00,2233.69,2264.8,2230.49,2252.9,38928.1619,2026-04-29T23:59:59.999000+00:00,87517052.678827,418133
2026-04-30T00:00:00+00:00,2252.9,2279.0,2236.36,2253.24,36060.2185,2026-04-30T03:59:59.999000+00:00,81467956.012315,623320
2026-04-30T04:00:00+00:00,2253.24,2262.23,2231.64,2260.31,33378.8714,2026-04-30T07:59:59.999000+00:00,75013519.195129,411290
2026-04-30T08:00:00+00:00,2260.31,2273.7,2252.07,2258.18,30735.9241,2026-04-30T11:59:59.999000+00:00,69511058.766392,396742
2026-04-30T12:00:00+00:00,2258.18,2275.13,2245.82,2265.7,37871.9822,2026-04-30T15:59:59.999000+00:00,85693494.612366,702265
2026-04-30T16:00:00+00:00,2265.7,2267.16,2251.62,2261.99,17651.0886,2026-04-30T19:59:59.999000+00:00,39892487.450403,343077
2026-04-30T20:00:00+00:00,2261.98,2267.32,2252.42,2257.51,11496.1928,2026-04-30T23:59:59.999000+00:00,25979373.63503,173143
2026-05-01T00:00:00+00:00,2257.51,2295.0,2257.21,2282.87,26924.6936,2026-05-01T03:59:59.999000+00:00,61293731.925039,289839
2026-05-01T04:00:00+00:00,2282.87,2286.75,2272.09,2279.48,22911.8668,2026-05-01T07:59:59.999000+00:00,52234123.590129,216692
2026-05-01T08:00:00+00:00,2279.5,2293.0,2277.06,2286.45,18694.3189,2026-05-01T11:59:59.999000+00:00,42707010.606398,200289
2026-05-01T12:00:00+00:00,2286.46,2325.28,2284.15,2307.64,74814.7245,2026-05-01T15:59:59.999000+00:00,172745191.225719,585911
2026-05-01T16:00:00+00:00,2307.64,2314.21,2298.17,2304.85,26400.5038,2026-05-01T19:59:59.999000+00:00,60879168.867421,301474
2026-05-01T20:00:00+00:00,2304.85,2305.86,2278.98,2295.63,21336.4474,2026-05-01T23:59:59.999000+00:00,48892029.61321,211276
2026-05-02T00:00:00+00:00,2295.63,2308.34,2292.91,2304.44,10951.3606,2026-05-02T03:59:59.999000+00:00,25191053.076746,165359
2026-05-02T04:00:00+00:00,2304.43,2306.35,2296.62,2301.02,10106.3654,2026-05-02T07:59:59.999000+00:00,23258711.304724,116339
2026-05-02T08:00:00+00:00,2301.01,2307.78,2299.05,2302.1,8398.4598,2026-05-02T11:59:59.999000+00:00,19347551.746448,99997
2026-05-02T12:00:00+00:00,2302.09,2311.83,2301.36,2309.19,11671.861,2026-05-02T15:59:59.999000+00:00,26928729.242452,107794
2026-05-02T16:00:00+00:00,2309.18,2313.98,2304.08,2311.08,10993.0917,2026-05-02T19:59:59.999000+00:00,25386006.029588,117966
2026-05-02T20:00:00+00:00,2311.08,2343.6,2309.59,2316.97,33467.3339,2026-05-02T23:59:59.999000+00:00,77802445.537931,263244
2026-05-03T00:00:00+00:00,2316.97,2317.69,2299.38,2301.9,19468.8798,2026-05-03T03:59:59.999000+00:00,44906713.901714,182498
2026-05-03T04:00:00+00:00,2301.9,2314.01,2297.59,2309.28,11221.5322,2026-05-03T07:59:59.999000+00:00,25863946.393376,115727
2026-05-03T08:00:00+00:00,2309.28,2327.5,2307.49,2319.63,17555.1258,2026-05-03T11:59:59.999000+00:00,40666476.202774,159932
2026-05-03T12:00:00+00:00,2319.63,2333.91,2319.63,2328.44,21474.0931,2026-05-03T15:59:59.999000+00:00,49962494.59405,213808
2026-05-03T16:00:00+00:00,2328.45,2337.87,2322.38,2335.59,19196.1335,2026-05-03T19:59:59.999000+00:00,44750825.442323,168382
2026-05-03T20:00:00+00:00,2335.6,2356.92,2315.0,2322.65,62158.6698,2026-05-03T23:59:59.999000+00:00,145219543.483842,533943
2026-05-04T00:00:00+00:00,2322.65,2391.0,2309.24,2385.12,114327.9965,2026-05-04T03:59:59.999000+00:00,270073450.882481,883575
2026-05-04T04:00:00+00:00,2385.11,2398.93,2354.2,2362.8,69420.5189,2026-05-04T07:59:59.999000+00:00,165096205.241705,466765
2026-05-04T08:00:00+00:00,2362.79,2371.09,2314.25,2337.59,85731.0321,2026-05-04T11:59:59.999000+00:00,200593492.953051,794562
2026-05-04T12:00:00+00:00,2337.59,2381.8,2325.71,2350.1,103215.1931,2026-05-04T15:59:59.999000+00:00,242716919.731845,1060836
2026-05-04T16:00:00+00:00,2350.11,2379.52,2336.63,2356.52,62301.4442,2026-05-04T19:59:59.999000+00:00,147051915.113456,693394
2026-05-04T20:00:00+00:00,2356.52,2365.91,2344.83,2347.16,18024.6137,2026-05-04T23:59:59.999000+00:00,42458766.144053,237961
2026-05-05T00:00:00+00:00,2347.17,2389.38,2344.93,2382.43,43369.6537,2026-05-05T03:59:59.999000+00:00,102911351.413071,379509
2026-05-05T04:00:00+00:00,2382.43,2390.74,2367.35,2380.59,49038.9405,2026-05-05T07:59:59.999000+00:00,116736198.023261,372001
2026-05-05T08:00:00+00:00,2380.59,2384.62,2366.76,2379.89,29380.9535,2026-05-05T11:59:59.999000+00:00,69799969.322139,262185
2026-05-05T12:00:00+00:00,2379.89,2399.5,2369.17,2381.31,78808.51,2026-05-05T15:59:59.999000+00:00,188014480.117437,696726
2026-05-05T16:00:00+00:00,2381.3,2383.38,2359.71,2371.94,40911.2728,2026-05-05T19:59:59.999000+00:00,96954986.540998,377499
2026-05-05T20:00:00+00:00,2371.94,2388.54,2354.34,2360.77,45127.4007,2026-05-05T23:59:59.999000+00:00,107063563.693675,424270
2026-05-06T00:00:00+00:00,2360.76,2380.87,2355.0,2376.8,33054.8032,2026-05-06T03:59:59.999000+00:00,78271149.263146,384980
2026-05-06T04:00:00+00:00,2376.81,2379.4,2355.0,2371.74,33514.6725,2026-05-06T07:59:59.999000+00:00,79324880.546663,307921
2026-05-06T08:00:00+00:00,2371.74,2423.74,2369.16,2410.47,113801.0466,2026-05-06T11:59:59.999000+00:00,273618535.848302,695277
2026-05-06T12:00:00+00:00,2410.47,2413.59,2346.68,2359.1,137462.5415,2026-05-06T15:59:59.999000+00:00,326500848.538023,950635
2026-05-06T16:00:00+00:00,2359.1,2367.47,2338.0,2348.5,59822.6802,2026-05-06T19:59:59.999000+00:00,140680471.909519,432840
2026-05-06T20:00:00+00:00,2348.49,2357.45,2338.28,2350.84,43011.5721,2026-05-06T23:59:59.999000+00:00,101045742.30972,290972
2026-05-07T00:00:00+00:00,2350.84,2352.3,2313.89,2322.39,63504.3173,2026-05-07T03:59:59.999000+00:00,147718361.873077,523410
2026-05-07T04:00:00+00:00,2322.39,2346.89,2317.8,2344.59,51518.0099,2026-05-07T07:59:59.999000+00:00,120176362.891076,333196
2026-05-07T08:00:00+00:00,2344.59,2346.6,2317.35,2329.94,54139.7818,2026-05-07T11:59:59.999000+00:00,126223511.702637,402865
2026-05-07T12:00:00+00:00,2329.94,2337.13,2285.95,2294.82,129506.9522,2026-05-07T15:59:59.999000+00:00,298943585.361803,855763
2026-05-07T16:00:00+00:00,2294.82,2304.0,2280.1,2295.98,98757.482,2026-05-07T19:59:59.999000+00:00,226538965.394694,688038
2026-05-07T20:00:00+00:00,2295.98,2302.57,2281.04,2291.06,72095.3946,2026-05-07T23:59:59.999000+00:00,165120151.382912,387811
2026-05-08T00:00:00+00:00,2291.06,2294.28,2265.61,2278.76,54369.0261,2026-05-08T03:59:59.999000+00:00,123957786.633199,393281
2026-05-08T04:00:00+00:00,2278.77,2284.54,2267.15,2281.35,73893.4649,2026-05-08T07:59:59.999000+00:00,168211725.584194,339640
2026-05-08T08:00:00+00:00,2281.37,2298.01,2280.15,2295.38,65719.1373,2026-05-08T11:59:59.999000+00:00,150305493.282734,343091
2026-05-08T12:00:00+00:00,2295.38,2302.0,2269.96,2293.2,85201.3421,2026-05-08T15:59:59.999000+00:00,194501490.53541,734683
2026-05-08T16:00:00+00:00,2293.2,2321.22,2286.42,2316.05,76484.5206,2026-05-08T19:59:59.999000+00:00,176520488.378606,507189
2026-05-08T20:00:00+00:00,2316.06,2319.15,2303.19,2307.06,65367.6672,2026-05-08T23:59:59.999000+00:00,151043017.227942,250172
2026-05-09T00:00:00+00:00,2307.07,2320.77,2304.19,2315.33,39168.7188,2026-05-09T03:59:59.999000+00:00,90610920.635767,195005
2026-05-09T04:00:00+00:00,2315.33,2325.33,2310.9,2314.69,51761.091,2026-05-09T07:59:59.999000+00:00,119884973.14474,199194
2026-05-09T08:00:00+00:00,2314.69,2320.53,2310.24,2314.57,25659.728,2026-05-09T11:59:59.999000+00:00,59409184.506014,122616
2026-05-09T12:00:00+00:00,2314.56,2318.27,2300.0,2317.63,31105.7798,2026-05-09T15:59:59.999000+00:00,71900472.13934,223767
2026-05-09T16:00:00+00:00,2317.64,2338.37,2315.29,2332.01,56917.6483,2026-05-09T19:59:59.999000+00:00,132495433.504294,349590
2026-05-09T20:00:00+00:00,2332.02,2333.47,2324.7,2326.44,25818.1911,2026-05-09T23:59:59.999000+00:00,60140740.165714,158453
2026-05-10T00:00:00+00:00,2326.43,2332.91,2318.33,2327.76,33278.1366,2026-05-10T03:59:59.999000+00:00,77377176.54525,211480
2026-05-10T04:00:00+00:00,2327.75,2332.09,2326.1,2327.36,26964.3516,2026-05-10T07:59:59.999000+00:00,62787274.773083,162429
2026-05-10T08:00:00+00:00,2327.36,2333.59,2319.0,2322.58,28879.9992,2026-05-10T11:59:59.999000+00:00,67196718.870186,184657
2026-05-10T12:00:00+00:00,2322.59,2351.66,2320.87,2347.56,51926.9775,2026-05-10T15:59:59.999000+00:00,121177230.7731,300962
2026-05-10T16:00:00+00:00,2347.56,2368.0,2340.11,2365.54,154424.5599,2026-05-10T19:59:59.999000+00:00,363185897.687171,432631
2026-05-10T20:00:00+00:00,2365.54,2382.53,2311.83,2371.27,102648.8375,2026-05-10T23:59:59.999000+00:00,241553955.779089,980590
2026-05-11T00:00:00+00:00,2371.26,2374.92,2320.01,2330.56,60324.2716,2026-05-11T03:59:59.999000+00:00,141516137.579213,678673
2026-05-11T04:00:00+00:00,2330.56,2342.44,2326.66,2330.54,35309.276,2026-05-11T07:59:59.999000+00:00,82409373.333539,273799
2026-05-11T08:00:00+00:00,2330.55,2339.9,2326.66,2335.8,21339.0861,2026-05-11T11:59:59.999000+00:00,49795722.304095,262690
2026-05-11T12:00:00+00:00,2335.8,2338.89,2304.0,2333.48,54288.2257,2026-05-11T15:59:59.999000+00:00,126108053.204771,663948
2026-05-11T16:00:00+00:00,2333.48,2344.35,2323.68,2340.43,43385.8646,2026-05-11T19:59:59.999000+00:00,101378810.538551,457169
2026-05-11T20:00:00+00:00,2340.44,2345.68,2335.08,2339.87,22315.3312,2026-05-11T23:59:59.999000+00:00,52219967.292754,258314
2026-05-12T00:00:00+00:00,2339.88,2340.85,2295.01,2309.37,46792.4896,2026-05-12T03:59:59.999000+00:00,108295182.844512,442505
2026-05-12T04:00:00+00:00,2309.36,2314.49,2291.63,2295.2,35381.7127,2026-05-12T07:59:59.999000+00:00,81551632.237858,233132
2026-05-12T08:00:00+00:00,2295.2,2296.27,2278.57,2287.01,60392.7982,2026-05-12T11:59:59.999000+00:00,138102164.848199,399609
2026-05-12T12:00:00+00:00,2287.02,2294.01,2256.67,2261.85,63665.2782,2026-05-12T15:59:59.999000+00:00,144821051.592503,828775
2026-05-12T16:00:00+00:00,2261.86,2287.43,2256.27,2285.09,29736.9338,2026-05-12T19:59:59.999000+00:00,67590284.629687,408943
2026-05-12T20:00:00+00:00,2285.1,2291.37,2273.88,2274.96,17011.8957,2026-05-12T23:59:59.999000+00:00,38844643.644705,207417
2026-05-13T00:00:00+00:00,2274.97,2303.77,2273.34,2301.77,25629.7121,2026-05-13T03:59:59.999000+00:00,58733882.089381,370680
2026-05-13T04:00:00+00:00,2301.76,2309.0,2295.63,2301.07,20242.608,2026-05-13T07:59:59.999000+00:00,46598565.980199,204639
2026-05-13T08:00:00+00:00,2301.07,2323.36,2299.0,2301.82,39654.7131,2026-05-13T11:59:59.999000+00:00,91670926.132902,334434
2026-05-13T12:00:00+00:00,2301.83,2307.54,2234.13,2236.49,101419.7434,2026-05-13T15:59:59.999000+00:00,229797898.361705,738479
2026-05-13T16:00:00+00:00,2236.48,2268.49,2235.48,2256.53,55259.29,2026-05-13T19:59:59.999000+00:00,124501701.632488,327442
2026-05-13T20:00:00+00:00,2256.53,2264.46,2251.0,2258.65,16249.6633,2026-05-13T23:59:59.999000+00:00,36691728.225203,169926
2026-05-14T00:00:00+00:00,2258.66,2269.37,2238.64,2242.14,28395.7613,2026-05-14T03:59:59.999000+00:00,64089642.378897,364318
2026-05-14T04:00:00+00:00,2242.14,2275.2,2239.54,2265.48,28603.5337,2026-05-14T07:59:59.999000+00:00,64779481.06791,285851
2026-05-14T08:00:00+00:00,2265.49,2270.99,2252.53,2253.81,31025.1104,2026-05-14T11:59:59.999000+00:00,70154546.033413,289402
2026-05-14T12:00:00+00:00,2253.81,2299.7,2246.13,2298.48,68751.7844,2026-05-14T15:59:59.999000+00:00,156240171.872305,777022
2026-05-14T16:00:00+00:00,2298.48,2319.33,2293.96,2298.34,71280.168,2026-05-14T19:59:59.999000+00:00,164451362.891067,723164
2026-05-14T20:00:00+00:00,2298.34,2301.67,2280.18,2283.25,28624.4781,2026-05-14T23:59:59.999000+00:00,65653504.353828,290650
2026-05-15T00:00:00+00:00,2283.26,2300.29,2260.45,2273.34,56947.0188,2026-05-15T03:59:59.999000+00:00,129690554.813973,499357
2026-05-15T04:00:00+00:00,2273.35,2273.91,2237.95,2265.11,50307.0238,2026-05-15T07:59:59.999000+00:00,113459432.840997,450040
2026-05-15T08:00:00+00:00,2265.11,2265.42,2250.0,2257.57,30771.6519,2026-05-15T11:59:59.999000+00:00,69472696.259584,348748
2026-05-15T12:00:00+00:00,2257.56,2260.72,2205.11,2222.85,98329.8622,2026-05-15T15:59:59.999000+00:00,218720724.787394,1049205
2026-05-15T16:00:00+00:00,2222.86,2232.88,2218.9,2223.35,32854.539,2026-05-15T19:59:59.999000+00:00,73151594.799387,404174
2026-05-15T20:00:00+00:00,2223.35,2226.29,2215.0,2224.66,19326.455,2026-05-15T23:59:59.999000+00:00,42938869.410983,225784
2026-05-16T00:00:00+00:00,2224.65,2231.51,2223.53,2228.01,11176.8318,2026-05-16T03:59:59.999000+00:00,24907666.895427,165343
2026-05-16T04:00:00+00:00,2228.0,2228.96,2182.0,2194.81,52860.5816,2026-05-16T07:59:59.999000+00:00,116338233.061945,413958
2026-05-16T08:00:00+00:00,2194.81,2196.87,2162.55,2176.1,66188.9001,2026-05-16T11:59:59.999000+00:00,144010330.348343,455164
2026-05-16T12:00:00+00:00,2176.11,2188.16,2172.3,2180.0,38164.9832,2026-05-16T15:59:59.999000+00:00,83119116.75875,243536
2026-05-16T16:00:00+00:00,2180.0,2185.22,2170.5,2179.57,23176.1285,2026-05-16T19:59:59.999000+00:00,50467938.598723,161654
2026-05-16T20:00:00+00:00,2179.57,2183.54,2179.35,2180.77,7721.1509,2026-05-16T23:59:59.999000+00:00,16844661.404158,102228
2026-05-17T00:00:00+00:00,2180.77,2185.6,2167.98,2181.7,22317.4449,2026-05-17T03:59:59.999000+00:00,48568510.983787,247485
2026-05-17T04:00:00+00:00,2181.71,2195.0,2181.14,2186.64,17300.9882,2026-05-17T07:59:59.999000+00:00,37836038.102733,167464
2026-05-17T08:00:00+00:00,2186.63,2198.14,2183.12,2192.0,15590.7778,2026-05-17T11:59:59.999000+00:00,34158284.375241,171257
2026-05-17T12:00:00+00:00,2192.0,2198.04,2178.39,2186.51,18881.2867,2026-05-17T15:59:59.999000+00:00,41331094.02605,237689
2026-05-17T16:00:00+00:00,2186.51,2193.62,2176.63,2192.53,12368.2351,2026-05-17T19:59:59.999000+00:00,27019733.362346,196922
2026-05-17T20:00:00+00:00,2192.54,2194.82,2091.48,2131.0,88658.0822,2026-05-17T23:59:59.999000+00:00,189663826.67764,617788
2026-05-18T00:00:00+00:00,2131.0,2132.0,2104.99,2118.44,66934.9313,2026-05-18T03:59:59.999000+00:00,141643246.720594,765049
2026-05-18T04:00:00+00:00,2118.44,2125.83,2110.0,2120.82,32135.9981,2026-05-18T07:59:59.999000+00:00,68089129.882133,340324
2026-05-18T08:00:00+00:00,2120.82,2139.75,2110.5,2133.9,32838.4005,2026-05-18T11:59:59.999000+00:00,69698475.180224,319323
2026-05-18T12:00:00+00:00,2133.9,2157.24,2093.77,2107.48,113725.5324,2026-05-18T15:59:59.999000+00:00,241430297.157064,1195239
2026-05-18T16:00:00+00:00,2107.49,2128.49,2077.23,2125.07,93607.2455,2026-05-18T19:59:59.999000+00:00,196647677.868918,956880
2026-05-18T20:00:00+00:00,2125.07,2142.67,2114.59,2130.08,42636.2854,2026-05-18T23:59:59.999000+00:00,90881015.655324,405170
2026-05-19T00:00:00+00:00,2130.08,2146.95,2118.6,2131.3,28665.0307,2026-05-19T03:59:59.999000+00:00,61084243.319202,455879
2026-05-19T04:00:00+00:00,2131.3,2145.0,2123.61,2140.97,24673.1361,2026-05-19T07:59:59.999000+00:00,52691050.800208,277860
2026-05-19T08:00:00+00:00,2140.97,2141.4,2106.77,2110.85,35095.6348,2026-05-19T11:59:59.999000+00:00,74419763.683065,387102
2026-05-19T12:00:00+00:00,2110.85,2127.53,2094.47,2110.19,55879.338,2026-05-19T15:59:59.999000+00:00,117988583.43464,720503
2026-05-19T16:00:00+00:00,2110.2,2125.07,2107.12,2113.15,24674.862,2026-05-19T19:59:59.999000+00:00,52216912.363167,303645
2026-05-19T20:00:00+00:00,2113.14,2120.59,2102.09,2111.93,17957.0734,2026-05-19T23:59:59.999000+00:00,37937782.255022,211976
2026-05-20T00:00:00+00:00,2111.93,2119.24,2103.29,2111.6,19314.4795,2026-05-20T03:59:59.999000+00:00,40761430.80809,374601
2026-05-20T04:00:00+00:00,2111.6,2136.5,2107.3,2129.74,35114.2894,2026-05-20T07:59:59.999000+00:00,74654557.75311,278404
2026-05-20T08:00:00+00:00,2129.75,2138.0,2124.28,2128.3,22183.4247,2026-05-20T11:59:59.999000+00:00,47282684.862547,210722
2026-05-20T12:00:00+00:00,2128.31,2149.0,2113.87,2136.75,58916.9837,2026-05-20T15:59:59.999000+00:00,125593154.262671,702552
2026-05-20T16:00:00+00:00,2136.76,2148.77,2124.1,2139.12,32155.664,2026-05-20T19:59:59.999000+00:00,68728048.075448,422992
2026-05-20T20:00:00+00:00,2139.12,2140.76,2118.45,2129.44,21403.4527,2026-05-20T23:59:59.999000+00:00,45556898.47857,267234
2026-05-21T00:00:00+00:00,2129.44,2157.5,2128.59,2145.76,27764.9747,2026-05-21T03:59:59.999000+00:00,59516421.911339,342660
2026-05-21T04:00:00+00:00,2145.76,2148.75,2124.25,2135.06,27168.5527,2026-05-21T07:59:59.999000+00:00,58017494.43244,253863
2026-05-21T08:00:00+00:00,2135.07,2148.33,2110.0,2115.27,41666.6187,2026-05-21T11:59:59.999000+00:00,88552371.830187,423157
2026-05-21T12:00:00+00:00,2115.28,2138.05,2105.15,2132.65,65871.6779,2026-05-21T15:59:59.999000+00:00,139712301.791414,677054
2026-05-21T16:00:00+00:00,2132.64,2153.75,2121.79,2142.83,55972.0073,2026-05-21T19:59:59.999000+00:00,119660659.649746,639991
2026-05-21T20:00:00+00:00,2142.84,2143.46,2127.27,2133.76,14445.2804,2026-05-21T23:59:59.999000+00:00,30864715.329277,189425
2026-05-22T00:00:00+00:00,2133.77,2141.39,2125.68,2137.88,14039.1024,2026-05-22T03:59:59.999000+00:00,29961026.248247,237318
2026-05-22T04:00:00+00:00,2137.89,2141.34,2122.22,2128.7,23434.8628,2026-05-22T07:59:59.999000+00:00,49917943.245574,211660
2026-05-22T08:00:00+00:00,2128.7,2133.34,2119.18,2130.78,30833.2166,2026-05-22T11:59:59.999000+00:00,65531671.310154,256005
2026-05-22T12:00:00+00:00,2130.78,2138.0,2112.47,2119.48,42385.9585,2026-05-22T15:59:59.999000+00:00,90101899.704545,510346
2026-05-22T16:00:00+00:00,2119.49,2130.0,2058.0,2065.54,71524.6579,2026-05-22T19:59:59.999000+00:00,149550864.800967,687873
2026-05-22T20:00:00+00:00,2065.54,2079.59,2057.79,2065.85,39565.4566,2026-05-22T23:59:59.999000+00:00,81953847.231103,441016
2026-05-23T00:00:00+00:00,2065.86,2072.0,2053.0,2070.78,35673.5475,2026-05-23T03:59:59.999000+00:00,73669523.598302,345587
2026-05-23T04:00:00+00:00,2070.78,2071.19,2009.3,2028.59,75799.2127,2026-05-23T07:59:59.999000+00:00,154592088.324137,310244
2026-05-23T08:00:00+00:00,2028.58,2036.01,2021.07,2031.48,34325.3716,2026-05-23T11:59:59.999000+00:00,69654929.1526,274787
2026-05-23T12:00:00+00:00,2031.48,2068.68,2027.35,2060.27,54590.2681,2026-05-23T15:59:59.999000+00:00,111796645.301314,414629
2026-05-23T16:00:00+00:00,2060.27,2083.64,2057.25,2077.33,39862.3851,2026-05-23T19:59:59.999000+00:00,82588429.158377,367684
2026-05-23T20:00:00+00:00,2077.34,2149.95,2074.84,2117.68,110295.4439,2026-05-23T23:59:59.999000+00:00,233852083.043062,928801
2026-05-24T00:00:00+00:00,2117.69,2127.28,2113.1,2119.04,29103.0509,2026-05-24T03:59:59.999000+00:00,61733066.958837,251956
2026-05-24T04:00:00+00:00,2119.05,2129.93,2113.65,2121.01,28463.348,2026-05-24T07:59:59.999000+00:00,60362751.982246,186091
2026-05-24T08:00:00+00:00,2121.02,2132.14,2119.05,2126.18,20978.1989,2026-05-24T11:59:59.999000+00:00,44547066.646084,207169
2026-05-24T12:00:00+00:00,2126.19,2126.58,2079.52,2095.84,53181.4865,2026-05-24T15:59:59.999000+00:00,111846595.736369,459126
2026-05-24T16:00:00+00:00,2095.83,2109.0,2095.22,2100.87,16390.0018,2026-05-24T19:59:59.999000+00:00,34447129.290928,231916
2026-05-24T20:00:00+00:00,2100.87,2107.0,2063.0,2099.85,49632.6744,2026-05-24T23:59:59.999000+00:00,103596173.110788,591758
2026-05-25T00:00:00+00:00,2099.86,2113.25,2092.57,2095.58,24131.108,2026-05-25T03:59:59.999000+00:00,50734585.323172,360615
2026-05-25T04:00:00+00:00,2095.59,2117.55,2092.26,2116.28,42000.3305,2026-05-25T07:59:59.999000+00:00,88500841.432567,306808
2026-05-25T08:00:00+00:00,2116.29,2124.1,2111.7,2114.95,21667.0316,2026-05-25T11:59:59.999000+00:00,45880443.387256,211838
2026-05-25T12:00:00+00:00,2114.95,2138.28,2112.25,2127.12,29687.9855,2026-05-25T15:59:59.999000+00:00,63038363.853716,329422
2026-05-25T16:00:00+00:00,2127.13,2141.98,2116.55,2121.43,23506.4643,2026-05-25T19:59:59.999000+00:00,50059999.261263,275608
2026-05-25T20:00:00+00:00,2121.42,2123.16,2102.35,2113.01,25435.678,2026-05-25T23:59:59.999000+00:00,53702634.734519,302330
2026-05-26T00:00:00+00:00,2113.01,2113.89,2084.52,2093.12,34695.0977,2026-05-26T03:59:59.999000+00:00,72644103.9404,442955
2026-05-26T04:00:00+00:00,2093.11,2104.65,2088.82,2095.61,22937.9606,2026-05-26T07:59:59.999000+00:00,48098261.451586,229481
2026-05-26T08:00:00+00:00,2095.61,2137.29,2094.1,2121.01,44588.5806,2026-05-26T11:59:59.999000+00:00,94436330.529331,453327
2026-05-26T12:00:00+00:00,2121.0,2140.49,2078.75,2087.36,93684.9119,2026-05-26T15:59:59.999000+00:00,197909889.870185,936855
2026-05-26T16:00:00+00:00,2087.36,2089.97,2055.06,2074.29,65909.5277,2026-05-26T19:59:59.999000+00:00,136682365.44241,647818
2026-05-26T20:00:00+00:00,2074.3,2078.78,2065.98,2073.77,20737.2311,2026-05-26T23:59:59.999000+00:00,43007415.156141,253270
2026-05-27T00:00:00+00:00,2073.77,2084.23,2068.9,2070.0,21987.0064,2026-05-27T03:59:59.999000+00:00,45638390.301564,279339
2026-05-27T04:00:00+00:00,2070.01,2084.16,2056.31,2083.78,27195.6917,2026-05-27T07:59:59.999000+00:00,56384171.963728,294238
2026-05-27T08:00:00+00:00,2083.77,2096.71,2078.26,2080.55,28746.5558,2026-05-27T11:59:59.999000+00:00,59944835.433552,291845
2026-05-27T12:00:00+00:00,2080.56,2097.4,2051.96,2071.38,79022.1167,2026-05-27T15:59:59.999000+00:00,163507959.652895,908408
2026-05-27T16:00:00+00:00,2071.39,2074.5,2043.31,2057.47,45395.4671,2026-05-27T19:59:59.999000+00:00,93402558.791091,541974
2026-05-27T20:00:00+00:00,2057.47,2066.14,2016.0,2024.84,65616.3196,2026-05-27T23:59:59.999000+00:00,133326846.275754,741158
2026-05-28T00:00:00+00:00,2024.83,2029.2,1972.0,1981.55,90607.5773,2026-05-28T03:59:59.999000+00:00,181033240.304886,805585
2026-05-28T04:00:00+00:00,1981.55,1996.78,1967.0,1995.56,74760.4299,2026-05-28T07:59:59.999000+00:00,148152757.652109,563920
2026-05-28T08:00:00+00:00,1995.56,1998.4,1984.85,1989.89,32953.9429,2026-05-28T11:59:59.999000+00:00,65615646.045573,285631
2026-05-28T12:00:00+00:00,1989.88,2002.5,1967.38,1990.65,75988.1864,2026-05-28T15:59:59.999000+00:00,150985610.694897,960760
2026-05-28T16:00:00+00:00,1990.65,2030.0,1985.22,2014.55,57298.3774,2026-05-28T19:59:59.999000+00:00,115378236.181511,657462
2026-05-28T20:00:00+00:00,2014.54,2024.63,2005.43,2009.9,32226.4072,2026-05-28T23:59:59.999000+00:00,64939856.944414,335673
2026-05-29T00:00:00+00:00,2009.89,2017.17,1997.24,2002.78,24310.5747,2026-05-29T03:59:59.999000+00:00,48815842.62613,335091
2026-05-29T04:00:00+00:00,2002.79,2021.51,1998.4,2007.62,34409.9182,2026-05-29T07:59:59.999000+00:00,69160252.280265,274029
2026-05-29T08:00:00+00:00,2007.61,2016.11,2002.35,2007.58,28724.0785,2026-05-29T11:59:59.999000+00:00,57749117.836945,219088
2026-05-29T12:00:00+00:00,2007.58,2046.59,1976.48,2031.62,101067.75,2026-05-29T15:59:59.999000+00:00,203358486.723004,1086606
2026-05-29T16:00:00+00:00,2031.62,2044.29,2005.0,2016.96,67360.4166,2026-05-29T19:59:59.999000+00:00,136683824.396121,745014
2026-05-29T20:00:00+00:00,2016.96,2023.99,2007.0,2014.54,27272.957,2026-05-29T23:59:59.999000+00:00,54922361.986417,265542
2026-05-30T00:00:00+00:00,2014.54,2023.55,2010.69,2016.83,14645.2914,2026-05-30T03:59:59.999000+00:00,29554708.96675,170049
2026-05-30T04:00:00+00:00,2016.83,2020.56,2002.0,2016.32,22750.6464,2026-05-30T07:59:59.999000+00:00,45800428.077977,197017
2026-05-30T08:00:00+00:00,2016.32,2022.0,2013.92,2017.4,9329.3114,2026-05-30T11:59:59.999000+00:00,18823712.371884,90333
2026-05-30T12:00:00+00:00,2017.4,2032.0,2017.14,2026.61,22745.9664,2026-05-30T15:59:59.999000+00:00,46067304.800283,209256
2026-05-30T16:00:00+00:00,2026.63,2030.01,2019.5,2028.76,15670.4214,2026-05-30T19:59:59.999000+00:00,31745622.615323,165868
2026-05-30T20:00:00+00:00,2028.77,2031.41,2020.35,2022.44,12835.8979,2026-05-30T23:59:59.999000+00:00,26005348.028102,136848
2026-05-31T00:00:00+00:00,2022.44,2038.0,2020.83,2033.41,17706.4074,2026-05-31T03:59:59.999000+00:00,35964719.949244,211856
2026-05-31T04:00:00+00:00,2033.41,2034.99,2022.78,2024.01,11162.0752,2026-05-31T07:59:59.999000+00:00,22649749.505961,124420
2026-05-31T08:00:00+00:00,2024.02,2029.11,2015.34,2023.27,20999.1397,2026-05-31T11:59:59.999000+00:00,42481873.651114,173231
2026-05-31T12:00:00+00:00,2023.28,2026.5,2005.83,2010.52,29133.9281,2026-05-31T15:59:59.999000+00:00,58687463.231331,282645
2026-05-31T16:00:00+00:00,2010.52,2012.42,1993.75,1999.59,40644.485,2026-05-31T19:59:59.999000+00:00,81363732.237918,284343
2026-05-31T20:00:00+00:00,1999.58,2023.0,1999.58,2007.01,44089.4604,2026-05-31T23:59:59.999000+00:00,88574307.320588,377824
2026-06-01T00:00:00+00:00,2007.02,2021.5,1991.31,2009.09,73159.1205,2026-06-01T03:59:59.999000+00:00,146998493.27266,623861
2026-06-01T04:00:00+00:00,2009.09,2011.97,1971.7,1976.43,43590.1003,2026-06-01T07:59:59.999000+00:00,86756726.955395,532130
2026-06-01T08:00:00+00:00,1976.42,1990.11,1969.9,1981.44,49130.48,2026-06-01T11:59:59.999000+00:00,97327946.089287,413474
2026-06-01T12:00:00+00:00,1981.44,1994.39,1956.04,1968.45,90946.1743,2026-06-01T15:59:59.999000+00:00,179439156.823583,1137706
2026-06-01T16:00:00+00:00,1968.45,2008.83,1958.79,2004.53,69908.5378,2026-06-01T19:59:59.999000+00:00,138835105.913001,647022
2026-06-01T20:00:00+00:00,2004.53,2009.2,1984.5,2006.73,47693.871,2026-06-01T23:59:59.999000+00:00,95417052.212499,452029
2026-06-02T00:00:00+00:00,2006.73,2006.78,1962.76,2003.94,46692.2407,2026-06-02T03:59:59.999000+00:00,92927306.759812,627682
2026-06-02T04:00:00+00:00,2003.94,2006.44,1973.88,1981.88,47532.952,2026-06-02T07:59:59.999000+00:00,94549918.770958,486606
2026-06-02T08:00:00+00:00,1981.89,1989.0,1966.69,1978.53,47617.4742,2026-06-02T11:59:59.999000+00:00,94132993.795483,514773
2026-06-02T12:00:00+00:00,1978.53,1982.75,1890.0,1914.81,165219.2852,2026-06-02T15:59:59.999000+00:00,319886134.202811,1505446
2026-06-02T16:00:00+00:00,1914.81,1943.87,1881.01,1912.28,96022.4005,2026-06-02T19:59:59.999000+00:00,183852998.551663,1071472
2026-06-02T20:00:00+00:00,1912.28,1919.01,1839.02,1859.84,153801.1892,2026-06-02T23:59:59.999000+00:00,288458798.041138,1553332
2026-06-03T00:00:00+00:00,1859.84,1874.11,1816.92,1828.24,122790.4231,2026-06-03T03:59:59.999000+00:00,227228623.44506,1081602
2026-06-03T04:00:00+00:00,1828.24,1884.41,1827.65,1878.39,90436.6511,2026-06-03T07:59:59.999000+00:00,168568807.049925,846786
2026-06-03T08:00:00+00:00,1878.39,1893.07,1869.95,1878.16,53244.0374,2026-06-03T11:59:59.999000+00:00,100134416.273304,558012
2026-06-03T12:00:00+00:00,1878.17,1880.0,1836.21,1837.21,78492.2555,2026-06-03T15:59:59.999000+00:00,145956494.212778,1132727
2026-06-03T16:00:00+00:00,1837.22,1844.08,1795.23,1803.41,104394.7399,2026-06-03T19:59:59.999000+00:00,190129181.873692,1192028
2026-06-03T20:00:00+00:00,1803.41,1852.2,1769.62,1813.05,135402.3748,2026-06-03T23:59:59.999000+00:00,245594077.043914,1685101
2026-06-04T00:00:00+00:00,1813.05,1820.5,1717.28,1809.24,200046.0588,2026-06-04T03:59:59.999000+00:00,354461508.729095,2187344
2026-06-04T04:00:00+00:00,1809.24,1818.0,1773.52,1777.45,82985.5515,2026-06-04T07:59:59.999000+00:00,148757536.10314,899103
2026-06-04T08:00:00+00:00,1777.44,1783.27,1730.13,1751.51,141386.8608,2026-06-04T11:59:59.999000+00:00,247769982.629576,1617070
2026-06-04T12:00:00+00:00,1751.51,1794.43,1744.29,1777.02,111504.3967,2026-06-04T15:59:59.999000+00:00,197820315.119297,1685491
2026-06-04T16:00:00+00:00,1777.03,1787.11,1754.0,1776.94,60544.5739,2026-06-04T19:59:59.999000+00:00,107276269.416588,914648
2026-06-04T20:00:00+00:00,1776.93,1783.02,1752.46,1770.77,51838.6634,2026-06-04T23:59:59.999000+00:00,91576081.343527,919095
2026-06-05T00:00:00+00:00,1770.76,1774.99,1722.36,1729.71,88171.1972,2026-06-05T03:59:59.999000+00:00,153795260.855307,1340804
2026-06-05T04:00:00+00:00,1729.72,1747.8,1625.78,1679.21,313675.2275,2026-06-05T07:59:59.999000+00:00,526181296.884881,2909975
2026-06-05T08:00:00+00:00,1679.22,1690.07,1659.43,1663.44,119418.6703,2026-06-05T11:59:59.999000+00:00,199912034.195274,1355414
2026-06-05T12:00:00+00:00,1663.43,1677.7,1572.22,1583.29,304333.021,2026-06-05T15:59:59.999000+00:00,492655229.681449,3100033
2026-06-05T16:00:00+00:00,1583.29,1612.89,1540.19,1574.06,267408.079,2026-06-05T19:59:59.999000+00:00,420934233.611529,2703286
2026-06-05T20:00:00+00:00,1574.07,1619.3,1557.36,1583.4,164006.9658,2026-06-05T23:59:59.999000+00:00,261641839.948342,1608267
2026-06-06T00:00:00+00:00,1583.4,1601.22,1555.28,1563.34,68604.3971,2026-06-06T03:59:59.999000+00:00,108392813.385097,970712
2026-06-06T04:00:00+00:00,1563.34,1581.62,1505.68,1575.14,182035.7945,2026-06-06T07:59:59.999000+00:00,282158181.789381,1832768
2026-06-06T08:00:00+00:00,1575.14,1593.04,1535.68,1558.89,96734.7301,2026-06-06T11:59:59.999000+00:00,151232845.757409,1207407
2026-06-06T12:00:00+00:00,1558.9,1575.82,1544.87,1560.45,107947.6889,2026-06-06T15:59:59.999000+00:00,168457360.14315,1044134
2026-06-06T16:00:00+00:00,1560.45,1566.51,1547.05,1554.56,60854.9147,2026-06-06T19:59:59.999000+00:00,94780037.045857,697415
2026-06-06T20:00:00+00:00,1554.55,1570.06,1550.85,1569.69,42280.8419,2026-06-06T23:59:59.999000+00:00,65925172.979358,502517
2026-06-07T00:00:00+00:00,1569.68,1600.51,1564.1,1595.01,56783.117,2026-06-07T03:59:59.999000+00:00,90080174.635612,722274
2026-06-07T04:00:00+00:00,1595.0,1623.52,1585.0,1615.18,88472.2063,2026-06-07T07:59:59.999000+00:00,142242225.776729,708710
2026-06-07T08:00:00+00:00,1615.18,1648.7,1608.39,1630.12,79805.2925,2026-06-07T11:59:59.999000+00:00,130159942.929751,771237
2026-06-07T12:00:00+00:00,1630.12,1640.0,1607.0,1630.07,73035.7897,2026-06-07T15:59:59.999000+00:00,118475715.21903,1007911
2026-06-07T16:00:00+00:00,1630.07,1638.0,1604.0,1613.11,60204.4464,2026-06-07T19:59:59.999000+00:00,97813298.629156,738766
2026-06-07T20:00:00+00:00,1613.1,1721.93,1609.43,1690.51,99979.739,2026-06-07T23:59:59.999000+00:00,166904844.693745,1146777
2026-06-08T00:00:00+00:00,1690.5,1711.58,1670.94,1680.01,74470.0385,2026-06-08T03:59:59.999000+00:00,125771365.851108,1082664
2026-06-08T04:00:00+00:00,1680.02,1683.49,1645.0,1673.47,73682.0193,2026-06-08T07:59:59.999000+00:00,122647547.690447,817286
2026-06-08T08:00:00+00:00,1673.46,1696.77,1657.21,1683.76,73745.4019,2026-06-08T11:59:59.999000+00:00,123349288.482507,817479
2026-06-08T12:00:00+00:00,1683.77,1706.22,1667.46,1691.59,129205.2984,2026-06-08T15:59:59.999000+00:00,218044478.479097,1543160
2026-06-08T16:00:00+00:00,1691.59,1703.88,1675.8,1684.78,72641.0716,2026-06-08T19:59:59.999000+00:00,122593105.369451,808491
2026-06-08T20:00:00+00:00,1684.78,1714.5,1679.25,1690.49,56283.4824,2026-06-08T23:59:59.999000+00:00,95554116.915364,690541
2026-06-09T00:00:00+00:00,1690.48,1696.88,1654.63,1669.44,65616.5084,2026-06-09T03:59:59.999000+00:00,109563806.141011,881498
2026-06-09T04:00:00+00:00,1669.44,1696.41,1664.33,1679.86,55695.031,2026-06-09T07:59:59.999000+00:00,93808663.929695,590073
2026-06-09T08:00:00+00:00,1679.86,1680.64,1665.0,1671.96,39039.5622,2026-06-09T11:59:59.999000+00:00,65298916.828868,421391
2026-06-09T12:00:00+00:00,1671.96,1683.32,1633.84,1636.4,109750.9015,2026-06-09T15:59:59.999000+00:00,181732549.113035,1155577
2026-06-09T16:00:00+00:00,1636.4,1658.64,1614.02,1657.33,81822.2362,2026-06-09T19:59:59.999000+00:00,134090149.997469,1043647
2026-06-09T20:00:00+00:00,1657.33,1663.77,1630.36,1639.52,32222.9956,2026-06-09T23:59:59.999000+00:00,53106386.411123,409330
2026-06-10T00:00:00+00:00,1639.52,1646.91,1621.77,1630.82,27935.8341,2026-06-10T03:59:59.999000+00:00,45681938.903102,555312
2026-06-10T04:00:00+00:00,1630.82,1643.58,1616.33,1640.09,28762.4847,2026-06-10T07:59:59.999000+00:00,46872662.703514,431533
2026-06-10T08:00:00+00:00,1640.1,1640.89,1606.01,1620.05,50677.5242,2026-06-10T11:59:59.999000+00:00,82179420.179027,722545
2026-06-10T12:00:00+00:00,1620.06,1667.96,1615.91,1657.97,78993.1365,2026-06-10T15:59:59.999000+00:00,129938835.673916,1327451
2026-06-10T16:00:00+00:00,1657.98,1658.73,1622.51,1630.15,55253.005,2026-06-10T19:59:59.999000+00:00,90394827.810961,952522
2026-06-10T20:00:00+00:00,1630.15,1636.21,1603.44,1621.59,49169.2974,2026-06-10T23:59:59.999000+00:00,79574513.257938,690667
2026-06-11T00:00:00+00:00,1621.6,1661.3,1621.6,1653.95,36288.0336,2026-06-11T03:59:59.999000+00:00,59568101.550888,522427
2026-06-11T04:00:00+00:00,1653.94,1663.14,1646.2,1654.41,36562.9666,2026-06-11T07:59:59.999000+00:00,60516705.867396,372612
2026-06-11T08:00:00+00:00,1654.4,1673.5,1654.28,1666.84,30402.7025,2026-06-11T11:59:59.999000+00:00,50505638.82082,340895
2026-06-11T12:00:00+00:00,1666.84,1666.88,1636.19,1645.55,55809.1021,2026-06-11T15:59:59.999000+00:00,92069576.461866,877664
2026-06-11T16:00:00+00:00,1645.56,1693.59,1632.71,1681.26,85215.6465,2026-06-11T19:59:59.999000+00:00,142470910.188748,946468
2026-06-11T20:00:00+00:00,1681.26,1683.29,1667.18,1673.46,34229.2691,2026-06-11T23:59:59.999000+00:00,57374881.400031,350197
2026-06-12T00:00:00+00:00,1673.46,1678.42,1660.93,1673.25,20659.4497,2026-06-12T03:59:59.999000+00:00,34522035.065248,331979
2026-06-12T04:00:00+00:00,1673.25,1682.0,1652.09,1662.12,30223.5752,2026-06-12T07:59:59.999000+00:00,50314659.437735,360746
2026-06-12T08:00:00+00:00,1662.12,1685.65,1662.12,1673.89,33152.9108,2026-06-12T11:59:59.999000+00:00,55529649.281597,421888
2026-06-12T12:00:00+00:00,1673.88,1691.07,1653.74,1660.08,63394.6373,2026-06-12T15:59:59.999000+00:00,106049182.489782,989670
2026-06-12T16:00:00+00:00,1660.08,1678.1,1657.38,1665.92,42191.8674,2026-06-12T19:59:59.999000+00:00,70426625.783964,582234
2026-06-12T20:00:00+00:00,1665.92,1668.01,1659.02,1666.41,12265.5698,2026-06-12T23:59:59.999000+00:00,20416009.600665,202000
2026-06-13T00:00:00+00:00,1666.42,1675.9,1663.36,1665.25,16399.5929,2026-06-13T03:59:59.999000+00:00,27376235.1625,194735
2026-06-13T04:00:00+00:00,1665.25,1677.74,1662.2,1676.38,16043.7279,2026-06-13T07:59:59.999000+00:00,26785790.43844,158867
2026-06-13T08:00:00+00:00,1676.38,1679.92,1672.8,1678.34,18492.0161,2026-06-13T11:59:59.999000+00:00,30986108.983186,177926
2026-06-13T12:00:00+00:00,1678.33,1686.56,1676.69,1682.15,19930.4374,2026-06-13T15:59:59.999000+00:00,33495922.000776,235788
2026-06-13T16:00:00+00:00,1682.14,1682.63,1671.44,1678.29,21369.3543,2026-06-13T19:59:59.999000+00:00,35819080.824297,235716
2026-06-13T20:00:00+00:00,1678.3,1697.28,1674.91,1681.18,14516.4791,2026-06-13T23:59:59.999000+00:00,24436045.294188,219947
2026-06-14T00:00:00+00:00,1681.19,1690.36,1678.83,1681.73,10407.9003,2026-06-14T03:59:59.999000+00:00,17520019.911114,157845
2026-06-14T04:00:00+00:00,1681.74,1682.66,1673.72,1675.91,15591.2044,2026-06-14T07:59:59.999000+00:00,26154750.07225,155762
2026-06-14T08:00:00+00:00,1675.91,1679.0,1669.15,1673.73,14816.273,2026-06-14T11:59:59.999000+00:00,24810168.717517,152584
2026-06-14T12:00:00+00:00,1673.73,1674.58,1654.9,1662.95,23932.5644,2026-06-14T15:59:59.999000+00:00,39822265.504871,286228
2026-06-14T16:00:00+00:00,1662.95,1668.57,1658.95,1665.43,17942.9787,2026-06-14T19:59:59.999000+00:00,29853503.496566,197516
2026-06-14T20:00:00+00:00,1665.44,1732.28,1662.67,1725.62,95319.0333,2026-06-14T23:59:59.999000+00:00,163243595.068431,986056
2026-06-15T00:00:00+00:00,1725.63,1733.04,1709.66,1720.78,46791.0843,2026-06-15T03:59:59.999000+00:00,80525366.557659,385554
2026-06-15T04:00:00+00:00,1720.78,1723.8,1715.95,1716.59,33173.3834,2026-06-15T07:59:59.999000+00:00,57037268.791415,229539
2026-06-15T08:00:00+00:00,1716.6,1769.0,1712.17,1764.67,86337.2957,2026-06-15T11:59:59.999000+00:00,150135664.758294,555429
2026-06-15T12:00:00+00:00,1764.67,1849.54,1760.28,1845.53,170759.7618,2026-06-15T15:59:59.999000+00:00,308967598.674926,902394
2026-06-15T16:00:00+00:00,1845.53,1847.13,1811.66,1821.89,78464.5018,2026-06-15T19:59:59.999000+00:00,143824186.522777,590740
2026-06-15T20:00:00+00:00,1821.88,1826.62,1782.82,1796.13,48609.2283,2026-06-15T23:59:59.999000+00:00,87615416.670238,472460
2026-06-16T00:00:00+00:00,1796.14,1802.09,1764.84,1779.16,50532.628,2026-06-16T03:59:59.999000+00:00,90017719.519215,384855
2026-06-16T04:00:00+00:00,1779.16,1783.32,1758.0,1774.24,50401.9351,2026-06-16T07:59:59.999000+00:00,89106636.028984,304486
2026-06-16T08:00:00+00:00,1774.25,1807.97,1773.25,1799.59,57224.9557,2026-06-16T11:59:59.999000+00:00,102565954.182685,594777
2026-06-16T12:00:00+00:00,1799.6,1839.77,1763.36,1782.44,123987.1567,2026-06-16T15:59:59.999000+00:00,223098425.184839,1422362
2026-06-16T16:00:00+00:00,1782.43,1808.44,1773.03,1795.41,48137.7978,2026-06-16T19:59:59.999000+00:00,86259939.186127,646141
2026-06-16T20:00:00+00:00,1795.41,1800.48,1789.53,1792.99,23293.0757,2026-06-16T23:59:59.999000+00:00,41807190.49149,298579
2026-06-17T00:00:00+00:00,1793.0,1810.21,1778.99,1793.58,31174.503,2026-06-17T03:59:59.999000+00:00,55923882.81617,455840
2026-06-17T04:00:00+00:00,1793.58,1801.79,1778.71,1785.08,23610.2996,2026-06-17T07:59:59.999000+00:00,42290661.429377,345742
2026-06-17T08:00:00+00:00,1785.09,1786.15,1759.35,1763.92,35117.6055,2026-06-17T11:59:59.999000+00:00,62124474.083504,548825
2026-06-17T12:00:00+00:00,1763.93,1776.94,1741.05,1773.41,82129.4721,2026-06-17T15:59:59.999000+00:00,144411139.661984,1009748
2026-06-17T16:00:00+00:00,1773.42,1796.08,1729.26,1734.72,126372.9648,2026-06-17T19:59:59.999000+00:00,222769406.491915,1426164
2026-06-17T20:00:00+00:00,1734.73,1751.66,1725.34,1750.6,36093.2125,2026-06-17T23:59:59.999000+00:00,62832531.859631,389144
2026-06-18T00:00:00+00:00,1750.61,1762.99,1741.46,1744.17,30981.8033,2026-06-18T03:59:59.999000+00:00,54328617.779461,342995
2026-06-18T04:00:00+00:00,1744.17,1753.29,1722.24,1749.79,44003.2068,2026-06-18T07:59:59.999000+00:00,76389583.555047,415634
2026-06-18T08:00:00+00:00,1749.8,1753.61,1739.11,1743.31,47075.973,2026-06-18T11:59:59.999000+00:00,82194635.351271,421241
2026-06-18T12:00:00+00:00,1743.31,1753.06,1680.0,1682.23,94529.5977,2026-06-18T15:59:59.999000+00:00,162649087.474721,1131625
2026-06-18T16:00:00+00:00,1682.23,1707.48,1671.79,1705.39,66020.9508,2026-06-18T19:59:59.999000+00:00,111355620.454105,764838
2026-06-18T20:00:00+00:00,1705.4,1717.23,1700.19,1711.11,29869.434,2026-06-18T23:59:59.999000+00:00,51037955.376431,328633
2026-06-19T00:00:00+00:00,1711.11,1719.51,1682.35,1697.69,37691.0234,2026-06-19T03:59:59.999000+00:00,64130921.178829,421515
2026-06-19T04:00:00+00:00,1697.7,1703.4,1686.0,1695.82,32582.5204,2026-06-19T07:59:59.999000+00:00,55233326.496868,389074
2026-06-19T08:00:00+00:00,1695.82,1699.82,1687.05,1691.74,19744.2088,2026-06-19T11:59:59.999000+00:00,33417490.339601,336081
2026-06-19T12:00:00+00:00,1691.74,1712.06,1679.11,1707.86,38540.4796,2026-06-19T15:59:59.999000+00:00,65478448.984829,632732
2026-06-19T16:00:00+00:00,1707.87,1711.76,1693.7,1701.2,22445.5251,2026-06-19T19:59:59.999000+00:00,38211885.926919,359587
2026-06-19T20:00:00+00:00,1701.21,1715.0,1698.89,1711.19,14074.4411,2026-06-19T23:59:59.999000+00:00,24018299.467603,200779
2026-06-20T00:00:00+00:00,1711.18,1718.0,1704.06,1708.17,14486.4039,2026-06-20T03:59:59.999000+00:00,24766944.739453,232787
2026-06-20T04:00:00+00:00,1708.18,1733.89,1706.51,1725.82,28639.3455,2026-06-20T07:59:59.999000+00:00,49375729.155368,296623
2026-06-20T08:00:00+00:00,1725.81,1731.76,1721.25,1727.18,13310.0526,2026-06-20T11:59:59.999000+00:00,22978204.973373,167591
2026-06-20T12:00:00+00:00,1727.18,1749.55,1708.11,1740.63,45563.7598,2026-06-20T15:59:59.999000+00:00,78859368.249363,584044
2026-06-20T16:00:00+00:00,1740.63,1740.91,1721.03,1729.27,23469.7503,2026-06-20T19:59:59.999000+00:00,40574940.080848,293750
2026-06-20T20:00:00+00:00,1729.27,1746.17,1726.53,1741.08,34322.509,2026-06-20T23:59:59.999000+00:00,59657471.853621,267793
2026-06-21T00:00:00+00:00,1741.08,1741.45,1733.51,1737.87,11485.9288,2026-06-21T03:59:59.999000+00:00,19956063.627311,174336
2026-06-21T04:00:00+00:00,1737.88,1741.41,1729.8,1732.36,19148.6555,2026-06-21T07:59:59.999000+00:00,33212764.297999,178328
2026-06-21T08:00:00+00:00,1732.36,1737.02,1718.56,1725.36,19610.1055,2026-06-21T11:59:59.999000+00:00,33901130.441749,230369
2026-06-21T12:00:00+00:00,1725.37,1732.57,1717.14,1730.72,18999.8619,2026-06-21T15:59:59.999000+00:00,32769162.118903,263935
2026-06-21T16:00:00+00:00,1730.71,1739.32,1721.67,1734.14,20185.3775,2026-06-21T19:59:59.999000+00:00,34932609.163769,260447
2026-06-21T20:00:00+00:00,1734.14,1735.34,1702.0,1706.94,34332.5397,2026-06-21T23:59:59.999000+00:00,58867855.406794,551184
2026-06-22T00:00:00+00:00,1706.94,1759.84,1706.94,1730.0,48245.9908,2026-06-22T03:59:59.999000+00:00,83790596.546064,759671
2026-06-22T04:00:00+00:00,1730.0,1751.58,1727.69,1746.34,31556.4356,2026-06-22T07:59:59.999000+00:00,54891031.232053,327318
2026-06-22T08:00:00+00:00,1746.34,1774.7,1743.56,1767.68,39953.9512,2026-06-22T11:59:59.999000+00:00,70127982.633223,424238
2026-06-22T12:00:00+00:00,1767.68,1779.9,1742.41,1744.74,64395.6052,2026-06-22T15:59:59.999000+00:00,113562874.53843,827601
2026-06-22T16:00:00+00:00,1744.75,1747.7,1729.15,1734.59,49656.142,2026-06-22T19:59:59.999000+00:00,86271332.46014,561698
2026-06-22T20:00:00+00:00,1734.59,1740.07,1717.02,1728.19,28849.0572,2026-06-22T23:59:59.999000+00:00,49857101.379349,402517
2026-06-23T00:00:00+00:00,1728.19,1736.25,1719.75,1729.9,18729.6756,2026-06-23T03:59:59.999000+00:00,32377372.501792,370164
2026-06-23T04:00:00+00:00,1729.91,1731.25,1680.52,1683.01,51916.6503,2026-06-23T07:59:59.999000+00:00,88283236.939908,668644
2026-06-23T08:00:00+00:00,1683.02,1684.8,1635.65,1660.9,71256.16,2026-06-23T11:59:59.999000+00:00,117983455.444791,748102
2026-06-23T12:00:00+00:00,1660.9,1672.0,1645.52,1659.78,48840.9545,2026-06-23T15:59:59.999000+00:00,80964787.137809,835298
2026-06-23T16:00:00+00:00,1659.78,1673.89,1650.0,1662.58,38682.1168,2026-06-23T19:59:59.999000+00:00,64239703.006308,503985
2026-06-23T20:00:00+00:00,1662.57,1672.92,1660.27,1667.13,18836.4548,2026-06-23T23:59:59.999000+00:00,31368533.013358,289086
2026-06-24T00:00:00+00:00,1667.13,1680.46,1658.18,1666.67,22390.5044,2026-06-24T03:59:59.999000+00:00,37372805.726416,425689
2026-06-24T04:00:00+00:00,1666.67,1679.57,1658.22,1673.12,24404.4994,2026-06-24T07:59:59.999000+00:00,40802907.910169,235407
2026-06-24T08:00:00+00:00,1673.13,1693.67,1655.76,1679.57,33696.0543,2026-06-24T11:59:59.999000+00:00,56283839.64746,450395
2026-06-24T12:00:00+00:00,1679.57,1681.29,1616.8,1618.08,88400.6962,2026-06-24T15:59:59.999000+00:00,145554880.032909,1483074
2026-06-24T16:00:00+00:00,1618.08,1636.08,1552.95,1584.58,135306.743,2026-06-24T19:59:59.999000+00:00,214729380.128202,1877922
2026-06-24T20:00:00+00:00,1584.59,1629.82,1580.0,1622.17,51529.843,2026-06-24T23:59:59.999000+00:00,83122494.499989,781612
2026-06-25T00:00:00+00:00,1622.18,1626.51,1614.69,1619.6,23937.0954,2026-06-25T03:59:59.999000+00:00,38777580.427202,409691
2026-06-25T04:00:00+00:00,1619.61,1660.54,1617.12,1657.19,63588.8033,2026-06-25T07:59:59.999000+00:00,104616181.973843,598658
2026-06-25T08:00:00+00:00,1657.2,1658.98,1628.05,1633.27,44025.3002,2026-06-25T11:59:59.999000+00:00,72176910.469439,416323
2026-06-25T12:00:00+00:00,1633.28,1650.38,1532.9,1570.01,198494.0295,2026-06-25T15:59:59.999000+00:00,312158132.767002,1881201
