open_time,open,high,low,close,volume,close_time,quote_volume,trades
2026-01-10T04:00:00+00:00,2.0911,2.1008,2.0806,2.1006,4953464.9,2026-01-10T07:59:59.999000+00:00,10356885.45893,61529
2026-01-10T08:00:00+00:00,2.1006,2.1053,2.0904,2.1028,5353947.3,2026-01-10T11:59:59.999000+00:00,11237531.29288,58277
2026-01-10T12:00:00+00:00,2.1028,2.1106,2.0874,2.093,7070186.1,2026-01-10T15:59:59.999000+00:00,14819777.55523,66326
2026-01-10T16:00:00+00:00,2.093,2.101,2.0878,2.0946,4887013.2,2026-01-10T19:59:59.999000+00:00,10236401.39532,46107
2026-01-10T20:00:00+00:00,2.0946,2.0958,2.0825,2.0907,4656599.5,2026-01-10T23:59:59.999000+00:00,9734493.06918,48498
2026-01-11T00:00:00+00:00,2.0907,2.0966,2.0864,2.0953,5126977.3,2026-01-11T03:59:59.999000+00:00,10723555.37597,48654
2026-01-11T04:00:00+00:00,2.0953,2.099,2.0863,2.0926,3632174.0,2026-01-11T07:59:59.999000+00:00,7600106.50249,43699
2026-01-11T08:00:00+00:00,2.0927,2.0984,2.0881,2.0961,4256699.6,2026-01-11T11:59:59.999000+00:00,8911122.29349,40645
2026-01-11T12:00:00+00:00,2.0961,2.11,2.0839,2.0893,10707866.3,2026-01-11T15:59:59.999000+00:00,22464650.60389,80899
2026-01-11T16:00:00+00:00,2.0893,2.1035,2.0853,2.0869,7328114.3,2026-01-11T19:59:59.999000+00:00,15338799.59023,76146
2026-01-11T20:00:00+00:00,2.0869,2.0869,2.045,2.0745,19493746.7,2026-01-11T23:59:59.999000+00:00,40230346.79555,207101
2026-01-12T00:00:00+00:00,2.0745,2.1069,2.0364,2.0827,30298680.8,2026-01-12T03:59:59.999000+00:00,62802732.76963,306438
2026-01-12T04:00:00+00:00,2.0827,2.0956,2.052,2.0536,19133175.0,2026-01-12T07:59:59.999000+00:00,39761146.37273,123155
2026-01-12T08:00:00+00:00,2.0536,2.0605,2.035,2.0485,15800677.2,2026-01-12T11:59:59.999000+00:00,32326426.44586,164465
2026-01-12T12:00:00+00:00,2.0486,2.0945,2.0406,2.0941,16174882.0,2026-01-12T15:59:59.999000+00:00,33441881.89829,193256
2026-01-12T16:00:00+00:00,2.094,2.1086,2.0535,2.0701,18027237.8,2026-01-12T19:59:59.999000+00:00,37542905.41673,182201
2026-01-12T20:00:00+00:00,2.0701,2.0759,2.04,2.054,10705385.5,2026-01-12T23:59:59.999000+00:00,22019691.75035,107889
2026-01-13T00:00:00+00:00,2.0541,2.0644,2.0474,2.0501,6330524.0,2026-01-13T03:59:59.999000+00:00,13008610.15041,74512
2026-01-13T04:00:00+00:00,2.0501,2.0808,2.0497,2.0533,11135065.7,2026-01-13T07:59:59.999000+00:00,22950965.183,102029
2026-01-13T08:00:00+00:00,2.0533,2.0745,2.0532,2.0606,10627007.6,2026-01-13T11:59:59.999000+00:00,21927386.41507,100707
2026-01-13T12:00:00+00:00,2.0605,2.1016,2.056,2.0987,20949839.4,2026-01-13T15:59:59.999000+00:00,43521487.24293,235957
2026-01-13T16:00:00+00:00,2.0986,2.1397,2.0844,2.1397,25681577.8,2026-01-13T19:59:59.999000+00:00,54060228.36393,251774
2026-01-13T20:00:00+00:00,2.1397,2.185,2.1193,2.1655,38649991.8,2026-01-13T23:59:59.999000+00:00,83324454.3938,367338
2026-01-14T00:00:00+00:00,2.1656,2.1924,2.1567,2.1838,21047557.7,2026-01-14T03:59:59.999000+00:00,45731984.39804,201539
2026-01-14T04:00:00+00:00,2.1839,2.1861,2.1333,2.1484,26052365.4,2026-01-14T07:59:59.999000+00:00,56082123.75164,194713
2026-01-14T08:00:00+00:00,2.1484,2.1537,2.1116,2.1156,15279289.5,2026-01-14T11:59:59.999000+00:00,32681650.75905,153109
2026-01-14T12:00:00+00:00,2.1156,2.1741,2.1116,2.1563,31229752.1,2026-01-14T15:59:59.999000+00:00,67054881.26744,285031
2026-01-14T16:00:00+00:00,2.1563,2.1765,2.1246,2.1462,27028898.1,2026-01-14T19:59:59.999000+00:00,58190371.33499,259509
2026-01-14T20:00:00+00:00,2.1461,2.1613,2.1314,2.1394,14363740.7,2026-01-14T23:59:59.999000+00:00,30800636.8474,135186
2026-01-15T00:00:00+00:00,2.1393,2.1434,2.0819,2.0884,19548513.8,2026-01-15T03:59:59.999000+00:00,41282490.7478,165656
2026-01-15T04:00:00+00:00,2.0884,2.1065,2.0861,2.1012,12774401.3,2026-01-15T07:59:59.999000+00:00,26803301.08676,95519
2026-01-15T08:00:00+00:00,2.1012,2.1229,2.0959,2.112,11625944.5,2026-01-15T11:59:59.999000+00:00,24520219.2863,104109
2026-01-15T12:00:00+00:00,2.112,2.1325,2.0683,2.0956,20440121.2,2026-01-15T15:59:59.999000+00:00,42932016.08314,245493
2026-01-15T16:00:00+00:00,2.0956,2.1007,2.0532,2.0658,16268717.2,2026-01-15T19:59:59.999000+00:00,33810163.92622,191135
2026-01-15T20:00:00+00:00,2.0658,2.0804,2.058,2.0789,8981985.7,2026-01-15T23:59:59.999000+00:00,18596849.55479,102307
2026-01-16T00:00:00+00:00,2.0789,2.0866,2.0645,2.0646,6018918.5,2026-01-16T03:59:59.999000+00:00,12496429.43791,77018
2026-01-16T04:00:00+00:00,2.0647,2.0779,2.0577,2.0737,8395631.7,2026-01-16T07:59:59.999000+00:00,17374935.70593,72129
2026-01-16T08:00:00+00:00,2.0737,2.0817,2.0586,2.0652,6437848.2,2026-01-16T11:59:59.999000+00:00,13312023.74105,68666
2026-01-16T12:00:00+00:00,2.0652,2.0682,2.0263,2.0325,22287253.6,2026-01-16T15:59:59.999000+00:00,45695328.45707,206362
2026-01-16T16:00:00+00:00,2.0325,2.0568,2.0299,2.055,9334658.4,2026-01-16T19:59:59.999000+00:00,19092403.0908,112120
2026-01-16T20:00:00+00:00,2.055,2.0798,2.0476,2.0678,8420309.1,2026-01-16T23:59:59.999000+00:00,17441235.09002,91189
2026-01-17T00:00:00+00:00,2.0678,2.07,2.0536,2.0557,4328427.5,2026-01-17T03:59:59.999000+00:00,8926085.00104,45347
2026-01-17T04:00:00+00:00,2.0557,2.0664,2.055,2.0581,4086233.1,2026-01-17T07:59:59.999000+00:00,8422883.36938,42770
2026-01-17T08:00:00+00:00,2.0581,2.0673,2.0562,2.0619,3437033.5,2026-01-17T11:59:59.999000+00:00,7089075.8079,41524
2026-01-17T12:00:00+00:00,2.0618,2.083,2.0582,2.0817,8886019.0,2026-01-17T15:59:59.999000+00:00,18408069.82174,83153
2026-01-17T16:00:00+00:00,2.0816,2.0834,2.0679,2.0735,5995978.7,2026-01-17T19:59:59.999000+00:00,12444287.33377,59812
2026-01-17T20:00:00+00:00,2.0735,2.0754,2.0591,2.0631,4404763.1,2026-01-17T23:59:59.999000+00:00,9104283.89201,43258
2026-01-18T00:00:00+00:00,2.0632,2.0679,2.0482,2.0585,6254276.7,2026-01-18T03:59:59.999000+00:00,12857855.92502,65136
2026-01-18T04:00:00+00:00,2.0585,2.06,2.047,2.0524,3817877.0,2026-01-18T07:59:59.999000+00:00,7842658.59926,43570
2026-01-18T08:00:00+00:00,2.0523,2.0618,2.0504,2.0548,3444434.2,2026-01-18T11:59:59.999000+00:00,7082077.78181,40540
2026-01-18T12:00:00+00:00,2.0549,2.0605,2.045,2.0507,5715027.7,2026-01-18T15:59:59.999000+00:00,11727911.76916,58424
2026-01-18T16:00:00+00:00,2.0507,2.0661,2.0463,2.0538,5919200.8,2026-01-18T19:59:59.999000+00:00,12166693.24159,66774
2026-01-18T20:00:00+00:00,2.0538,2.0644,1.9861,1.9914,21355881.3,2026-01-18T23:59:59.999000+00:00,43121546.37541,199665
2026-01-19T00:00:00+00:00,1.9914,1.9914,1.847,1.9674,69032133.0,2026-01-19T03:59:59.999000+00:00,133552448.30836,530856
2026-01-19T04:00:00+00:00,1.9674,1.9746,1.9517,1.9632,28946560.4,2026-01-19T07:59:59.999000+00:00,56789856.76811,130924
2026-01-19T08:00:00+00:00,1.9632,1.984,1.9591,1.9729,17738044.9,2026-01-19T11:59:59.999000+00:00,35048289.71881,119753
2026-01-19T12:00:00+00:00,1.9729,1.9853,1.9647,1.9816,13081247.1,2026-01-19T15:59:59.999000+00:00,25832468.93721,107028
2026-01-19T16:00:00+00:00,1.9815,2.0299,1.9805,2.0137,15609694.7,2026-01-19T19:59:59.999000+00:00,31412336.8969,160508
2026-01-19T20:00:00+00:00,2.0137,2.0173,1.9794,1.986,14942220.6,2026-01-19T23:59:59.999000+00:00,29792580.40367,134919
2026-01-20T00:00:00+00:00,1.9861,1.9909,1.9554,1.9625,18195497.0,2026-01-20T03:59:59.999000+00:00,35897227.07295,134566
2026-01-20T04:00:00+00:00,1.9624,1.9738,1.9419,1.9493,14495221.8,2026-01-20T07:59:59.999000+00:00,28368925.83849,158082
2026-01-20T08:00:00+00:00,1.9493,1.9539,1.9191,1.9291,33635465.1,2026-01-20T11:59:59.999000+00:00,64836296.83869,196978
2026-01-20T12:00:00+00:00,1.9291,1.9396,1.9091,1.9174,25305325.6,2026-01-20T15:59:59.999000+00:00,48666614.57859,281419
2026-01-20T16:00:00+00:00,1.9174,1.9276,1.8941,1.9024,16524123.1,2026-01-20T19:59:59.999000+00:00,31497982.01454,230957
2026-01-20T20:00:00+00:00,1.9023,1.9117,1.87,1.89,19220489.4,2026-01-20T23:59:59.999000+00:00,36358401.44593,217784
2026-01-21T00:00:00+00:00,1.89,1.9179,1.8889,1.9029,15527767.5,2026-01-21T03:59:59.999000+00:00,29582967.53396,162039
2026-01-21T04:00:00+00:00,1.903,1.9268,1.9009,1.91,13859331.5,2026-01-21T07:59:59.999000+00:00,26511260.72592,97167
2026-01-21T08:00:00+00:00,1.9101,1.9156,1.8873,1.8897,20066093.3,2026-01-21T11:59:59.999000+00:00,38238588.52293,116959
2026-01-21T12:00:00+00:00,1.8897,1.9609,1.8798,1.9579,40818527.9,2026-01-21T15:59:59.999000+00:00,78217328.23376,356852
2026-01-21T16:00:00+00:00,1.958,1.9844,1.8712,1.9734,38302164.6,2026-01-21T19:59:59.999000+00:00,73653532.60747,485974
2026-01-21T20:00:00+00:00,1.9734,1.9907,1.9393,1.9476,19268250.7,2026-01-21T23:59:59.999000+00:00,37907821.47338,223951
2026-01-22T00:00:00+00:00,1.9475,1.9679,1.942,1.9475,8517066.2,2026-01-22T03:59:59.999000+00:00,16649207.55646,117824
2026-01-22T04:00:00+00:00,1.9475,1.9598,1.9463,1.9477,7859459.5,2026-01-22T07:59:59.999000+00:00,15336871.75024,76748
2026-01-22T08:00:00+00:00,1.9477,1.9647,1.9425,1.9439,10209297.5,2026-01-22T11:59:59.999000+00:00,19960938.84387,87192
2026-01-22T12:00:00+00:00,1.944,1.9497,1.9016,1.9146,17334743.9,2026-01-22T15:59:59.999000+00:00,33402586.27576,178485
2026-01-22T16:00:00+00:00,1.9145,1.9358,1.905,1.9327,11294951.1,2026-01-22T19:59:59.999000+00:00,21700659.39978,123276
2026-01-22T20:00:00+00:00,1.9326,1.9338,1.9161,1.9236,6411926.7,2026-01-22T23:59:59.999000+00:00,12343795.24659,77161
2026-01-23T00:00:00+00:00,1.9237,1.9265,1.9091,1.916,7600396.3,2026-01-23T03:59:59.999000+00:00,14586623.76863,84845
2026-01-23T04:00:00+00:00,1.9159,1.9257,1.9033,1.915,11336199.1,2026-01-23T07:59:59.999000+00:00,21707830.91732,90116
2026-01-23T08:00:00+00:00,1.915,1.9157,1.9017,1.9142,8601200.5,2026-01-23T11:59:59.999000+00:00,16425057.83613,79883
2026-01-23T12:00:00+00:00,1.9142,1.9229,1.8873,1.9215,13178189.8,2026-01-23T15:59:59.999000+00:00,25075115.33109,148483
2026-01-23T16:00:00+00:00,1.9216,1.9656,1.9204,1.9232,23380154.7,2026-01-23T19:59:59.999000+00:00,45410115.62887,233245
2026-01-23T20:00:00+00:00,1.9233,1.932,1.9077,1.9196,11980566.5,2026-01-23T23:59:59.999000+00:00,23008271.66167,137788
2026-01-24T00:00:00+00:00,1.9197,1.9272,1.9161,1.9234,4065109.0,2026-01-24T03:59:59.999000+00:00,7813831.28108,50320
2026-01-24T04:00:00+00:00,1.9235,1.9276,1.917,1.919,5195698.2,2026-01-24T07:59:59.999000+00:00,9983409.3585,36626
2026-01-24T08:00:00+00:00,1.919,1.9214,1.9147,1.917,3827632.3,2026-01-24T11:59:59.999000+00:00,7341604.57992,25225
2026-01-24T12:00:00+00:00,1.9171,1.9242,1.9124,1.9128,7305077.3,2026-01-24T15:59:59.999000+00:00,14019934.93195,43635
2026-01-24T16:00:00+00:00,1.9128,1.921,1.91,1.9168,3361314.4,2026-01-24T19:59:59.999000+00:00,6439300.45131,36487
2026-01-24T20:00:00+00:00,1.9167,1.9233,1.9141,1.9143,3405168.7,2026-01-24T23:59:59.999000+00:00,6529748.02526,28944
2026-01-25T00:00:00+00:00,1.9143,1.9168,1.8983,1.9006,5835830.3,2026-01-25T03:59:59.999000+00:00,11135172.06865,44723
2026-01-25T04:00:00+00:00,1.9007,1.9039,1.894,1.8948,3850349.0,2026-01-25T07:59:59.999000+00:00,7311830.95513,38424
2026-01-25T08:00:00+00:00,1.8948,1.9125,1.8869,1.9022,8873461.9,2026-01-25T11:59:59.999000+00:00,16850713.35237,65748
2026-01-25T12:00:00+00:00,1.9022,1.9032,1.8842,1.8878,7169584.0,2026-01-25T15:59:59.999000+00:00,13573710.45978,78513
2026-01-25T16:00:00+00:00,1.8879,1.8879,1.8111,1.8182,45207595.3,2026-01-25T19:59:59.999000+00:00,83346075.0215,388086
2026-01-25T20:00:00+00:00,1.8182,1.841,1.813,1.8356,20596289.8,2026-01-25T23:59:59.999000+00:00,37665945.98548,202771
2026-01-26T00:00:00+00:00,1.8356,1.8887,1.8331,1.8695,18571200.9,2026-01-26T03:59:59.999000+00:00,34717025.27654,186609
2026-01-26T04:00:00+00:00,1.8696,1.8948,1.8696,1.8818,11949769.7,2026-01-26T07:59:59.999000+00:00,22478475.53391,111794
2026-01-26T08:00:00+00:00,1.8817,1.8971,1.8765,1.8915,13210908.2,2026-01-26T11:59:59.999000+00:00,24932935.66385,94012
2026-01-26T12:00:00+00:00,1.8916,1.946,1.8915,1.9255,28368369.2,2026-01-26T15:59:59.999000+00:00,54375175.55883,272050
2026-01-26T16:00:00+00:00,1.9255,1.9385,1.8986,1.9077,19628475.1,2026-01-26T19:59:59.999000+00:00,37630020.23367,200128
2026-01-26T20:00:00+00:00,1.9076,1.913,1.889,1.9041,12752430.5,2026-01-26T23:59:59.999000+00:00,24225600.22438,108820
2026-01-27T00:00:00+00:00,1.9042,1.9169,1.8976,1.9097,7643117.5,2026-01-27T03:59:59.999000+00:00,14584358.6496,89038
2026-01-27T04:00:00+00:00,1.9097,1.9179,1.8947,1.8996,6134958.6,2026-01-27T07:59:59.999000+00:00,11684206.47848,66652
2026-01-27T08:00:00+00:00,1.8995,1.9028,1.8818,1.8889,7939337.9,2026-01-27T11:59:59.999000+00:00,14995615.30175,63868
2026-01-27T12:00:00+00:00,1.8889,1.8967,1.8741,1.8932,11444681.0,2026-01-27T15:59:59.999000+00:00,21579702.62134,125958
2026-01-27T16:00:00+00:00,1.8933,1.9162,1.8768,1.9069,17451186.4,2026-01-27T19:59:59.999000+00:00,33154241.49843,200598
2026-01-27T20:00:00+00:00,1.9069,1.9295,1.9058,1.9158,14006545.7,2026-01-27T23:59:59.999000+00:00,26894912.53278,137938
2026-01-28T00:00:00+00:00,1.9157,1.9193,1.8944,1.902,7839079.5,2026-01-28T03:59:59.999000+00:00,14936234.45047,92407
2026-01-28T04:00:00+00:00,1.902,1.9249,1.8967,1.916,8502859.2,2026-01-28T07:59:59.999000+00:00,16259593.8496,79449
2026-01-28T08:00:00+00:00,1.9159,1.9427,1.9061,1.9415,11833923.1,2026-01-28T11:59:59.999000+00:00,22760806.44739,107910
2026-01-28T12:00:00+00:00,1.9414,1.9422,1.9016,1.9077,16757558.8,2026-01-28T15:59:59.999000+00:00,32229888.43504,177009
2026-01-28T16:00:00+00:00,1.9077,1.928,1.9005,1.9194,11902749.7,2026-01-28T19:59:59.999000+00:00,22782824.67224,153020
2026-01-28T20:00:00+00:00,1.9195,1.9325,1.9073,1.9111,10589688.2,2026-01-28T23:59:59.999000+00:00,20298634.02748,117070
2026-01-29T00:00:00+00:00,1.9112,1.9134,1.8702,1.8761,13810768.3,2026-01-29T03:59:59.999000+00:00,26060956.83941,151637
2026-01-29T04:00:00+00:00,1.876,1.8897,1.8654,1.8857,8181245.1,2026-01-29T07:59:59.999000+00:00,15377148.78421,72998
2026-01-29T08:00:00+00:00,1.8856,1.89,1.8673,1.871,14246645.5,2026-01-29T11:59:59.999000+00:00,26721336.77156,75980
2026-01-29T12:00:00+00:00,1.8711,1.8779,1.7865,1.8017,52421260.8,2026-01-29T15:59:59.999000+00:00,95691762.20066,387099
2026-01-29T16:00:00+00:00,1.8018,1.8432,1.778,1.7895,44134238.7,2026-01-29T19:59:59.999000+00:00,79632018.82416,344851
2026-01-29T20:00:00+00:00,1.7895,1.8136,1.786,1.8076,16615752.6,2026-01-29T23:59:59.999000+00:00,29932823.11278,131111
2026-01-30T00:00:00+00:00,1.8077,1.8131,1.7107,1.7477,58361162.1,2026-01-30T03:59:59.999000+00:00,102374647.5163,451300
2026-01-30T04:00:00+00:00,1.7477,1.7727,1.7304,1.7588,22637655.2,2026-01-30T07:59:59.999000+00:00,39741423.26668,183921
2026-01-30T08:00:00+00:00,1.7589,1.7747,1.7336,1.7698,19119387.7,2026-01-30T11:59:59.999000+00:00,33461662.30023,162474
2026-01-30T12:00:00+00:00,1.7698,1.7818,1.7401,1.7583,57365350.0,2026-01-30T15:59:59.999000+00:00,101161944.36902,470723
2026-01-30T16:00:00+00:00,1.7583,1.7847,1.7113,1.7712,44740490.7,2026-01-30T19:59:59.999000+00:00,78556977.05192,416831
2026-01-30T20:00:00+00:00,1.7713,1.7716,1.7179,1.7352,27496261.0,2026-01-30T23:59:59.999000+00:00,47782243.32364,277155
2026-01-31T00:00:00+00:00,1.7353,1.7547,1.7331,1.7448,12176894.5,2026-01-31T03:59:59.999000+00:00,21218685.94418,98461
2026-01-31T04:00:00+00:00,1.7448,1.7484,1.7126,1.7195,16799326.5,2026-01-31T07:59:59.999000+00:00,29057716.61502,121210
2026-01-31T08:00:00+00:00,1.7195,1.7224,1.6802,1.7021,32078182.7,2026-01-31T11:59:59.999000+00:00,54479694.54699,201376
2026-01-31T12:00:00+00:00,1.7022,1.7022,1.6129,1.6352,64298769.7,2026-01-31T15:59:59.999000+00:00,106139236.03779,524024
2026-01-31T16:00:00+00:00,1.6352,1.6497,1.5028,1.5827,167995074.0,2026-01-31T19:59:59.999000+00:00,264948618.12688,1093054
2026-01-31T20:00:00+00:00,1.5827,1.6544,1.5715,1.6472,39021220.5,2026-01-31T23:59:59.999000+00:00,62942695.09068,342597
2026-02-01T00:00:00+00:00,1.6472,1.6805,1.6436,1.667,32965828.0,2026-02-01T03:59:59.999000+00:00,54780077.90979,285005
2026-02-01T04:00:00+00:00,1.6669,1.674,1.6474,1.6591,20084238.7,2026-02-01T07:59:59.999000+00:00,33366226.68119,161393
2026-02-01T08:00:00+00:00,1.6591,1.6782,1.6322,1.6499,19947544.7,2026-02-01T11:59:59.999000+00:00,32990801.04942,182664
2026-02-01T12:00:00+00:00,1.6499,1.6525,1.576,1.5949,37748365.4,2026-02-01T15:59:59.999000+00:00,60751449.23558,340650
2026-02-01T16:00:00+00:00,1.595,1.6267,1.5821,1.6,24514777.8,2026-02-01T19:59:59.999000+00:00,39285796.25233,274455
2026-02-01T20:00:00+00:00,1.5999,1.6144,1.5526,1.5908,47126903.4,2026-02-01T23:59:59.999000+00:00,74828966.15393,475064
2026-02-02T00:00:00+00:00,1.5908,1.6188,1.5307,1.5809,50447402.0,2026-02-02T03:59:59.999000+00:00,79458620.93151,526690
2026-02-02T04:00:00+00:00,1.5809,1.6001,1.5311,1.5796,63208203.5,2026-02-02T07:59:59.999000+00:00,99140570.59628,569000
2026-02-02T08:00:00+00:00,1.5795,1.6274,1.5794,1.6216,26869759.0,2026-02-02T11:59:59.999000+00:00,43140207.9418,261615
2026-02-02T12:00:00+00:00,1.6215,1.6554,1.6213,1.6424,43607340.0,2026-02-02T15:59:59.999000+00:00,71490166.04673,440825
2026-02-02T16:00:00+00:00,1.6424,1.6571,1.6252,1.6256,18724838.7,2026-02-02T19:59:59.999000+00:00,30774822.43903,193762
2026-02-02T20:00:00+00:00,1.6256,1.6338,1.6126,1.6198,15249761.5,2026-02-02T23:59:59.999000+00:00,24746590.99618,147508
2026-02-03T00:00:00+00:00,1.6199,1.6223,1.5879,1.6134,20522204.6,2026-02-03T03:59:59.999000+00:00,32951210.10748,182253
2026-02-03T04:00:00+00:00,1.6134,1.6248,1.599,1.6174,18063757.9,2026-02-03T07:59:59.999000+00:00,29130713.63518,125964
2026-02-03T08:00:00+00:00,1.6175,1.6257,1.5955,1.6031,20938551.7,2026-02-03T11:59:59.999000+00:00,33650418.11284,134917
2026-02-03T12:00:00+00:00,1.6031,1.6216,1.5792,1.6184,29957653.4,2026-02-03T15:59:59.999000+00:00,48011202.23363,302153
2026-02-03T16:00:00+00:00,1.6184,1.6184,1.5274,1.5814,64483709.9,2026-02-03T19:59:59.999000+00:00,100719003.50328,528146
2026-02-03T20:00:00+00:00,1.5813,1.6339,1.5665,1.5791,36587164.9,2026-02-03T23:59:59.999000+00:00,58693454.71877,338751
2026-02-04T00:00:00+00:00,1.579,1.6052,1.5662,1.5992,19795941.8,2026-02-04T03:59:59.999000+00:00,31474995.19803,185397
2026-02-04T04:00:00+00:00,1.5993,1.609,1.5826,1.6053,19395208.2,2026-02-04T07:59:59.999000+00:00,30985998.06511,112393
2026-02-04T08:00:00+00:00,1.6053,1.6122,1.5789,1.5924,18779662.4,2026-02-04T11:59:59.999000+00:00,29965646.63661,134436
2026-02-04T12:00:00+00:00,1.5924,1.598,1.53,1.5439,41310712.3,2026-02-04T15:59:59.999000+00:00,64447378.2521,407364
2026-02-04T16:00:00+00:00,1.544,1.557,1.5044,1.5547,61306892.4,2026-02-04T19:59:59.999000+00:00,93793090.12718,579477
2026-02-04T20:00:00+00:00,1.5547,1.5565,1.4948,1.512,33798285.8,2026-02-04T23:59:59.999000+00:00,51370783.68834,330878
2026-02-05T00:00:00+00:00,1.512,1.5154,1.4392,1.4432,55088656.1,2026-02-05T03:59:59.999000+00:00,81079555.67089,597723
2026-02-05T04:00:00+00:00,1.4432,1.4582,1.4179,1.4323,55254132.4,2026-02-05T07:59:59.999000+00:00,79476891.34044,467079
2026-02-05T08:00:00+00:00,1.4324,1.4449,1.3422,1.3653,79997125.8,2026-02-05T11:59:59.999000+00:00,110907198.69422,484764
2026-02-05T12:00:00+00:00,1.3653,1.3868,1.2686,1.2967,147534675.2,2026-02-05T15:59:59.999000+00:00,195570795.10105,1044930
2026-02-05T16:00:00+00:00,1.2967,1.3121,1.2054,1.2135,165858805.6,2026-02-05T19:59:59.999000+00:00,207994696.99136,1299799
2026-02-05T20:00:00+00:00,1.2134,1.267,1.1371,1.2146,240376275.9,2026-02-05T23:59:59.999000+00:00,286855031.78215,1789101
2026-02-06T00:00:00+00:00,1.2145,1.2941,1.1172,1.2698,199929604.5,2026-02-06T03:59:59.999000+00:00,241261055.95104,1653853
2026-02-06T04:00:00+00:00,1.2698,1.3354,1.263,1.2924,81128685.0,2026-02-06T07:59:59.999000+00:00,105835049.08056,630663
2026-02-06T08:00:00+00:00,1.2924,1.3881,1.2851,1.3684,90987165.2,2026-02-06T11:59:59.999000+00:00,121965882.81848,652699
2026-02-06T12:00:00+00:00,1.3683,1.5442,1.3574,1.5131,172332338.2,2026-02-06T15:59:59.999000+00:00,249786270.44158,1345046
2026-02-06T16:00:00+00:00,1.5131,1.5347,1.4377,1.4565,112355266.1,2026-02-06T19:59:59.999000+00:00,167185542.18866,986070
2026-02-06T20:00:00+00:00,1.4566,1.4984,1.4387,1.4698,51389741.8,2026-02-06T23:59:59.999000+00:00,75287699.43745,442240
2026-02-07T00:00:00+00:00,1.4697,1.4879,1.433,1.4736,49344857.3,2026-02-07T03:59:59.999000+00:00,72052796.85015,524149
2026-02-07T04:00:00+00:00,1.4736,1.4853,1.4067,1.4133,53675301.9,2026-02-07T07:59:59.999000+00:00,77308217.36578,497956
2026-02-07T08:00:00+00:00,1.4133,1.429,1.3858,1.3924,41312552.5,2026-02-07T11:59:59.999000+00:00,58018800.21977,313793
2026-02-07T12:00:00+00:00,1.3923,1.4408,1.3905,1.4108,40669773.0,2026-02-07T15:59:59.999000+00:00,57434935.50295,382573
2026-02-07T16:00:00+00:00,1.4107,1.4488,1.4052,1.4309,75918543.6,2026-02-07T19:59:59.999000+00:00,108029840.93626,461810
2026-02-07T20:00:00+00:00,1.4309,1.4415,1.4128,1.4231,13389312.0,2026-02-07T23:59:59.999000+00:00,19119386.44384,135472
2026-02-08T00:00:00+00:00,1.4231,1.4419,1.4138,1.417,11705912.1,2026-02-08T03:59:59.999000+00:00,16705627.24497,137427
2026-02-08T04:00:00+00:00,1.417,1.426,1.4099,1.4211,8456713.5,2026-02-08T07:59:59.999000+00:00,11988366.9833,106372
2026-02-08T08:00:00+00:00,1.421,1.4632,1.4195,1.4528,30794381.1,2026-02-08T11:59:59.999000+00:00,44433030.32286,311173
2026-02-08T12:00:00+00:00,1.4529,1.4703,1.4304,1.4404,30252829.5,2026-02-08T15:59:59.999000+00:00,43991534.82426,256563
2026-02-08T16:00:00+00:00,1.4404,1.4529,1.4103,1.4503,23945988.1,2026-02-08T19:59:59.999000+00:00,34300083.47258,235685
2026-02-08T20:00:00+00:00,1.4503,1.4631,1.4221,1.4308,20856794.1,2026-02-08T23:59:59.999000+00:00,29982321.21417,245020
2026-02-09T00:00:00+00:00,1.4308,1.4547,1.4191,1.4522,21634191.8,2026-02-09T03:59:59.999000+00:00,31096875.65479,245052
2026-02-09T04:00:00+00:00,1.4521,1.4553,1.4214,1.4257,16283965.9,2026-02-09T07:59:59.999000+00:00,23431457.32938,149302
2026-02-09T08:00:00+00:00,1.4257,1.4299,1.3728,1.3934,39716497.3,2026-02-09T11:59:59.999000+00:00,55482987.62057,284118
2026-02-09T12:00:00+00:00,1.3935,1.4499,1.3932,1.4462,39161217.1,2026-02-09T15:59:59.999000+00:00,55616463.4555,373924
2026-02-09T16:00:00+00:00,1.4461,1.4642,1.4336,1.4528,35071912.7,2026-02-09T19:59:59.999000+00:00,50781317.87162,308016
2026-02-09T20:00:00+00:00,1.4527,1.4587,1.4351,1.437,16678497.0,2026-02-09T23:59:59.999000+00:00,24158380.78579,135149
2026-02-10T00:00:00+00:00,1.437,1.4532,1.4282,1.4354,14701504.9,2026-02-10T03:59:59.999000+00:00,21195868.11059,134571
2026-02-10T04:00:00+00:00,1.4354,1.452,1.4142,1.4221,20612530.6,2026-02-10T07:59:59.999000+00:00,29582996.81623,144579
2026-02-10T08:00:00+00:00,1.4222,1.436,1.4065,1.4081,17360581.4,2026-02-10T11:59:59.999000+00:00,24651204.67331,130237
2026-02-10T12:00:00+00:00,1.4081,1.4259,1.3931,1.407,30154784.9,2026-02-10T15:59:59.999000+00:00,42468059.11191,263372
2026-02-10T16:00:00+00:00,1.407,1.4291,1.3942,1.401,20238415.9,2026-02-10T19:59:59.999000+00:00,28590025.90628,168936
2026-02-10T20:00:00+00:00,1.4009,1.4049,1.3916,1.3999,10331556.0,2026-02-10T23:59:59.999000+00:00,14446111.35692,98161
2026-02-11T00:00:00+00:00,1.3998,1.4205,1.3943,1.4041,14357474.9,2026-02-11T03:59:59.999000+00:00,20231187.27854,113136
2026-02-11T04:00:00+00:00,1.4041,1.4088,1.358,1.3667,34625482.9,2026-02-11T07:59:59.999000+00:00,47655192.08599,238407
2026-02-11T08:00:00+00:00,1.3667,1.3806,1.3553,1.3791,21351063.0,2026-02-11T11:59:59.999000+00:00,29171230.11299,151842
2026-02-11T12:00:00+00:00,1.379,1.4097,1.3463,1.3541,55838611.0,2026-02-11T15:59:59.999000+00:00,76668091.92371,465359
2026-02-11T16:00:00+00:00,1.3541,1.3871,1.3421,1.3788,27843289.6,2026-02-11T19:59:59.999000+00:00,38067036.57082,256837
2026-02-11T20:00:00+00:00,1.3788,1.3973,1.3596,1.3697,18680342.3,2026-02-11T23:59:59.999000+00:00,25757078.74171,156886
2026-02-12T00:00:00+00:00,1.3697,1.3865,1.3684,1.3752,13651730.7,2026-02-12T03:59:59.999000+00:00,18822267.54724,111496
2026-02-12T04:00:00+00:00,1.3752,1.3889,1.3723,1.3819,13846838.2,2026-02-12T07:59:59.999000+00:00,19106160.15659,110942
2026-02-12T08:00:00+00:00,1.382,1.4082,1.3771,1.4015,19364507.3,2026-02-12T11:59:59.999000+00:00,27005782.40672,130530
2026-02-12T12:00:00+00:00,1.4016,1.403,1.375,1.3759,20423564.8,2026-02-12T15:59:59.999000+00:00,28384676.86478,205814
2026-02-12T16:00:00+00:00,1.3758,1.3797,1.3461,1.3647,33561576.0,2026-02-12T19:59:59.999000+00:00,45684407.67564,316908
2026-02-12T20:00:00+00:00,1.3647,1.3703,1.3488,1.3635,16008047.1,2026-02-12T23:59:59.999000+00:00,21715632.40389,129553
2026-02-13T00:00:00+00:00,1.3635,1.3719,1.3492,1.3655,14095916.9,2026-02-13T03:59:59.999000+00:00,19184649.83483,131712
2026-02-13T04:00:00+00:00,1.3655,1.3683,1.3485,1.3539,15014932.0,2026-02-13T07:59:59.999000+00:00,20381704.09301,95701
2026-02-13T08:00:00+00:00,1.3539,1.373,1.3521,1.368,13915987.0,2026-02-13T11:59:59.999000+00:00,19008858.40476,114353
2026-02-13T12:00:00+00:00,1.3679,1.422,1.3598,1.4046,43374180.5,2026-02-13T15:59:59.999000+00:00,60270316.7453,319082
2026-02-13T16:00:00+00:00,1.4046,1.4285,1.3996,1.4112,25698822.7,2026-02-13T19:59:59.999000+00:00,36370496.88839,224805
2026-02-13T20:00:00+00:00,1.4112,1.4165,1.398,1.4071,12927900.3,2026-02-13T23:59:59.999000+00:00,18194344.71267,97134
2026-02-14T00:00:00+00:00,1.407,1.4184,1.4051,1.4164,7423123.9,2026-02-14T03:59:59.999000+00:00,10485806.691,65136
2026-02-14T04:00:00+00:00,1.4163,1.4256,1.4078,1.4224,6451113.0,2026-02-14T07:59:59.999000+00:00,9127702.34688,49253
2026-02-14T08:00:00+00:00,1.4224,1.4734,1.4217,1.4717,30604081.6,2026-02-14T11:59:59.999000+00:00,44401422.52469,205762
2026-02-14T12:00:00+00:00,1.4717,1.4769,1.4516,1.469,24147660.1,2026-02-14T15:59:59.999000+00:00,35392038.49265,183826
2026-02-14T16:00:00+00:00,1.469,1.5003,1.4571,1.498,22048024.3,2026-02-14T19:59:59.999000+00:00,32643671.72861,156566
2026-02-14T20:00:00+00:00,1.4981,1.5138,1.4879,1.5094,22466535.5,2026-02-14T23:59:59.999000+00:00,33719680.03768,191105
2026-02-15T00:00:00+00:00,1.5094,1.5448,1.5048,1.5269,34783098.2,2026-02-15T03:59:59.999000+00:00,52999236.48621,349920
2026-02-15T04:00:00+00:00,1.5269,1.6505,1.5251,1.6497,48473555.8,2026-02-15T07:59:59.999000+00:00,76731828.20742,433147
2026-02-15T08:00:00+00:00,1.6498,1.6714,1.5579,1.5624,79402409.5,2026-02-15T11:59:59.999000+00:00,128497380.63047,608409
2026-02-15T12:00:00+00:00,1.5624,1.5662,1.5115,1.5237,58827916.9,2026-02-15T15:59:59.999000+00:00,90224162.54387,469303
2026-02-15T16:00:00+00:00,1.5237,1.5245,1.4477,1.4537,45522516.2,2026-02-15T19:59:59.999000+00:00,67572975.27683,344807
2026-02-15T20:00:00+00:00,1.4537,1.4905,1.445,1.4753,32296975.8,2026-02-15T23:59:59.999000+00:00,47497374.46993,252056
2026-02-16T00:00:00+00:00,1.4753,1.4872,1.4538,1.4616,20528758.3,2026-02-16T03:59:59.999000+00:00,30203317.47211,183942
2026-02-16T04:00:00+00:00,1.4617,1.4759,1.4485,1.4611,21698860.2,2026-02-16T07:59:59.999000+00:00,31718094.61095,140984
2026-02-16T08:00:00+00:00,1.4611,1.5141,1.4611,1.4838,32707037.9,2026-02-16T11:59:59.999000+00:00,48734641.55257,245032
2026-02-16T12:00:00+00:00,1.4838,1.5171,1.4616,1.4743,43389120.4,2026-02-16T15:59:59.999000+00:00,64714345.85388,433999
2026-02-16T16:00:00+00:00,1.4744,1.4947,1.4713,1.4753,18009856.3,2026-02-16T19:59:59.999000+00:00,26725133.12922,164272
2026-02-16T20:00:00+00:00,1.4753,1.4941,1.4687,1.4876,9069489.9,2026-02-16T23:59:59.999000+00:00,13453215.7841,108533
2026-02-17T00:00:00+00:00,1.4876,1.4934,1.4732,1.4829,11732029.0,2026-02-17T03:59:59.999000+00:00,17433491.37575,105555
2026-02-17T04:00:00+00:00,1.483,1.4889,1.4694,1.4731,10804280.7,2026-02-17T07:59:59.999000+00:00,15958800.34999,94735
2026-02-17T08:00:00+00:00,1.473,1.4771,1.4499,1.4525,15637946.1,2026-02-17T11:59:59.999000+00:00,22803016.31136,122889
2026-02-17T12:00:00+00:00,1.4525,1.4634,1.4268,1.4571,25893518.8,2026-02-17T15:59:59.999000+00:00,37502216.36872,241443
2026-02-17T16:00:00+00:00,1.4572,1.495,1.4571,1.4855,26206580.1,2026-02-17T19:59:59.999000+00:00,38740362.2894,265266
2026-02-17T20:00:00+00:00,1.4856,1.4935,1.4708,1.4743,8564035.3,2026-02-17T23:59:59.999000+00:00,12686188.612,94053
2026-02-18T00:00:00+00:00,1.4742,1.4834,1.4635,1.4791,11500871.7,2026-02-18T03:59:59.999000+00:00,16928653.60089,90243
2026-02-18T04:00:00+00:00,1.4792,1.4888,1.4755,1.4869,7382680.4,2026-02-18T07:59:59.999000+00:00,10939531.19678,71908
2026-02-18T08:00:00+00:00,1.4868,1.4943,1.4638,1.4665,13137168.3,2026-02-18T11:59:59.999000+00:00,19467841.71821,102710
2026-02-18T12:00:00+00:00,1.4664,1.4891,1.4521,1.4765,16762478.1,2026-02-18T15:59:59.999000+00:00,24617976.10435,185067
2026-02-18T16:00:00+00:00,1.4765,1.4773,1.4195,1.423,22616664.6,2026-02-18T19:59:59.999000+00:00,32655063.75238,208999
2026-02-18T20:00:00+00:00,1.4231,1.4333,1.4102,1.4219,14431990.8,2026-02-18T23:59:59.999000+00:00,20519474.95109,127665
2026-02-19T00:00:00+00:00,1.422,1.4301,1.4148,1.4288,8709279.3,2026-02-19T03:59:59.999000+00:00,12392205.46855,91447
2026-02-19T04:00:00+00:00,1.4288,1.4381,1.4051,1.4326,25328495.6,2026-02-19T07:59:59.999000+00:00,35928137.48434,119104
2026-02-19T08:00:00+00:00,1.4325,1.4341,1.4062,1.4093,16124231.6,2026-02-19T11:59:59.999000+00:00,22848084.9459,118756
2026-02-19T12:00:00+00:00,1.4092,1.4146,1.3863,1.3975,29230231.0,2026-02-19T15:59:59.999000+00:00,40875475.3508,264029
2026-02-19T16:00:00+00:00,1.3975,1.4186,1.382,1.4123,19070932.7,2026-02-19T19:59:59.999000+00:00,26707987.80919,202331
2026-02-19T20:00:00+00:00,1.4122,1.4148,1.3953,1.4068,9796506.9,2026-02-19T23:59:59.999000+00:00,13777319.2034,89835
2026-02-20T00:00:00+00:00,1.4068,1.4293,1.4054,1.4128,13671175.8,2026-02-20T03:59:59.999000+00:00,19407412.53038,96404
2026-02-20T04:00:00+00:00,1.4129,1.4244,1.4004,1.4195,14063190.5,2026-02-20T07:59:59.999000+00:00,19905234.12673,93253
2026-02-20T08:00:00+00:00,1.4195,1.4289,1.403,1.4057,14797975.2,2026-02-20T11:59:59.999000+00:00,21011682.26251,105587
2026-02-20T12:00:00+00:00,1.4057,1.4305,1.3775,1.429,37717187.1,2026-02-20T15:59:59.999000+00:00,52978214.81473,333620
2026-02-20T16:00:00+00:00,1.4289,1.4389,1.4079,1.4238,31802588.5,2026-02-20T19:59:59.999000+00:00,45403256.73206,304678
2026-02-20T20:00:00+00:00,1.4238,1.4317,1.4147,1.4292,11657587.3,2026-02-20T23:59:59.999000+00:00,16593617.53628,99706
2026-02-21T00:00:00+00:00,1.4292,1.4337,1.4198,1.4259,8269961.9,2026-02-21T03:59:59.999000+00:00,11806975.43142,61783
2026-02-21T04:00:00+00:00,1.4259,1.4354,1.4245,1.4309,5097361.3,2026-02-21T07:59:59.999000+00:00,7290456.16494,44058
2026-02-21T08:00:00+00:00,1.4309,1.4463,1.4275,1.4441,9353443.3,2026-02-21T11:59:59.999000+00:00,13459809.06026,69145
2026-02-21T12:00:00+00:00,1.444,1.4642,1.4358,1.4502,14877725.1,2026-02-21T15:59:59.999000+00:00,21569684.8259,119819
2026-02-21T16:00:00+00:00,1.4503,1.452,1.4365,1.4435,8777390.6,2026-02-21T19:59:59.999000+00:00,12675793.71976,89236
2026-02-21T20:00:00+00:00,1.4436,1.4436,1.43,1.4304,7622038.1,2026-02-21T23:59:59.999000+00:00,10952587.88797,70198
2026-02-22T00:00:00+00:00,1.4303,1.4338,1.4181,1.4238,8154155.4,2026-02-22T03:59:59.999000+00:00,11640426.3156,72987
2026-02-22T04:00:00+00:00,1.4238,1.4259,1.4171,1.4212,5349099.9,2026-02-22T07:59:59.999000+00:00,7605395.16541,46477
2026-02-22T08:00:00+00:00,1.4213,1.4261,1.4171,1.4236,4037928.7,2026-02-22T11:59:59.999000+00:00,5740356.48913,40109
2026-02-22T12:00:00+00:00,1.4236,1.4238,1.3859,1.3934,19529841.8,2026-02-22T15:59:59.999000+00:00,27387154.72269,132794
2026-02-22T16:00:00+00:00,1.3934,1.395,1.3832,1.3867,8947894.6,2026-02-22T19:59:59.999000+00:00,12429628.04451,72019
2026-02-22T20:00:00+00:00,1.3868,1.4018,1.38,1.3932,15147415.6,2026-02-22T23:59:59.999000+00:00,21076488.846,91299
2026-02-23T00:00:00+00:00,1.3932,1.3948,1.3301,1.3414,49015034.7,2026-02-23T03:59:59.999000+00:00,66138221.19513,427897
2026-02-23T04:00:00+00:00,1.3414,1.3781,1.336,1.3714,26189852.4,2026-02-23T07:59:59.999000+00:00,35464798.46735,140725
2026-02-23T08:00:00+00:00,1.3714,1.406,1.3619,1.3965,33071921.4,2026-02-23T11:59:59.999000+00:00,45884763.12612,206131
2026-02-23T12:00:00+00:00,1.3965,1.4248,1.3672,1.3709,44077880.6,2026-02-23T15:59:59.999000+00:00,61457852.28303,336206
2026-02-23T16:00:00+00:00,1.3708,1.3785,1.3483,1.3574,23951213.8,2026-02-23T19:59:59.999000+00:00,32664290.34722,233622
2026-02-23T20:00:00+00:00,1.3573,1.3677,1.35,1.3518,12589797.5,2026-02-23T23:59:59.999000+00:00,17085024.84642,132708
2026-02-24T00:00:00+00:00,1.3519,1.3626,1.3271,1.3323,25721873.0,2026-02-24T03:59:59.999000+00:00,34585895.66209,249163
2026-02-24T04:00:00+00:00,1.3323,1.3428,1.3219,1.3266,26691159.8,2026-02-24T07:59:59.999000+00:00,35501805.50739,190217
2026-02-24T08:00:00+00:00,1.3267,1.3363,1.3215,1.3334,12322859.5,2026-02-24T11:59:59.999000+00:00,16387714.65379,113762
2026-02-24T12:00:00+00:00,1.3334,1.353,1.3124,1.3516,34004487.8,2026-02-24T15:59:59.999000+00:00,45358212.55216,281655
2026-02-24T16:00:00+00:00,1.3517,1.3676,1.3449,1.3559,24439952.1,2026-02-24T19:59:59.999000+00:00,33182439.5494,213269
2026-02-24T20:00:00+00:00,1.3559,1.3639,1.3414,1.3482,16059239.6,2026-02-24T23:59:59.999000+00:00,21741028.44462,136839
2026-02-25T00:00:00+00:00,1.3483,1.3997,1.3404,1.3701,46486219.0,2026-02-25T03:59:59.999000+00:00,64127413.71925,338385
2026-02-25T04:00:00+00:00,1.3702,1.3752,1.353,1.3658,17620854.6,2026-02-25T07:59:59.999000+00:00,24042921.43076,121044
2026-02-25T08:00:00+00:00,1.3658,1.3853,1.363,1.3839,17381879.2,2026-02-25T11:59:59.999000+00:00,23907241.24878,100152
2026-02-25T12:00:00+00:00,1.3838,1.446,1.3812,1.441,49090254.2,2026-02-25T15:59:59.999000+00:00,69684003.00831,363807
2026-02-25T16:00:00+00:00,1.4411,1.4769,1.4378,1.4665,52247153.0,2026-02-25T19:59:59.999000+00:00,76226953.55913,354043
2026-02-25T20:00:00+00:00,1.4665,1.4935,1.4192,1.4339,62262145.2,2026-02-25T23:59:59.999000+00:00,90971836.32455,436079
2026-02-26T00:00:00+00:00,1.4338,1.4475,1.4183,1.442,25149855.9,2026-02-26T03:59:59.999000+00:00,36070697.7281,234835
2026-02-26T04:00:00+00:00,1.442,1.4691,1.4305,1.4341,18397494.8,2026-02-26T07:59:59.999000+00:00,26634812.80552,196753
2026-02-26T08:00:00+00:00,1.4341,1.4567,1.434,1.4368,21885006.4,2026-02-26T11:59:59.999000+00:00,31620636.90877,161953
2026-02-26T12:00:00+00:00,1.4369,1.446,1.4078,1.4212,35185073.1,2026-02-26T15:59:59.999000+00:00,50304820.58207,276783
2026-02-26T16:00:00+00:00,1.4212,1.4235,1.3827,1.4072,47456839.7,2026-02-26T19:59:59.999000+00:00,66316707.77418,255685
2026-02-26T20:00:00+00:00,1.4072,1.4132,1.3884,1.4027,12754871.9,2026-02-26T23:59:59.999000+00:00,17846649.42057,90384
2026-02-27T00:00:00+00:00,1.4027,1.4132,1.3932,1.4079,16792854.3,2026-02-27T03:59:59.999000+00:00,23577544.51642,106886
2026-02-27T04:00:00+00:00,1.4079,1.4216,1.4038,1.417,16726539.9,2026-02-27T07:59:59.999000+00:00,23622837.85557,95150
2026-02-27T08:00:00+00:00,1.417,1.4262,1.3804,1.3826,21842300.4,2026-02-27T11:59:59.999000+00:00,30583594.89411,166268
2026-02-27T12:00:00+00:00,1.3826,1.3853,1.3523,1.3573,59938320.7,2026-02-27T15:59:59.999000+00:00,81837715.69392,334595
2026-02-27T16:00:00+00:00,1.3573,1.3643,1.3386,1.351,29706095.2,2026-02-27T19:59:59.999000+00:00,40154311.03041,193995
2026-02-27T20:00:00+00:00,1.351,1.3585,1.3386,1.3562,20102058.1,2026-02-27T23:59:59.999000+00:00,27177190.08064,113912
2026-02-28T00:00:00+00:00,1.3562,1.3653,1.3528,1.355,10434763.9,2026-02-28T03:59:59.999000+00:00,14186952.73526,63960
2026-02-28T04:00:00+00:00,1.3551,1.3581,1.2902,1.3027,57697128.3,2026-02-28T07:59:59.999000+00:00,76027733.86317,341191
2026-02-28T08:00:00+00:00,1.3026,1.3071,1.27,1.2933,52332439.9,2026-02-28T11:59:59.999000+00:00,67422292.95458,272760
2026-02-28T12:00:00+00:00,1.2932,1.3504,1.292,1.3239,51294168.9,2026-02-28T15:59:59.999000+00:00,67835747.54444,291962
2026-02-28T16:00:00+00:00,1.3239,1.3591,1.3146,1.3544,25242552.1,2026-02-28T19:59:59.999000+00:00,33719172.41028,170358
2026-02-28T20:00:00+00:00,1.3544,1.3931,1.3505,1.3762,32988626.6,2026-02-28T23:59:59.999000+00:00,45387384.92103,220261
2026-03-01T00:00:00+00:00,1.3761,1.4333,1.3653,1.4185,50234625.7,2026-03-01T03:59:59.999000+00:00,70826648.84834,393886
2026-03-01T04:00:00+00:00,1.4186,1.4217,1.3886,1.3979,30195217.1,2026-03-01T07:59:59.999000+00:00,42370273.93969,173565
2026-03-01T08:00:00+00:00,1.3979,1.4,1.3671,1.3762,20874768.6,2026-03-01T11:59:59.999000+00:00,28810586.11859,148607
2026-03-01T12:00:00+00:00,1.3763,1.4035,1.3616,1.3788,27622560.2,2026-03-01T15:59:59.999000+00:00,38190751.26293,228661
2026-03-01T16:00:00+00:00,1.3788,1.3863,1.3538,1.3566,20832102.0,2026-03-01T19:59:59.999000+00:00,28506198.88237,177252
2026-03-01T20:00:00+00:00,1.3565,1.3725,1.3369,1.3524,28182053.3,2026-03-01T23:59:59.999000+00:00,38070699.07236,198624
2026-03-02T00:00:00+00:00,1.3525,1.3807,1.3511,1.374,20714967.3,2026-03-02T03:59:59.999000+00:00,28276454.28231,150577
2026-03-02T04:00:00+00:00,1.374,1.3752,1.3379,1.3471,17174818.3,2026-03-02T07:59:59.999000+00:00,23291850.01765,110698
2026-03-02T08:00:00+00:00,1.3471,1.3626,1.3384,1.3516,17439519.0,2026-03-02T11:59:59.999000+00:00,23536256.05667,102728
2026-03-02T12:00:00+00:00,1.3516,1.4154,1.3341,1.4006,53148488.9,2026-03-02T15:59:59.999000+00:00,73230342.72069,343404
2026-03-02T16:00:00+00:00,1.4006,1.423,1.3833,1.4007,39250091.7,2026-03-02T19:59:59.999000+00:00,55119258.1065,286392
2026-03-02T20:00:00+00:00,1.4007,1.4067,1.386,1.39,19074192.6,2026-03-02T23:59:59.999000+00:00,26639076.89288,153261
2026-03-03T00:00:00+00:00,1.3901,1.3953,1.3678,1.3733,19930176.3,2026-03-03T03:59:59.999000+00:00,27549386.53824,145892
2026-03-03T04:00:00+00:00,1.3733,1.3777,1.3578,1.364,16235871.0,2026-03-03T07:59:59.999000+00:00,22179024.25974,106397
2026-03-03T08:00:00+00:00,1.3639,1.3692,1.3422,1.3531,23887941.8,2026-03-03T11:59:59.999000+00:00,32277464.92594,152138
2026-03-03T12:00:00+00:00,1.3531,1.3708,1.3366,1.3646,33809291.5,2026-03-03T15:59:59.999000+00:00,45658254.42806,280852
2026-03-03T16:00:00+00:00,1.3646,1.3877,1.3533,1.3626,30586629.9,2026-03-03T19:59:59.999000+00:00,41898333.13811,232291
2026-03-03T20:00:00+00:00,1.3627,1.3696,1.3486,1.3607,11152986.9,2026-03-03T23:59:59.999000+00:00,15165223.5632,89841
2026-03-04T00:00:00+00:00,1.3607,1.3698,1.3453,1.353,19301910.4,2026-03-04T03:59:59.999000+00:00,26251817.36965,116334
2026-03-04T04:00:00+00:00,1.353,1.3771,1.3452,1.375,16916078.5,2026-03-04T07:59:59.999000+00:00,23012185.28176,94640
2026-03-04T08:00:00+00:00,1.375,1.4257,1.3693,1.399,59687434.3,2026-03-04T11:59:59.999000+00:00,83830156.74851,284860
2026-03-04T12:00:00+00:00,1.399,1.4642,1.3829,1.4629,57306507.3,2026-03-04T15:59:59.999000+00:00,81495994.63918,302195
2026-03-04T16:00:00+00:00,1.4629,1.4732,1.4354,1.4565,52117589.1,2026-03-04T19:59:59.999000+00:00,75675309.74461,296318
2026-03-04T20:00:00+00:00,1.4565,1.4655,1.4164,1.4309,32696259.6,2026-03-04T23:59:59.999000+00:00,47261375.17144,175692
2026-03-05T00:00:00+00:00,1.4309,1.4362,1.4157,1.4196,16700501.1,2026-03-05T03:59:59.999000+00:00,23779883.64729,153801
2026-03-05T04:00:00+00:00,1.4195,1.4314,1.4085,1.413,15070215.4,2026-03-05T07:59:59.999000+00:00,21403962.64637,117356
2026-03-05T08:00:00+00:00,1.413,1.4525,1.4094,1.4363,23850857.1,2026-03-05T11:59:59.999000+00:00,34225856.48335,167923
2026-03-05T12:00:00+00:00,1.4363,1.4427,1.4098,1.4167,30781869.6,2026-03-05T15:59:59.999000+00:00,43917081.54479,255442
2026-03-05T16:00:00+00:00,1.4167,1.4232,1.396,1.4112,21158525.6,2026-03-05T19:59:59.999000+00:00,29783743.44762,183071
2026-03-05T20:00:00+00:00,1.4113,1.4206,1.4021,1.4037,10607023.4,2026-03-05T23:59:59.999000+00:00,14959767.87528,88824
2026-03-06T00:00:00+00:00,1.4038,1.4148,1.398,1.4055,8419971.8,2026-03-06T03:59:59.999000+00:00,11848924.82286,87808
2026-03-06T04:00:00+00:00,1.4054,1.4084,1.3916,1.4077,10682950.4,2026-03-06T07:59:59.999000+00:00,14952004.6307,90423
2026-03-06T08:00:00+00:00,1.4077,1.4085,1.3921,1.395,15684259.8,2026-03-06T11:59:59.999000+00:00,22001704.06123,90550
2026-03-06T12:00:00+00:00,1.395,1.3972,1.351,1.3562,45117661.7,2026-03-06T15:59:59.999000+00:00,61846526.60025,372389
2026-03-06T16:00:00+00:00,1.3562,1.3662,1.346,1.3634,20941079.4,2026-03-06T19:59:59.999000+00:00,28392639.52137,165811
2026-03-06T20:00:00+00:00,1.3634,1.3722,1.3543,1.3633,13002055.8,2026-03-06T23:59:59.999000+00:00,17720992.04419,77260
2026-03-07T00:00:00+00:00,1.3632,1.3749,1.3627,1.366,7717575.0,2026-03-07T03:59:59.999000+00:00,10555986.72567,56423
2026-03-07T04:00:00+00:00,1.366,1.3685,1.3606,1.367,7316478.8,2026-03-07T07:59:59.999000+00:00,9981781.67033,55331
2026-03-07T08:00:00+00:00,1.367,1.3733,1.3632,1.37,5932464.3,2026-03-07T11:59:59.999000+00:00,8117405.1561,37772
2026-03-07T12:00:00+00:00,1.37,1.3701,1.3548,1.3573,9607165.0,2026-03-07T15:59:59.999000+00:00,13090596.26707,58194
2026-03-07T16:00:00+00:00,1.3573,1.3649,1.3468,1.3504,11381867.3,2026-03-07T19:59:59.999000+00:00,15413101.65274,61275
2026-03-07T20:00:00+00:00,1.3504,1.3592,1.3502,1.3567,5821086.9,2026-03-07T23:59:59.999000+00:00,7888950.08666,44961
2026-03-08T00:00:00+00:00,1.3568,1.3603,1.3446,1.3485,9170329.5,2026-03-08T03:59:59.999000+00:00,12395191.16977,60683
2026-03-08T04:00:00+00:00,1.3485,1.3627,1.3415,1.3602,9690406.5,2026-03-08T07:59:59.999000+00:00,13108696.91387,62853
2026-03-08T08:00:00+00:00,1.3603,1.3712,1.3545,1.3576,13527266.3,2026-03-08T11:59:59.999000+00:00,18439273.64951,78119
2026-03-08T12:00:00+00:00,1.3577,1.3592,1.3414,1.3456,12806951.2,2026-03-08T15:59:59.999000+00:00,17266004.8187,112171
2026-03-08T16:00:00+00:00,1.3456,1.3599,1.3381,1.3563,12606815.3,2026-03-08T19:59:59.999000+00:00,16965143.08334,90429
2026-03-08T20:00:00+00:00,1.3562,1.362,1.3218,1.34,22023874.9,2026-03-08T23:59:59.999000+00:00,29507669.70605,181015
2026-03-09T00:00:00+00:00,1.3401,1.3653,1.3376,1.3505,24533460.4,2026-03-09T03:59:59.999000+00:00,33140781.77962,196751
2026-03-09T04:00:00+00:00,1.3505,1.3587,1.333,1.3409,27018281.0,2026-03-09T07:59:59.999000+00:00,36356218.45986,150955
2026-03-09T08:00:00+00:00,1.3409,1.3636,1.3394,1.3502,14946523.2,2026-03-09T11:59:59.999000+00:00,20184099.89341,140067
2026-03-09T12:00:00+00:00,1.3502,1.3731,1.3496,1.3602,23351096.3,2026-03-09T15:59:59.999000+00:00,31854386.91827,236334
2026-03-09T16:00:00+00:00,1.3602,1.3841,1.3561,1.3729,24030001.8,2026-03-09T19:59:59.999000+00:00,32876062.94243,198035
2026-03-09T20:00:00+00:00,1.3729,1.3791,1.3604,1.3631,16221438.5,2026-03-09T23:59:59.999000+00:00,22220059.94591,110523
2026-03-10T00:00:00+00:00,1.3631,1.3923,1.3605,1.375,17676386.3,2026-03-10T03:59:59.999000+00:00,24368398.48617,136515
2026-03-10T04:00:00+00:00,1.375,1.3897,1.3731,1.3875,21358356.4,2026-03-10T07:59:59.999000+00:00,29520479.51892,166123
2026-03-10T08:00:00+00:00,1.3876,1.4195,1.3876,1.3909,36553075.5,2026-03-10T11:59:59.999000+00:00,51353373.45443,180455
2026-03-10T12:00:00+00:00,1.391,1.4427,1.3813,1.4308,50485815.2,2026-03-10T15:59:59.999000+00:00,71317568.29064,331503
2026-03-10T16:00:00+00:00,1.4309,1.4372,1.3797,1.3849,37415117.9,2026-03-10T19:59:59.999000+00:00,52686633.28192,280820
2026-03-10T20:00:00+00:00,1.3849,1.395,1.3785,1.3863,12825155.3,2026-03-10T23:59:59.999000+00:00,17783953.60242,105308
2026-03-11T00:00:00+00:00,1.3864,1.3926,1.3782,1.3792,10305960.6,2026-03-11T03:59:59.999000+00:00,14270794.54914,88617
2026-03-11T04:00:00+00:00,1.3791,1.391,1.3735,1.3784,12248410.2,2026-03-11T07:59:59.999000+00:00,16915147.2377,79186
2026-03-11T08:00:00+00:00,1.3785,1.3815,1.3722,1.3736,9691834.1,2026-03-11T11:59:59.999000+00:00,13340869.57563,79843
2026-03-11T12:00:00+00:00,1.3735,1.4112,1.3706,1.3824,35071024.6,2026-03-11T15:59:59.999000+00:00,48764704.18443,282512
2026-03-11T16:00:00+00:00,1.3825,1.4075,1.3802,1.3901,36259383.9,2026-03-11T19:59:59.999000+00:00,50650038.20871,187458
2026-03-11T20:00:00+00:00,1.3901,1.3973,1.3822,1.3847,7458257.6,2026-03-11T23:59:59.999000+00:00,10367305.10107,79901
2026-03-12T00:00:00+00:00,1.3847,1.386,1.37,1.3738,13249730.4,2026-03-12T03:59:59.999000+00:00,18246929.90026,89039
2026-03-12T04:00:00+00:00,1.3738,1.3784,1.366,1.3765,14621009.0,2026-03-12T07:59:59.999000+00:00,20050829.2422,81644
2026-03-12T08:00:00+00:00,1.3764,1.3936,1.3742,1.3878,15982550.9,2026-03-12T11:59:59.999000+00:00,22118464.98604,89638
2026-03-12T12:00:00+00:00,1.3878,1.3926,1.365,1.3791,23107701.4,2026-03-12T15:59:59.999000+00:00,31879546.97072,206782
2026-03-12T16:00:00+00:00,1.3791,1.3859,1.3697,1.3786,10668172.7,2026-03-12T19:59:59.999000+00:00,14702552.59495,90626
2026-03-12T20:00:00+00:00,1.3785,1.3896,1.3713,1.3846,12060442.9,2026-03-12T23:59:59.999000+00:00,16641400.13959,54319
2026-03-13T00:00:00+00:00,1.3846,1.4243,1.3831,1.4124,47047151.3,2026-03-13T03:59:59.999000+00:00,66279389.60816,279415
2026-03-13T04:00:00+00:00,1.4123,1.427,1.4074,1.4153,27457124.1,2026-03-13T07:59:59.999000+00:00,38893941.61682,130064
2026-03-13T08:00:00+00:00,1.4153,1.4385,1.413,1.4202,32800101.3,2026-03-13T11:59:59.999000+00:00,46839034.03588,166773
2026-03-13T12:00:00+00:00,1.4202,1.4528,1.4067,1.409,54773776.8,2026-03-13T15:59:59.999000+00:00,78541865.3666,282730
2026-03-13T16:00:00+00:00,1.409,1.415,1.39,1.4014,23529560.4,2026-03-13T19:59:59.999000+00:00,32994092.83423,151834
2026-03-13T20:00:00+00:00,1.4014,1.4061,1.3901,1.3989,17467011.6,2026-03-13T23:59:59.999000+00:00,24416283.79938,78008
2026-03-14T00:00:00+00:00,1.3988,1.4035,1.3923,1.4009,10474127.3,2026-03-14T03:59:59.999000+00:00,14648923.62925,52112
2026-03-14T04:00:00+00:00,1.4008,1.4042,1.3834,1.394,14130734.9,2026-03-14T07:59:59.999000+00:00,19708994.64291,58799
2026-03-14T08:00:00+00:00,1.394,1.3974,1.3874,1.3925,8654346.1,2026-03-14T11:59:59.999000+00:00,12047364.46543,45278
2026-03-14T12:00:00+00:00,1.3924,1.3946,1.3875,1.3903,8530902.8,2026-03-14T15:59:59.999000+00:00,11864407.8858,49491
2026-03-14T16:00:00+00:00,1.3903,1.3936,1.3871,1.3903,4273506.9,2026-03-14T19:59:59.999000+00:00,5941535.03592,29167
2026-03-14T20:00:00+00:00,1.3903,1.4084,1.389,1.4063,12147488.5,2026-03-14T23:59:59.999000+00:00,16995935.16657,47641
2026-03-15T00:00:00+00:00,1.4063,1.4203,1.4021,1.4121,12182293.0,2026-03-15T03:59:59.999000+00:00,17186858.70808,72418
2026-03-15T04:00:00+00:00,1.4122,1.4211,1.4055,1.4076,8857313.5,2026-03-15T07:59:59.999000+00:00,12515583.40389,51440
2026-03-15T08:00:00+00:00,1.4077,1.4206,1.4077,1.4195,8627007.0,2026-03-15T11:59:59.999000+00:00,12203474.91172,44326
2026-03-15T12:00:00+00:00,1.4196,1.43,1.4128,1.4156,20290668.1,2026-03-15T15:59:59.999000+00:00,28836711.22533,101054
2026-03-15T16:00:00+00:00,1.4156,1.4242,1.4092,1.4128,11578834.2,2026-03-15T19:59:59.999000+00:00,16379037.01696,64096
2026-03-15T20:00:00+00:00,1.4129,1.4649,1.4106,1.4487,35868283.9,2026-03-15T23:59:59.999000+00:00,51806733.90804,241563
2026-03-16T00:00:00+00:00,1.4488,1.48,1.4357,1.4674,35821073.2,2026-03-16T03:59:59.999000+00:00,52159717.61052,232557
2026-03-16T04:00:00+00:00,1.4675,1.4887,1.4675,1.483,37135188.0,2026-03-16T07:59:59.999000+00:00,54915364.07669,192098
2026-03-16T08:00:00+00:00,1.483,1.4892,1.4646,1.4698,24439852.3,2026-03-16T11:59:59.999000+00:00,36002939.67146,141288
2026-03-16T12:00:00+00:00,1.4698,1.5169,1.4696,1.4932,51519691.4,2026-03-16T15:59:59.999000+00:00,76821624.44341,327226
2026-03-16T16:00:00+00:00,1.4933,1.5443,1.4918,1.5298,43833084.3,2026-03-16T19:59:59.999000+00:00,66820571.82799,286476
2026-03-16T20:00:00+00:00,1.5297,1.5522,1.5235,1.543,25830274.4,2026-03-16T23:59:59.999000+00:00,39721668.68623,203358
2026-03-17T00:00:00+00:00,1.5429,1.607,1.5342,1.5443,78276191.5,2026-03-17T03:59:59.999000+00:00,122554981.00044,568496
2026-03-17T04:00:00+00:00,1.5443,1.5526,1.5041,1.53,39180082.4,2026-03-17T07:59:59.999000+00:00,59908249.45789,265867
2026-03-17T08:00:00+00:00,1.53,1.5327,1.5024,1.5097,24243828.3,2026-03-17T11:59:59.999000+00:00,36773241.55651,184349
2026-03-17T12:00:00+00:00,1.5098,1.5221,1.4941,1.5135,44581022.1,2026-03-17T15:59:59.999000+00:00,67201160.71806,330191
2026-03-17T16:00:00+00:00,1.5136,1.5408,1.5015,1.5335,32904635.2,2026-03-17T19:59:59.999000+00:00,50159548.11123,221876
2026-03-17T20:00:00+00:00,1.5334,1.5365,1.5177,1.5182,13658970.6,2026-03-17T23:59:59.999000+00:00,20876715.30248,109835
2026-03-18T00:00:00+00:00,1.5182,1.5398,1.5089,1.5389,15406278.7,2026-03-18T03:59:59.999000+00:00,23484017.24108,121207
2026-03-18T04:00:00+00:00,1.5389,1.5414,1.515,1.5201,14398586.3,2026-03-18T07:59:59.999000+00:00,22002244.52787,99096
2026-03-18T08:00:00+00:00,1.5201,1.5275,1.4839,1.4895,21836038.4,2026-03-18T11:59:59.999000+00:00,32874556.72943,147801
2026-03-18T12:00:00+00:00,1.4896,1.4908,1.4385,1.4408,43981378.3,2026-03-18T15:59:59.999000+00:00,64263402.66948,362769
2026-03-18T16:00:00+00:00,1.4407,1.4669,1.4359,1.4493,27242488.5,2026-03-18T19:59:59.999000+00:00,39560739.63811,199493
2026-03-18T20:00:00+00:00,1.4493,1.472,1.4421,1.4647,16672915.4,2026-03-18T23:59:59.999000+00:00,24383184.70683,98599
2026-03-19T00:00:00+00:00,1.4648,1.4788,1.4555,1.4743,11975636.6,2026-03-19T03:59:59.999000+00:00,17548052.06195,113630
2026-03-19T04:00:00+00:00,1.4742,1.4817,1.4507,1.4614,21931974.7,2026-03-19T07:59:59.999000+00:00,32150744.15018,159463
2026-03-19T08:00:00+00:00,1.4613,1.4709,1.4522,1.4585,17817849.5,2026-03-19T11:59:59.999000+00:00,26043693.35582,125627
2026-03-19T12:00:00+00:00,1.4586,1.4586,1.4246,1.4319,38200220.9,2026-03-19T15:59:59.999000+00:00,55055055.67717,326360
2026-03-19T16:00:00+00:00,1.4319,1.4529,1.4219,1.4449,20077341.8,2026-03-19T19:59:59.999000+00:00,28825331.82938,176108
2026-03-19T20:00:00+00:00,1.4448,1.4565,1.4427,1.4475,8904329.1,2026-03-19T23:59:59.999000+00:00,12912787.6462,78941
2026-03-20T00:00:00+00:00,1.4475,1.4607,1.445,1.453,15051147.7,2026-03-20T03:59:59.999000+00:00,21851483.48464,85957
2026-03-20T04:00:00+00:00,1.453,1.4636,1.4434,1.4546,11834619.6,2026-03-20T07:59:59.999000+00:00,17204402.80337,86196
2026-03-20T08:00:00+00:00,1.4546,1.4665,1.4434,1.4491,18517789.1,2026-03-20T11:59:59.999000+00:00,26890871.3327,134594
2026-03-20T12:00:00+00:00,1.4492,1.4525,1.4284,1.4375,23386572.5,2026-03-20T15:59:59.999000+00:00,33676922.84531,202209
2026-03-20T16:00:00+00:00,1.4374,1.443,1.4248,1.436,11161235.8,2026-03-20T19:59:59.999000+00:00,16015890.66615,112845
2026-03-20T20:00:00+00:00,1.436,1.4521,1.4291,1.4452,8004318.9,2026-03-20T23:59:59.999000+00:00,11546624.87638,77535
2026-03-21T00:00:00+00:00,1.4452,1.4496,1.4425,1.4458,6447104.1,2026-03-21T03:59:59.999000+00:00,9320597.14474,46155
2026-03-21T04:00:00+00:00,1.4459,1.453,1.444,1.444,10439491.5,2026-03-21T07:59:59.999000+00:00,15118803.38093,39055
2026-03-21T08:00:00+00:00,1.4441,1.4456,1.4368,1.4425,7989108.9,2026-03-21T11:59:59.999000+00:00,11507639.61011,34442
2026-03-21T12:00:00+00:00,1.4426,1.4467,1.4342,1.4381,10289193.6,2026-03-21T15:59:59.999000+00:00,14814175.93668,62088
2026-03-21T16:00:00+00:00,1.4381,1.4417,1.4341,1.4373,3837868.3,2026-03-21T19:59:59.999000+00:00,5518761.98696,33284
2026-03-21T20:00:00+00:00,1.4372,1.4427,1.4003,1.4086,18144744.5,2026-03-21T23:59:59.999000+00:00,25771722.51817,120122
2026-03-22T00:00:00+00:00,1.4087,1.4263,1.3938,1.4171,20412883.0,2026-03-22T03:59:59.999000+00:00,28758329.97028,219487
2026-03-22T04:00:00+00:00,1.417,1.4204,1.4031,1.4034,11026512.5,2026-03-22T07:59:59.999000+00:00,15571054.91616,73056
2026-03-22T08:00:00+00:00,1.4034,1.4038,1.3855,1.3909,14524751.7,2026-03-22T11:59:59.999000+00:00,20256237.32201,122836
2026-03-22T12:00:00+00:00,1.3909,1.4071,1.3907,1.3926,8078791.8,2026-03-22T15:59:59.999000+00:00,11300472.24002,79674
2026-03-22T16:00:00+00:00,1.3927,1.3957,1.381,1.3847,8692628.7,2026-03-22T19:59:59.999000+00:00,12068766.35132,75810
2026-03-22T20:00:00+00:00,1.3848,1.3931,1.3712,1.3848,14446638.7,2026-03-22T23:59:59.999000+00:00,19972108.08565,141365
2026-03-23T00:00:00+00:00,1.3849,1.393,1.3742,1.3814,12974816.3,2026-03-23T03:59:59.999000+00:00,17961956.73695,153343
2026-03-23T04:00:00+00:00,1.3814,1.3981,1.3626,1.3728,23245007.5,2026-03-23T07:59:59.999000+00:00,32091959.66014,156705
2026-03-23T08:00:00+00:00,1.3729,1.4449,1.3618,1.4115,57140903.5,2026-03-23T11:59:59.999000+00:00,80655049.91074,409182
2026-03-23T12:00:00+00:00,1.4115,1.4661,1.4019,1.4314,48558867.8,2026-03-23T15:59:59.999000+00:00,69926945.01979,448765
2026-03-23T16:00:00+00:00,1.4313,1.4465,1.4268,1.4346,20228395.7,2026-03-23T19:59:59.999000+00:00,29053636.86145,193607
2026-03-23T20:00:00+00:00,1.4346,1.4401,1.4233,1.4323,7917268.5,2026-03-23T23:59:59.999000+00:00,11337368.82133,77069
2026-03-24T00:00:00+00:00,1.4323,1.435,1.4086,1.4144,14991955.7,2026-03-24T03:59:59.999000+00:00,21239237.04258,111513
2026-03-24T04:00:00+00:00,1.4144,1.4324,1.4052,1.4313,15115886.3,2026-03-24T07:59:59.999000+00:00,21395568.65625,79982
2026-03-24T08:00:00+00:00,1.4312,1.4333,1.4133,1.4233,17878221.4,2026-03-24T11:59:59.999000+00:00,25399746.46127,88539
2026-03-24T12:00:00+00:00,1.4233,1.4236,1.3954,1.4009,22600862.1,2026-03-24T15:59:59.999000+00:00,31801399.50036,176752
2026-03-24T16:00:00+00:00,1.4009,1.404,1.3835,1.3882,15422687.9,2026-03-24T19:59:59.999000+00:00,21458922.05355,98539
2026-03-24T20:00:00+00:00,1.3881,1.4183,1.3864,1.416,17370886.9,2026-03-24T23:59:59.999000+00:00,24452705.76471,118487
2026-03-25T00:00:00+00:00,1.416,1.4251,1.4071,1.4132,14406060.5,2026-03-25T03:59:59.999000+00:00,20402647.07589,72722
2026-03-25T04:00:00+00:00,1.4132,1.4268,1.4113,1.42,18232234.4,2026-03-25T07:59:59.999000+00:00,25882967.60324,62734
2026-03-25T08:00:00+00:00,1.42,1.4379,1.4127,1.429,24148221.3,2026-03-25T11:59:59.999000+00:00,34404348.5105,107449
2026-03-25T12:00:00+00:00,1.4291,1.4322,1.4019,1.4075,21776568.2,2026-03-25T15:59:59.999000+00:00,30882347.40236,150973
2026-03-25T16:00:00+00:00,1.4074,1.4212,1.405,1.4121,11844866.7,2026-03-25T19:59:59.999000+00:00,16748333.35204,91613
2026-03-25T20:00:00+00:00,1.4122,1.4225,1.4101,1.4145,6632861.6,2026-03-25T23:59:59.999000+00:00,9391884.24257,50150
2026-03-26T00:00:00+00:00,1.4145,1.4165,1.3963,1.4017,11225467.4,2026-03-26T03:59:59.999000+00:00,15786410.44352,58874
2026-03-26T04:00:00+00:00,1.4016,1.4056,1.3798,1.3856,19026423.6,2026-03-26T07:59:59.999000+00:00,26453651.65837,73872
2026-03-26T08:00:00+00:00,1.3856,1.3865,1.3683,1.3715,20200362.1,2026-03-26T11:59:59.999000+00:00,27796273.19615,90893
2026-03-26T12:00:00+00:00,1.3715,1.3828,1.3527,1.3604,26125352.3,2026-03-26T15:59:59.999000+00:00,35752694.61226,153045
2026-03-26T16:00:00+00:00,1.3605,1.3677,1.336,1.3444,29929935.3,2026-03-26T19:59:59.999000+00:00,40420622.46167,121578
2026-03-26T20:00:00+00:00,1.3444,1.3704,1.3443,1.3609,24334484.7,2026-03-26T23:59:59.999000+00:00,33147512.53156,133855
2026-03-27T00:00:00+00:00,1.3608,1.3726,1.3582,1.3639,16626091.8,2026-03-27T03:59:59.999000+00:00,22706625.29195,57775
2026-03-27T04:00:00+00:00,1.3639,1.3685,1.356,1.359,12411128.6,2026-03-27T07:59:59.999000+00:00,16899085.38017,56138
2026-03-27T08:00:00+00:00,1.359,1.3613,1.3262,1.335,26331746.7,2026-03-27T11:59:59.999000+00:00,35308901.94538,143741
2026-03-27T12:00:00+00:00,1.3351,1.3459,1.3262,1.336,39122125.3,2026-03-27T15:59:59.999000+00:00,52257521.55432,182737
2026-03-27T16:00:00+00:00,1.336,1.3374,1.3184,1.3253,15085416.7,2026-03-27T19:59:59.999000+00:00,20038701.37792,102632
2026-03-27T20:00:00+00:00,1.3253,1.3327,1.3204,1.3257,9680887.9,2026-03-27T23:59:59.999000+00:00,12831175.94095,50254
2026-03-28T00:00:00+00:00,1.3256,1.3294,1.3191,1.3271,8970473.2,2026-03-28T03:59:59.999000+00:00,11892838.45794,42507
2026-03-28T04:00:00+00:00,1.3271,1.3421,1.3258,1.3411,10739329.8,2026-03-28T07:59:59.999000+00:00,14333226.37015,49689
2026-03-28T08:00:00+00:00,1.3411,1.3433,1.3348,1.3403,7053085.1,2026-03-28T11:59:59.999000+00:00,9446604.17031,34533
2026-03-28T12:00:00+00:00,1.3403,1.3582,1.3361,1.3533,14468214.3,2026-03-28T15:59:59.999000+00:00,19509658.50897,81982
2026-03-28T16:00:00+00:00,1.3534,1.3545,1.3418,1.3449,5259177.5,2026-03-28T19:59:59.999000+00:00,7092151.8145,34454
2026-03-28T20:00:00+00:00,1.3449,1.348,1.331,1.3333,7226846.4,2026-03-28T23:59:59.999000+00:00,9689064.39525,49909
2026-03-29T00:00:00+00:00,1.3333,1.3418,1.33,1.3384,5809361.0,2026-03-29T03:59:59.999000+00:00,7756074.91616,40647
2026-03-29T04:00:00+00:00,1.3383,1.3433,1.3285,1.3341,8511378.7,2026-03-29T07:59:59.999000+00:00,11364545.6289,41980
2026-03-29T08:00:00+00:00,1.3341,1.3407,1.331,1.3382,5158796.7,2026-03-29T11:59:59.999000+00:00,6895292.43594,35726
2026-03-29T12:00:00+00:00,1.3382,1.3382,1.3213,1.3257,9051316.5,2026-03-29T15:59:59.999000+00:00,12017408.99362,58129
2026-03-29T16:00:00+00:00,1.3257,1.3297,1.3162,1.3182,7746397.2,2026-03-29T19:59:59.999000+00:00,10238694.56136,51161
2026-03-29T20:00:00+00:00,1.3181,1.3325,1.2954,1.3278,25061768.5,2026-03-29T23:59:59.999000+00:00,32963892.87181,184484
2026-03-30T00:00:00+00:00,1.3279,1.3553,1.3247,1.352,15826294.9,2026-03-30T03:59:59.999000+00:00,21237022.27586,156442
2026-03-30T04:00:00+00:00,1.3521,1.3609,1.347,1.3584,19286841.8,2026-03-30T07:59:59.999000+00:00,26114217.4652,97389
2026-03-30T08:00:00+00:00,1.3583,1.3669,1.345,1.3499,20208339.3,2026-03-30T11:59:59.999000+00:00,27369918.16576,99996
2026-03-30T12:00:00+00:00,1.35,1.3564,1.3351,1.3454,19653085.8,2026-03-30T15:59:59.999000+00:00,26472350.84121,130817
2026-03-30T16:00:00+00:00,1.3454,1.3456,1.3166,1.323,14578078.3,2026-03-30T19:59:59.999000+00:00,19387392.06251,101589
2026-03-30T20:00:00+00:00,1.323,1.3345,1.32,1.3242,10649979.9,2026-03-30T23:59:59.999000+00:00,14127959.31164,69549
2026-03-31T00:00:00+00:00,1.3242,1.3482,1.3192,1.3259,12962439.5,2026-03-31T03:59:59.999000+00:00,17293420.4298,101618
2026-03-31T04:00:00+00:00,1.3258,1.3296,1.3143,1.3196,21456230.9,2026-03-31T07:59:59.999000+00:00,28365883.18836,94410
2026-03-31T08:00:00+00:00,1.3196,1.3237,1.3038,1.315,19747065.0,2026-03-31T11:59:59.999000+00:00,25921865.72439,98939
2026-03-31T12:00:00+00:00,1.3149,1.3387,1.3113,1.3151,20244220.5,2026-03-31T15:59:59.999000+00:00,26787123.49672,151544
2026-03-31T16:00:00+00:00,1.3151,1.3469,1.3144,1.345,18129321.7,2026-03-31T19:59:59.999000+00:00,24194080.7033,179074
2026-03-31T20:00:00+00:00,1.345,1.3503,1.3327,1.3411,8779136.2,2026-03-31T23:59:59.999000+00:00,11777407.558,51739
2026-04-01T00:00:00+00:00,1.341,1.3517,1.3314,1.3481,13698626.8,2026-04-01T03:59:59.999000+00:00,18376869.84859,71672
2026-04-01T04:00:00+00:00,1.3482,1.3675,1.3361,1.3566,22474878.2,2026-04-01T07:59:59.999000+00:00,30380133.99329,98070
2026-04-01T08:00:00+00:00,1.3566,1.3586,1.349,1.3544,14873961.2,2026-04-01T11:59:59.999000+00:00,20121800.02391,62067
2026-04-01T12:00:00+00:00,1.3544,1.3606,1.3448,1.3575,18179392.4,2026-04-01T15:59:59.999000+00:00,24602946.27015,127414
2026-04-01T16:00:00+00:00,1.3575,1.3683,1.3463,1.3505,10816762.0,2026-04-01T19:59:59.999000+00:00,14658534.85821,87151
2026-04-01T20:00:00+00:00,1.3505,1.3567,1.3422,1.3478,6855190.4,2026-04-01T23:59:59.999000+00:00,9256436.33942,58419
2026-04-02T00:00:00+00:00,1.3477,1.3569,1.3067,1.3129,29427263.1,2026-04-02T03:59:59.999000+00:00,39041849.85148,194992
2026-04-02T04:00:00+00:00,1.3129,1.3209,1.305,1.3176,21713290.3,2026-04-02T07:59:59.999000+00:00,28514688.06401,82063
2026-04-02T08:00:00+00:00,1.3175,1.3176,1.2989,1.3002,19873066.4,2026-04-02T11:59:59.999000+00:00,26001415.73081,59441
2026-04-02T12:00:00+00:00,1.3002,1.3037,1.2802,1.3001,36430128.5,2026-04-02T15:59:59.999000+00:00,47060106.45441,211436
2026-04-02T16:00:00+00:00,1.3002,1.3113,1.295,1.308,16009151.5,2026-04-02T19:59:59.999000+00:00,20851459.25144,89452
2026-04-02T20:00:00+00:00,1.3081,1.3229,1.3051,1.32,9418659.9,2026-04-02T23:59:59.999000+00:00,12398031.77306,64415
2026-04-03T00:00:00+00:00,1.32,1.324,1.3033,1.3217,18678482.0,2026-04-03T03:59:59.999000+00:00,24563260.3525,85014
2026-04-03T04:00:00+00:00,1.3216,1.3261,1.3143,1.3188,9640158.1,2026-04-03T07:59:59.999000+00:00,12720234.10895,64414
2026-04-03T08:00:00+00:00,1.3188,1.3243,1.3093,1.3204,10833198.9,2026-04-03T11:59:59.999000+00:00,14257605.43268,55438
2026-04-03T12:00:00+00:00,1.3204,1.3356,1.3144,1.3187,15436365.8,2026-04-03T15:59:59.999000+00:00,20406534.87886,76842
2026-04-03T16:00:00+00:00,1.3187,1.3254,1.3135,1.3178,4732493.7,2026-04-03T19:59:59.999000+00:00,6250582.83063,35432
2026-04-03T20:00:00+00:00,1.3177,1.3223,1.3124,1.3184,5463354.8,2026-04-03T23:59:59.999000+00:00,7196339.47485,33826
2026-04-04T00:00:00+00:00,1.3183,1.3191,1.3133,1.3159,3727329.1,2026-04-04T03:59:59.999000+00:00,4905543.04662,21901
2026-04-04T04:00:00+00:00,1.3158,1.3208,1.3153,1.3161,3741053.5,2026-04-04T07:59:59.999000+00:00,4929475.9324,23260
2026-04-04T08:00:00+00:00,1.3161,1.3165,1.307,1.3118,6714869.8,2026-04-04T11:59:59.999000+00:00,8814202.43728,30372
2026-04-04T12:00:00+00:00,1.3119,1.3169,1.3067,1.3126,6168528.7,2026-04-04T15:59:59.999000+00:00,8087809.94358,35401
2026-04-04T16:00:00+00:00,1.3126,1.3226,1.3107,1.3178,6800731.5,2026-04-04T19:59:59.999000+00:00,8947799.88777,34469
2026-04-04T20:00:00+00:00,1.3178,1.3189,1.3136,1.3153,2822498.3,2026-04-04T23:59:59.999000+00:00,3716506.57084,25961
2026-04-05T00:00:00+00:00,1.3154,1.32,1.3102,1.3133,3505295.2,2026-04-05T03:59:59.999000+00:00,4608960.53871,24177
2026-04-05T04:00:00+00:00,1.3134,1.3154,1.2957,1.2979,19414585.5,2026-04-05T07:59:59.999000+00:00,25312877.79349,58438
2026-04-05T08:00:00+00:00,1.2978,1.304,1.2969,1.2987,6333221.3,2026-04-05T11:59:59.999000+00:00,8230338.77448,28078
2026-04-05T12:00:00+00:00,1.2987,1.306,1.2787,1.2967,22715734.7,2026-04-05T15:59:59.999000+00:00,29274345.06895,110296
2026-04-05T16:00:00+00:00,1.2967,1.3075,1.2967,1.3006,6189565.4,2026-04-05T19:59:59.999000+00:00,8052762.96803,44178
2026-04-05T20:00:00+00:00,1.3006,1.332,1.2972,1.3263,16155864.7,2026-04-05T23:59:59.999000+00:00,21243617.06905,103949
2026-04-06T00:00:00+00:00,1.3264,1.349,1.326,1.3381,27789945.9,2026-04-06T03:59:59.999000+00:00,37143697.72828,168878
2026-04-06T04:00:00+00:00,1.3382,1.3474,1.3362,1.3443,20057095.1,2026-04-06T07:59:59.999000+00:00,26897000.74359,82578
2026-04-06T08:00:00+00:00,1.3444,1.3577,1.3377,1.3499,19750225.4,2026-04-06T11:59:59.999000+00:00,26663355.31181,89180
2026-04-06T12:00:00+00:00,1.3498,1.3534,1.3407,1.3504,14837364.9,2026-04-06T15:59:59.999000+00:00,19983152.13794,98875
2026-04-06T16:00:00+00:00,1.3505,1.3538,1.335,1.3415,12012169.6,2026-04-06T19:59:59.999000+00:00,16114058.57887,74556
2026-04-06T20:00:00+00:00,1.3416,1.3436,1.3122,1.3212,9898989.8,2026-04-06T23:59:59.999000+00:00,13131981.20326,68716
2026-04-07T00:00:00+00:00,1.3211,1.326,1.3125,1.317,7563866.2,2026-04-07T03:59:59.999000+00:00,9974743.80621,68403
2026-04-07T04:00:00+00:00,1.3169,1.3205,1.3056,1.3127,10927019.9,2026-04-07T07:59:59.999000+00:00,14343914.36532,54612
2026-04-07T08:00:00+00:00,1.3127,1.3247,1.3034,1.3063,16744551.1,2026-04-07T11:59:59.999000+00:00,22014068.50767,88101
2026-04-07T12:00:00+00:00,1.3063,1.3135,1.2949,1.2976,16704681.1,2026-04-07T15:59:59.999000+00:00,21768450.94148,109076
2026-04-07T16:00:00+00:00,1.2976,1.3164,1.2954,1.3142,17996896.1,2026-04-07T19:59:59.999000+00:00,23502337.22601,105785
2026-04-07T20:00:00+00:00,1.3142,1.3962,1.3139,1.3787,60765981.0,2026-04-07T23:59:59.999000+00:00,82552423.11356,332751
2026-04-08T00:00:00+00:00,1.3786,1.3841,1.3601,1.37,29615413.4,2026-04-08T03:59:59.999000+00:00,40596575.81954,136307
2026-04-08T04:00:00+00:00,1.3701,1.3883,1.3692,1.3797,21807469.2,2026-04-08T07:59:59.999000+00:00,30095450.39424,74729
2026-04-08T08:00:00+00:00,1.3797,1.3882,1.3717,1.3781,17203749.0,2026-04-08T11:59:59.999000+00:00,23758642.36208,79101
2026-04-08T12:00:00+00:00,1.3782,1.3898,1.3454,1.3549,32545406.4,2026-04-08T15:59:59.999000+00:00,44481764.49077,202721
2026-04-08T16:00:00+00:00,1.3548,1.3637,1.3445,1.3519,12625753.8,2026-04-08T19:59:59.999000+00:00,17109502.40531,102359
2026-04-08T20:00:00+00:00,1.3518,1.3573,1.3389,1.3428,11057941.5,2026-04-08T23:59:59.999000+00:00,14901471.6917,70080
2026-04-09T00:00:00+00:00,1.3428,1.3431,1.3266,1.3311,19169546.6,2026-04-09T03:59:59.999000+00:00,25558440.75574,98720
2026-04-09T04:00:00+00:00,1.3311,1.3357,1.3256,1.332,21035705.0,2026-04-09T07:59:59.999000+00:00,28010041.88215,59844
2026-04-09T08:00:00+00:00,1.332,1.339,1.3255,1.3297,17871266.7,2026-04-09T11:59:59.999000+00:00,23824295.82766,64363
2026-04-09T12:00:00+00:00,1.3297,1.3553,1.3218,1.3523,22368422.7,2026-04-09T15:59:59.999000+00:00,29877950.0156,129597
2026-04-09T16:00:00+00:00,1.3523,1.3607,1.3462,1.3559,17278827.1,2026-04-09T19:59:59.999000+00:00,23415560.19515,107767
2026-04-09T20:00:00+00:00,1.3558,1.3696,1.3418,1.3438,14541846.0,2026-04-09T23:59:59.999000+00:00,19716789.90722,92514
2026-04-10T00:00:00+00:00,1.3438,1.3505,1.3403,1.3412,10668161.1,2026-04-10T03:59:59.999000+00:00,14345301.0998,68844
2026-04-10T04:00:00+00:00,1.3412,1.3488,1.3356,1.337,9418392.0,2026-04-10T07:59:59.999000+00:00,12642541.33343,45062
2026-04-10T08:00:00+00:00,1.337,1.3467,1.3348,1.3415,20690443.7,2026-04-10T11:59:59.999000+00:00,27715574.85532,55916
2026-04-10T12:00:00+00:00,1.3415,1.362,1.3379,1.3478,20215228.0,2026-04-10T15:59:59.999000+00:00,27273573.61373,112706
2026-04-10T16:00:00+00:00,1.3479,1.3633,1.3475,1.3631,10222879.3,2026-04-10T19:59:59.999000+00:00,13858504.851,64992
2026-04-10T20:00:00+00:00,1.363,1.366,1.3543,1.3559,8570892.6,2026-04-10T23:59:59.999000+00:00,11658670.5335,48132
2026-04-11T00:00:00+00:00,1.3559,1.357,1.3488,1.3506,8567163.7,2026-04-11T03:59:59.999000+00:00,11590636.92507,32010
2026-04-11T04:00:00+00:00,1.3506,1.352,1.344,1.3464,5022094.0,2026-04-11T07:59:59.999000+00:00,6769611.17602,30188
2026-04-11T08:00:00+00:00,1.3465,1.3499,1.3422,1.3457,6807881.4,2026-04-11T11:59:59.999000+00:00,9165856.42001,37387
2026-04-11T12:00:00+00:00,1.3456,1.349,1.3394,1.346,11004736.3,2026-04-11T15:59:59.999000+00:00,14786310.3014,46977
2026-04-11T16:00:00+00:00,1.3461,1.3752,1.3456,1.3712,14061850.5,2026-04-11T19:59:59.999000+00:00,19153293.13059,84149
2026-04-11T20:00:00+00:00,1.3712,1.3728,1.3513,1.3546,11631630.4,2026-04-11T23:59:59.999000+00:00,15853433.06635,70520
2026-04-12T00:00:00+00:00,1.3547,1.3559,1.3254,1.3302,21388640.9,2026-04-12T03:59:59.999000+00:00,28570669.33126,119003
2026-04-12T04:00:00+00:00,1.3302,1.3321,1.3268,1.3298,9612541.6,2026-04-12T07:59:59.999000+00:00,12778675.77698,41384
2026-04-12T08:00:00+00:00,1.3297,1.3339,1.3266,1.333,7107578.0,2026-04-12T11:59:59.999000+00:00,9457743.47527,31510
2026-04-12T12:00:00+00:00,1.333,1.3346,1.3193,1.3239,17688010.6,2026-04-12T15:59:59.999000+00:00,23466139.04433,71136
2026-04-12T16:00:00+00:00,1.3239,1.3341,1.3234,1.3311,4957229.7,2026-04-12T19:59:59.999000+00:00,6591230.29699,29041
2026-04-12T20:00:00+00:00,1.331,1.3395,1.3225,1.3247,9491770.3,2026-04-12T23:59:59.999000+00:00,12637011.44595,76351
2026-04-13T00:00:00+00:00,1.3246,1.3335,1.3234,1.3254,9422268.3,2026-04-13T03:59:59.999000+00:00,12515937.95815,49613
2026-04-13T04:00:00+00:00,1.3254,1.3374,1.3193,1.3254,11728272.4,2026-04-13T07:59:59.999000+00:00,15598220.93007,55959
2026-04-13T08:00:00+00:00,1.3255,1.3304,1.3226,1.3255,15890823.1,2026-04-13T11:59:59.999000+00:00,21075812.80054,46742
2026-04-13T12:00:00+00:00,1.3256,1.3468,1.3234,1.3345,19250807.8,2026-04-13T15:59:59.999000+00:00,25713057.52847,112719
2026-04-13T16:00:00+00:00,1.3345,1.3557,1.3294,1.3533,17222861.0,2026-04-13T19:59:59.999000+00:00,23115314.01932,92894
2026-04-13T20:00:00+00:00,1.3533,1.3839,1.3437,1.3756,31935668.6,2026-04-13T23:59:59.999000+00:00,43707758.28454,168295
2026-04-14T00:00:00+00:00,1.3757,1.3775,1.3594,1.3672,16948647.3,2026-04-14T03:59:59.999000+00:00,23157697.23286,73931
2026-04-14T04:00:00+00:00,1.3672,1.3773,1.3602,1.3682,14898371.0,2026-04-14T07:59:59.999000+00:00,20377535.55337,60761
2026-04-14T08:00:00+00:00,1.3683,1.3762,1.3667,1.3692,12820297.1,2026-04-14T11:59:59.999000+00:00,17584980.4512,57267
2026-04-14T12:00:00+00:00,1.3692,1.3955,1.365,1.3745,34549979.7,2026-04-14T15:59:59.999000+00:00,47672357.11198,175247
2026-04-14T16:00:00+00:00,1.3745,1.3809,1.3521,1.3607,11649206.0,2026-04-14T19:59:59.999000+00:00,15909272.01329,95795
2026-04-14T20:00:00+00:00,1.3608,1.366,1.3552,1.3617,12176098.4,2026-04-14T23:59:59.999000+00:00,16565142.49364,67039
2026-04-15T00:00:00+00:00,1.3617,1.3668,1.3553,1.3578,16183660.8,2026-04-15T03:59:59.999000+00:00,22021894.57565,64185
2026-04-15T04:00:00+00:00,1.3577,1.3614,1.3503,1.352,9554405.0,2026-04-15T07:59:59.999000+00:00,12950029.23783,54298
2026-04-15T08:00:00+00:00,1.352,1.3647,1.3507,1.3636,10801463.1,2026-04-15T11:59:59.999000+00:00,14651154.77246,53733
2026-04-15T12:00:00+00:00,1.3635,1.3835,1.3612,1.3733,26561883.3,2026-04-15T15:59:59.999000+00:00,36437128.15865,117064
2026-04-15T16:00:00+00:00,1.3733,1.4086,1.3718,1.4,28713242.1,2026-04-15T19:59:59.999000+00:00,39890278.29768,130504
2026-04-15T20:00:00+00:00,1.4,1.4025,1.3799,1.3922,17679300.1,2026-04-15T23:59:59.999000+00:00,24597251.50087,98508
2026-04-16T00:00:00+00:00,1.3922,1.4156,1.3865,1.4063,22295619.6,2026-04-16T03:59:59.999000+00:00,31267848.89731,128077
2026-04-16T04:00:00+00:00,1.4063,1.4128,1.4006,1.4058,12725307.2,2026-04-16T07:59:59.999000+00:00,17904409.07384,80129
2026-04-16T08:00:00+00:00,1.4058,1.4231,1.4016,1.4095,25978003.7,2026-04-16T11:59:59.999000+00:00,36656569.7103,116800
2026-04-16T12:00:00+00:00,1.4095,1.4342,1.3928,1.4291,44456185.4,2026-04-16T15:59:59.999000+00:00,62908643.14718,299092
2026-04-16T16:00:00+00:00,1.4291,1.4664,1.4144,1.4645,33643204.8,2026-04-16T19:59:59.999000+00:00,48402867.87658,274098
2026-04-16T20:00:00+00:00,1.4645,1.4663,1.444,1.453,16328921.4,2026-04-16T23:59:59.999000+00:00,23730253.50951,131677
2026-04-17T00:00:00+00:00,1.453,1.4555,1.4225,1.4308,18903240.4,2026-04-17T03:59:59.999000+00:00,27142381.12905,115999
2026-04-17T04:00:00+00:00,1.4307,1.44,1.4243,1.4373,12647542.5,2026-04-17T07:59:59.999000+00:00,18109298.96989,89114
2026-04-17T08:00:00+00:00,1.4373,1.4592,1.4326,1.4475,20028208.7,2026-04-17T11:59:59.999000+00:00,28925413.14747,141222
2026-04-17T12:00:00+00:00,1.4475,1.51,1.4442,1.4861,64181954.2,2026-04-17T15:59:59.999000+00:00,95012237.26486,403270
2026-04-17T16:00:00+00:00,1.4861,1.5006,1.4728,1.4871,27184202.4,2026-04-17T19:59:59.999000+00:00,40439867.00381,203723
2026-04-17T20:00:00+00:00,1.4872,1.4896,1.4721,1.4757,12921188.9,2026-04-17T23:59:59.999000+00:00,19138683.07678,114532
2026-04-18T00:00:00+00:00,1.4757,1.4823,1.4669,1.4686,8650246.7,2026-04-18T03:59:59.999000+00:00,12754635.45904,93469
2026-04-18T04:00:00+00:00,1.4687,1.4771,1.4627,1.4741,9629926.7,2026-04-18T07:59:59.999000+00:00,14150154.96199,68433
2026-04-18T08:00:00+00:00,1.4742,1.4754,1.4246,1.4314,31621719.6,2026-04-18T11:59:59.999000+00:00,45694745.00416,194993
2026-04-18T12:00:00+00:00,1.4314,1.4399,1.4296,1.4362,13006551.3,2026-04-18T15:59:59.999000+00:00,18670381.6831,107118
2026-04-18T16:00:00+00:00,1.4361,1.4392,1.4235,1.4271,12423768.4,2026-04-18T19:59:59.999000+00:00,17766760.68679,96611
2026-04-18T20:00:00+00:00,1.4272,1.4384,1.4239,1.4323,7338270.3,2026-04-18T23:59:59.999000+00:00,10509766.39211,61289
2026-04-19T00:00:00+00:00,1.4324,1.4386,1.4236,1.4294,8463198.0,2026-04-19T03:59:59.999000+00:00,12110861.93384,73633
2026-04-19T04:00:00+00:00,1.4295,1.4431,1.4148,1.42,15550618.7,2026-04-19T07:59:59.999000+00:00,22178201.42587,113631
2026-04-19T08:00:00+00:00,1.4199,1.4309,1.4131,1.4297,15043504.3,2026-04-19T11:59:59.999000+00:00,21397552.05243,101039
2026-04-19T12:00:00+00:00,1.4298,1.447,1.4206,1.4315,17630104.4,2026-04-19T15:59:59.999000+00:00,25314524.37239,145823
2026-04-19T16:00:00+00:00,1.4315,1.4323,1.4113,1.4175,13083801.4,2026-04-19T19:59:59.999000+00:00,18575024.91978,136739
2026-04-19T20:00:00+00:00,1.4175,1.4175,1.3909,1.3942,20642713.1,2026-04-19T23:59:59.999000+00:00,28971104.15941,146067
2026-04-20T00:00:00+00:00,1.3943,1.4132,1.3933,1.4111,17554171.6,2026-04-20T03:59:59.999000+00:00,24708451.17767,69945
2026-04-20T04:00:00+00:00,1.411,1.4326,1.3954,1.4154,16634336.4,2026-04-20T07:59:59.999000+00:00,23510780.57126,103283
2026-04-20T08:00:00+00:00,1.4154,1.4272,1.4075,1.4155,16817558.5,2026-04-20T11:59:59.999000+00:00,23830136.48727,104102
2026-04-20T12:00:00+00:00,1.4155,1.435,1.4089,1.4327,28586215.3,2026-04-20T15:59:59.999000+00:00,40665489.18672,206173
2026-04-20T16:00:00+00:00,1.4328,1.4369,1.4224,1.4303,12859323.8,2026-04-20T19:59:59.999000+00:00,18381614.85665,113843
2026-04-20T20:00:00+00:00,1.4302,1.4335,1.4213,1.4243,7124205.9,2026-04-20T23:59:59.999000+00:00,10172925.57132,61510
2026-04-21T00:00:00+00:00,1.4244,1.4319,1.4195,1.4241,11059762.6,2026-04-21T03:59:59.999000+00:00,15758031.41051,53577
2026-04-21T04:00:00+00:00,1.424,1.4425,1.424,1.4393,14094469.9,2026-04-21T07:59:59.999000+00:00,20207302.92403,66976
2026-04-21T08:00:00+00:00,1.4392,1.45,1.4366,1.4397,15468449.3,2026-04-21T11:59:59.999000+00:00,22298022.84331,86623
2026-04-21T12:00:00+00:00,1.4397,1.445,1.4255,1.4324,16263077.1,2026-04-21T15:59:59.999000+00:00,23306813.17624,138859
2026-04-21T16:00:00+00:00,1.4325,1.4359,1.4116,1.4136,18898627.6,2026-04-21T19:59:59.999000+00:00,26904818.84401,145524
2026-04-21T20:00:00+00:00,1.4135,1.4341,1.4122,1.4334,9493794.1,2026-04-21T23:59:59.999000+00:00,13511063.11104,76361
2026-04-22T00:00:00+00:00,1.4335,1.4506,1.4268,1.4432,13549847.4,2026-04-22T03:59:59.999000+00:00,19525265.58462,96142
2026-04-22T04:00:00+00:00,1.4432,1.4606,1.4415,1.4544,14552939.5,2026-04-22T07:59:59.999000+00:00,21157955.54899,89097
2026-04-22T08:00:00+00:00,1.4545,1.4557,1.4482,1.4543,10070207.3,2026-04-22T11:59:59.999000+00:00,14618697.14807,54527
2026-04-22T12:00:00+00:00,1.4543,1.4626,1.4473,1.4564,20643670.6,2026-04-22T15:59:59.999000+00:00,30032635.56143,129511
2026-04-22T16:00:00+00:00,1.4564,1.4589,1.4374,1.4413,13834041.9,2026-04-22T19:59:59.999000+00:00,20023356.26963,82736
2026-04-22T20:00:00+00:00,1.4414,1.4428,1.4287,1.4294,10778474.7,2026-04-22T23:59:59.999000+00:00,15483888.03305,61310
2026-04-23T00:00:00+00:00,1.4293,1.4316,1.4114,1.4162,13796873.3,2026-04-23T03:59:59.999000+00:00,19616306.80966,108506
2026-04-23T04:00:00+00:00,1.4162,1.4251,1.415,1.4208,8656692.0,2026-04-23T07:59:59.999000+00:00,12294853.96953,52980
2026-04-23T08:00:00+00:00,1.4208,1.4214,1.409,1.4165,10937968.1,2026-04-23T11:59:59.999000+00:00,15467768.76894,60804
2026-04-23T12:00:00+00:00,1.4164,1.4368,1.414,1.4315,16089627.0,2026-04-23T15:59:59.999000+00:00,22901545.95204,96392
2026-04-23T16:00:00+00:00,1.4316,1.441,1.4208,1.4295,35299120.9,2026-04-23T19:59:59.999000+00:00,50508851.46677,175393
2026-04-23T20:00:00+00:00,1.4295,1.44,1.4278,1.4386,7403696.1,2026-04-23T23:59:59.999000+00:00,10624828.36875,52700
2026-04-24T00:00:00+00:00,1.4386,1.4457,1.4282,1.4307,10617867.0,2026-04-24T03:59:59.999000+00:00,15267641.90693,60956
2026-04-24T04:00:00+00:00,1.4306,1.4339,1.4258,1.4326,6435527.9,2026-04-24T07:59:59.999000+00:00,9202391.22298,48604
2026-04-24T08:00:00+00:00,1.4327,1.4401,1.4239,1.4383,9886601.8,2026-04-24T11:59:59.999000+00:00,14163259.0246,68499
2026-04-24T12:00:00+00:00,1.4383,1.4482,1.4284,1.4479,25277258.3,2026-04-24T15:59:59.999000+00:00,36305898.5881,131110
2026-04-24T16:00:00+00:00,1.448,1.4503,1.4336,1.4391,7724459.6,2026-04-24T19:59:59.999000+00:00,11132488.16187,65781
2026-04-24T20:00:00+00:00,1.4392,1.443,1.4297,1.4334,6287413.9,2026-04-24T23:59:59.999000+00:00,9034312.17291,43331
2026-04-25T00:00:00+00:00,1.4333,1.4377,1.4316,1.4366,3846428.4,2026-04-25T03:59:59.999000+00:00,5517308.05223,25658
2026-04-25T04:00:00+00:00,1.4367,1.437,1.4311,1.4335,2714845.9,2026-04-25T07:59:59.999000+00:00,3891298.50427,20982
2026-04-25T08:00:00+00:00,1.4334,1.4371,1.4295,1.4308,3871087.0,2026-04-25T11:59:59.999000+00:00,5549713.02008,23880
2026-04-25T12:00:00+00:00,1.4307,1.4324,1.4246,1.4255,5003896.9,2026-04-25T15:59:59.999000+00:00,7151722.67534,31477
2026-04-25T16:00:00+00:00,1.4255,1.428,1.4192,1.4204,6942873.0,2026-04-25T19:59:59.999000+00:00,9873601.22398,37823
2026-04-25T20:00:00+00:00,1.4205,1.4256,1.4187,1.4238,3967427.4,2026-04-25T23:59:59.999000+00:00,5643160.49881,23010
2026-04-26T00:00:00+00:00,1.4238,1.4241,1.418,1.4186,3626825.4,2026-04-26T03:59:59.999000+00:00,5153471.63978,21951
2026-04-26T04:00:00+00:00,1.4187,1.4294,1.4185,1.4291,5170669.1,2026-04-26T07:59:59.999000+00:00,7370204.7289,34704
2026-04-26T08:00:00+00:00,1.4291,1.4318,1.4257,1.4305,3033104.2,2026-04-26T11:59:59.999000+00:00,4332591.82623,24548
2026-04-26T12:00:00+00:00,1.4306,1.4315,1.4231,1.4292,5479079.8,2026-04-26T15:59:59.999000+00:00,7817270.59336,35027
2026-04-26T16:00:00+00:00,1.4292,1.4366,1.4227,1.4304,5259885.9,2026-04-26T19:59:59.999000+00:00,7515921.835,40304
2026-04-26T20:00:00+00:00,1.4304,1.4357,1.42,1.4307,7454803.3,2026-04-26T23:59:59.999000+00:00,10647618.52615,74235
2026-04-27T00:00:00+00:00,1.4308,1.4466,1.4253,1.4425,9891881.6,2026-04-27T03:59:59.999000+00:00,14249126.95992,91442
2026-04-27T04:00:00+00:00,1.4424,1.4425,1.4129,1.4145,15288701.6,2026-04-27T07:59:59.999000+00:00,21771811.14439,97856
2026-04-27T08:00:00+00:00,1.4144,1.4191,1.4126,1.4137,6630403.8,2026-04-27T11:59:59.999000+00:00,9384786.94732,40786
2026-04-27T12:00:00+00:00,1.4137,1.415,1.3836,1.3882,25883919.1,2026-04-27T15:59:59.999000+00:00,36248923.55762,143008
2026-04-27T16:00:00+00:00,1.3882,1.3971,1.3848,1.393,9035412.1,2026-04-27T19:59:59.999000+00:00,12570949.73628,57862
2026-04-27T20:00:00+00:00,1.3929,1.4022,1.3894,1.4007,6424979.9,2026-04-27T23:59:59.999000+00:00,8961634.79706,33488
2026-04-28T00:00:00+00:00,1.4008,1.4009,1.3885,1.393,6482531.2,2026-04-28T03:59:59.999000+00:00,9048892.72808,40419
2026-04-28T04:00:00+00:00,1.393,1.3973,1.3849,1.3929,6862856.3,2026-04-28T07:59:59.999000+00:00,9549257.1098,44449
2026-04-28T08:00:00+00:00,1.393,1.3959,1.3794,1.3815,10112622.4,2026-04-28T11:59:59.999000+00:00,14023378.74984,45627
2026-04-28T12:00:00+00:00,1.3815,1.3849,1.3677,1.3753,14970729.9,2026-04-28T15:59:59.999000+00:00,20603508.81102,106103
2026-04-28T16:00:00+00:00,1.3754,1.3864,1.3705,1.3826,9535528.4,2026-04-28T19:59:59.999000+00:00,13152570.08639,53366
2026-04-28T20:00:00+00:00,1.3826,1.3851,1.3785,1.3805,5269977.2,2026-04-28T23:59:59.999000+00:00,7279967.47645,30100
2026-04-29T00:00:00+00:00,1.3806,1.3902,1.377,1.3892,7235769.0,2026-04-29T03:59:59.999000+00:00,10003006.03098,48853
2026-04-29T04:00:00+00:00,1.3893,1.3973,1.3876,1.3919,9418592.7,2026-04-29T07:59:59.999000+00:00,13130336.36489,42714
2026-04-29T08:00:00+00:00,1.392,1.4067,1.3891,1.3946,10906140.4,2026-04-29T11:59:59.999000+00:00,15243675.34289,70113
2026-04-29T12:00:00+00:00,1.3945,1.3947,1.3589,1.3618,17723152.6,2026-04-29T15:59:59.999000+00:00,24345098.9692,127724
2026-04-29T16:00:00+00:00,1.3618,1.3702,1.3458,1.3534,19140234.3,2026-04-29T19:59:59.999000+00:00,25979414.85316,130317
2026-04-29T20:00:00+00:00,1.3535,1.3725,1.3533,1.3691,9770990.8,2026-04-29T23:59:59.999000+00:00,13331308.21445,54297
2026-04-30T00:00:00+00:00,1.3692,1.3847,1.3677,1.3733,10339650.4,2026-04-30T03:59:59.999000+00:00,14222762.50449,79441
2026-04-30T04:00:00+00:00,1.3733,1.3754,1.3591,1.3749,8954518.5,2026-04-30T07:59:59.999000+00:00,12233970.98555,57050
2026-04-30T08:00:00+00:00,1.3749,1.3799,1.3666,1.3697,8704125.9,2026-04-30T11:59:59.999000+00:00,11948856.57008,54931
2026-04-30T12:00:00+00:00,1.3696,1.3761,1.3623,1.3695,10215894.1,2026-04-30T15:59:59.999000+00:00,13993468.03404,89170
2026-04-30T16:00:00+00:00,1.3695,1.3744,1.3628,1.3707,7805023.3,2026-04-30T19:59:59.999000+00:00,10681348.04961,51912
2026-04-30T20:00:00+00:00,1.3706,1.3724,1.3644,1.3679,5091176.9,2026-04-30T23:59:59.999000+00:00,6965929.57684,32855
2026-05-01T00:00:00+00:00,1.368,1.3804,1.3649,1.3764,15782867.0,2026-05-01T03:59:59.999000+00:00,21644165.20165,67111
2026-05-01T04:00:00+00:00,1.3764,1.3788,1.3718,1.3749,8553701.1,2026-05-01T07:59:59.999000+00:00,11767400.91352,40473
2026-05-01T08:00:00+00:00,1.3748,1.3807,1.3716,1.3779,5199158.9,2026-05-01T11:59:59.999000+00:00,7158849.2312,32162
2026-05-01T12:00:00+00:00,1.378,1.3999,1.3774,1.396,16235721.3,2026-05-01T15:59:59.999000+00:00,22584403.63641,93955
2026-05-01T16:00:00+00:00,1.396,1.3985,1.3888,1.3937,7422938.0,2026-05-01T19:59:59.999000+00:00,10343454.51759,47443
2026-05-01T20:00:00+00:00,1.3938,1.3947,1.3809,1.3858,6993792.7,2026-05-01T23:59:59.999000+00:00,9692076.98309,37163
2026-05-02T00:00:00+00:00,1.3858,1.3904,1.3812,1.386,6132093.1,2026-05-02T03:59:59.999000+00:00,8498805.4587,37054
2026-05-02T04:00:00+00:00,1.3859,1.3885,1.3826,1.3853,3256682.8,2026-05-02T07:59:59.999000+00:00,4510439.90509,25171
2026-05-02T08:00:00+00:00,1.3853,1.3911,1.3838,1.3859,5420009.6,2026-05-02T11:59:59.999000+00:00,7516678.21386,25696
2026-05-02T12:00:00+00:00,1.3859,1.3943,1.3847,1.3934,5299726.4,2026-05-02T15:59:59.999000+00:00,7364932.72568,30113
2026-05-02T16:00:00+00:00,1.3934,1.3951,1.3896,1.3946,3203043.3,2026-05-02T19:59:59.999000+00:00,4461383.92299,23953
2026-05-02T20:00:00+00:00,1.3947,1.4003,1.3904,1.3937,9718708.9,2026-05-02T23:59:59.999000+00:00,13554247.96088,54161
2026-05-03T00:00:00+00:00,1.3936,1.3945,1.3814,1.384,3858306.9,2026-05-03T03:59:59.999000+00:00,5347208.84352,33404
2026-05-03T04:00:00+00:00,1.3839,1.3885,1.382,1.3861,4532370.9,2026-05-03T07:59:59.999000+00:00,6274455.43879,20936
2026-05-03T08:00:00+00:00,1.3861,1.3985,1.3857,1.3952,4828732.9,2026-05-03T11:59:59.999000+00:00,6714771.38281,25492
2026-05-03T12:00:00+00:00,1.3952,1.399,1.3931,1.3958,4563517.2,2026-05-03T15:59:59.999000+00:00,6371225.31467,30793
2026-05-03T16:00:00+00:00,1.3959,1.3982,1.3922,1.3952,2676976.2,2026-05-03T19:59:59.999000+00:00,3733933.41819,23954
2026-05-03T20:00:00+00:00,1.3952,1.4042,1.3868,1.388,8786932.7,2026-05-03T23:59:59.999000+00:00,12262892.1795,67745
2026-05-04T00:00:00+00:00,1.3879,1.415,1.3829,1.4129,20918404.6,2026-05-04T03:59:59.999000+00:00,29327937.37712,147418
2026-05-04T04:00:00+00:00,1.413,1.4209,1.402,1.4106,12042997.9,2026-05-04T07:59:59.999000+00:00,17010837.14406,76802
2026-05-04T08:00:00+00:00,1.4105,1.4196,1.3856,1.3941,17114470.2,2026-05-04T11:59:59.999000+00:00,23964573.10693,129638
2026-05-04T12:00:00+00:00,1.394,1.4134,1.3886,1.399,15903695.3,2026-05-04T15:59:59.999000+00:00,22262578.63133,144710
2026-05-04T16:00:00+00:00,1.3991,1.4123,1.3938,1.398,9913268.8,2026-05-04T19:59:59.999000+00:00,13913448.20192,89800
2026-05-04T20:00:00+00:00,1.3979,1.4016,1.3901,1.3918,7307827.9,2026-05-04T23:59:59.999000+00:00,10198101.23674,41791
2026-05-05T00:00:00+00:00,1.3919,1.4099,1.3904,1.4057,6557397.9,2026-05-05T03:59:59.999000+00:00,9180862.02239,54159
2026-05-05T04:00:00+00:00,1.4056,1.41,1.3998,1.4067,10507331.1,2026-05-05T07:59:59.999000+00:00,14750263.45844,54130
2026-05-05T08:00:00+00:00,1.4066,1.4093,1.4018,1.4079,8933823.0,2026-05-05T11:59:59.999000+00:00,12558362.06407,45558
2026-05-05T12:00:00+00:00,1.4079,1.4206,1.4047,1.4116,19036992.3,2026-05-05T15:59:59.999000+00:00,26896740.92934,111748
2026-05-05T16:00:00+00:00,1.4117,1.4151,1.4047,1.413,8897549.2,2026-05-05T19:59:59.999000+00:00,12542738.70139,52461
2026-05-05T20:00:00+00:00,1.413,1.4222,1.4095,1.4126,13642724.7,2026-05-05T23:59:59.999000+00:00,19318563.26146,78557
2026-05-06T00:00:00+00:00,1.4126,1.4244,1.4073,1.4222,9410851.9,2026-05-06T03:59:59.999000+00:00,13331592.15187,69516
2026-05-06T04:00:00+00:00,1.4222,1.4355,1.4142,1.4311,18896068.2,2026-05-06T07:59:59.999000+00:00,26915429.88378,91997
2026-05-06T08:00:00+00:00,1.4311,1.4573,1.4298,1.451,23113307.9,2026-05-06T11:59:59.999000+00:00,33428168.30457,140952
2026-05-06T12:00:00+00:00,1.4509,1.4524,1.4133,1.4301,29558867.0,2026-05-06T15:59:59.999000+00:00,42293389.85191,184508
2026-05-06T16:00:00+00:00,1.43,1.4347,1.4214,1.4279,9891162.6,2026-05-06T19:59:59.999000+00:00,14119041.56649,73558
2026-05-06T20:00:00+00:00,1.428,1.429,1.4166,1.4249,6325007.3,2026-05-06T23:59:59.999000+00:00,9004486.92653,48109
2026-05-07T00:00:00+00:00,1.4249,1.4258,1.4035,1.4052,13816388.6,2026-05-07T03:59:59.999000+00:00,19525195.94686,68371
2026-05-07T04:00:00+00:00,1.4052,1.4215,1.4042,1.4199,16488582.1,2026-05-07T07:59:59.999000+00:00,23271909.51617,63973
2026-05-07T08:00:00+00:00,1.4198,1.421,1.4068,1.4096,10581153.3,2026-05-07T11:59:59.999000+00:00,14948575.77473,61724
2026-05-07T12:00:00+00:00,1.4096,1.415,1.3831,1.3907,21214378.4,2026-05-07T15:59:59.999000+00:00,29673579.58751,133353
2026-05-07T16:00:00+00:00,1.3906,1.3963,1.3843,1.3861,12304361.6,2026-05-07T19:59:59.999000+00:00,17101517.47109,102677
2026-05-07T20:00:00+00:00,1.3862,1.3932,1.3802,1.3869,8425522.5,2026-05-07T23:59:59.999000+00:00,11670414.84964,51445
2026-05-08T00:00:00+00:00,1.3869,1.3898,1.3795,1.3853,6696746.9,2026-05-08T03:59:59.999000+00:00,9270109.47128,45491
2026-05-08T04:00:00+00:00,1.3853,1.3877,1.3778,1.384,8439413.1,2026-05-08T07:59:59.999000+00:00,11664684.69171,43228
2026-05-08T08:00:00+00:00,1.384,1.3925,1.382,1.3913,9126874.7,2026-05-08T11:59:59.999000+00:00,12668815.25274,42551
2026-05-08T12:00:00+00:00,1.3913,1.3983,1.3836,1.3973,12911877.7,2026-05-08T15:59:59.999000+00:00,17956243.4966,90436
2026-05-08T16:00:00+00:00,1.3973,1.427,1.3927,1.4188,18316090.5,2026-05-08T19:59:59.999000+00:00,25850797.9046,94142
2026-05-08T20:00:00+00:00,1.4188,1.4238,1.4111,1.4182,11030200.5,2026-05-08T23:59:59.999000+00:00,15637087.05151,50441
2026-05-09T00:00:00+00:00,1.4182,1.435,1.418,1.4289,15543263.1,2026-05-09T03:59:59.999000+00:00,22200940.05142,61997
2026-05-09T04:00:00+00:00,1.4288,1.4345,1.4223,1.4238,14476186.7,2026-05-09T07:59:59.999000+00:00,20658151.64285,56419
2026-05-09T08:00:00+00:00,1.4238,1.4256,1.4173,1.422,6718938.2,2026-05-09T11:59:59.999000+00:00,9554601.20713,33388
2026-05-09T12:00:00+00:00,1.422,1.4228,1.4118,1.4144,9839096.4,2026-05-09T15:59:59.999000+00:00,13948806.32862,41880
2026-05-09T16:00:00+00:00,1.4145,1.425,1.4113,1.424,7602371.6,2026-05-09T19:59:59.999000+00:00,10790834.14616,43347
2026-05-09T20:00:00+00:00,1.4241,1.4252,1.4192,1.4205,3612705.3,2026-05-09T23:59:59.999000+00:00,5136912.37014,22629
2026-05-10T00:00:00+00:00,1.4205,1.4225,1.4119,1.4172,11103700.9,2026-05-10T03:59:59.999000+00:00,15743272.37915,56364
2026-05-10T04:00:00+00:00,1.4172,1.4217,1.4155,1.4202,3852693.6,2026-05-10T07:59:59.999000+00:00,5464441.13546,36368
2026-05-10T08:00:00+00:00,1.4201,1.4309,1.4184,1.4232,13967056.2,2026-05-10T11:59:59.999000+00:00,19909561.49461,63878
2026-05-10T12:00:00+00:00,1.4232,1.445,1.4211,1.4442,14564984.9,2026-05-10T15:59:59.999000+00:00,20893357.87782,87001
2026-05-10T16:00:00+00:00,1.4443,1.5082,1.4429,1.4867,71637587.2,2026-05-10T19:59:59.999000+00:00,106217733.08049,375830
2026-05-10T20:00:00+00:00,1.4868,1.4897,1.4371,1.4734,40969289.4,2026-05-10T23:59:59.999000+00:00,59963692.56738,315974
2026-05-11T00:00:00+00:00,1.4735,1.478,1.4399,1.4487,29429424.2,2026-05-11T03:59:59.999000+00:00,42838901.98231,190785
2026-05-11T04:00:00+00:00,1.4486,1.4591,1.4424,1.4494,18542632.8,2026-05-11T07:59:59.999000+00:00,26896094.45751,79378
2026-05-11T08:00:00+00:00,1.4494,1.4581,1.4418,1.4579,13539595.8,2026-05-11T11:59:59.999000+00:00,19636068.54397,69196
2026-05-11T12:00:00+00:00,1.4578,1.4886,1.4525,1.4848,24778137.4,2026-05-11T15:59:59.999000+00:00,36384311.59858,174032
2026-05-11T16:00:00+00:00,1.4849,1.4875,1.4662,1.4796,19188197.3,2026-05-11T19:59:59.999000+00:00,28341077.25687,113005
2026-05-11T20:00:00+00:00,1.4795,1.4828,1.4685,1.4776,12945289.0,2026-05-11T23:59:59.999000+00:00,19086582.71183,64472
2026-05-12T00:00:00+00:00,1.4777,1.4848,1.4566,1.4597,15896952.5,2026-05-12T03:59:59.999000+00:00,23353579.62775,105751
2026-05-12T04:00:00+00:00,1.4598,1.4693,1.4544,1.4628,15784544.4,2026-05-12T07:59:59.999000+00:00,23079134.62213,76540
2026-05-12T08:00:00+00:00,1.4629,1.4714,1.444,1.449,19971035.4,2026-05-12T11:59:59.999000+00:00,29095269.17182,99955
2026-05-12T12:00:00+00:00,1.4491,1.4557,1.4183,1.424,27863981.6,2026-05-12T15:59:59.999000+00:00,40008682.46108,191746
2026-05-12T16:00:00+00:00,1.424,1.4429,1.4195,1.4411,14839576.1,2026-05-12T19:59:59.999000+00:00,21254584.35288,85023
2026-05-12T20:00:00+00:00,1.441,1.4444,1.4333,1.437,11197923.5,2026-05-12T23:59:59.999000+00:00,16125834.51649,47740
2026-05-13T00:00:00+00:00,1.437,1.4536,1.4349,1.4522,14813015.7,2026-05-13T03:59:59.999000+00:00,21408389.16336,69106
2026-05-13T04:00:00+00:00,1.4521,1.4649,1.45,1.4622,21805960.6,2026-05-13T07:59:59.999000+00:00,31783646.07289,82169
2026-05-13T08:00:00+00:00,1.4623,1.4693,1.4471,1.4484,18815601.4,2026-05-13T11:59:59.999000+00:00,27461086.41221,82455
2026-05-13T12:00:00+00:00,1.4483,1.4496,1.4112,1.4131,34807825.1,2026-05-13T15:59:59.999000+00:00,49732085.74803,222425
2026-05-13T16:00:00+00:00,1.4132,1.434,1.4122,1.419,19994662.6,2026-05-13T19:59:59.999000+00:00,28466186.71416,97979
2026-05-13T20:00:00+00:00,1.4191,1.4278,1.4155,1.4273,15480301.7,2026-05-13T23:59:59.999000+00:00,22011151.50763,60690
2026-05-14T00:00:00+00:00,1.4272,1.4352,1.4208,1.4222,16317621.5,2026-05-14T03:59:59.999000+00:00,23326726.03736,94562
2026-05-14T04:00:00+00:00,1.4222,1.4397,1.4209,1.4324,13402637.2,2026-05-14T07:59:59.999000+00:00,19196258.23788,68214
2026-05-14T08:00:00+00:00,1.4325,1.4392,1.4273,1.4325,9076610.0,2026-05-14T11:59:59.999000+00:00,13007591.02918,57657
2026-05-14T12:00:00+00:00,1.4325,1.4745,1.4317,1.4727,40079966.7,2026-05-14T15:59:59.999000+00:00,58460058.70618,215360
2026-05-14T16:00:00+00:00,1.4726,1.5496,1.4645,1.517,90420527.2,2026-05-14T19:59:59.999000+00:00,136601367.8628,450504
2026-05-14T20:00:00+00:00,1.5171,1.5178,1.4828,1.4852,33981549.3,2026-05-14T23:59:59.999000+00:00,51053364.18979,181554
2026-05-15T00:00:00+00:00,1.4851,1.5002,1.476,1.489,18592688.1,2026-05-15T03:59:59.999000+00:00,27699250.05024,138442
2026-05-15T04:00:00+00:00,1.489,1.4902,1.4534,1.4696,27627999.6,2026-05-15T07:59:59.999000+00:00,40538188.47766,148563
2026-05-15T08:00:00+00:00,1.4696,1.4769,1.4613,1.4681,16985939.3,2026-05-15T11:59:59.999000+00:00,24938834.87759,86987
2026-05-15T12:00:00+00:00,1.4681,1.4692,1.4275,1.4352,38803677.2,2026-05-15T15:59:59.999000+00:00,56015933.45363,268382
2026-05-15T16:00:00+00:00,1.4351,1.4509,1.4321,1.4345,15812054.7,2026-05-15T19:59:59.999000+00:00,22798833.14277,98705
2026-05-15T20:00:00+00:00,1.4346,1.4375,1.4301,1.434,5728847.2,2026-05-15T23:59:59.999000+00:00,8214691.61503,49546
2026-05-16T00:00:00+00:00,1.434,1.4396,1.4311,1.4356,6091526.1,2026-05-16T03:59:59.999000+00:00,8747039.71509,46899
2026-05-16T04:00:00+00:00,1.4355,1.4366,1.4046,1.4168,22361325.5,2026-05-16T07:59:59.999000+00:00,31750953.90193,135046
2026-05-16T08:00:00+00:00,1.4167,1.4181,1.394,1.4109,19697601.5,2026-05-16T11:59:59.999000+00:00,27686134.55556,113562
2026-05-16T12:00:00+00:00,1.4108,1.4155,1.406,1.4147,12421856.9,2026-05-16T15:59:59.999000+00:00,17523104.50227,66274
2026-05-16T16:00:00+00:00,1.4147,1.4227,1.4135,1.4162,7493583.5,2026-05-16T19:59:59.999000+00:00,10619429.71727,46352
2026-05-16T20:00:00+00:00,1.4163,1.4191,1.412,1.4136,3477384.4,2026-05-16T23:59:59.999000+00:00,4921329.8007,28163
2026-05-17T00:00:00+00:00,1.4136,1.4176,1.4021,1.4121,11640049.5,2026-05-17T03:59:59.999000+00:00,16408941.52883,70613
2026-05-17T04:00:00+00:00,1.4121,1.4219,1.4118,1.4183,5992826.2,2026-05-17T07:59:59.999000+00:00,8495508.70618,44537
2026-05-17T08:00:00+00:00,1.4183,1.4291,1.4129,1.4226,10237986.7,2026-05-17T11:59:59.999000+00:00,14551834.60629,50874
2026-05-17T12:00:00+00:00,1.4227,1.4267,1.41,1.4132,7209143.8,2026-05-17T15:59:59.999000+00:00,10217294.90285,65334
2026-05-17T16:00:00+00:00,1.4132,1.4233,1.4066,1.4225,8101960.4,2026-05-17T19:59:59.999000+00:00,11455767.68519,51746
2026-05-17T20:00:00+00:00,1.4224,1.4263,1.3715,1.4016,24793619.6,2026-05-17T23:59:59.999000+00:00,34671309.63267,157831
2026-05-18T00:00:00+00:00,1.4017,1.4027,1.3848,1.3932,22966538.5,2026-05-18T03:59:59.999000+00:00,32012322.32928,160069
2026-05-18T04:00:00+00:00,1.3932,1.3996,1.3764,1.3867,17327123.9,2026-05-18T07:59:59.999000+00:00,24047175.61877,105825
2026-05-18T08:00:00+00:00,1.3867,1.3966,1.3761,1.3904,12530835.3,2026-05-18T11:59:59.999000+00:00,17346725.78908,89260
2026-05-18T12:00:00+00:00,1.3904,1.4024,1.369,1.3766,24563819.7,2026-05-18T15:59:59.999000+00:00,33984414.45112,204802
2026-05-18T16:00:00+00:00,1.3767,1.3912,1.3638,1.388,16510264.5,2026-05-18T19:59:59.999000+00:00,22742582.38453,129396
2026-05-18T20:00:00+00:00,1.3881,1.3964,1.3823,1.39,9398669.9,2026-05-18T23:59:59.999000+00:00,13072103.52333,64960
2026-05-19T00:00:00+00:00,1.3901,1.3977,1.378,1.3834,10244245.4,2026-05-19T03:59:59.999000+00:00,14196817.5445,69146
2026-05-19T04:00:00+00:00,1.3834,1.391,1.3786,1.3887,12243738.3,2026-05-19T07:59:59.999000+00:00,16960692.91675,73265
2026-05-19T08:00:00+00:00,1.3887,1.3888,1.3685,1.3722,15238408.2,2026-05-19T11:59:59.999000+00:00,20977857.72419,70054
2026-05-19T12:00:00+00:00,1.3722,1.382,1.3607,1.3672,17686292.5,2026-05-19T15:59:59.999000+00:00,24252387.82426,123024
2026-05-19T16:00:00+00:00,1.3672,1.374,1.3561,1.3573,28862706.1,2026-05-19T19:59:59.999000+00:00,39398333.90341,98346
2026-05-19T20:00:00+00:00,1.3572,1.3653,1.3531,1.3616,14317533.0,2026-05-19T23:59:59.999000+00:00,19457448.10441,57009
2026-05-20T00:00:00+00:00,1.3616,1.3639,1.3477,1.3562,12218068.0,2026-05-20T03:59:59.999000+00:00,16539019.57105,87056
2026-05-20T04:00:00+00:00,1.3562,1.3736,1.3535,1.3682,8646033.1,2026-05-20T07:59:59.999000+00:00,11816787.0632,51607
2026-05-20T08:00:00+00:00,1.3683,1.3754,1.3641,1.3655,9324065.8,2026-05-20T11:59:59.999000+00:00,12774678.42968,41158
2026-05-20T12:00:00+00:00,1.3654,1.3807,1.3585,1.3747,16968625.0,2026-05-20T15:59:59.999000+00:00,23256101.66773,124877
2026-05-20T16:00:00+00:00,1.3748,1.3803,1.365,1.3726,15270284.8,2026-05-20T19:59:59.999000+00:00,20959424.20053,85968
2026-05-20T20:00:00+00:00,1.3726,1.3728,1.3604,1.3672,6482338.0,2026-05-20T23:59:59.999000+00:00,8861104.51568,50964
2026-05-21T00:00:00+00:00,1.3672,1.386,1.3665,1.3842,9347608.1,2026-05-21T03:59:59.999000+00:00,12884029.34516,53918
2026-05-21T04:00:00+00:00,1.3843,1.3856,1.3693,1.376,12041622.5,2026-05-21T07:59:59.999000+00:00,16579514.40389,43670
2026-05-21T08:00:00+00:00,1.376,1.3858,1.3635,1.3636,16352082.1,2026-05-21T11:59:59.999000+00:00,22464821.32748,77894
2026-05-21T12:00:00+00:00,1.3637,1.3687,1.3512,1.3615,16500273.6,2026-05-21T15:59:59.999000+00:00,22453589.47297,122199
2026-05-21T16:00:00+00:00,1.3615,1.3862,1.3571,1.3796,18521143.1,2026-05-21T19:59:59.999000+00:00,25471490.65223,124430
2026-05-21T20:00:00+00:00,1.3797,1.3811,1.3693,1.3739,5158018.1,2026-05-21T23:59:59.999000+00:00,7093699.35489,40870
2026-05-22T00:00:00+00:00,1.3739,1.3755,1.3651,1.3721,9564208.2,2026-05-22T03:59:59.999000+00:00,13113244.50715,50283
2026-05-22T04:00:00+00:00,1.3722,1.376,1.3567,1.3652,16662880.5,2026-05-22T07:59:59.999000+00:00,22773974.28707,56872
2026-05-22T08:00:00+00:00,1.3652,1.3685,1.3551,1.3616,12062862.9,2026-05-22T11:59:59.999000+00:00,16415863.21357,65232
2026-05-22T12:00:00+00:00,1.3616,1.3705,1.3477,1.3534,20157809.7,2026-05-22T15:59:59.999000+00:00,27380970.97517,129254
2026-05-22T16:00:00+00:00,1.3534,1.3595,1.3344,1.3386,21752076.3,2026-05-22T19:59:59.999000+00:00,29271762.65088,149432
2026-05-22T20:00:00+00:00,1.3387,1.3442,1.33,1.3345,11647464.6,2026-05-22T23:59:59.999000+00:00,15585113.81022,77307
2026-05-23T00:00:00+00:00,1.3346,1.3424,1.3272,1.3411,9342205.8,2026-05-23T03:59:59.999000+00:00,12468496.17569,65617
2026-05-23T04:00:00+00:00,1.3411,1.3412,1.3019,1.3122,22811286.2,2026-05-23T07:59:59.999000+00:00,30146874.58072,91802
2026-05-23T08:00:00+00:00,1.3123,1.3264,1.3071,1.3247,21729626.4,2026-05-23T11:59:59.999000+00:00,28570385.66554,78980
2026-05-23T12:00:00+00:00,1.3246,1.3421,1.3241,1.3359,17870518.2,2026-05-23T15:59:59.999000+00:00,23851718.39866,72520
2026-05-23T16:00:00+00:00,1.3359,1.3506,1.3342,1.347,10887812.8,2026-05-23T19:59:59.999000+00:00,14598728.08266,51035
2026-05-23T20:00:00+00:00,1.347,1.3762,1.3451,1.3583,20318841.1,2026-05-23T23:59:59.999000+00:00,27650406.61448,115707
2026-05-24T00:00:00+00:00,1.3584,1.3639,1.3571,1.3607,6346965.4,2026-05-24T03:59:59.999000+00:00,8639632.85156,41420
2026-05-24T04:00:00+00:00,1.3608,1.3648,1.355,1.3595,5327909.4,2026-05-24T07:59:59.999000+00:00,7245390.55259,31585
2026-05-24T08:00:00+00:00,1.3596,1.371,1.3575,1.3651,14580237.9,2026-05-24T11:59:59.999000+00:00,19904656.85648,50015
2026-05-24T12:00:00+00:00,1.3652,1.3655,1.339,1.3484,11313412.9,2026-05-24T15:59:59.999000+00:00,15320425.15295,64760
2026-05-24T16:00:00+00:00,1.3484,1.3546,1.3461,1.3493,4797051.6,2026-05-24T19:59:59.999000+00:00,6477888.78222,36450
2026-05-24T20:00:00+00:00,1.3493,1.3541,1.3326,1.351,10269538.8,2026-05-24T23:59:59.999000+00:00,13811338.25845,77983
2026-05-25T00:00:00+00:00,1.351,1.3567,1.3435,1.3468,8999441.2,2026-05-25T03:59:59.999000+00:00,12154536.81671,56180
2026-05-25T04:00:00+00:00,1.3468,1.3611,1.345,1.3589,14245478.0,2026-05-25T07:59:59.999000+00:00,19312515.2456,51804
2026-05-25T08:00:00+00:00,1.3589,1.3656,1.3567,1.3577,15044482.4,2026-05-25T11:59:59.999000+00:00,20466669.71692,49972
2026-05-25T12:00:00+00:00,1.3577,1.3657,1.3556,1.3588,8626371.9,2026-05-25T15:59:59.999000+00:00,11726041.24883,50227
2026-05-25T16:00:00+00:00,1.3589,1.364,1.3545,1.3571,4261044.8,2026-05-25T19:59:59.999000+00:00,5793888.0158,33393
2026-05-25T20:00:00+00:00,1.357,1.3596,1.3466,1.3503,6466748.5,2026-05-25T23:59:59.999000+00:00,8744178.57001,49172
2026-05-26T00:00:00+00:00,1.3503,1.3512,1.3342,1.3402,12721006.5,2026-05-26T03:59:59.999000+00:00,17043216.83348,68098
2026-05-26T04:00:00+00:00,1.3402,1.3507,1.3393,1.3405,8043963.5,2026-05-26T07:59:59.999000+00:00,10818495.64052,38737
2026-05-26T08:00:00+00:00,1.3405,1.3595,1.3395,1.3521,11768969.5,2026-05-26T11:59:59.999000+00:00,15881278.27019,65293
2026-05-26T12:00:00+00:00,1.352,1.3656,1.3396,1.3451,14086692.3,2026-05-26T15:59:59.999000+00:00,19048362.93783,121334
2026-05-26T16:00:00+00:00,1.3452,1.3458,1.3273,1.3325,14613809.6,2026-05-26T19:59:59.999000+00:00,19501617.71665,98461
2026-05-26T20:00:00+00:00,1.3325,1.3347,1.3286,1.3292,6118516.5,2026-05-26T23:59:59.999000+00:00,8146446.65286,41155
2026-05-27T00:00:00+00:00,1.3293,1.3331,1.3264,1.3276,8467009.8,2026-05-27T03:59:59.999000+00:00,11262708.23323,42527
2026-05-27T04:00:00+00:00,1.3276,1.3371,1.3216,1.3319,8392989.6,2026-05-27T07:59:59.999000+00:00,11161267.46418,44355
2026-05-27T08:00:00+00:00,1.3319,1.3379,1.3282,1.3297,15489054.2,2026-05-27T11:59:59.999000+00:00,20643839.67075,57696
2026-05-27T12:00:00+00:00,1.3298,1.3437,1.3187,1.3363,16390866.1,2026-05-27T15:59:59.999000+00:00,21779605.43302,141836
2026-05-27T16:00:00+00:00,1.3364,1.3389,1.3175,1.3307,12584027.4,2026-05-27T19:59:59.999000+00:00,16703381.32502,100570
2026-05-27T20:00:00+00:00,1.3307,1.3348,1.3033,1.3076,16420422.0,2026-05-27T23:59:59.999000+00:00,21607210.13747,115678
2026-05-28T00:00:00+00:00,1.3076,1.3114,1.2752,1.279,25897464.0,2026-05-28T03:59:59.999000+00:00,33533253.33608,185729
2026-05-28T04:00:00+00:00,1.279,1.2936,1.2677,1.2934,25594165.3,2026-05-28T07:59:59.999000+00:00,32795299.8949,136229
2026-05-28T08:00:00+00:00,1.2934,1.2963,1.2861,1.2877,8993117.4,2026-05-28T11:59:59.999000+00:00,11604014.68266,60162
2026-05-28T12:00:00+00:00,1.2876,1.3148,1.2838,1.3124,25963377.3,2026-05-28T15:59:59.999000+00:00,33677806.5505,198392
2026-05-28T16:00:00+00:00,1.3124,1.3385,1.307,1.3161,19775688.4,2026-05-28T19:59:59.999000+00:00,26201168.95307,152060
2026-05-28T20:00:00+00:00,1.316,1.3249,1.3104,1.3156,8813009.8,2026-05-28T23:59:59.999000+00:00,11615906.80066,60139
2026-05-29T00:00:00+00:00,1.3156,1.3205,1.3038,1.3124,11317476.0,2026-05-29T03:59:59.999000+00:00,14841567.64954,65474
2026-05-29T04:00:00+00:00,1.3124,1.321,1.3039,1.3169,12208615.2,2026-05-29T07:59:59.999000+00:00,16039840.52557,65435
2026-05-29T08:00:00+00:00,1.3168,1.3275,1.3069,1.3113,16227842.5,2026-05-29T11:59:59.999000+00:00,21410154.0728,66580
2026-05-29T12:00:00+00:00,1.3114,1.3339,1.2947,1.3227,31264532.3,2026-05-29T15:59:59.999000+00:00,40921552.17623,170936
2026-05-29T16:00:00+00:00,1.3228,1.333,1.3109,1.321,19493318.4,2026-05-29T19:59:59.999000+00:00,25812406.34268,116247
2026-05-29T20:00:00+00:00,1.321,1.3312,1.3144,1.33,9683957.5,2026-05-29T23:59:59.999000+00:00,12806218.68106,55260
2026-05-30T00:00:00+00:00,1.33,1.3661,1.3281,1.3504,28939263.2,2026-05-30T03:59:59.999000+00:00,39167516.56343,170586
2026-05-30T04:00:00+00:00,1.3504,1.3529,1.337,1.3428,15603472.8,2026-05-30T07:59:59.999000+00:00,20986047.85723,87170
2026-05-30T08:00:00+00:00,1.3429,1.3463,1.3371,1.3404,8903183.5,2026-05-30T11:59:59.999000+00:00,11947680.47776,36722
2026-05-30T12:00:00+00:00,1.3405,1.347,1.3374,1.3424,10285400.9,2026-05-30T15:59:59.999000+00:00,13798089.04558,50886
2026-05-30T16:00:00+00:00,1.3425,1.354,1.3413,1.3478,10611333.3,2026-05-30T19:59:59.999000+00:00,14303370.88737,57278
2026-05-30T20:00:00+00:00,1.3478,1.3519,1.3377,1.3408,6555259.4,2026-05-30T23:59:59.999000+00:00,8818412.42189,42619
2026-05-31T00:00:00+00:00,1.3409,1.3462,1.3363,1.3448,6200846.9,2026-05-31T03:59:59.999000+00:00,8315588.46187,45175
2026-05-31T04:00:00+00:00,1.3449,1.3468,1.333,1.3356,5050477.3,2026-05-31T07:59:59.999000+00:00,6770220.19371,31110
2026-05-31T08:00:00+00:00,1.3356,1.3432,1.3342,1.3419,6593057.1,2026-05-31T11:59:59.999000+00:00,8826946.97644,37338
2026-05-31T12:00:00+00:00,1.3418,1.3484,1.328,1.3307,10061139.0,2026-05-31T15:59:59.999000+00:00,13448219.75399,77602
2026-05-31T16:00:00+00:00,1.3307,1.3326,1.321,1.3266,8954766.7,2026-05-31T19:59:59.999000+00:00,11883624.68286,54006
2026-05-31T20:00:00+00:00,1.3266,1.3425,1.3266,1.333,7216213.3,2026-05-31T23:59:59.999000+00:00,9622331.87033,57612
2026-06-01T00:00:00+00:00,1.333,1.3412,1.3193,1.3308,12774170.5,2026-06-01T03:59:59.999000+00:00,17011963.44275,114965
2026-06-01T04:00:00+00:00,1.3309,1.3333,1.3032,1.3036,14926073.0,2026-06-01T07:59:59.999000+00:00,19637716.62248,99500
2026-06-01T08:00:00+00:00,1.3036,1.3098,1.2987,1.3036,12461271.9,2026-06-01T11:59:59.999000+00:00,16251409.60555,87028
2026-06-01T12:00:00+00:00,1.3035,1.3065,1.2797,1.2822,28037952.1,2026-06-01T15:59:59.999000+00:00,36183063.02447,204686
2026-06-01T16:00:00+00:00,1.2822,1.3053,1.2794,1.3,12527200.4,2026-06-01T19:59:59.999000+00:00,16218586.58851,87037
2026-06-01T20:00:00+00:00,1.2999,1.3013,1.2868,1.2972,10171668.9,2026-06-01T23:59:59.999000+00:00,13175980.91236,76236
2026-06-02T00:00:00+00:00,1.2972,1.2972,1.2682,1.2881,17700854.1,2026-06-02T03:59:59.999000+00:00,22712225.04715,122716
2026-06-02T04:00:00+00:00,1.288,1.2898,1.2587,1.268,19535287.5,2026-06-02T07:59:59.999000+00:00,24831766.03961,118310
2026-06-02T08:00:00+00:00,1.2681,1.2694,1.2572,1.261,13884862.5,2026-06-02T11:59:59.999000+00:00,17534746.11846,98544
2026-06-02T12:00:00+00:00,1.2611,1.2686,1.2171,1.222,48182954.9,2026-06-02T15:59:59.999000+00:00,59704038.97795,298166
2026-06-02T16:00:00+00:00,1.222,1.2438,1.207,1.2217,27372707.5,2026-06-02T19:59:59.999000+00:00,33588127.61894,208247
2026-06-02T20:00:00+00:00,1.2217,1.2324,1.1948,1.2117,35657983.0,2026-06-02T23:59:59.999000+00:00,43204757.03068,243274
2026-06-03T00:00:00+00:00,1.2118,1.2319,1.1898,1.1979,26469587.7,2026-06-03T03:59:59.999000+00:00,32132360.47148,168909
2026-06-03T04:00:00+00:00,1.198,1.2491,1.1977,1.2433,26032254.5,2026-06-03T07:59:59.999000+00:00,32004284.40123,163996
2026-06-03T08:00:00+00:00,1.2432,1.2457,1.2337,1.2369,15016316.1,2026-06-03T11:59:59.999000+00:00,18626880.08539,96505
2026-06-03T12:00:00+00:00,1.2369,1.2378,1.2207,1.2251,16977446.8,2026-06-03T15:59:59.999000+00:00,20877965.5105,167929
2026-06-03T16:00:00+00:00,1.2252,1.2287,1.202,1.2043,19216754.8,2026-06-03T19:59:59.999000+00:00,23360649.57471,172226
2026-06-03T20:00:00+00:00,1.2042,1.2205,1.1868,1.2012,20431561.9,2026-06-03T23:59:59.999000+00:00,24605327.73503,200028
2026-06-04T00:00:00+00:00,1.2012,1.2112,1.1407,1.209,64093941.7,2026-06-04T03:59:59.999000+00:00,75372981.73599,481941
2026-06-04T04:00:00+00:00,1.2091,1.212,1.1676,1.1678,24765837.5,2026-06-04T07:59:59.999000+00:00,29524609.44066,191422
2026-06-04T08:00:00+00:00,1.1677,1.1722,1.1418,1.1558,36730911.1,2026-06-04T11:59:59.999000+00:00,42432791.3955,308483
2026-06-04T12:00:00+00:00,1.1559,1.1836,1.1504,1.1689,29989546.3,2026-06-04T15:59:59.999000+00:00,35166044.71229,325546
2026-06-04T16:00:00+00:00,1.1689,1.185,1.1592,1.1752,15146018.7,2026-06-04T19:59:59.999000+00:00,17743813.23259,167797
2026-06-04T20:00:00+00:00,1.1751,1.1789,1.1548,1.1688,15365125.0,2026-06-04T23:59:59.999000+00:00,17898717.99359,174653
2026-06-05T00:00:00+00:00,1.1687,1.1751,1.133,1.1347,24993111.8,2026-06-05T03:59:59.999000+00:00,28706178.29056,259359
2026-06-05T04:00:00+00:00,1.1348,1.1492,1.09,1.1364,62582817.6,2026-06-05T07:59:59.999000+00:00,70149524.73373,515351
2026-06-05T08:00:00+00:00,1.1363,1.1461,1.1168,1.1189,30343206.1,2026-06-05T11:59:59.999000+00:00,34294199.40624,266537
2026-06-05T12:00:00+00:00,1.1189,1.1379,1.0917,1.0998,65245953.9,2026-06-05T15:59:59.999000+00:00,72471228.64582,541812
2026-06-05T16:00:00+00:00,1.0998,1.1234,1.0692,1.0988,62876871.1,2026-06-05T19:59:59.999000+00:00,68867756.69555,548569
2026-06-05T20:00:00+00:00,1.0987,1.1204,1.0856,1.0978,35727619.2,2026-06-05T23:59:59.999000+00:00,39536908.03558,328795
2026-06-06T00:00:00+00:00,1.0978,1.1144,1.0835,1.086,18155581.3,2026-06-06T03:59:59.999000+00:00,19947505.40042,198144
2026-06-06T04:00:00+00:00,1.0859,1.1009,1.0501,1.0921,49248023.5,2026-06-06T07:59:59.999000+00:00,53017687.38463,412046
2026-06-06T08:00:00+00:00,1.0922,1.1044,1.0727,1.0876,22937549.9,2026-06-06T11:59:59.999000+00:00,24972207.41818,194791
2026-06-06T12:00:00+00:00,1.0877,1.1099,1.0807,1.0962,26492196.2,2026-06-06T15:59:59.999000+00:00,29054699.80747,193041
2026-06-06T16:00:00+00:00,1.0963,1.1019,1.0791,1.0808,15795599.3,2026-06-06T19:59:59.999000+00:00,17211613.88892,133172
2026-06-06T20:00:00+00:00,1.0807,1.095,1.0776,1.0934,8730768.9,2026-06-06T23:59:59.999000+00:00,9490566.10544,91007
2026-06-07T00:00:00+00:00,1.0935,1.1246,1.0886,1.1185,17659120.9,2026-06-07T03:59:59.999000+00:00,19629561.65987,156550
2026-06-07T04:00:00+00:00,1.1184,1.1373,1.1104,1.1371,17320552.9,2026-06-07T07:59:59.999000+00:00,19484723.83737,121741
2026-06-07T08:00:00+00:00,1.1371,1.1702,1.1304,1.1403,27901945.9,2026-06-07T11:59:59.999000+00:00,32052015.33458,151389
2026-06-07T12:00:00+00:00,1.1403,1.1406,1.1185,1.1339,16269640.0,2026-06-07T15:59:59.999000+00:00,18343036.39057,141014
2026-06-07T16:00:00+00:00,1.1339,1.1512,1.1197,1.1247,14210801.8,2026-06-07T19:59:59.999000+00:00,16124677.00772,121916
2026-06-07T20:00:00+00:00,1.1246,1.1719,1.1217,1.1556,19025555.6,2026-06-07T23:59:59.999000+00:00,21869693.93023,167272
2026-06-08T00:00:00+00:00,1.1556,1.1677,1.1425,1.1517,18492397.8,2026-06-08T03:59:59.999000+00:00,21367495.87559,139341
2026-06-08T04:00:00+00:00,1.1518,1.1528,1.1319,1.1479,15424865.5,2026-06-08T07:59:59.999000+00:00,17609873.0426,107147
2026-06-08T08:00:00+00:00,1.1478,1.1653,1.1362,1.1578,18560331.6,2026-06-08T11:59:59.999000+00:00,21350872.44082,101256
2026-06-08T12:00:00+00:00,1.1578,1.1851,1.1465,1.1711,29963949.1,2026-06-08T15:59:59.999000+00:00,34933384.39289,200238
2026-06-08T16:00:00+00:00,1.171,1.1866,1.1581,1.1798,17767731.8,2026-06-08T19:59:59.999000+00:00,20840062.95395,128352
2026-06-08T20:00:00+00:00,1.1799,1.1865,1.1664,1.1683,14435516.4,2026-06-08T23:59:59.999000+00:00,16992446.11037,102340
2026-06-09T00:00:00+00:00,1.1683,1.1714,1.1433,1.1548,18808634.8,2026-06-09T03:59:59.999000+00:00,21711795.29252,118542
2026-06-09T04:00:00+00:00,1.1548,1.1769,1.1509,1.1714,17662850.4,2026-06-09T07:59:59.999000+00:00,20639517.67287,128107
2026-06-09T08:00:00+00:00,1.1714,1.1724,1.1528,1.1554,12080620.6,2026-06-09T11:59:59.999000+00:00,14030303.9115,99960
2026-06-09T12:00:00+00:00,1.1554,1.1666,1.127,1.1277,27990324.7,2026-06-09T15:59:59.999000+00:00,32075091.25302,232489
2026-06-09T16:00:00+00:00,1.1276,1.1474,1.1187,1.1402,20786489.4,2026-06-09T19:59:59.999000+00:00,23604162.67464,188004
2026-06-09T20:00:00+00:00,1.1403,1.1457,1.1338,1.1375,9617813.4,2026-06-09T23:59:59.999000+00:00,10953678.08123,81962
2026-06-10T00:00:00+00:00,1.1376,1.1412,1.1155,1.1191,17875493.3,2026-06-10T03:59:59.999000+00:00,20134653.0698,138000
2026-06-10T04:00:00+00:00,1.1192,1.1225,1.1066,1.1166,15941437.4,2026-06-10T07:59:59.999000+00:00,17763467.95015,116432
2026-06-10T08:00:00+00:00,1.1167,1.1169,1.0994,1.1043,16259044.9,2026-06-10T11:59:59.999000+00:00,18002291.3964,130056
2026-06-10T12:00:00+00:00,1.1043,1.1376,1.1022,1.1287,29934017.0,2026-06-10T15:59:59.999000+00:00,33597969.17277,271172
2026-06-10T16:00:00+00:00,1.1287,1.13,1.0958,1.0981,21238465.7,2026-06-10T19:59:59.999000+00:00,23545788.32214,208270
2026-06-10T20:00:00+00:00,1.0981,1.1038,1.0884,1.097,15431186.3,2026-06-10T23:59:59.999000+00:00,16903219.86815,143009
2026-06-11T00:00:00+00:00,1.0971,1.1236,1.0965,1.12,17074955.1,2026-06-11T03:59:59.999000+00:00,18964955.85533,133612
2026-06-11T04:00:00+00:00,1.1201,1.1217,1.1118,1.1151,12227202.0,2026-06-11T07:59:59.999000+00:00,13654705.62341,74215
2026-06-11T08:00:00+00:00,1.1151,1.1257,1.1148,1.1223,11948061.1,2026-06-11T11:59:59.999000+00:00,13384316.67047,80585
2026-06-11T12:00:00+00:00,1.1224,1.1224,1.1073,1.1128,16391989.1,2026-06-11T15:59:59.999000+00:00,18253986.23898,154253
2026-06-11T16:00:00+00:00,1.1129,1.15,1.1042,1.1434,25869377.8,2026-06-11T19:59:59.999000+00:00,29229636.67588,224908
2026-06-11T20:00:00+00:00,1.1435,1.1467,1.1321,1.1428,10712697.1,2026-06-11T23:59:59.999000+00:00,12208177.57091,87510
2026-06-12T00:00:00+00:00,1.1427,1.15,1.1359,1.1442,8691239.5,2026-06-12T03:59:59.999000+00:00,9933609.77588,74388
2026-06-12T04:00:00+00:00,1.1442,1.1509,1.1275,1.1336,9176575.0,2026-06-12T07:59:59.999000+00:00,10448328.24454,87094
2026-06-12T08:00:00+00:00,1.1337,1.1519,1.1337,1.1413,11526886.9,2026-06-12T11:59:59.999000+00:00,13192783.30603,93714
2026-06-12T12:00:00+00:00,1.1414,1.1577,1.1261,1.1288,24186450.7,2026-06-12T15:59:59.999000+00:00,27583186.11219,204610
2026-06-12T16:00:00+00:00,1.1287,1.139,1.1261,1.1314,13097814.1,2026-06-12T19:59:59.999000+00:00,14829302.9413,124561
2026-06-12T20:00:00+00:00,1.1314,1.1351,1.1283,1.1325,5903947.7,2026-06-12T23:59:59.999000+00:00,6680433.88603,51082
2026-06-13T00:00:00+00:00,1.1325,1.1409,1.1308,1.1337,5368100.8,2026-06-13T03:59:59.999000+00:00,6097569.74291,45651
2026-06-13T04:00:00+00:00,1.1337,1.1448,1.1299,1.1415,7292070.5,2026-06-13T07:59:59.999000+00:00,8299402.30013,44530
2026-06-13T08:00:00+00:00,1.1415,1.1496,1.1405,1.1485,7254041.8,2026-06-13T11:59:59.999000+00:00,8304719.17337,40863
2026-06-13T12:00:00+00:00,1.1486,1.161,1.147,1.1567,10163791.0,2026-06-13T15:59:59.999000+00:00,11729909.5277,64922
2026-06-13T16:00:00+00:00,1.1567,1.157,1.1428,1.1476,9412950.2,2026-06-13T19:59:59.999000+00:00,10805690.74053,59960
2026-06-13T20:00:00+00:00,1.1476,1.1568,1.1451,1.1507,5519052.9,2026-06-13T23:59:59.999000+00:00,6348067.06019,44892
2026-06-14T00:00:00+00:00,1.1507,1.1565,1.1483,1.1536,4125879.1,2026-06-14T03:59:59.999000+00:00,4754523.25718,39407
2026-06-14T04:00:00+00:00,1.1537,1.1544,1.1427,1.1463,6558579.7,2026-06-14T07:59:59.999000+00:00,7527966.55432,39526
2026-06-14T08:00:00+00:00,1.1464,1.1491,1.1412,1.1439,4932771.8,2026-06-14T11:59:59.999000+00:00,5649808.03657,38441
2026-06-14T12:00:00+00:00,1.144,1.1445,1.1268,1.135,9455532.1,2026-06-14T15:59:59.999000+00:00,10733901.92288,63665
2026-06-14T16:00:00+00:00,1.135,1.1393,1.1307,1.1331,3962243.5,2026-06-14T19:59:59.999000+00:00,4498493.08556,37815
2026-06-14T20:00:00+00:00,1.1332,1.1878,1.1317,1.1861,27383981.4,2026-06-14T23:59:59.999000+00:00,31977740.93797,231281
2026-06-15T00:00:00+00:00,1.186,1.1936,1.1778,1.187,19052530.6,2026-06-15T03:59:59.999000+00:00,22582241.98425,135793
2026-06-15T04:00:00+00:00,1.1869,1.1887,1.1801,1.1815,11216557.7,2026-06-15T07:59:59.999000+00:00,13282023.94505,71208
2026-06-15T08:00:00+00:00,1.1814,1.2333,1.1791,1.2324,33350227.0,2026-06-15T11:59:59.999000+00:00,40229596.29411,184000
2026-06-15T12:00:00+00:00,1.2325,1.2706,1.2263,1.2688,52168951.8,2026-06-15T15:59:59.999000+00:00,64992074.12528,374294
2026-06-15T16:00:00+00:00,1.2687,1.2935,1.19,1.2757,52750697.8,2026-06-15T19:59:59.999000+00:00,67330025.56042,375769
2026-06-15T20:00:00+00:00,1.2757,1.2785,1.2333,1.2382,27307051.3,2026-06-15T23:59:59.999000+00:00,34228795.37138,196284
2026-06-16T00:00:00+00:00,1.2382,1.243,1.2141,1.2273,17085718.3,2026-06-16T03:59:59.999000+00:00,20976424.4346,112307
2026-06-16T04:00:00+00:00,1.2273,1.239,1.2205,1.2353,14418789.4,2026-06-16T07:59:59.999000+00:00,17736022.21088,70526
2026-06-16T08:00:00+00:00,1.2353,1.2522,1.2331,1.238,17624733.4,2026-06-16T11:59:59.999000+00:00,21871479.82761,112548
2026-06-16T12:00:00+00:00,1.2381,1.256,1.2053,1.2098,24989212.0,2026-06-16T15:59:59.999000+00:00,30647017.51181,251195
2026-06-16T16:00:00+00:00,1.2098,1.2311,1.2086,1.2205,12192141.1,2026-06-16T19:59:59.999000+00:00,14871466.38445,143136
2026-06-16T20:00:00+00:00,1.2205,1.2259,1.2156,1.2173,8018615.5,2026-06-16T23:59:59.999000+00:00,9782251.71243,69972
2026-06-17T00:00:00+00:00,1.2174,1.2283,1.2083,1.2161,13506525.4,2026-06-17T03:59:59.999000+00:00,16439188.31706,102715
2026-06-17T04:00:00+00:00,1.2162,1.2227,1.2054,1.2095,16118808.6,2026-06-17T07:59:59.999000+00:00,19568649.84505,90284
2026-06-17T08:00:00+00:00,1.2095,1.2107,1.1883,1.1928,15485972.3,2026-06-17T11:59:59.999000+00:00,18535893.80998,113676
2026-06-17T12:00:00+00:00,1.1929,1.2137,1.1889,1.2136,17660310.1,2026-06-17T15:59:59.999000+00:00,21173601.40815,142988
2026-06-17T16:00:00+00:00,1.2136,1.2251,1.1774,1.1808,30451982.4,2026-06-17T19:59:59.999000+00:00,36567508.1957,287835
2026-06-17T20:00:00+00:00,1.1807,1.1911,1.1715,1.1868,14298516.5,2026-06-17T23:59:59.999000+00:00,16917670.97325,113655
2026-06-18T00:00:00+00:00,1.1868,1.1923,1.1782,1.1788,10061318.7,2026-06-18T03:59:59.999000+00:00,11939959.69294,64596
2026-06-18T04:00:00+00:00,1.1788,1.1815,1.1628,1.1787,16779766.7,2026-06-18T07:59:59.999000+00:00,19646148.82147,96433
2026-06-18T08:00:00+00:00,1.1788,1.1825,1.1615,1.1645,16585793.7,2026-06-18T11:59:59.999000+00:00,19459604.88896,72324
2026-06-18T12:00:00+00:00,1.1645,1.1726,1.1329,1.1379,32656335.3,2026-06-18T15:59:59.999000+00:00,37686400.13953,230991
2026-06-18T16:00:00+00:00,1.1379,1.149,1.1352,1.1436,19999072.6,2026-06-18T19:59:59.999000+00:00,22840376.86658,136624
2026-06-18T20:00:00+00:00,1.1437,1.1548,1.1419,1.1465,18096028.8,2026-06-18T23:59:59.999000+00:00,20761949.76742,80766
2026-06-19T00:00:00+00:00,1.1466,1.153,1.1366,1.1391,15187354.3,2026-06-19T03:59:59.999000+00:00,17392726.09273,78620
2026-06-19T04:00:00+00:00,1.139,1.1404,1.1214,1.1254,17839058.1,2026-06-19T07:59:59.999000+00:00,20158676.92412,112495
2026-06-19T08:00:00+00:00,1.1255,1.1311,1.1211,1.1274,10722769.2,2026-06-19T11:59:59.999000+00:00,12073132.13575,88058
2026-06-19T12:00:00+00:00,1.1274,1.144,1.1187,1.137,15082966.4,2026-06-19T15:59:59.999000+00:00,17098486.5644,116878
2026-06-19T16:00:00+00:00,1.1371,1.1391,1.1284,1.1315,8148825.3,2026-06-19T19:59:59.999000+00:00,9237656.41378,69560
2026-06-19T20:00:00+00:00,1.1316,1.1387,1.1275,1.1359,5683442.6,2026-06-19T23:59:59.999000+00:00,6439904.11081,42523
2026-06-20T00:00:00+00:00,1.1358,1.1428,1.1354,1.14,6905415.9,2026-06-20T03:59:59.999000+00:00,7867101.64478,49405
2026-06-20T04:00:00+00:00,1.1399,1.1551,1.1389,1.1473,9609253.2,2026-06-20T07:59:59.999000+00:00,11021784.4065,55051
2026-06-20T08:00:00+00:00,1.1474,1.153,1.1446,1.1472,5387461.8,2026-06-20T11:59:59.999000+00:00,6187928.78398,32193
2026-06-20T12:00:00+00:00,1.1473,1.156,1.1342,1.1508,11634127.7,2026-06-20T15:59:59.999000+00:00,13323258.22927,86486
2026-06-20T16:00:00+00:00,1.1509,1.151,1.139,1.1441,5607235.7,2026-06-20T19:59:59.999000+00:00,6419032.293,49768
2026-06-20T20:00:00+00:00,1.1441,1.1555,1.1436,1.1499,6142173.7,2026-06-20T23:59:59.999000+00:00,7065537.72922,45478
2026-06-21T00:00:00+00:00,1.15,1.1516,1.1463,1.1495,3356043.4,2026-06-21T03:59:59.999000+00:00,3855368.75129,27383
2026-06-21T04:00:00+00:00,1.1495,1.1524,1.1431,1.1474,4014984.2,2026-06-21T07:59:59.999000+00:00,4603393.31052,26659
2026-06-21T08:00:00+00:00,1.1473,1.1535,1.1413,1.1427,7039721.4,2026-06-21T11:59:59.999000+00:00,8081172.80769,42528
2026-06-21T12:00:00+00:00,1.1428,1.1516,1.14,1.1497,6278054.2,2026-06-21T15:59:59.999000+00:00,7189750.02254,43019
2026-06-21T16:00:00+00:00,1.1497,1.1497,1.1389,1.1456,7165393.1,2026-06-21T19:59:59.999000+00:00,8200994.97528,49038
2026-06-21T20:00:00+00:00,1.1455,1.1473,1.1225,1.1248,19739858.0,2026-06-21T23:59:59.999000+00:00,22322638.7157,117033
2026-06-22T00:00:00+00:00,1.1249,1.1522,1.1249,1.1301,16093649.7,2026-06-22T03:59:59.999000+00:00,18341470.00274,123784
2026-06-22T04:00:00+00:00,1.1301,1.14,1.1292,1.1374,13457850.2,2026-06-22T07:59:59.999000+00:00,15268886.95298,77508
2026-06-22T08:00:00+00:00,1.1374,1.1502,1.1322,1.1479,11289051.2,2026-06-22T11:59:59.999000+00:00,12858225.09826,62936
2026-06-22T12:00:00+00:00,1.148,1.1639,1.1379,1.1401,19623287.0,2026-06-22T15:59:59.999000+00:00,22584432.14225,144717
2026-06-22T16:00:00+00:00,1.1401,1.1438,1.13,1.1344,11665210.3,2026-06-22T19:59:59.999000+00:00,13253563.44772,81801
2026-06-22T20:00:00+00:00,1.1344,1.1375,1.1216,1.1295,11192443.9,2026-06-22T23:59:59.999000+00:00,12628557.89787,68572
2026-06-23T00:00:00+00:00,1.1296,1.1339,1.1224,1.1274,9696845.2,2026-06-23T03:59:59.999000+00:00,10942941.03987,65291
2026-06-23T04:00:00+00:00,1.1274,1.1281,1.1076,1.1129,17246009.4,2026-06-23T07:59:59.999000+00:00,19244340.79908,111078
2026-06-23T08:00:00+00:00,1.1129,1.1155,1.0946,1.1093,17800010.4,2026-06-23T11:59:59.999000+00:00,19658083.03896,115259
2026-06-23T12:00:00+00:00,1.1094,1.1098,1.092,1.0993,16141820.3,2026-06-23T15:59:59.999000+00:00,17774800.4618,142450
2026-06-23T16:00:00+00:00,1.0993,1.1051,1.0959,1.102,8252195.8,2026-06-23T19:59:59.999000+00:00,9079386.75829,75754
2026-06-23T20:00:00+00:00,1.102,1.1127,1.1019,1.1103,6455145.7,2026-06-23T23:59:59.999000+00:00,7143923.03125,47037
2026-06-24T00:00:00+00:00,1.1102,1.1139,1.0991,1.104,11850769.8,2026-06-24T03:59:59.999000+00:00,13133082.38269,64228
2026-06-24T04:00:00+00:00,1.104,1.107,1.0945,1.0987,8213727.5,2026-06-24T07:59:59.999000+00:00,9046850.29212,52508
2026-06-24T08:00:00+00:00,1.0987,1.1036,1.0823,1.0958,18748462.5,2026-06-24T11:59:59.999000+00:00,20454514.51905,87823
2026-06-24T12:00:00+00:00,1.0958,1.0959,1.0566,1.0585,31239729.7,2026-06-24T15:59:59.999000+00:00,33610633.88895,212145
2026-06-24T16:00:00+00:00,1.0584,1.0708,1.0462,1.0575,34071153.9,2026-06-24T19:59:59.999000+00:00,36047680.21632,245472
2026-06-24T20:00:00+00:00,1.0575,1.081,1.0545,1.0736,14245528.7,2026-06-24T23:59:59.999000+00:00,15261476.0521,122933
2026-06-25T00:00:00+00:00,1.0736,1.0781,1.0689,1.0719,14620248.9,2026-06-25T03:59:59.999000+00:00,15696286.50285,73866
2026-06-25T04:00:00+00:00,1.072,1.0899,1.07,1.087,13142849.3,2026-06-25T07:59:59.999000+00:00,14237171.24547,66769
2026-06-25T08:00:00+00:00,1.0869,1.087,1.068,1.0721,9495270.0,2026-06-25T11:59:59.999000+00:00,10230657.38926,49237
2026-06-25T12:00:00+00:00,1.0721,1.0799,1.0122,1.0351,64752203.4,2026-06-25T15:59:59.999000+00:00,67200704.44209,510153
