open_time,open,high,low,close,volume,close_time,quote_volume,trades
2026-01-10T04:00:00+00:00,0.3891,0.3894,0.3846,0.3881,6576502.2,2026-01-10T07:59:59.999000+00:00,2547820.36039,12411
2026-01-10T08:00:00+00:00,0.3881,0.3915,0.387,0.3912,7148736.6,2026-01-10T11:59:59.999000+00:00,2785006.88564,15037
2026-01-10T12:00:00+00:00,0.3911,0.3925,0.3888,0.3897,5147164.5,2026-01-10T15:59:59.999000+00:00,2010200.55422,10840
2026-01-10T16:00:00+00:00,0.3896,0.3919,0.3885,0.3913,3766252.5,2026-01-10T19:59:59.999000+00:00,1469684.66891,9020
2026-01-10T20:00:00+00:00,0.3913,0.3915,0.3856,0.3886,6419064.1,2026-01-10T23:59:59.999000+00:00,2493870.11434,10372
2026-01-11T00:00:00+00:00,0.3886,0.3921,0.3877,0.3905,3994627.6,2026-01-11T03:59:59.999000+00:00,1557340.77964,8773
2026-01-11T04:00:00+00:00,0.3906,0.392,0.3889,0.3914,4350831.7,2026-01-11T07:59:59.999000+00:00,1699949.16361,8764
2026-01-11T08:00:00+00:00,0.3913,0.3933,0.3897,0.3919,6784618.3,2026-01-11T11:59:59.999000+00:00,2655650.58129,10970
2026-01-11T12:00:00+00:00,0.392,0.3972,0.3888,0.3906,19475087.4,2026-01-11T15:59:59.999000+00:00,7660872.03446,25457
2026-01-11T16:00:00+00:00,0.3906,0.3961,0.3903,0.3925,12883713.3,2026-01-11T19:59:59.999000+00:00,5071836.1506,18651
2026-01-11T20:00:00+00:00,0.3924,0.3929,0.3839,0.391,23814792.4,2026-01-11T23:59:59.999000+00:00,9265598.4845,49422
2026-01-12T00:00:00+00:00,0.391,0.4036,0.3857,0.3974,25806717.2,2026-01-12T03:59:59.999000+00:00,10214518.581,50138
2026-01-12T04:00:00+00:00,0.3975,0.4013,0.3899,0.3904,12811957.7,2026-01-12T07:59:59.999000+00:00,5079235.98377,22623
2026-01-12T08:00:00+00:00,0.3904,0.3928,0.3848,0.3874,15845861.6,2026-01-12T11:59:59.999000+00:00,6142210.43708,37445
2026-01-12T12:00:00+00:00,0.3875,0.395,0.3815,0.3945,30655372.0,2026-01-12T15:59:59.999000+00:00,11868533.59529,50894
2026-01-12T16:00:00+00:00,0.3944,0.3995,0.3907,0.3934,23930784.4,2026-01-12T19:59:59.999000+00:00,9460151.97167,44384
2026-01-12T20:00:00+00:00,0.3933,0.3953,0.3838,0.3862,21102069.7,2026-01-12T23:59:59.999000+00:00,8178349.12899,28311
2026-01-13T00:00:00+00:00,0.3862,0.389,0.385,0.3868,7436059.5,2026-01-13T03:59:59.999000+00:00,2875841.66946,16023
2026-01-13T04:00:00+00:00,0.3869,0.3958,0.3864,0.39,11781244.6,2026-01-13T07:59:59.999000+00:00,4612300.04744,24402
2026-01-13T08:00:00+00:00,0.3899,0.3955,0.3897,0.3923,11262846.5,2026-01-13T11:59:59.999000+00:00,4421293.68324,21571
2026-01-13T12:00:00+00:00,0.3923,0.4064,0.3908,0.4062,33665771.6,2026-01-13T15:59:59.999000+00:00,13421548.71394,59854
2026-01-13T16:00:00+00:00,0.4061,0.411,0.405,0.4103,38376797.3,2026-01-13T19:59:59.999000+00:00,15650276.95091,58569
2026-01-13T20:00:00+00:00,0.4104,0.4267,0.4066,0.4218,59108134.1,2026-01-13T23:59:59.999000+00:00,24792275.19477,85512
2026-01-14T00:00:00+00:00,0.4219,0.426,0.4198,0.4259,28088551.6,2026-01-14T03:59:59.999000+00:00,11864873.15193,41952
2026-01-14T04:00:00+00:00,0.4259,0.4273,0.4182,0.4238,29666104.6,2026-01-14T07:59:59.999000+00:00,12557242.96144,44024
2026-01-14T08:00:00+00:00,0.4238,0.4254,0.4133,0.4139,12564062.9,2026-01-14T11:59:59.999000+00:00,5263046.52819,27116
2026-01-14T12:00:00+00:00,0.414,0.4232,0.4113,0.4201,30676674.5,2026-01-14T15:59:59.999000+00:00,12823834.31734,51370
2026-01-14T16:00:00+00:00,0.4202,0.4241,0.4097,0.4149,32390509.2,2026-01-14T19:59:59.999000+00:00,13545733.96542,54398
2026-01-14T20:00:00+00:00,0.415,0.4177,0.4104,0.4143,14951760.1,2026-01-14T23:59:59.999000+00:00,6186319.8586,29889
2026-01-15T00:00:00+00:00,0.4144,0.4144,0.3992,0.4002,24085842.1,2026-01-15T03:59:59.999000+00:00,9796149.88623,35701
2026-01-15T04:00:00+00:00,0.4003,0.4055,0.3997,0.4045,13772863.2,2026-01-15T07:59:59.999000+00:00,5541476.18081,23058
2026-01-15T08:00:00+00:00,0.4044,0.4067,0.4011,0.4048,18504906.3,2026-01-15T11:59:59.999000+00:00,7478946.97107,34157
2026-01-15T12:00:00+00:00,0.4048,0.4107,0.3934,0.3997,42198937.8,2026-01-15T15:59:59.999000+00:00,17012782.50003,55375
2026-01-15T16:00:00+00:00,0.3996,0.401,0.3894,0.3925,27128447.6,2026-01-15T19:59:59.999000+00:00,10719458.57865,43781
2026-01-15T20:00:00+00:00,0.3925,0.3946,0.3891,0.3936,12139359.8,2026-01-15T23:59:59.999000+00:00,4763112.937,21046
2026-01-16T00:00:00+00:00,0.3937,0.3944,0.3897,0.3915,9633510.2,2026-01-16T03:59:59.999000+00:00,3777817.93798,17665
2026-01-16T04:00:00+00:00,0.3914,0.3945,0.3885,0.3926,9712138.2,2026-01-16T07:59:59.999000+00:00,3804358.97125,16181
2026-01-16T08:00:00+00:00,0.3926,0.3938,0.3904,0.3927,8027445.3,2026-01-16T11:59:59.999000+00:00,3148633.0678,11810
2026-01-16T12:00:00+00:00,0.3928,0.3929,0.3788,0.3816,32585618.1,2026-01-16T15:59:59.999000+00:00,12576009.46148,47551
2026-01-16T16:00:00+00:00,0.3816,0.388,0.3803,0.3868,18866894.2,2026-01-16T19:59:59.999000+00:00,7249570.12819,26669
2026-01-16T20:00:00+00:00,0.3868,0.3987,0.3849,0.3955,25770432.2,2026-01-16T23:59:59.999000+00:00,10173103.88173,29071
2026-01-17T00:00:00+00:00,0.3956,0.3974,0.3935,0.3946,9761324.3,2026-01-17T03:59:59.999000+00:00,3861249.90527,13964
2026-01-17T04:00:00+00:00,0.3945,0.3969,0.3937,0.3956,4540790.6,2026-01-17T07:59:59.999000+00:00,1795487.61727,9382
2026-01-17T08:00:00+00:00,0.3956,0.3971,0.3946,0.3948,6121053.4,2026-01-17T11:59:59.999000+00:00,2423589.1807,9754
2026-01-17T12:00:00+00:00,0.3947,0.4027,0.3945,0.4026,12294376.1,2026-01-17T15:59:59.999000+00:00,4910744.10942,18433
2026-01-17T16:00:00+00:00,0.4026,0.4042,0.3987,0.4002,10391796.0,2026-01-17T19:59:59.999000+00:00,4165653.92507,16563
2026-01-17T20:00:00+00:00,0.4002,0.4022,0.395,0.3973,7444033.6,2026-01-17T23:59:59.999000+00:00,2962120.33892,13324
2026-01-18T00:00:00+00:00,0.3973,0.3988,0.3928,0.3956,10690040.4,2026-01-18T03:59:59.999000+00:00,4231222.06892,14708
2026-01-18T04:00:00+00:00,0.3956,0.396,0.3932,0.3942,4703396.2,2026-01-18T07:59:59.999000+00:00,1856550.05798,10211
2026-01-18T08:00:00+00:00,0.3942,0.3948,0.392,0.3929,10348989.8,2026-01-18T11:59:59.999000+00:00,4069364.20991,14594
2026-01-18T12:00:00+00:00,0.3929,0.3953,0.3894,0.3924,12690215.9,2026-01-18T15:59:59.999000+00:00,4976745.53294,19313
2026-01-18T16:00:00+00:00,0.3925,0.3962,0.39,0.3927,9040321.0,2026-01-18T19:59:59.999000+00:00,3553293.91649,17236
2026-01-18T20:00:00+00:00,0.3926,0.3971,0.3747,0.3758,31784561.9,2026-01-18T23:59:59.999000+00:00,12200987.33468,51757
2026-01-19T00:00:00+00:00,0.3757,0.3757,0.3421,0.3656,126522019.3,2026-01-19T03:59:59.999000+00:00,45620001.32173,141493
2026-01-19T04:00:00+00:00,0.3655,0.3669,0.3606,0.3641,39713108.6,2026-01-19T07:59:59.999000+00:00,14446948.55499,31165
2026-01-19T08:00:00+00:00,0.3641,0.373,0.3634,0.3693,58218012.2,2026-01-19T11:59:59.999000+00:00,21493962.57247,47433
2026-01-19T12:00:00+00:00,0.3692,0.3706,0.3652,0.3668,14746516.5,2026-01-19T15:59:59.999000+00:00,5418430.3703,22890
2026-01-19T16:00:00+00:00,0.3668,0.373,0.3664,0.371,9648324.8,2026-01-19T19:59:59.999000+00:00,3567476.88521,20189
2026-01-19T20:00:00+00:00,0.371,0.3726,0.367,0.3703,10269968.9,2026-01-19T23:59:59.999000+00:00,3799875.62623,18961
2026-01-20T00:00:00+00:00,0.3703,0.3706,0.3655,0.3666,9908833.2,2026-01-20T03:59:59.999000+00:00,3644902.18098,18511
2026-01-20T04:00:00+00:00,0.3665,0.3689,0.3638,0.366,37193520.1,2026-01-20T07:59:59.999000+00:00,13626446.38207,34042
2026-01-20T08:00:00+00:00,0.3661,0.3667,0.3574,0.3578,39853156.6,2026-01-20T11:59:59.999000+00:00,14370390.81576,42057
2026-01-20T12:00:00+00:00,0.3578,0.3641,0.3558,0.3594,43652405.5,2026-01-20T15:59:59.999000+00:00,15673580.88011,53806
2026-01-20T16:00:00+00:00,0.3593,0.3604,0.3499,0.3524,25694899.2,2026-01-20T19:59:59.999000+00:00,9071624.24559,36499
2026-01-20T20:00:00+00:00,0.3524,0.3543,0.3467,0.3507,19606748.9,2026-01-20T23:59:59.999000+00:00,6884505.25681,25148
2026-01-21T00:00:00+00:00,0.3506,0.361,0.3504,0.3582,14415549.6,2026-01-21T03:59:59.999000+00:00,5152059.26248,23711
2026-01-21T04:00:00+00:00,0.3583,0.363,0.3577,0.3597,11533903.4,2026-01-21T07:59:59.999000+00:00,4152986.57407,16877
2026-01-21T08:00:00+00:00,0.3597,0.3597,0.3544,0.3548,9452932.0,2026-01-21T11:59:59.999000+00:00,3380515.65575,15120
2026-01-21T12:00:00+00:00,0.3548,0.3639,0.3501,0.3624,47622584.8,2026-01-21T15:59:59.999000+00:00,17046100.12152,63385
2026-01-21T16:00:00+00:00,0.3625,0.3676,0.3466,0.3674,36135055.6,2026-01-21T19:59:59.999000+00:00,12868009.44999,67974
2026-01-21T20:00:00+00:00,0.3674,0.3739,0.3624,0.3659,27978431.1,2026-01-21T23:59:59.999000+00:00,10297844.76757,43197
2026-01-22T00:00:00+00:00,0.366,0.369,0.3633,0.364,13843100.0,2026-01-22T03:59:59.999000+00:00,5070487.50465,18835
2026-01-22T04:00:00+00:00,0.3639,0.3675,0.3634,0.3635,15868306.5,2026-01-22T07:59:59.999000+00:00,5797881.76898,17890
2026-01-22T08:00:00+00:00,0.3635,0.3664,0.3627,0.3637,8997956.2,2026-01-22T11:59:59.999000+00:00,3280416.74566,15029
2026-01-22T12:00:00+00:00,0.3638,0.3663,0.3554,0.3585,16380229.1,2026-01-22T15:59:59.999000+00:00,5901185.77072,33386
2026-01-22T16:00:00+00:00,0.3585,0.3633,0.3583,0.3615,10232837.9,2026-01-22T19:59:59.999000+00:00,3696068.79963,22546
2026-01-22T20:00:00+00:00,0.3615,0.3619,0.3577,0.3594,6222181.2,2026-01-22T23:59:59.999000+00:00,2238085.59746,12764
2026-01-23T00:00:00+00:00,0.3594,0.3634,0.3585,0.362,7413208.2,2026-01-23T03:59:59.999000+00:00,2672119.37931,13292
2026-01-23T04:00:00+00:00,0.362,0.3652,0.359,0.3613,9616072.7,2026-01-23T07:59:59.999000+00:00,3479429.93779,16585
2026-01-23T08:00:00+00:00,0.3612,0.3616,0.3576,0.36,11144005.1,2026-01-23T11:59:59.999000+00:00,4004682.28112,19808
2026-01-23T12:00:00+00:00,0.36,0.3615,0.3525,0.3604,15738702.4,2026-01-23T15:59:59.999000+00:00,5618925.00763,31103
2026-01-23T16:00:00+00:00,0.3604,0.3707,0.3597,0.3615,22952931.3,2026-01-23T19:59:59.999000+00:00,8364360.27734,39030
2026-01-23T20:00:00+00:00,0.3616,0.3628,0.3573,0.3602,8502690.5,2026-01-23T23:59:59.999000+00:00,3065825.16848,17368
2026-01-24T00:00:00+00:00,0.3603,0.3624,0.3584,0.3618,5361270.1,2026-01-24T03:59:59.999000+00:00,1930143.56654,9494
2026-01-24T04:00:00+00:00,0.3618,0.3625,0.3595,0.3596,4290913.3,2026-01-24T07:59:59.999000+00:00,1547608.31822,6745
2026-01-24T08:00:00+00:00,0.3596,0.3608,0.3586,0.36,2740441.5,2026-01-24T11:59:59.999000+00:00,985495.92126,5162
2026-01-24T12:00:00+00:00,0.3599,0.3605,0.3574,0.358,5928733.7,2026-01-24T15:59:59.999000+00:00,2128941.9825,8832
2026-01-24T16:00:00+00:00,0.358,0.3598,0.3564,0.3583,5066166.3,2026-01-24T19:59:59.999000+00:00,1815690.45095,7850
2026-01-24T20:00:00+00:00,0.3583,0.3602,0.3579,0.3583,2952338.8,2026-01-24T23:59:59.999000+00:00,1060191.86336,5538
2026-01-25T00:00:00+00:00,0.3583,0.3595,0.3543,0.3557,5422759.7,2026-01-25T03:59:59.999000+00:00,1936434.77702,10121
2026-01-25T04:00:00+00:00,0.3557,0.3578,0.3541,0.3558,4178009.5,2026-01-25T07:59:59.999000+00:00,1487681.98355,9170
2026-01-25T08:00:00+00:00,0.3558,0.3603,0.3538,0.3565,5960363.7,2026-01-25T11:59:59.999000+00:00,2126849.35087,12841
2026-01-25T12:00:00+00:00,0.3564,0.3572,0.3506,0.3524,8261478.2,2026-01-25T15:59:59.999000+00:00,2922836.98566,17781
2026-01-25T16:00:00+00:00,0.3523,0.3523,0.3327,0.3345,65681133.1,2026-01-25T19:59:59.999000+00:00,22455344.68705,84287
2026-01-25T20:00:00+00:00,0.3346,0.3398,0.333,0.3391,23548975.7,2026-01-25T23:59:59.999000+00:00,7924316.07001,31793
2026-01-26T00:00:00+00:00,0.339,0.3495,0.3388,0.3451,18734417.8,2026-01-26T03:59:59.999000+00:00,6465306.84431,27247
2026-01-26T04:00:00+00:00,0.3451,0.3499,0.3451,0.3482,10488116.0,2026-01-26T07:59:59.999000+00:00,3647805.41728,17644
2026-01-26T08:00:00+00:00,0.3483,0.3517,0.3449,0.3471,11891338.4,2026-01-26T11:59:59.999000+00:00,4138515.49836,15088
2026-01-26T12:00:00+00:00,0.3471,0.3584,0.3468,0.3524,25843842.8,2026-01-26T15:59:59.999000+00:00,9098892.51745,40490
2026-01-26T16:00:00+00:00,0.3524,0.356,0.3494,0.3522,15830720.3,2026-01-26T19:59:59.999000+00:00,5591630.18042,28767
2026-01-26T20:00:00+00:00,0.3521,0.3545,0.349,0.3521,9986432.0,2026-01-26T23:59:59.999000+00:00,3516459.47342,16174
2026-01-27T00:00:00+00:00,0.3521,0.3553,0.3511,0.3527,12668753.9,2026-01-27T03:59:59.999000+00:00,4481109.33671,15065
2026-01-27T04:00:00+00:00,0.3526,0.3548,0.3509,0.3519,5461648.6,2026-01-27T07:59:59.999000+00:00,1924694.55077,8852
2026-01-27T08:00:00+00:00,0.3519,0.3529,0.3489,0.3506,11938279.5,2026-01-27T11:59:59.999000+00:00,4183019.23135,12212
2026-01-27T12:00:00+00:00,0.3506,0.3527,0.3476,0.3516,11916212.6,2026-01-27T15:59:59.999000+00:00,4172561.99891,20187
2026-01-27T16:00:00+00:00,0.3517,0.3578,0.3492,0.3556,35295719.4,2026-01-27T19:59:59.999000+00:00,12487624.82129,43262
2026-01-27T20:00:00+00:00,0.3555,0.3636,0.3555,0.3608,20373862.3,2026-01-27T23:59:59.999000+00:00,7353108.32643,27285
2026-01-28T00:00:00+00:00,0.3607,0.3615,0.3562,0.3568,10381579.8,2026-01-28T03:59:59.999000+00:00,3717280.13942,15905
2026-01-28T04:00:00+00:00,0.3568,0.3592,0.355,0.3576,8438609.1,2026-01-28T07:59:59.999000+00:00,3011097.79833,13647
2026-01-28T08:00:00+00:00,0.3576,0.3647,0.3564,0.3645,13340596.1,2026-01-28T11:59:59.999000+00:00,4810392.74986,17795
2026-01-28T12:00:00+00:00,0.3644,0.365,0.3546,0.3572,30265541.2,2026-01-28T15:59:59.999000+00:00,10895991.97885,35156
2026-01-28T16:00:00+00:00,0.3572,0.3615,0.3551,0.3584,17243013.6,2026-01-28T19:59:59.999000+00:00,6164962.40018,31043
2026-01-28T20:00:00+00:00,0.3583,0.362,0.3551,0.3583,10622433.5,2026-01-28T23:59:59.999000+00:00,3810567.44172,20651
2026-01-29T00:00:00+00:00,0.3583,0.3592,0.3495,0.3512,16923824.6,2026-01-29T03:59:59.999000+00:00,5977542.90726,29131
2026-01-29T04:00:00+00:00,0.3511,0.3525,0.3473,0.3514,11209981.5,2026-01-29T07:59:59.999000+00:00,3923664.87218,13527
2026-01-29T08:00:00+00:00,0.3514,0.3518,0.3459,0.3466,10248901.1,2026-01-29T11:59:59.999000+00:00,3573018.76188,14617
2026-01-29T12:00:00+00:00,0.3466,0.3474,0.3297,0.3333,48890039.7,2026-01-29T15:59:59.999000+00:00,16448812.8345,68143
2026-01-29T16:00:00+00:00,0.3332,0.341,0.3272,0.3309,43061130.2,2026-01-29T19:59:59.999000+00:00,14322676.29372,57564
2026-01-29T20:00:00+00:00,0.3309,0.3365,0.3301,0.3347,14565538.2,2026-01-29T23:59:59.999000+00:00,4860914.31569,20196
2026-01-30T00:00:00+00:00,0.3346,0.3359,0.318,0.3251,48848382.3,2026-01-30T03:59:59.999000+00:00,15882535.11437,70073
2026-01-30T04:00:00+00:00,0.3251,0.3298,0.3197,0.3254,20504372.5,2026-01-30T07:59:59.999000+00:00,6671245.65495,31168
2026-01-30T08:00:00+00:00,0.3255,0.3292,0.3204,0.3279,14922923.0,2026-01-30T11:59:59.999000+00:00,4826462.94615,26610
2026-01-30T12:00:00+00:00,0.3279,0.3284,0.3208,0.3257,24760439.3,2026-01-30T15:59:59.999000+00:00,8048578.29062,43357
2026-01-30T16:00:00+00:00,0.3257,0.3319,0.3161,0.3291,38363655.8,2026-01-30T19:59:59.999000+00:00,12490308.12022,65500
2026-01-30T20:00:00+00:00,0.3291,0.3292,0.32,0.3208,27042398.5,2026-01-30T23:59:59.999000+00:00,8765670.4786,43641
2026-01-31T00:00:00+00:00,0.3208,0.3224,0.318,0.3184,15135467.3,2026-01-31T03:59:59.999000+00:00,4845166.23975,25235
2026-01-31T04:00:00+00:00,0.3184,0.3192,0.3104,0.3124,72606216.9,2026-01-31T07:59:59.999000+00:00,22804532.27924,49977
2026-01-31T08:00:00+00:00,0.3124,0.3132,0.307,0.3104,32122384.9,2026-01-31T11:59:59.999000+00:00,9963023.34171,32276
2026-01-31T12:00:00+00:00,0.3104,0.3109,0.2939,0.2963,74514568.0,2026-01-31T15:59:59.999000+00:00,22356485.05705,80373
2026-01-31T16:00:00+00:00,0.2962,0.3003,0.2685,0.2853,196899494.4,2026-01-31T19:59:59.999000+00:00,55921819.02386,199621
2026-01-31T20:00:00+00:00,0.2853,0.2958,0.2819,0.2936,44597545.2,2026-01-31T23:59:59.999000+00:00,12866651.05467,65429
2026-02-01T00:00:00+00:00,0.2937,0.2978,0.2915,0.2959,22658387.8,2026-02-01T03:59:59.999000+00:00,6687410.80061,33469
2026-02-01T04:00:00+00:00,0.2959,0.2992,0.2928,0.2963,22619871.8,2026-02-01T07:59:59.999000+00:00,6698483.76313,28493
2026-02-01T08:00:00+00:00,0.2962,0.298,0.2915,0.2955,16589635.8,2026-02-01T11:59:59.999000+00:00,4899470.3073,25445
2026-02-01T12:00:00+00:00,0.2954,0.2968,0.2848,0.2894,51678706.4,2026-02-01T15:59:59.999000+00:00,15070011.47777,62550
2026-02-01T16:00:00+00:00,0.2894,0.2929,0.2846,0.2869,30659478.9,2026-02-01T19:59:59.999000+00:00,8846015.59554,52513
2026-02-01T20:00:00+00:00,0.2869,0.2911,0.279,0.2858,39397841.7,2026-02-01T23:59:59.999000+00:00,11254400.89581,74214
2026-02-02T00:00:00+00:00,0.2859,0.2936,0.2764,0.2864,49965195.0,2026-02-02T03:59:59.999000+00:00,14253634.91,93162
2026-02-02T04:00:00+00:00,0.2865,0.29,0.2757,0.2841,54111869.6,2026-02-02T07:59:59.999000+00:00,15297712.51451,101165
2026-02-02T08:00:00+00:00,0.2841,0.2948,0.2841,0.2924,32385534.9,2026-02-02T11:59:59.999000+00:00,9399830.24611,50868
2026-02-02T12:00:00+00:00,0.2924,0.3033,0.2924,0.3014,45580717.7,2026-02-02T15:59:59.999000+00:00,13605378.11159,72216
2026-02-02T16:00:00+00:00,0.3014,0.3034,0.2991,0.3002,21106937.5,2026-02-02T19:59:59.999000+00:00,6354482.16544,32439
2026-02-02T20:00:00+00:00,0.3002,0.3016,0.2978,0.2991,14956360.2,2026-02-02T23:59:59.999000+00:00,4486380.00924,21613
2026-02-03T00:00:00+00:00,0.2991,0.3004,0.2934,0.2993,14594103.1,2026-02-03T03:59:59.999000+00:00,4342273.88967,25535
2026-02-03T04:00:00+00:00,0.2993,0.3019,0.2956,0.2993,12993042.7,2026-02-03T07:59:59.999000+00:00,3880333.20764,23076
2026-02-03T08:00:00+00:00,0.2994,0.3007,0.2938,0.2973,14595693.9,2026-02-03T11:59:59.999000+00:00,4333723.09756,25362
2026-02-03T12:00:00+00:00,0.2973,0.305,0.2933,0.3039,34746319.0,2026-02-03T15:59:59.999000+00:00,10372649.15281,58031
2026-02-03T16:00:00+00:00,0.304,0.304,0.2817,0.2949,62940634.9,2026-02-03T19:59:59.999000+00:00,18278371.25995,100494
2026-02-03T20:00:00+00:00,0.2948,0.3046,0.2897,0.2917,38983383.3,2026-02-03T23:59:59.999000+00:00,11600775.73149,64329
2026-02-04T00:00:00+00:00,0.2917,0.3018,0.2906,0.3011,18591843.9,2026-02-04T03:59:59.999000+00:00,5519473.96472,31276
2026-02-04T04:00:00+00:00,0.3012,0.3027,0.2964,0.2998,13328579.4,2026-02-04T07:59:59.999000+00:00,3992430.67163,22333
2026-02-04T08:00:00+00:00,0.2999,0.3027,0.2942,0.2972,24658110.1,2026-02-04T11:59:59.999000+00:00,7347504.42214,32593
2026-02-04T12:00:00+00:00,0.2972,0.2977,0.2834,0.2866,33007689.6,2026-02-04T15:59:59.999000+00:00,9579093.92151,70668
2026-02-04T16:00:00+00:00,0.2867,0.2934,0.2812,0.2924,58107227.9,2026-02-04T19:59:59.999000+00:00,16628868.36638,100680
2026-02-04T20:00:00+00:00,0.2925,0.2933,0.2803,0.2864,24063973.2,2026-02-04T23:59:59.999000+00:00,6907134.7442,49181
2026-02-05T00:00:00+00:00,0.2864,0.2899,0.2823,0.2828,26204618.9,2026-02-05T03:59:59.999000+00:00,7491760.20716,56862
2026-02-05T04:00:00+00:00,0.2828,0.2867,0.2785,0.2794,48369620.6,2026-02-05T07:59:59.999000+00:00,13638001.74261,68778
2026-02-05T08:00:00+00:00,0.2795,0.284,0.2671,0.2721,49890455.9,2026-02-05T11:59:59.999000+00:00,13696510.16082,64108
2026-02-05T12:00:00+00:00,0.2721,0.2779,0.2575,0.2623,108851122.4,2026-02-05T15:59:59.999000+00:00,29000852.79038,151296
2026-02-05T16:00:00+00:00,0.2623,0.2676,0.2531,0.2538,94668778.2,2026-02-05T19:59:59.999000+00:00,24569755.34361,159000
2026-02-05T20:00:00+00:00,0.2538,0.2565,0.2436,0.2455,140439483.2,2026-02-05T23:59:59.999000+00:00,34977221.19121,188561
2026-02-06T00:00:00+00:00,0.2455,0.2539,0.2205,0.249,219365444.4,2026-02-06T03:59:59.999000+00:00,51819291.41508,271166
2026-02-06T04:00:00+00:00,0.2491,0.2594,0.2479,0.2515,91951947.5,2026-02-06T07:59:59.999000+00:00,23366373.28499,82714
2026-02-06T08:00:00+00:00,0.2515,0.2639,0.2488,0.2616,91882909.5,2026-02-06T11:59:59.999000+00:00,23549426.22872,70128
2026-02-06T12:00:00+00:00,0.2615,0.2747,0.2599,0.2735,115894707.8,2026-02-06T15:59:59.999000+00:00,30944183.92825,105752
2026-02-06T16:00:00+00:00,0.2735,0.2843,0.2726,0.2782,102301950.8,2026-02-06T19:59:59.999000+00:00,28488919.17785,84200
2026-02-06T20:00:00+00:00,0.2782,0.2809,0.274,0.2762,62538814.3,2026-02-06T23:59:59.999000+00:00,17324039.91207,40909
2026-02-07T00:00:00+00:00,0.2761,0.2766,0.2708,0.2759,46194531.7,2026-02-07T03:59:59.999000+00:00,12661926.63561,42082
2026-02-07T04:00:00+00:00,0.276,0.278,0.2656,0.2683,83935783.5,2026-02-07T07:59:59.999000+00:00,22886582.37558,60826
2026-02-07T08:00:00+00:00,0.2682,0.2706,0.266,0.2672,60235625.3,2026-02-07T11:59:59.999000+00:00,16147382.5109,36716
2026-02-07T12:00:00+00:00,0.2671,0.2744,0.2668,0.2727,59893502.0,2026-02-07T15:59:59.999000+00:00,16250380.12895,45641
2026-02-07T16:00:00+00:00,0.2728,0.2798,0.2712,0.2746,178192291.8,2026-02-07T19:59:59.999000+00:00,49075086.43901,124502
2026-02-07T20:00:00+00:00,0.2746,0.2761,0.2703,0.2721,43822583.9,2026-02-07T23:59:59.999000+00:00,11985992.69401,26231
2026-02-08T00:00:00+00:00,0.2722,0.2737,0.2694,0.2698,41172003.4,2026-02-08T03:59:59.999000+00:00,11174770.99986,25510
2026-02-08T04:00:00+00:00,0.2697,0.2715,0.2686,0.2711,40097520.2,2026-02-08T07:59:59.999000+00:00,10838355.89874,20807
2026-02-08T08:00:00+00:00,0.2711,0.2763,0.2696,0.2746,50270236.6,2026-02-08T11:59:59.999000+00:00,13728399.69642,34086
2026-02-08T12:00:00+00:00,0.2747,0.2756,0.2708,0.2727,46798965.8,2026-02-08T15:59:59.999000+00:00,12818458.1901,29924
2026-02-08T16:00:00+00:00,0.2727,0.2748,0.267,0.2746,42467745.3,2026-02-08T19:59:59.999000+00:00,11536749.21018,29985
2026-02-08T20:00:00+00:00,0.2746,0.2766,0.2682,0.2701,45785948.9,2026-02-08T23:59:59.999000+00:00,12421642.13478,34915
2026-02-09T00:00:00+00:00,0.2701,0.274,0.2681,0.2735,42767887.8,2026-02-09T03:59:59.999000+00:00,11585503.30558,30903
2026-02-09T04:00:00+00:00,0.2735,0.2736,0.2689,0.2693,30105906.5,2026-02-09T07:59:59.999000+00:00,8170756.04341,18460
2026-02-09T08:00:00+00:00,0.2692,0.27,0.2596,0.2617,33557283.7,2026-02-09T11:59:59.999000+00:00,8867776.3773,32273
2026-02-09T12:00:00+00:00,0.2618,0.2683,0.2616,0.2679,28082287.2,2026-02-09T15:59:59.999000+00:00,7436418.552,35894
2026-02-09T16:00:00+00:00,0.2679,0.2736,0.2655,0.2711,20375046.8,2026-02-09T19:59:59.999000+00:00,5512255.65713,31831
2026-02-09T20:00:00+00:00,0.2711,0.2722,0.2679,0.2699,12428837.6,2026-02-09T23:59:59.999000+00:00,3359614.16478,17196
2026-02-10T00:00:00+00:00,0.27,0.2705,0.2645,0.2662,13952828.9,2026-02-10T03:59:59.999000+00:00,3736712.21805,16398
2026-02-10T04:00:00+00:00,0.2661,0.2682,0.2615,0.2629,20554574.4,2026-02-10T07:59:59.999000+00:00,5425553.07527,19918
2026-02-10T08:00:00+00:00,0.2629,0.2659,0.2627,0.2631,12934966.4,2026-02-10T11:59:59.999000+00:00,3417314.15061,13977
2026-02-10T12:00:00+00:00,0.2631,0.2662,0.2612,0.2634,22305848.5,2026-02-10T15:59:59.999000+00:00,5876381.73107,31016
2026-02-10T16:00:00+00:00,0.2635,0.2652,0.2597,0.2626,17254009.5,2026-02-10T19:59:59.999000+00:00,4525905.91735,24449
2026-02-10T20:00:00+00:00,0.2625,0.2631,0.2606,0.262,6923697.4,2026-02-10T23:59:59.999000+00:00,1813014.45842,9693
2026-02-11T00:00:00+00:00,0.2619,0.2648,0.2603,0.2625,7809794.8,2026-02-11T03:59:59.999000+00:00,2051284.86178,9013
2026-02-11T04:00:00+00:00,0.2625,0.2629,0.2546,0.2555,19950116.5,2026-02-11T07:59:59.999000+00:00,5139825.13923,24815
2026-02-11T08:00:00+00:00,0.2555,0.256,0.252,0.2554,10730831.9,2026-02-11T11:59:59.999000+00:00,2729091.5125,15906
2026-02-11T12:00:00+00:00,0.2553,0.2634,0.2504,0.2531,35727701.5,2026-02-11T15:59:59.999000+00:00,9148735.35851,51534
2026-02-11T16:00:00+00:00,0.2531,0.2598,0.2512,0.2572,17709367.9,2026-02-11T19:59:59.999000+00:00,4523314.6165,30136
2026-02-11T20:00:00+00:00,0.2572,0.2601,0.2542,0.2559,12948221.4,2026-02-11T23:59:59.999000+00:00,3330431.67822,17540
2026-02-12T00:00:00+00:00,0.2559,0.2596,0.2559,0.2592,7580167.8,2026-02-12T03:59:59.999000+00:00,1955134.14494,11661
2026-02-12T04:00:00+00:00,0.2592,0.263,0.2571,0.2627,8073414.9,2026-02-12T07:59:59.999000+00:00,2099092.86841,13520
2026-02-12T08:00:00+00:00,0.2627,0.2696,0.2614,0.2676,24982122.9,2026-02-12T11:59:59.999000+00:00,6647602.33985,23197
2026-02-12T12:00:00+00:00,0.2675,0.268,0.2623,0.2626,27456543.9,2026-02-12T15:59:59.999000+00:00,7293189.29851,34466
2026-02-12T16:00:00+00:00,0.2626,0.2647,0.2575,0.2617,29814033.2,2026-02-12T19:59:59.999000+00:00,7761620.08788,41336
2026-02-12T20:00:00+00:00,0.2616,0.2648,0.2582,0.2643,13239722.0,2026-02-12T23:59:59.999000+00:00,3463226.02918,15902
2026-02-13T00:00:00+00:00,0.2643,0.2655,0.2615,0.2629,14162028.4,2026-02-13T03:59:59.999000+00:00,3723470.86935,17748
2026-02-13T04:00:00+00:00,0.263,0.2635,0.2582,0.262,9673567.3,2026-02-13T07:59:59.999000+00:00,2525261.93904,13309
2026-02-13T08:00:00+00:00,0.2621,0.2643,0.2618,0.2639,10004559.2,2026-02-13T11:59:59.999000+00:00,2634174.8504,12462
2026-02-13T12:00:00+00:00,0.264,0.2737,0.2622,0.2691,37819917.3,2026-02-13T15:59:59.999000+00:00,10091239.05104,40429
2026-02-13T16:00:00+00:00,0.2692,0.2747,0.2684,0.2725,19126211.8,2026-02-13T19:59:59.999000+00:00,5209401.76838,26016
2026-02-13T20:00:00+00:00,0.2726,0.2744,0.2714,0.2728,10864519.2,2026-02-13T23:59:59.999000+00:00,2965596.55137,13210
2026-02-14T00:00:00+00:00,0.2729,0.278,0.2727,0.2773,8911601.8,2026-02-14T03:59:59.999000+00:00,2455469.75995,13283
2026-02-14T04:00:00+00:00,0.2774,0.2775,0.2738,0.2757,8397114.3,2026-02-14T07:59:59.999000+00:00,2314637.62061,11426
2026-02-14T08:00:00+00:00,0.2758,0.2844,0.2758,0.2831,16061723.2,2026-02-14T11:59:59.999000+00:00,4501752.99732,22686
2026-02-14T12:00:00+00:00,0.2832,0.2869,0.2805,0.2863,22186280.4,2026-02-14T15:59:59.999000+00:00,6283847.94095,30411
2026-02-14T16:00:00+00:00,0.2862,0.2997,0.2848,0.2985,31825075.2,2026-02-14T19:59:59.999000+00:00,9299067.49908,41171
2026-02-14T20:00:00+00:00,0.2985,0.3007,0.2943,0.295,24501903.4,2026-02-14T23:59:59.999000+00:00,7285914.80602,35251
2026-02-15T00:00:00+00:00,0.2949,0.2984,0.2926,0.2974,28749028.6,2026-02-15T03:59:59.999000+00:00,8492552.59668,44007
2026-02-15T04:00:00+00:00,0.2974,0.301,0.2963,0.3008,22486739.5,2026-02-15T07:59:59.999000+00:00,6717263.06916,33514
2026-02-15T08:00:00+00:00,0.3008,0.302,0.2898,0.2905,24293629.7,2026-02-15T11:59:59.999000+00:00,7180722.70744,33658
2026-02-15T12:00:00+00:00,0.2906,0.2911,0.2809,0.2842,33878054.7,2026-02-15T15:59:59.999000+00:00,9660234.03002,43950
2026-02-15T16:00:00+00:00,0.2843,0.2845,0.2775,0.2791,26555509.4,2026-02-15T19:59:59.999000+00:00,7451389.08694,35359
2026-02-15T20:00:00+00:00,0.2791,0.2829,0.278,0.2818,9087205.5,2026-02-15T23:59:59.999000+00:00,2548076.66663,15967
2026-02-16T00:00:00+00:00,0.2818,0.2835,0.2794,0.2802,5698828.6,2026-02-16T03:59:59.999000+00:00,1602636.00404,13582
2026-02-16T04:00:00+00:00,0.2802,0.2828,0.2773,0.2801,8973947.6,2026-02-16T07:59:59.999000+00:00,2510834.40188,14365
2026-02-16T08:00:00+00:00,0.2802,0.2859,0.2789,0.2829,13456259.8,2026-02-16T11:59:59.999000+00:00,3810843.29366,20193
2026-02-16T12:00:00+00:00,0.2829,0.2892,0.2769,0.279,27757575.7,2026-02-16T15:59:59.999000+00:00,7853610.89218,45153
2026-02-16T16:00:00+00:00,0.2791,0.284,0.2786,0.2823,9504546.7,2026-02-16T19:59:59.999000+00:00,2674757.25427,20680
2026-02-16T20:00:00+00:00,0.2822,0.2877,0.2814,0.2858,11664520.3,2026-02-16T23:59:59.999000+00:00,3327196.52871,17884
2026-02-17T00:00:00+00:00,0.2859,0.2892,0.283,0.2865,8507905.2,2026-02-17T03:59:59.999000+00:00,2435514.14454,15657
2026-02-17T04:00:00+00:00,0.2865,0.2899,0.2837,0.2865,15685436.8,2026-02-17T07:59:59.999000+00:00,4507350.22358,18351
2026-02-17T08:00:00+00:00,0.2866,0.2872,0.2794,0.2804,12438452.7,2026-02-17T11:59:59.999000+00:00,3507619.24131,18561
2026-02-17T12:00:00+00:00,0.2804,0.2845,0.2773,0.2813,17941044.5,2026-02-17T15:59:59.999000+00:00,5036875.17591,37529
2026-02-17T16:00:00+00:00,0.2814,0.2868,0.2785,0.2832,14130369.6,2026-02-17T19:59:59.999000+00:00,4007925.2624,29414
2026-02-17T20:00:00+00:00,0.2831,0.2837,0.2803,0.2811,6357830.4,2026-02-17T23:59:59.999000+00:00,1791523.33914,11901
2026-02-18T00:00:00+00:00,0.2811,0.284,0.279,0.2832,7072103.1,2026-02-18T03:59:59.999000+00:00,1989845.97979,11798
2026-02-18T04:00:00+00:00,0.2832,0.285,0.2817,0.2845,6346300.9,2026-02-18T07:59:59.999000+00:00,1796546.67954,10370
2026-02-18T08:00:00+00:00,0.2846,0.2866,0.2804,0.2807,16165138.8,2026-02-18T11:59:59.999000+00:00,4577208.15037,18343
2026-02-18T12:00:00+00:00,0.2808,0.2874,0.2786,0.284,17769056.0,2026-02-18T15:59:59.999000+00:00,5020173.84006,27963
2026-02-18T16:00:00+00:00,0.2841,0.2841,0.2714,0.2736,21304394.0,2026-02-18T19:59:59.999000+00:00,5900845.17525,33734
2026-02-18T20:00:00+00:00,0.2736,0.2759,0.2724,0.2735,12009071.6,2026-02-18T23:59:59.999000+00:00,3287325.46773,17397
2026-02-19T00:00:00+00:00,0.2735,0.2759,0.2722,0.2752,10669211.3,2026-02-19T03:59:59.999000+00:00,2922290.68212,13795
2026-02-19T04:00:00+00:00,0.2752,0.2774,0.2734,0.2764,7059961.3,2026-02-19T07:59:59.999000+00:00,1944312.16959,12179
2026-02-19T08:00:00+00:00,0.2764,0.2765,0.2721,0.2722,17269476.8,2026-02-19T11:59:59.999000+00:00,4732482.49385,18354
2026-02-19T12:00:00+00:00,0.2722,0.2739,0.2685,0.2702,20090052.1,2026-02-19T15:59:59.999000+00:00,5440932.78886,33513
2026-02-19T16:00:00+00:00,0.2703,0.274,0.267,0.2729,16075885.0,2026-02-19T19:59:59.999000+00:00,4344973.01583,26991
2026-02-19T20:00:00+00:00,0.2729,0.2734,0.2706,0.2729,5983759.3,2026-02-19T23:59:59.999000+00:00,1630373.12052,11132
2026-02-20T00:00:00+00:00,0.273,0.2753,0.2723,0.2738,4807729.0,2026-02-20T03:59:59.999000+00:00,1318458.30152,10533
2026-02-20T04:00:00+00:00,0.2739,0.2761,0.271,0.2737,8380502.7,2026-02-20T07:59:59.999000+00:00,2297922.95224,13556
2026-02-20T08:00:00+00:00,0.2737,0.28,0.2734,0.2768,12370692.2,2026-02-20T11:59:59.999000+00:00,3429708.15111,17562
2026-02-20T12:00:00+00:00,0.2769,0.2889,0.2699,0.2888,38027394.1,2026-02-20T15:59:59.999000+00:00,10629276.4091,62879
2026-02-20T16:00:00+00:00,0.2889,0.2938,0.2802,0.283,49069416.9,2026-02-20T19:59:59.999000+00:00,14053040.99862,75670
2026-02-20T20:00:00+00:00,0.283,0.2861,0.2823,0.2849,10123497.9,2026-02-20T23:59:59.999000+00:00,2878724.03773,16070
2026-02-21T00:00:00+00:00,0.2849,0.2855,0.2822,0.2831,6643344.5,2026-02-21T03:59:59.999000+00:00,1882858.90851,12429
2026-02-21T04:00:00+00:00,0.2832,0.2844,0.2808,0.2814,5576495.8,2026-02-21T07:59:59.999000+00:00,1573897.3273,10461
2026-02-21T08:00:00+00:00,0.2814,0.2865,0.2812,0.2835,7353844.3,2026-02-21T11:59:59.999000+00:00,2091169.9458,12758
2026-02-21T12:00:00+00:00,0.2835,0.2852,0.2817,0.2825,10021272.6,2026-02-21T15:59:59.999000+00:00,2838649.47772,14978
2026-02-21T16:00:00+00:00,0.2825,0.2828,0.2795,0.2803,13073169.9,2026-02-21T19:59:59.999000+00:00,3672558.06139,17287
2026-02-21T20:00:00+00:00,0.2802,0.2815,0.279,0.28,7868488.2,2026-02-21T23:59:59.999000+00:00,2205465.16796,10528
2026-02-22T00:00:00+00:00,0.2799,0.2802,0.2756,0.2772,8010233.7,2026-02-22T03:59:59.999000+00:00,2227012.50327,12709
2026-02-22T04:00:00+00:00,0.2772,0.2777,0.275,0.2758,7965594.7,2026-02-22T07:59:59.999000+00:00,2200667.47496,9072
2026-02-22T08:00:00+00:00,0.2758,0.2775,0.275,0.2759,6699902.5,2026-02-22T11:59:59.999000+00:00,1851477.99409,7702
2026-02-22T12:00:00+00:00,0.2759,0.2761,0.2703,0.2718,11181402.7,2026-02-22T15:59:59.999000+00:00,3048614.09621,16783
2026-02-22T16:00:00+00:00,0.2719,0.2719,0.2689,0.2699,9531032.0,2026-02-22T19:59:59.999000+00:00,2576945.91368,10620
2026-02-22T20:00:00+00:00,0.2699,0.272,0.2688,0.2717,6881445.0,2026-02-22T23:59:59.999000+00:00,1861977.01072,8520
2026-02-23T00:00:00+00:00,0.2717,0.2719,0.2571,0.2611,46839561.9,2026-02-23T03:59:59.999000+00:00,12260896.34886,68519
2026-02-23T04:00:00+00:00,0.2611,0.2676,0.2596,0.2667,12070313.4,2026-02-23T07:59:59.999000+00:00,3184434.71689,16262
2026-02-23T08:00:00+00:00,0.2666,0.2721,0.2648,0.2714,12432619.3,2026-02-23T11:59:59.999000+00:00,3350911.77854,17337
2026-02-23T12:00:00+00:00,0.2714,0.2755,0.2665,0.267,22383489.1,2026-02-23T15:59:59.999000+00:00,6074071.92786,31834
2026-02-23T16:00:00+00:00,0.2669,0.2685,0.2603,0.262,19325642.9,2026-02-23T19:59:59.999000+00:00,5096218.83775,29663
2026-02-23T20:00:00+00:00,0.2619,0.265,0.2607,0.2623,11553169.1,2026-02-23T23:59:59.999000+00:00,3040327.87873,15327
2026-02-24T00:00:00+00:00,0.2623,0.2646,0.2576,0.2587,20833370.5,2026-02-24T03:59:59.999000+00:00,5429061.76563,31391
2026-02-24T04:00:00+00:00,0.2587,0.2593,0.2558,0.2576,14314452.8,2026-02-24T07:59:59.999000+00:00,3683543.20753,19574
2026-02-24T08:00:00+00:00,0.2577,0.2587,0.2562,0.2574,14632959.9,2026-02-24T11:59:59.999000+00:00,3765200.07677,12120
2026-02-24T12:00:00+00:00,0.2574,0.2612,0.2536,0.2597,21437374.1,2026-02-24T15:59:59.999000+00:00,5508575.07056,30780
2026-02-24T16:00:00+00:00,0.2597,0.2628,0.2593,0.2605,13350739.6,2026-02-24T19:59:59.999000+00:00,3485449.45303,21065
2026-02-24T20:00:00+00:00,0.2605,0.2611,0.2576,0.2587,8160078.3,2026-02-24T23:59:59.999000+00:00,2118383.10451,12719
2026-02-25T00:00:00+00:00,0.2587,0.2716,0.2579,0.266,33112335.2,2026-02-25T03:59:59.999000+00:00,8835871.16696,38148
2026-02-25T04:00:00+00:00,0.2661,0.2669,0.2622,0.2661,13754573.3,2026-02-25T07:59:59.999000+00:00,3646453.50985,15383
2026-02-25T08:00:00+00:00,0.2662,0.2714,0.2655,0.271,13862063.2,2026-02-25T11:59:59.999000+00:00,3731932.48364,16314
2026-02-25T12:00:00+00:00,0.271,0.2926,0.271,0.2905,68842076.9,2026-02-25T15:59:59.999000+00:00,19511240.81795,87996
2026-02-25T16:00:00+00:00,0.2905,0.3036,0.2905,0.3028,77649537.0,2026-02-25T19:59:59.999000+00:00,23032804.55591,87254
2026-02-25T20:00:00+00:00,0.3029,0.3136,0.2943,0.2971,119923766.8,2026-02-25T23:59:59.999000+00:00,36836732.78285,146134
2026-02-26T00:00:00+00:00,0.2971,0.301,0.2939,0.2953,29968313.5,2026-02-26T03:59:59.999000+00:00,8900629.8486,59123
2026-02-26T04:00:00+00:00,0.2952,0.3002,0.2928,0.2933,17213094.5,2026-02-26T07:59:59.999000+00:00,5090443.52242,29084
2026-02-26T08:00:00+00:00,0.2933,0.2958,0.2887,0.2894,32191636.3,2026-02-26T11:59:59.999000+00:00,9430507.99413,31413
2026-02-26T12:00:00+00:00,0.2893,0.2949,0.289,0.2916,29948573.2,2026-02-26T15:59:59.999000+00:00,8729910.28008,46814
2026-02-26T16:00:00+00:00,0.2916,0.2916,0.2822,0.2883,41287906.8,2026-02-26T19:59:59.999000+00:00,11819724.09685,45615
2026-02-26T20:00:00+00:00,0.2883,0.2897,0.2842,0.287,13361821.0,2026-02-26T23:59:59.999000+00:00,3826515.50985,14549
2026-02-27T00:00:00+00:00,0.287,0.2907,0.2849,0.2901,10279457.1,2026-02-27T03:59:59.999000+00:00,2953647.00362,17053
2026-02-27T04:00:00+00:00,0.2901,0.2963,0.2893,0.2903,25978354.7,2026-02-27T07:59:59.999000+00:00,7608691.30727,34555
2026-02-27T08:00:00+00:00,0.2903,0.2938,0.2814,0.2818,19511918.2,2026-02-27T11:59:59.999000+00:00,5618787.03225,32524
2026-02-27T12:00:00+00:00,0.2818,0.2848,0.2796,0.2807,21846755.8,2026-02-27T15:59:59.999000+00:00,6163409.608,38626
2026-02-27T16:00:00+00:00,0.2806,0.2806,0.2744,0.2756,18466145.5,2026-02-27T19:59:59.999000+00:00,5120195.98226,34019
2026-02-27T20:00:00+00:00,0.2756,0.2785,0.2726,0.2776,10243747.5,2026-02-27T23:59:59.999000+00:00,2828757.12048,19463
2026-02-28T00:00:00+00:00,0.2776,0.2796,0.2765,0.2768,8575618.9,2026-02-28T03:59:59.999000+00:00,2384478.25716,11905
2026-02-28T04:00:00+00:00,0.2769,0.2776,0.261,0.265,65199162.0,2026-02-28T07:59:59.999000+00:00,17441688.58126,74668
2026-02-28T08:00:00+00:00,0.265,0.2656,0.2594,0.2627,33091012.8,2026-02-28T11:59:59.999000+00:00,8687197.59798,37969
2026-02-28T12:00:00+00:00,0.2627,0.2718,0.2625,0.2679,33934671.1,2026-02-28T15:59:59.999000+00:00,9064913.98563,44390
2026-02-28T16:00:00+00:00,0.2679,0.2781,0.2662,0.2754,27519715.2,2026-02-28T19:59:59.999000+00:00,7489934.50894,37087
2026-02-28T20:00:00+00:00,0.2755,0.2843,0.2746,0.281,25912161.4,2026-02-28T23:59:59.999000+00:00,7245996.35174,40690
2026-03-01T00:00:00+00:00,0.281,0.2922,0.2775,0.2868,36752116.3,2026-03-01T03:59:59.999000+00:00,10536123.96151,61132
2026-03-01T04:00:00+00:00,0.2869,0.2881,0.2816,0.2827,15160872.0,2026-03-01T07:59:59.999000+00:00,4312759.31835,23163
2026-03-01T08:00:00+00:00,0.2828,0.2835,0.2774,0.2781,22871829.8,2026-03-01T11:59:59.999000+00:00,6400787.39686,34727
2026-03-01T12:00:00+00:00,0.278,0.2836,0.2748,0.2802,24244691.2,2026-03-01T15:59:59.999000+00:00,6783031.07002,38324
2026-03-01T16:00:00+00:00,0.2803,0.2822,0.2729,0.2736,24585223.8,2026-03-01T19:59:59.999000+00:00,6797370.38896,37809
2026-03-01T20:00:00+00:00,0.2736,0.277,0.2691,0.2735,27319064.7,2026-03-01T23:59:59.999000+00:00,7446898.30913,35541
2026-03-02T00:00:00+00:00,0.2735,0.2805,0.2721,0.2771,21683817.5,2026-03-02T03:59:59.999000+00:00,5983049.5759,34435
2026-03-02T04:00:00+00:00,0.2771,0.278,0.2691,0.2707,13645459.2,2026-03-02T07:59:59.999000+00:00,3729390.75965,20523
2026-03-02T08:00:00+00:00,0.2708,0.2745,0.2685,0.272,14701381.3,2026-03-02T11:59:59.999000+00:00,3991612.94866,23425
2026-03-02T12:00:00+00:00,0.2721,0.2867,0.2697,0.2842,43191747.6,2026-03-02T15:59:59.999000+00:00,12070372.32909,62176
2026-03-02T16:00:00+00:00,0.2843,0.2887,0.2782,0.2804,38303663.3,2026-03-02T19:59:59.999000+00:00,10849562.1205,56317
2026-03-02T20:00:00+00:00,0.2804,0.2824,0.2759,0.2771,16921832.6,2026-03-02T23:59:59.999000+00:00,4724255.51129,29135
2026-03-03T00:00:00+00:00,0.2771,0.2771,0.2717,0.2734,21338426.6,2026-03-03T03:59:59.999000+00:00,5862039.39629,29200
2026-03-03T04:00:00+00:00,0.2735,0.274,0.2678,0.2688,23582338.3,2026-03-03T07:59:59.999000+00:00,6378407.90392,27728
2026-03-03T08:00:00+00:00,0.2687,0.2701,0.2627,0.2647,29910818.8,2026-03-03T11:59:59.999000+00:00,7945298.33863,36656
2026-03-03T12:00:00+00:00,0.2647,0.2674,0.2615,0.2651,52524512.7,2026-03-03T15:59:59.999000+00:00,13865447.46048,60985
2026-03-03T16:00:00+00:00,0.2651,0.2721,0.2627,0.2636,41798481.3,2026-03-03T19:59:59.999000+00:00,11160668.46478,53275
2026-03-03T20:00:00+00:00,0.2636,0.2647,0.2604,0.2625,33275883.5,2026-03-03T23:59:59.999000+00:00,8739570.46684,28475
2026-03-04T00:00:00+00:00,0.2626,0.2663,0.2608,0.2627,22845244.2,2026-03-04T03:59:59.999000+00:00,6012803.25322,26747
2026-03-04T04:00:00+00:00,0.2627,0.2654,0.2584,0.265,32404733.6,2026-03-04T07:59:59.999000+00:00,8454757.47056,34734
2026-03-04T08:00:00+00:00,0.265,0.2743,0.2637,0.2687,62825422.9,2026-03-04T11:59:59.999000+00:00,17008096.74146,54376
2026-03-04T12:00:00+00:00,0.2687,0.2813,0.2658,0.2808,75752499.5,2026-03-04T15:59:59.999000+00:00,20777938.37956,76143
2026-03-04T16:00:00+00:00,0.2809,0.285,0.2771,0.2821,71731073.7,2026-03-04T19:59:59.999000+00:00,20169340.24057,64200
2026-03-04T20:00:00+00:00,0.2822,0.2828,0.2737,0.2763,30452841.2,2026-03-04T23:59:59.999000+00:00,8492400.15955,38601
2026-03-05T00:00:00+00:00,0.2763,0.2769,0.2726,0.2741,23266678.2,2026-03-05T03:59:59.999000+00:00,6384937.06501,27573
2026-03-05T04:00:00+00:00,0.2742,0.2765,0.2709,0.2722,17491549.7,2026-03-05T07:59:59.999000+00:00,4786815.10208,18858
2026-03-05T08:00:00+00:00,0.2722,0.2779,0.2702,0.2742,31291803.9,2026-03-05T11:59:59.999000+00:00,8564529.11984,30004
2026-03-05T12:00:00+00:00,0.2742,0.278,0.2697,0.2712,34963412.8,2026-03-05T15:59:59.999000+00:00,9571015.3332,48568
2026-03-05T16:00:00+00:00,0.2712,0.2719,0.2651,0.2694,27140495.0,2026-03-05T19:59:59.999000+00:00,7272156.21332,36182
2026-03-05T20:00:00+00:00,0.2694,0.272,0.2676,0.2692,12941563.2,2026-03-05T23:59:59.999000+00:00,3492589.51595,16733
2026-03-06T00:00:00+00:00,0.2691,0.2716,0.2671,0.2707,11197643.6,2026-03-06T03:59:59.999000+00:00,3022443.4668,13829
2026-03-06T04:00:00+00:00,0.2707,0.272,0.2672,0.2715,8709670.1,2026-03-06T07:59:59.999000+00:00,2344874.32125,14146
2026-03-06T08:00:00+00:00,0.2716,0.2716,0.2657,0.2663,12458479.4,2026-03-06T11:59:59.999000+00:00,3333968.95883,18557
2026-03-06T12:00:00+00:00,0.2662,0.2691,0.2558,0.2568,64933302.6,2026-03-06T15:59:59.999000+00:00,17008127.54381,69738
2026-03-06T16:00:00+00:00,0.2568,0.2606,0.2555,0.2586,25675701.0,2026-03-06T19:59:59.999000+00:00,6622087.59407,26709
2026-03-06T20:00:00+00:00,0.2585,0.2602,0.2573,0.259,8653011.9,2026-03-06T23:59:59.999000+00:00,2239020.03079,9023
2026-03-07T00:00:00+00:00,0.259,0.261,0.2586,0.2587,8346002.1,2026-03-07T03:59:59.999000+00:00,2165574.29631,8206
2026-03-07T04:00:00+00:00,0.2586,0.2592,0.2568,0.2584,8929922.0,2026-03-07T07:59:59.999000+00:00,2305851.88495,9359
2026-03-07T08:00:00+00:00,0.2583,0.2595,0.2575,0.2589,7480024.2,2026-03-07T11:59:59.999000+00:00,1931858.71659,8437
2026-03-07T12:00:00+00:00,0.2588,0.259,0.2517,0.2549,48248851.4,2026-03-07T15:59:59.999000+00:00,12268942.2909,36795
2026-03-07T16:00:00+00:00,0.2549,0.2573,0.2533,0.2543,17765623.8,2026-03-07T19:59:59.999000+00:00,4536980.50914,13881
2026-03-07T20:00:00+00:00,0.2543,0.2557,0.2529,0.2544,7613504.1,2026-03-07T23:59:59.999000+00:00,1938559.48805,10191
2026-03-08T00:00:00+00:00,0.2545,0.2548,0.2508,0.2521,9646053.1,2026-03-08T03:59:59.999000+00:00,2439018.73345,11869
2026-03-08T04:00:00+00:00,0.2521,0.2535,0.2496,0.2524,16161722.9,2026-03-08T07:59:59.999000+00:00,4062425.15023,14210
2026-03-08T08:00:00+00:00,0.2524,0.2574,0.2509,0.2548,18065888.0,2026-03-08T11:59:59.999000+00:00,4597716.06319,18429
2026-03-08T12:00:00+00:00,0.2548,0.2553,0.2481,0.2496,22658968.0,2026-03-08T15:59:59.999000+00:00,5689549.05521,25876
2026-03-08T16:00:00+00:00,0.2497,0.2543,0.2485,0.2533,14214119.9,2026-03-08T19:59:59.999000+00:00,3568950.10089,18295
2026-03-08T20:00:00+00:00,0.2532,0.2546,0.2458,0.2493,32166987.5,2026-03-08T23:59:59.999000+00:00,8033860.78461,40162
2026-03-09T00:00:00+00:00,0.2493,0.2567,0.2489,0.2536,19035848.3,2026-03-09T03:59:59.999000+00:00,4815402.70998,33639
2026-03-09T04:00:00+00:00,0.2537,0.2594,0.2524,0.255,23232019.6,2026-03-09T07:59:59.999000+00:00,5941479.36673,27061
2026-03-09T08:00:00+00:00,0.2551,0.2587,0.2535,0.2549,15054100.9,2026-03-09T11:59:59.999000+00:00,3855029.95619,21640
2026-03-09T12:00:00+00:00,0.255,0.2601,0.2543,0.2559,40148089.1,2026-03-09T15:59:59.999000+00:00,10336791.26573,37516
2026-03-09T16:00:00+00:00,0.2559,0.2629,0.2551,0.2595,27307622.0,2026-03-09T19:59:59.999000+00:00,7055823.31181,30957
2026-03-09T20:00:00+00:00,0.2595,0.2601,0.2547,0.2552,13721995.6,2026-03-09T23:59:59.999000+00:00,3527357.0442,16671
2026-03-10T00:00:00+00:00,0.2551,0.2636,0.255,0.2588,20230356.9,2026-03-10T03:59:59.999000+00:00,5262917.30673,24238
2026-03-10T04:00:00+00:00,0.2588,0.2618,0.2582,0.2604,12646282.1,2026-03-10T07:59:59.999000+00:00,3287814.3324,17217
2026-03-10T08:00:00+00:00,0.2605,0.2684,0.2602,0.2642,33430735.5,2026-03-10T11:59:59.999000+00:00,8875026.44481,30857
2026-03-10T12:00:00+00:00,0.2643,0.2738,0.261,0.2714,58420396.3,2026-03-10T15:59:59.999000+00:00,15616240.57109,62719
2026-03-10T16:00:00+00:00,0.2714,0.2739,0.262,0.2624,41432543.6,2026-03-10T19:59:59.999000+00:00,11137885.8579,42899
2026-03-10T20:00:00+00:00,0.2624,0.2645,0.2605,0.2621,23794332.9,2026-03-10T23:59:59.999000+00:00,6235011.81749,17295
2026-03-11T00:00:00+00:00,0.262,0.2626,0.2587,0.2597,21590131.6,2026-03-11T03:59:59.999000+00:00,5625408.84275,16264
2026-03-11T04:00:00+00:00,0.2597,0.2624,0.2566,0.2575,17134640.3,2026-03-11T07:59:59.999000+00:00,4439256.1913,15702
2026-03-11T08:00:00+00:00,0.2574,0.2601,0.2571,0.2588,14014169.7,2026-03-11T11:59:59.999000+00:00,3621577.83868,14465
2026-03-11T12:00:00+00:00,0.2587,0.2679,0.2579,0.2625,65685417.1,2026-03-11T15:59:59.999000+00:00,17321830.40961,52404
2026-03-11T16:00:00+00:00,0.2625,0.2668,0.2618,0.2652,17811844.7,2026-03-11T19:59:59.999000+00:00,4715066.25365,28288
2026-03-11T20:00:00+00:00,0.2651,0.2662,0.2617,0.2626,12149099.9,2026-03-11T23:59:59.999000+00:00,3206894.84342,14891
2026-03-12T00:00:00+00:00,0.2626,0.2631,0.2585,0.259,11346192.8,2026-03-12T03:59:59.999000+00:00,2957560.10166,13671
2026-03-12T04:00:00+00:00,0.259,0.261,0.258,0.2606,8360429.3,2026-03-12T07:59:59.999000+00:00,2168560.14078,10221
2026-03-12T08:00:00+00:00,0.2606,0.2638,0.26,0.2621,17136090.1,2026-03-12T11:59:59.999000+00:00,4490341.12118,18124
2026-03-12T12:00:00+00:00,0.262,0.2642,0.2583,0.262,24734841.6,2026-03-12T15:59:59.999000+00:00,6470395.15266,34472
2026-03-12T16:00:00+00:00,0.262,0.2636,0.2602,0.263,12046395.1,2026-03-12T19:59:59.999000+00:00,3158707.80369,20364
2026-03-12T20:00:00+00:00,0.263,0.2659,0.2616,0.2636,12449010.6,2026-03-12T23:59:59.999000+00:00,3282631.6478,13380
2026-03-13T00:00:00+00:00,0.2635,0.273,0.2629,0.2717,40604381.6,2026-03-13T03:59:59.999000+00:00,10964687.9871,48377
2026-03-13T04:00:00+00:00,0.2717,0.2758,0.2702,0.2716,30188613.8,2026-03-13T07:59:59.999000+00:00,8246704.088,34803
2026-03-13T08:00:00+00:00,0.2716,0.2759,0.2709,0.2743,20606108.2,2026-03-13T11:59:59.999000+00:00,5640623.2577,29652
2026-03-13T12:00:00+00:00,0.2744,0.2816,0.2706,0.2715,61484745.9,2026-03-13T15:59:59.999000+00:00,17026940.86444,60759
2026-03-13T16:00:00+00:00,0.2716,0.2731,0.2661,0.2673,26412942.8,2026-03-13T19:59:59.999000+00:00,7119263.74028,27461
2026-03-13T20:00:00+00:00,0.2673,0.2689,0.2636,0.2656,13317433.8,2026-03-13T23:59:59.999000+00:00,3545651.20986,16530
2026-03-14T00:00:00+00:00,0.2656,0.2661,0.263,0.2654,17615773.4,2026-03-14T03:59:59.999000+00:00,4661116.96777,15594
2026-03-14T04:00:00+00:00,0.2654,0.2666,0.2611,0.2617,18470382.7,2026-03-14T07:59:59.999000+00:00,4865866.28278,17023
2026-03-14T08:00:00+00:00,0.2617,0.262,0.2594,0.2611,20528951.5,2026-03-14T11:59:59.999000+00:00,5347125.53977,15869
2026-03-14T12:00:00+00:00,0.261,0.2619,0.2599,0.2607,13748453.6,2026-03-14T15:59:59.999000+00:00,3585892.27076,11105
2026-03-14T16:00:00+00:00,0.2606,0.2617,0.2585,0.2592,13238111.9,2026-03-14T19:59:59.999000+00:00,3438679.64712,12153
2026-03-14T20:00:00+00:00,0.2592,0.2638,0.2588,0.2634,14055779.9,2026-03-14T23:59:59.999000+00:00,3667597.22929,14806
2026-03-15T00:00:00+00:00,0.2634,0.2662,0.2612,0.2649,13265474.0,2026-03-15T03:59:59.999000+00:00,3495853.59089,17294
2026-03-15T04:00:00+00:00,0.2649,0.2673,0.2631,0.2647,13279819.0,2026-03-15T07:59:59.999000+00:00,3522887.37122,16010
2026-03-15T08:00:00+00:00,0.2648,0.2665,0.2645,0.2656,10681876.4,2026-03-15T11:59:59.999000+00:00,2836993.88728,11323
2026-03-15T12:00:00+00:00,0.2657,0.2665,0.2623,0.2638,10860294.5,2026-03-15T15:59:59.999000+00:00,2868300.47349,13632
2026-03-15T16:00:00+00:00,0.2637,0.2655,0.2621,0.2637,7305043.2,2026-03-15T19:59:59.999000+00:00,1925989.20009,14039
2026-03-15T20:00:00+00:00,0.2638,0.272,0.2626,0.2702,31475365.3,2026-03-15T23:59:59.999000+00:00,8461913.00771,37520
2026-03-16T00:00:00+00:00,0.2702,0.2805,0.2687,0.2774,54692447.3,2026-03-16T03:59:59.999000+00:00,15005631.70923,57138
2026-03-16T04:00:00+00:00,0.2774,0.2926,0.2774,0.2899,106125564.2,2026-03-16T07:59:59.999000+00:00,30349897.09919,92175
2026-03-16T08:00:00+00:00,0.29,0.2936,0.2842,0.2854,57222294.0,2026-03-16T11:59:59.999000+00:00,16443629.52832,55366
2026-03-16T12:00:00+00:00,0.2854,0.2894,0.2823,0.2835,41509398.0,2026-03-16T15:59:59.999000+00:00,11860208.51796,50204
2026-03-16T16:00:00+00:00,0.2836,0.2897,0.2835,0.2883,36572275.1,2026-03-16T19:59:59.999000+00:00,10492806.70034,39092
2026-03-16T20:00:00+00:00,0.2882,0.2919,0.2868,0.2904,39219628.3,2026-03-16T23:59:59.999000+00:00,11334166.44186,36731
2026-03-17T00:00:00+00:00,0.2904,0.2932,0.284,0.2857,36188854.2,2026-03-17T03:59:59.999000+00:00,10477475.02576,46436
2026-03-17T04:00:00+00:00,0.2858,0.2885,0.2819,0.2866,43099742.4,2026-03-17T07:59:59.999000+00:00,12263594.88985,49670
2026-03-17T08:00:00+00:00,0.2865,0.2885,0.2851,0.287,16579351.4,2026-03-17T11:59:59.999000+00:00,4752687.42573,20701
2026-03-17T12:00:00+00:00,0.287,0.2897,0.2836,0.2866,26584620.0,2026-03-17T15:59:59.999000+00:00,7609312.22375,38522
2026-03-17T16:00:00+00:00,0.2865,0.2916,0.2858,0.2885,18849293.4,2026-03-17T19:59:59.999000+00:00,5444753.39845,23798
2026-03-17T20:00:00+00:00,0.2886,0.2923,0.2878,0.2891,15925491.5,2026-03-17T23:59:59.999000+00:00,4623921.93047,17032
2026-03-18T00:00:00+00:00,0.2891,0.294,0.2864,0.2918,16748587.9,2026-03-18T03:59:59.999000+00:00,4854740.94778,20802
2026-03-18T04:00:00+00:00,0.2918,0.2955,0.2873,0.2885,20273516.7,2026-03-18T07:59:59.999000+00:00,5898144.77197,21518
2026-03-18T08:00:00+00:00,0.2886,0.2915,0.2786,0.2796,34556584.4,2026-03-18T11:59:59.999000+00:00,9819081.53373,34943
2026-03-18T12:00:00+00:00,0.2795,0.2799,0.2696,0.2716,45755977.3,2026-03-18T15:59:59.999000+00:00,12558575.29312,58171
2026-03-18T16:00:00+00:00,0.2715,0.2752,0.2699,0.2724,21079921.4,2026-03-18T19:59:59.999000+00:00,5737202.22274,29577
2026-03-18T20:00:00+00:00,0.2724,0.2748,0.27,0.2742,10540200.8,2026-03-18T23:59:59.999000+00:00,2877733.47876,15537
2026-03-19T00:00:00+00:00,0.2743,0.2767,0.2713,0.2746,12336170.1,2026-03-19T03:59:59.999000+00:00,3377724.6406,14814
2026-03-19T04:00:00+00:00,0.2747,0.2749,0.2664,0.2685,19703926.6,2026-03-19T07:59:59.999000+00:00,5325152.65535,27616
2026-03-19T08:00:00+00:00,0.2685,0.2718,0.2674,0.2688,17259671.9,2026-03-19T11:59:59.999000+00:00,4651925.10746,19995
2026-03-19T12:00:00+00:00,0.2687,0.2688,0.2631,0.2656,30312100.1,2026-03-19T15:59:59.999000+00:00,8042236.90345,39128
2026-03-19T16:00:00+00:00,0.2656,0.2691,0.2625,0.2674,15418641.9,2026-03-19T19:59:59.999000+00:00,4091949.57691,21783
2026-03-19T20:00:00+00:00,0.2674,0.2689,0.2656,0.2675,11733287.8,2026-03-19T23:59:59.999000+00:00,3138893.94752,11769
2026-03-20T00:00:00+00:00,0.2676,0.2709,0.2675,0.2698,13751279.4,2026-03-20T03:59:59.999000+00:00,3704906.03662,13749
2026-03-20T04:00:00+00:00,0.2699,0.273,0.2677,0.27,11886857.2,2026-03-20T07:59:59.999000+00:00,3217340.01266,16311
2026-03-20T08:00:00+00:00,0.27,0.2726,0.2673,0.268,12840938.1,2026-03-20T11:59:59.999000+00:00,3464943.42965,15543
2026-03-20T12:00:00+00:00,0.268,0.2691,0.2645,0.2668,16341914.4,2026-03-20T15:59:59.999000+00:00,4356988.3157,27643
2026-03-20T16:00:00+00:00,0.2668,0.2668,0.2616,0.264,18647005.8,2026-03-20T19:59:59.999000+00:00,4932335.61721,19538
2026-03-20T20:00:00+00:00,0.2641,0.2678,0.2622,0.2661,11646946.0,2026-03-20T23:59:59.999000+00:00,3088553.31183,12775
2026-03-21T00:00:00+00:00,0.2661,0.2674,0.2656,0.266,5641589.2,2026-03-21T03:59:59.999000+00:00,1502169.12508,6515
2026-03-21T04:00:00+00:00,0.266,0.267,0.2647,0.2649,9212057.4,2026-03-21T07:59:59.999000+00:00,2450678.47766,6166
2026-03-21T08:00:00+00:00,0.2648,0.2659,0.2639,0.2646,6827816.6,2026-03-21T11:59:59.999000+00:00,1806738.91506,6298
2026-03-21T12:00:00+00:00,0.2647,0.2654,0.263,0.2649,11554893.3,2026-03-21T15:59:59.999000+00:00,3053600.6456,10346
2026-03-21T16:00:00+00:00,0.2649,0.265,0.2636,0.2649,5508345.2,2026-03-21T19:59:59.999000+00:00,1455954.45908,6252
2026-03-21T20:00:00+00:00,0.2649,0.2664,0.2554,0.2574,29248650.5,2026-03-21T23:59:59.999000+00:00,7614321.85188,24159
2026-03-22T00:00:00+00:00,0.2573,0.2601,0.2523,0.2583,36343362.6,2026-03-22T03:59:59.999000+00:00,9308612.15647,36611
2026-03-22T04:00:00+00:00,0.2583,0.2592,0.2567,0.2568,9094506.4,2026-03-22T07:59:59.999000+00:00,2346172.88184,9327
2026-03-22T08:00:00+00:00,0.2567,0.2574,0.2549,0.2551,10087598.4,2026-03-22T11:59:59.999000+00:00,2581567.09004,12122
2026-03-22T12:00:00+00:00,0.2552,0.2572,0.2551,0.2557,13204558.7,2026-03-22T15:59:59.999000+00:00,3380364.71737,11630
2026-03-22T16:00:00+00:00,0.2557,0.2559,0.2506,0.2517,18745009.6,2026-03-22T19:59:59.999000+00:00,4754894.87072,16603
2026-03-22T20:00:00+00:00,0.2517,0.2529,0.248,0.2506,25722405.4,2026-03-22T23:59:59.999000+00:00,6438778.74829,28259
2026-03-23T00:00:00+00:00,0.2507,0.2543,0.2495,0.2513,13281639.9,2026-03-23T03:59:59.999000+00:00,3345464.07483,17066
2026-03-23T04:00:00+00:00,0.2513,0.253,0.2476,0.25,23369970.6,2026-03-23T07:59:59.999000+00:00,5859228.20976,19861
2026-03-23T08:00:00+00:00,0.2501,0.2644,0.2478,0.2588,91067125.9,2026-03-23T11:59:59.999000+00:00,23589533.10402,82554
2026-03-23T12:00:00+00:00,0.2589,0.267,0.2569,0.2611,42652837.3,2026-03-23T15:59:59.999000+00:00,11180257.7343,57775
2026-03-23T16:00:00+00:00,0.2612,0.2638,0.2586,0.261,15649818.4,2026-03-23T19:59:59.999000+00:00,4088891.93013,24191
2026-03-23T20:00:00+00:00,0.2609,0.2646,0.2602,0.2616,14261447.6,2026-03-23T23:59:59.999000+00:00,3740018.57073,13292
2026-03-24T00:00:00+00:00,0.2617,0.2625,0.2581,0.2616,13917713.2,2026-03-24T03:59:59.999000+00:00,3618099.07087,16412
2026-03-24T04:00:00+00:00,0.2617,0.266,0.2597,0.2657,16129604.7,2026-03-24T07:59:59.999000+00:00,4233089.74189,16959
2026-03-24T08:00:00+00:00,0.2658,0.2684,0.262,0.2638,24719915.5,2026-03-24T11:59:59.999000+00:00,6566189.0627,20495
2026-03-24T12:00:00+00:00,0.2637,0.2639,0.2591,0.261,20185329.7,2026-03-24T15:59:59.999000+00:00,5283865.83829,24525
2026-03-24T16:00:00+00:00,0.2611,0.262,0.2581,0.2602,14447682.7,2026-03-24T19:59:59.999000+00:00,3754553.92834,15911
2026-03-24T20:00:00+00:00,0.2601,0.2671,0.2599,0.2664,17179707.7,2026-03-24T23:59:59.999000+00:00,4552485.54426,19080
2026-03-25T00:00:00+00:00,0.2665,0.2692,0.2657,0.2677,17529957.3,2026-03-25T03:59:59.999000+00:00,4690552.75163,18131
2026-03-25T04:00:00+00:00,0.2677,0.2717,0.2669,0.2694,20534350.2,2026-03-25T07:59:59.999000+00:00,5529944.26319,18448
2026-03-25T08:00:00+00:00,0.2695,0.2748,0.2695,0.273,26619337.5,2026-03-25T11:59:59.999000+00:00,7248988.02235,24236
2026-03-25T12:00:00+00:00,0.2731,0.2769,0.2687,0.2703,33138253.9,2026-03-25T15:59:59.999000+00:00,9043722.49422,39374
2026-03-25T16:00:00+00:00,0.2703,0.2727,0.2696,0.2705,15062658.7,2026-03-25T19:59:59.999000+00:00,4082333.62158,21698
2026-03-25T20:00:00+00:00,0.2706,0.2714,0.2683,0.2705,7789813.7,2026-03-25T23:59:59.999000+00:00,2101502.21485,11109
2026-03-26T00:00:00+00:00,0.2704,0.2708,0.2657,0.2663,14720136.7,2026-03-26T03:59:59.999000+00:00,3946495.27784,13685
2026-03-26T04:00:00+00:00,0.2664,0.2666,0.2609,0.2621,19231802.0,2026-03-26T07:59:59.999000+00:00,5063948.513,15858
2026-03-26T08:00:00+00:00,0.2621,0.2621,0.2568,0.2573,27881104.7,2026-03-26T11:59:59.999000+00:00,7220709.98394,20865
2026-03-26T12:00:00+00:00,0.2573,0.2598,0.2544,0.256,28353954.7,2026-03-26T15:59:59.999000+00:00,7291288.38363,24356
2026-03-26T16:00:00+00:00,0.2561,0.2567,0.2531,0.2536,18758008.9,2026-03-26T19:59:59.999000+00:00,4778681.51348,16801
2026-03-26T20:00:00+00:00,0.2536,0.2575,0.2526,0.2547,38493662.4,2026-03-26T23:59:59.999000+00:00,9833194.99253,26745
2026-03-27T00:00:00+00:00,0.2547,0.2562,0.2534,0.2544,14653100.1,2026-03-27T03:59:59.999000+00:00,3734280.44581,12621
2026-03-27T04:00:00+00:00,0.2545,0.2557,0.2526,0.2547,14016423.7,2026-03-27T07:59:59.999000+00:00,3560615.24374,12322
2026-03-27T08:00:00+00:00,0.2548,0.2554,0.2442,0.2474,56152824.7,2026-03-27T11:59:59.999000+00:00,13968688.1356,37152
2026-03-27T12:00:00+00:00,0.2473,0.2498,0.2459,0.2477,35357829.3,2026-03-27T15:59:59.999000+00:00,8745819.17193,28369
2026-03-27T16:00:00+00:00,0.2477,0.2487,0.2452,0.2466,16434514.1,2026-03-27T19:59:59.999000+00:00,4054308.8132,20250
2026-03-27T20:00:00+00:00,0.2466,0.2472,0.245,0.2461,9014372.3,2026-03-27T23:59:59.999000+00:00,2217565.38796,9528
2026-03-28T00:00:00+00:00,0.2461,0.2473,0.2446,0.2448,15782380.3,2026-03-28T03:59:59.999000+00:00,3876316.9425,10735
2026-03-28T04:00:00+00:00,0.2448,0.2485,0.244,0.2484,10306826.0,2026-03-28T07:59:59.999000+00:00,2537093.14808,8839
2026-03-28T08:00:00+00:00,0.2485,0.2493,0.2472,0.2485,7906424.1,2026-03-28T11:59:59.999000+00:00,1963447.7864,8365
2026-03-28T12:00:00+00:00,0.2485,0.253,0.2467,0.2513,21423698.4,2026-03-28T15:59:59.999000+00:00,5359169.59894,19975
2026-03-28T16:00:00+00:00,0.2514,0.2518,0.2493,0.2498,8185807.9,2026-03-28T19:59:59.999000+00:00,2052920.0041,7703
2026-03-28T20:00:00+00:00,0.2499,0.2507,0.245,0.246,9663824.6,2026-03-28T23:59:59.999000+00:00,2392791.83336,10530
2026-03-29T00:00:00+00:00,0.2459,0.2474,0.245,0.2467,22798318.5,2026-03-29T03:59:59.999000+00:00,5614019.55369,16934
2026-03-29T04:00:00+00:00,0.2467,0.2467,0.2428,0.2451,19001114.3,2026-03-29T07:59:59.999000+00:00,4652192.61736,14058
2026-03-29T08:00:00+00:00,0.2452,0.2454,0.2414,0.2437,15803828.3,2026-03-29T11:59:59.999000+00:00,3845509.28659,13293
2026-03-29T12:00:00+00:00,0.2437,0.2437,0.2402,0.2415,16779125.6,2026-03-29T15:59:59.999000+00:00,4053386.92633,17069
2026-03-29T16:00:00+00:00,0.2415,0.2422,0.2395,0.24,15430498.2,2026-03-29T19:59:59.999000+00:00,3713096.60369,11851
2026-03-29T20:00:00+00:00,0.2399,0.242,0.2328,0.2398,34830999.0,2026-03-29T23:59:59.999000+00:00,8290370.59656,34320
2026-03-30T00:00:00+00:00,0.2398,0.2477,0.2394,0.2462,22549575.6,2026-03-30T03:59:59.999000+00:00,5507488.26579,25319
2026-03-30T04:00:00+00:00,0.2462,0.2494,0.2457,0.2487,18778150.0,2026-03-30T07:59:59.999000+00:00,4640542.28789,16618
2026-03-30T08:00:00+00:00,0.2487,0.2529,0.2476,0.2506,26023073.4,2026-03-30T11:59:59.999000+00:00,6510790.03051,23444
2026-03-30T12:00:00+00:00,0.2507,0.2517,0.2473,0.2484,16904101.1,2026-03-30T15:59:59.999000+00:00,4220264.24545,20931
2026-03-30T16:00:00+00:00,0.2485,0.2489,0.2425,0.2437,18117840.4,2026-03-30T19:59:59.999000+00:00,4444518.63976,20011
2026-03-30T20:00:00+00:00,0.2436,0.2462,0.2426,0.2434,10040887.8,2026-03-30T23:59:59.999000+00:00,2452801.04954,10970
2026-03-31T00:00:00+00:00,0.2435,0.2494,0.2433,0.2461,14624328.8,2026-03-31T03:59:59.999000+00:00,3607353.71809,18672
2026-03-31T04:00:00+00:00,0.2462,0.2465,0.2431,0.2436,20930332.4,2026-03-31T07:59:59.999000+00:00,5121204.33086,14318
2026-03-31T08:00:00+00:00,0.2437,0.2442,0.2396,0.2411,24181020.3,2026-03-31T11:59:59.999000+00:00,5840086.94526,21309
2026-03-31T12:00:00+00:00,0.2411,0.2455,0.2375,0.238,23437917.4,2026-03-31T15:59:59.999000+00:00,5661035.82856,27399
2026-03-31T16:00:00+00:00,0.2379,0.2423,0.2342,0.241,38891569.4,2026-03-31T19:59:59.999000+00:00,9299671.88792,41033
2026-03-31T20:00:00+00:00,0.2409,0.2427,0.2383,0.2418,20152474.8,2026-03-31T23:59:59.999000+00:00,4857273.50632,21149
2026-04-01T00:00:00+00:00,0.2418,0.2464,0.2413,0.2456,18149445.7,2026-04-01T03:59:59.999000+00:00,4415200.9708,20058
2026-04-01T04:00:00+00:00,0.2456,0.2548,0.2439,0.2498,44415960.8,2026-04-01T07:59:59.999000+00:00,11117793.69736,40746
2026-04-01T08:00:00+00:00,0.2499,0.2501,0.2458,0.2482,28367791.0,2026-04-01T11:59:59.999000+00:00,7027121.00293,23561
2026-04-01T12:00:00+00:00,0.2483,0.2512,0.2454,0.2491,28459670.4,2026-04-01T15:59:59.999000+00:00,7072190.92792,29393
2026-04-01T16:00:00+00:00,0.2493,0.2523,0.2481,0.2495,15560535.3,2026-04-01T19:59:59.999000+00:00,3886153.94203,21901
2026-04-01T20:00:00+00:00,0.2495,0.2506,0.2472,0.2484,11616751.8,2026-04-01T23:59:59.999000+00:00,2887973.07616,17020
2026-04-02T00:00:00+00:00,0.2484,0.2507,0.2378,0.2391,67856023.3,2026-04-02T03:59:59.999000+00:00,16560545.91602,57383
2026-04-02T04:00:00+00:00,0.2391,0.2393,0.2357,0.239,37118006.6,2026-04-02T07:59:59.999000+00:00,8823622.32912,33504
2026-04-02T08:00:00+00:00,0.2389,0.2394,0.2361,0.2369,24158881.6,2026-04-02T11:59:59.999000+00:00,5749765.15255,19427
2026-04-02T12:00:00+00:00,0.2369,0.2434,0.2348,0.2397,31378846.2,2026-04-02T15:59:59.999000+00:00,7497842.05342,35639
2026-04-02T16:00:00+00:00,0.2397,0.2427,0.238,0.2397,23921465.6,2026-04-02T19:59:59.999000+00:00,5744405.12347,18145
2026-04-02T20:00:00+00:00,0.2397,0.2409,0.2387,0.2394,11100036.9,2026-04-02T23:59:59.999000+00:00,2661165.04542,9847
2026-04-03T00:00:00+00:00,0.2394,0.2415,0.2388,0.2413,8713458.8,2026-04-03T03:59:59.999000+00:00,2091253.14362,10791
2026-04-03T04:00:00+00:00,0.2413,0.2452,0.2411,0.2435,14718944.7,2026-04-03T07:59:59.999000+00:00,3583800.86059,15384
2026-04-03T08:00:00+00:00,0.2436,0.2466,0.2427,0.2456,18435355.8,2026-04-03T11:59:59.999000+00:00,4508606.3576,16158
2026-04-03T12:00:00+00:00,0.2456,0.2514,0.2447,0.2461,35952986.3,2026-04-03T15:59:59.999000+00:00,8904947.50469,33780
2026-04-03T16:00:00+00:00,0.2461,0.2506,0.2458,0.2476,20410616.6,2026-04-03T19:59:59.999000+00:00,5062068.44776,19095
2026-04-03T20:00:00+00:00,0.2475,0.2487,0.2451,0.2463,8755354.9,2026-04-03T23:59:59.999000+00:00,2163766.23149,9827
2026-04-04T00:00:00+00:00,0.2463,0.247,0.2445,0.2468,7413841.8,2026-04-04T03:59:59.999000+00:00,1820903.91608,8432
2026-04-04T04:00:00+00:00,0.2468,0.2474,0.244,0.2453,11038160.3,2026-04-04T07:59:59.999000+00:00,2711705.54565,9925
2026-04-04T08:00:00+00:00,0.2454,0.2459,0.2432,0.245,6520376.8,2026-04-04T11:59:59.999000+00:00,1592363.25388,7080
2026-04-04T12:00:00+00:00,0.245,0.2468,0.2435,0.2452,6390270.9,2026-04-04T15:59:59.999000+00:00,1566330.99759,8467
2026-04-04T16:00:00+00:00,0.2452,0.25,0.245,0.2479,10497908.2,2026-04-04T19:59:59.999000+00:00,2600348.16074,11813
2026-04-04T20:00:00+00:00,0.2479,0.2485,0.2464,0.2479,8433617.6,2026-04-04T23:59:59.999000+00:00,2087924.41501,9043
2026-04-05T00:00:00+00:00,0.2479,0.2487,0.2466,0.2467,7991463.0,2026-04-05T03:59:59.999000+00:00,1976494.88392,7700
2026-04-05T04:00:00+00:00,0.2466,0.2469,0.2415,0.2421,9239463.9,2026-04-05T07:59:59.999000+00:00,2252406.06269,10076
2026-04-05T08:00:00+00:00,0.242,0.2432,0.24,0.2426,9474722.6,2026-04-05T11:59:59.999000+00:00,2290650.51266,10007
2026-04-05T12:00:00+00:00,0.2425,0.2458,0.2403,0.2436,12405070.7,2026-04-05T15:59:59.999000+00:00,3008924.88669,16266
2026-04-05T16:00:00+00:00,0.2435,0.2443,0.2426,0.2437,5874054.7,2026-04-05T19:59:59.999000+00:00,1430163.90724,7704
2026-04-05T20:00:00+00:00,0.2437,0.251,0.2421,0.2508,23524002.5,2026-04-05T23:59:59.999000+00:00,5812583.39224,27118
2026-04-06T00:00:00+00:00,0.2509,0.2594,0.2509,0.2569,51092568.6,2026-04-06T03:59:59.999000+00:00,13061973.26404,55321
2026-04-06T04:00:00+00:00,0.257,0.2587,0.2543,0.2552,28686588.5,2026-04-06T07:59:59.999000+00:00,7367785.65532,21940
2026-04-06T08:00:00+00:00,0.2553,0.2601,0.2549,0.2556,24777666.1,2026-04-06T11:59:59.999000+00:00,6380546.66003,24338
2026-04-06T12:00:00+00:00,0.2557,0.257,0.2537,0.2543,15430854.1,2026-04-06T15:59:59.999000+00:00,3935535.28039,20317
2026-04-06T16:00:00+00:00,0.2544,0.2545,0.2512,0.2521,13456635.8,2026-04-06T19:59:59.999000+00:00,3403530.51127,13622
2026-04-06T20:00:00+00:00,0.2522,0.2529,0.2448,0.2461,14384762.2,2026-04-06T23:59:59.999000+00:00,3568981.28806,19760
2026-04-07T00:00:00+00:00,0.246,0.2465,0.2435,0.2452,16182025.4,2026-04-07T03:59:59.999000+00:00,3967503.42327,21036
2026-04-07T04:00:00+00:00,0.2451,0.246,0.2424,0.2434,12406315.9,2026-04-07T07:59:59.999000+00:00,3027225.32815,13917
2026-04-07T08:00:00+00:00,0.2434,0.2457,0.2413,0.2423,23456034.0,2026-04-07T11:59:59.999000+00:00,5708660.00965,21650
2026-04-07T12:00:00+00:00,0.2423,0.2436,0.24,0.2423,24462680.7,2026-04-07T15:59:59.999000+00:00,5917531.3496,23148
2026-04-07T16:00:00+00:00,0.2423,0.247,0.2417,0.2466,12864284.8,2026-04-07T19:59:59.999000+00:00,3137234.31,15601
2026-04-07T20:00:00+00:00,0.2468,0.2664,0.2458,0.2627,79967954.1,2026-04-07T23:59:59.999000+00:00,20600094.94718,85666
2026-04-08T00:00:00+00:00,0.2627,0.2644,0.2595,0.2607,37257834.8,2026-04-08T03:59:59.999000+00:00,9763854.01342,39034
2026-04-08T04:00:00+00:00,0.2606,0.2637,0.2602,0.2612,16938822.6,2026-04-08T07:59:59.999000+00:00,4440159.68732,18116
2026-04-08T08:00:00+00:00,0.2611,0.2615,0.2559,0.2577,18498512.0,2026-04-08T11:59:59.999000+00:00,4795825.69343,18017
2026-04-08T12:00:00+00:00,0.2577,0.2597,0.2519,0.2542,30566958.6,2026-04-08T15:59:59.999000+00:00,7820107.10308,27916
2026-04-08T16:00:00+00:00,0.2541,0.2563,0.252,0.253,16175913.2,2026-04-08T19:59:59.999000+00:00,4109811.71566,14776
2026-04-08T20:00:00+00:00,0.253,0.2546,0.2498,0.2508,15613345.0,2026-04-08T23:59:59.999000+00:00,3933282.79499,14370
2026-04-09T00:00:00+00:00,0.2507,0.2508,0.2477,0.2491,11928364.2,2026-04-09T03:59:59.999000+00:00,2973423.2066,14750
2026-04-09T04:00:00+00:00,0.2491,0.2517,0.2485,0.2506,11077010.9,2026-04-09T07:59:59.999000+00:00,2770345.14928,12106
2026-04-09T08:00:00+00:00,0.2506,0.2523,0.2493,0.2507,13381844.8,2026-04-09T11:59:59.999000+00:00,3356054.99798,12350
2026-04-09T12:00:00+00:00,0.2506,0.2557,0.2488,0.2546,19846269.3,2026-04-09T15:59:59.999000+00:00,5006981.30843,19954
2026-04-09T16:00:00+00:00,0.2547,0.2569,0.2529,0.2557,16004602.9,2026-04-09T19:59:59.999000+00:00,4084636.45232,19797
2026-04-09T20:00:00+00:00,0.2557,0.2611,0.2534,0.2541,17143824.3,2026-04-09T23:59:59.999000+00:00,4403731.63187,22733
2026-04-10T00:00:00+00:00,0.2541,0.255,0.2513,0.2517,14228339.8,2026-04-10T03:59:59.999000+00:00,3600959.00052,19029
2026-04-10T04:00:00+00:00,0.2517,0.254,0.2498,0.2507,13315870.0,2026-04-10T07:59:59.999000+00:00,3352734.42684,16369
2026-04-10T08:00:00+00:00,0.2507,0.252,0.2498,0.2513,15392319.7,2026-04-10T11:59:59.999000+00:00,3859740.29458,16377
2026-04-10T12:00:00+00:00,0.2513,0.2566,0.2507,0.254,25547545.2,2026-04-10T15:59:59.999000+00:00,6477772.53215,25419
2026-04-10T16:00:00+00:00,0.254,0.2584,0.2536,0.2581,19564726.8,2026-04-10T19:59:59.999000+00:00,5007501.68796,20071
2026-04-10T20:00:00+00:00,0.258,0.2589,0.2538,0.2542,14983504.9,2026-04-10T23:59:59.999000+00:00,3839874.19782,15223
2026-04-11T00:00:00+00:00,0.2542,0.2553,0.2524,0.2532,14758882.8,2026-04-11T03:59:59.999000+00:00,3746938.13984,16686
2026-04-11T04:00:00+00:00,0.2531,0.2543,0.2496,0.2506,15845009.2,2026-04-11T07:59:59.999000+00:00,3981715.07679,19080
2026-04-11T08:00:00+00:00,0.2506,0.2508,0.2492,0.2497,19375056.9,2026-04-11T11:59:59.999000+00:00,4844184.11275,20516
2026-04-11T12:00:00+00:00,0.2498,0.2504,0.2464,0.2482,27210691.7,2026-04-11T15:59:59.999000+00:00,6761123.48476,24431
2026-04-11T16:00:00+00:00,0.2483,0.2554,0.248,0.2544,31468828.0,2026-04-11T19:59:59.999000+00:00,7908526.54114,32722
2026-04-11T20:00:00+00:00,0.2545,0.2551,0.2486,0.2495,25402565.3,2026-04-11T23:59:59.999000+00:00,6400528.66266,24700
2026-04-12T00:00:00+00:00,0.2495,0.2506,0.2423,0.2438,36251308.5,2026-04-12T03:59:59.999000+00:00,8899785.95108,42244
2026-04-12T04:00:00+00:00,0.2438,0.244,0.2413,0.2415,27957693.1,2026-04-12T07:59:59.999000+00:00,6782927.99614,19719
2026-04-12T08:00:00+00:00,0.2415,0.2415,0.2385,0.2406,39604311.0,2026-04-12T11:59:59.999000+00:00,9512247.33708,23761
2026-04-12T12:00:00+00:00,0.2406,0.2411,0.2373,0.2384,34135449.1,2026-04-12T15:59:59.999000+00:00,8156016.00691,22313
2026-04-12T16:00:00+00:00,0.2383,0.24,0.2377,0.2381,18469414.0,2026-04-12T19:59:59.999000+00:00,4410672.20213,12872
2026-04-12T20:00:00+00:00,0.2381,0.2399,0.2354,0.2361,25359134.1,2026-04-12T23:59:59.999000+00:00,6026041.92056,19828
2026-04-13T00:00:00+00:00,0.2362,0.2387,0.2358,0.2382,18215994.2,2026-04-13T03:59:59.999000+00:00,4327494.70322,14562
2026-04-13T04:00:00+00:00,0.2382,0.2398,0.2372,0.2381,15118000.8,2026-04-13T07:59:59.999000+00:00,3605127.29658,10977
2026-04-13T08:00:00+00:00,0.2381,0.2395,0.2374,0.2382,11066057.1,2026-04-13T11:59:59.999000+00:00,2637521.09609,8889
2026-04-13T12:00:00+00:00,0.2382,0.2433,0.2378,0.2394,36875493.7,2026-04-13T15:59:59.999000+00:00,8886355.49569,26225
2026-04-13T16:00:00+00:00,0.2393,0.2419,0.2374,0.2414,28339619.8,2026-04-13T19:59:59.999000+00:00,6787027.33418,22712
2026-04-13T20:00:00+00:00,0.2414,0.249,0.2389,0.2486,42647563.1,2026-04-13T23:59:59.999000+00:00,10446145.55772,35731
2026-04-14T00:00:00+00:00,0.2487,0.249,0.2436,0.2447,24618244.4,2026-04-14T03:59:59.999000+00:00,6050119.33903,19798
2026-04-14T04:00:00+00:00,0.2447,0.2457,0.2412,0.2434,20254267.6,2026-04-14T07:59:59.999000+00:00,4932927.89388,15155
2026-04-14T08:00:00+00:00,0.2435,0.2451,0.2423,0.2433,20131584.4,2026-04-14T11:59:59.999000+00:00,4906778.25067,15440
2026-04-14T12:00:00+00:00,0.2434,0.2496,0.2428,0.2444,39028242.7,2026-04-14T15:59:59.999000+00:00,9601571.01762,30961
2026-04-14T16:00:00+00:00,0.2444,0.2462,0.2388,0.2404,24437363.4,2026-04-14T19:59:59.999000+00:00,5923717.41062,21825
2026-04-14T20:00:00+00:00,0.2404,0.2417,0.2386,0.2396,17864783.8,2026-04-14T23:59:59.999000+00:00,4287472.54192,15042
2026-04-15T00:00:00+00:00,0.2396,0.2413,0.2389,0.2396,13984699.4,2026-04-15T03:59:59.999000+00:00,3357078.22692,11404
2026-04-15T04:00:00+00:00,0.2397,0.2419,0.2381,0.2383,20208632.4,2026-04-15T07:59:59.999000+00:00,4840320.60133,15036
2026-04-15T08:00:00+00:00,0.2383,0.2426,0.2382,0.2416,13459917.0,2026-04-15T11:59:59.999000+00:00,3233795.78944,11682
2026-04-15T12:00:00+00:00,0.2416,0.2439,0.2399,0.2427,18914271.0,2026-04-15T15:59:59.999000+00:00,4575700.08079,19736
2026-04-15T16:00:00+00:00,0.2426,0.2505,0.2423,0.249,36453007.3,2026-04-15T19:59:59.999000+00:00,8994348.46983,31763
2026-04-15T20:00:00+00:00,0.2489,0.2499,0.2449,0.246,25378685.1,2026-04-15T23:59:59.999000+00:00,6279259.27517,24553
2026-04-16T00:00:00+00:00,0.2461,0.25,0.2438,0.2492,23657349.3,2026-04-16T03:59:59.999000+00:00,5850204.73045,22128
2026-04-16T04:00:00+00:00,0.2492,0.2518,0.2485,0.2501,33110767.6,2026-04-16T07:59:59.999000+00:00,8283382.40843,31265
2026-04-16T08:00:00+00:00,0.2501,0.2506,0.2469,0.2484,24949990.1,2026-04-16T11:59:59.999000+00:00,6206641.94424,22439
2026-04-16T12:00:00+00:00,0.2484,0.2545,0.2454,0.2533,52000991.4,2026-04-16T15:59:59.999000+00:00,13016510.21717,50276
2026-04-16T16:00:00+00:00,0.2533,0.2608,0.2506,0.2604,58942515.4,2026-04-16T19:59:59.999000+00:00,15104628.55034,59893
2026-04-16T20:00:00+00:00,0.2603,0.2615,0.2567,0.2591,29804499.4,2026-04-16T23:59:59.999000+00:00,7711922.60379,30373
2026-04-17T00:00:00+00:00,0.2591,0.2599,0.254,0.255,24396505.9,2026-04-17T03:59:59.999000+00:00,6262815.22649,21009
2026-04-17T04:00:00+00:00,0.255,0.2565,0.252,0.2561,19568633.4,2026-04-17T07:59:59.999000+00:00,4976163.42193,14336
2026-04-17T08:00:00+00:00,0.2562,0.2599,0.2543,0.2575,35619852.6,2026-04-17T11:59:59.999000+00:00,9151468.70064,25511
2026-04-17T12:00:00+00:00,0.2576,0.268,0.2568,0.2635,75221055.2,2026-04-17T15:59:59.999000+00:00,19823884.16232,62734
2026-04-17T16:00:00+00:00,0.2636,0.2663,0.2604,0.2611,30651751.7,2026-04-17T19:59:59.999000+00:00,8078272.47505,28060
2026-04-17T20:00:00+00:00,0.2612,0.262,0.2573,0.2586,26166630.3,2026-04-17T23:59:59.999000+00:00,6806896.46932,17903
2026-04-18T00:00:00+00:00,0.2586,0.2596,0.2563,0.257,13660539.1,2026-04-18T03:59:59.999000+00:00,3523886.75523,14521
2026-04-18T04:00:00+00:00,0.2571,0.2589,0.256,0.2586,12663592.6,2026-04-18T07:59:59.999000+00:00,3265107.44588,10609
2026-04-18T08:00:00+00:00,0.2587,0.2587,0.2496,0.251,29039079.0,2026-04-18T11:59:59.999000+00:00,7364446.27814,22967
2026-04-18T12:00:00+00:00,0.251,0.2522,0.2497,0.2511,16213460.5,2026-04-18T15:59:59.999000+00:00,4072676.8383,15486
2026-04-18T16:00:00+00:00,0.251,0.251,0.2473,0.2488,22921305.1,2026-04-18T19:59:59.999000+00:00,5707331.88799,17318
2026-04-18T20:00:00+00:00,0.2488,0.2508,0.248,0.2491,9951923.2,2026-04-18T23:59:59.999000+00:00,2483405.93041,8311
2026-04-19T00:00:00+00:00,0.2492,0.2498,0.2469,0.2482,11330880.4,2026-04-19T03:59:59.999000+00:00,2814137.12474,10920
2026-04-19T04:00:00+00:00,0.2482,0.249,0.2444,0.246,20667424.2,2026-04-19T07:59:59.999000+00:00,5090919.02152,22528
2026-04-19T08:00:00+00:00,0.2459,0.2482,0.2445,0.2473,16489517.5,2026-04-19T11:59:59.999000+00:00,4057925.3456,12858
2026-04-19T12:00:00+00:00,0.2473,0.2509,0.2462,0.2488,29342291.1,2026-04-19T15:59:59.999000+00:00,7306390.57297,20352
2026-04-19T16:00:00+00:00,0.2489,0.2496,0.2443,0.2467,23012955.0,2026-04-19T19:59:59.999000+00:00,5670339.73401,24394
2026-04-19T20:00:00+00:00,0.2466,0.2466,0.2408,0.2424,34474681.4,2026-04-19T23:59:59.999000+00:00,8380896.67797,31108
2026-04-20T00:00:00+00:00,0.2424,0.2464,0.2419,0.2459,14665325.9,2026-04-20T03:59:59.999000+00:00,3582041.03569,12678
2026-04-20T04:00:00+00:00,0.2459,0.2492,0.2436,0.2467,15535279.6,2026-04-20T07:59:59.999000+00:00,3821299.70325,16151
2026-04-20T08:00:00+00:00,0.2467,0.2486,0.2443,0.2465,13984713.2,2026-04-20T11:59:59.999000+00:00,3448049.23949,14468
2026-04-20T12:00:00+00:00,0.2465,0.2494,0.2448,0.2478,21760753.9,2026-04-20T15:59:59.999000+00:00,5378872.12413,23770
2026-04-20T16:00:00+00:00,0.2478,0.2502,0.2456,0.2489,18077260.2,2026-04-20T19:59:59.999000+00:00,4487182.05788,16729
2026-04-20T20:00:00+00:00,0.2488,0.2514,0.2476,0.2479,18708465.9,2026-04-20T23:59:59.999000+00:00,4666142.92665,14188
2026-04-21T00:00:00+00:00,0.2479,0.2498,0.2465,0.247,11108879.4,2026-04-21T03:59:59.999000+00:00,2756323.49592,9389
2026-04-21T04:00:00+00:00,0.247,0.2503,0.2469,0.2495,10728642.8,2026-04-21T07:59:59.999000+00:00,2671447.20567,11040
2026-04-21T08:00:00+00:00,0.2494,0.2525,0.2493,0.2502,17822654.9,2026-04-21T11:59:59.999000+00:00,4464867.90716,13639
2026-04-21T12:00:00+00:00,0.2502,0.2507,0.2475,0.2488,19901527.7,2026-04-21T15:59:59.999000+00:00,4952227.85312,19401
2026-04-21T16:00:00+00:00,0.2488,0.2494,0.2441,0.2447,26940624.3,2026-04-21T19:59:59.999000+00:00,6638713.80234,28389
2026-04-21T20:00:00+00:00,0.2448,0.2501,0.2446,0.2499,18683507.8,2026-04-21T23:59:59.999000+00:00,4633574.59213,16624
2026-04-22T00:00:00+00:00,0.2499,0.2554,0.2488,0.2542,34826683.0,2026-04-22T03:59:59.999000+00:00,8788767.61258,29920
2026-04-22T04:00:00+00:00,0.2543,0.2576,0.2533,0.2548,27884297.7,2026-04-22T07:59:59.999000+00:00,7122987.74997,27569
2026-04-22T08:00:00+00:00,0.2549,0.2564,0.2542,0.2556,11508590.4,2026-04-22T11:59:59.999000+00:00,2939066.13254,13576
2026-04-22T12:00:00+00:00,0.2557,0.2562,0.254,0.255,22096565.0,2026-04-22T15:59:59.999000+00:00,5640119.70303,22621
2026-04-22T16:00:00+00:00,0.2551,0.2556,0.2513,0.2524,14749189.2,2026-04-22T19:59:59.999000+00:00,3736507.46312,12937
2026-04-22T20:00:00+00:00,0.2524,0.2526,0.2481,0.2484,15799798.2,2026-04-22T23:59:59.999000+00:00,3958557.03278,11330
2026-04-23T00:00:00+00:00,0.2483,0.2496,0.2453,0.2464,27083327.7,2026-04-23T03:59:59.999000+00:00,6699262.0029,27702
2026-04-23T04:00:00+00:00,0.2464,0.2484,0.2461,0.2469,13414307.9,2026-04-23T07:59:59.999000+00:00,3317119.42983,12129
2026-04-23T08:00:00+00:00,0.2469,0.2481,0.2449,0.2476,20788573.5,2026-04-23T11:59:59.999000+00:00,5116288.57779,17000
2026-04-23T12:00:00+00:00,0.2475,0.2508,0.2467,0.2503,20185818.1,2026-04-23T15:59:59.999000+00:00,5018021.00889,17488
2026-04-23T16:00:00+00:00,0.2504,0.2508,0.2446,0.2467,32117542.1,2026-04-23T19:59:59.999000+00:00,7931973.34509,25230
2026-04-23T20:00:00+00:00,0.2468,0.2504,0.2465,0.2499,12819098.2,2026-04-23T23:59:59.999000+00:00,3189566.17305,11172
2026-04-24T00:00:00+00:00,0.2499,0.2519,0.2481,0.2485,16331683.2,2026-04-24T03:59:59.999000+00:00,4087283.68178,16702
2026-04-24T04:00:00+00:00,0.2485,0.2496,0.2472,0.249,8366048.7,2026-04-24T07:59:59.999000+00:00,2077870.5241,9156
2026-04-24T08:00:00+00:00,0.2489,0.2519,0.248,0.2511,12629359.9,2026-04-24T11:59:59.999000+00:00,3155828.05159,13114
2026-04-24T12:00:00+00:00,0.2511,0.2523,0.2489,0.2522,10421567.5,2026-04-24T15:59:59.999000+00:00,2612612.13037,15707
2026-04-24T16:00:00+00:00,0.2522,0.2525,0.2506,0.2517,11258791.4,2026-04-24T19:59:59.999000+00:00,2832277.15989,13612
2026-04-24T20:00:00+00:00,0.2517,0.253,0.2499,0.2503,10152288.8,2026-04-24T23:59:59.999000+00:00,2552073.65792,9770
2026-04-25T00:00:00+00:00,0.2503,0.2522,0.2496,0.2517,15207909.0,2026-04-25T03:59:59.999000+00:00,3816395.36975,10842
2026-04-25T04:00:00+00:00,0.2517,0.2529,0.2503,0.2514,20322620.9,2026-04-25T07:59:59.999000+00:00,5117267.61495,11408
2026-04-25T08:00:00+00:00,0.2514,0.2539,0.2512,0.2517,11373361.0,2026-04-25T11:59:59.999000+00:00,2876379.9298,8851
2026-04-25T12:00:00+00:00,0.2517,0.2537,0.2497,0.2502,15469142.7,2026-04-25T15:59:59.999000+00:00,3894141.07017,11404
2026-04-25T16:00:00+00:00,0.2501,0.2507,0.2482,0.2491,10698201.9,2026-04-25T19:59:59.999000+00:00,2666515.49357,8653
2026-04-25T20:00:00+00:00,0.2491,0.2506,0.2489,0.2503,4279286.0,2026-04-25T23:59:59.999000+00:00,1068856.34879,4288
2026-04-26T00:00:00+00:00,0.2503,0.2503,0.2485,0.2494,5185877.3,2026-04-26T03:59:59.999000+00:00,1292741.39076,5425
2026-04-26T04:00:00+00:00,0.2495,0.2521,0.2489,0.2515,8340477.6,2026-04-26T07:59:59.999000+00:00,2093129.48948,8220
2026-04-26T08:00:00+00:00,0.2515,0.2544,0.25,0.2535,19219048.6,2026-04-26T11:59:59.999000+00:00,4850261.33961,13096
2026-04-26T12:00:00+00:00,0.2536,0.2539,0.2514,0.2529,8544958.5,2026-04-26T15:59:59.999000+00:00,2157498.0093,9374
2026-04-26T16:00:00+00:00,0.2529,0.2537,0.2508,0.2524,8987494.6,2026-04-26T19:59:59.999000+00:00,2267930.61179,8920
2026-04-26T20:00:00+00:00,0.2525,0.2535,0.2507,0.2522,10486273.3,2026-04-26T23:59:59.999000+00:00,2644512.68115,13013
2026-04-27T00:00:00+00:00,0.2522,0.2561,0.2516,0.254,15815680.9,2026-04-27T03:59:59.999000+00:00,4029321.6807,16718
2026-04-27T04:00:00+00:00,0.2541,0.2545,0.2463,0.247,28131107.2,2026-04-27T07:59:59.999000+00:00,7026426.16939,27681
2026-04-27T08:00:00+00:00,0.2471,0.2482,0.2465,0.2478,14167288.7,2026-04-27T11:59:59.999000+00:00,3504913.13679,14810
2026-04-27T12:00:00+00:00,0.2478,0.2487,0.243,0.2446,31678963.7,2026-04-27T15:59:59.999000+00:00,7788462.19365,28380
2026-04-27T16:00:00+00:00,0.2446,0.2461,0.2441,0.2453,9329419.3,2026-04-27T19:59:59.999000+00:00,2286381.35475,14219
2026-04-27T20:00:00+00:00,0.2454,0.2485,0.245,0.2482,6959531.5,2026-04-27T23:59:59.999000+00:00,1714024.97498,7810
2026-04-28T00:00:00+00:00,0.2481,0.2485,0.2465,0.2473,8468563.5,2026-04-28T03:59:59.999000+00:00,2096718.49559,9008
2026-04-28T04:00:00+00:00,0.2474,0.2488,0.245,0.2471,14452275.5,2026-04-28T07:59:59.999000+00:00,3570372.49073,10719
2026-04-28T08:00:00+00:00,0.247,0.2472,0.245,0.2456,11152533.1,2026-04-28T11:59:59.999000+00:00,2746127.52245,9474
2026-04-28T12:00:00+00:00,0.2457,0.2474,0.2443,0.2465,14512685.1,2026-04-28T15:59:59.999000+00:00,3568208.62601,13923
2026-04-28T16:00:00+00:00,0.2466,0.2477,0.2452,0.2474,6902320.0,2026-04-28T19:59:59.999000+00:00,1701429.1084,9229
2026-04-28T20:00:00+00:00,0.2474,0.2482,0.2463,0.2468,5064187.4,2026-04-28T23:59:59.999000+00:00,1252621.07471,5852
2026-04-29T00:00:00+00:00,0.2468,0.2495,0.2461,0.2491,10130415.1,2026-04-29T03:59:59.999000+00:00,2511110.93126,8758
2026-04-29T04:00:00+00:00,0.2491,0.2506,0.2484,0.2495,18184980.3,2026-04-29T07:59:59.999000+00:00,4537782.80335,13746
2026-04-29T08:00:00+00:00,0.2495,0.254,0.2492,0.2513,26852432.9,2026-04-29T11:59:59.999000+00:00,6761079.07234,23886
2026-04-29T12:00:00+00:00,0.2513,0.2514,0.2434,0.2441,35230532.3,2026-04-29T15:59:59.999000+00:00,8693391.82495,25733
2026-04-29T16:00:00+00:00,0.2441,0.2453,0.2383,0.2417,52160109.2,2026-04-29T19:59:59.999000+00:00,12604154.61385,44993
2026-04-29T20:00:00+00:00,0.2417,0.245,0.2413,0.2446,15162302.7,2026-04-29T23:59:59.999000+00:00,3691453.89916,11336
2026-04-30T00:00:00+00:00,0.2446,0.2478,0.2445,0.2468,20756191.0,2026-04-30T03:59:59.999000+00:00,5110706.42473,17938
2026-04-30T04:00:00+00:00,0.2467,0.247,0.2445,0.2468,8944593.8,2026-04-30T07:59:59.999000+00:00,2197972.32188,9990
2026-04-30T08:00:00+00:00,0.2467,0.2484,0.2454,0.2462,12309852.4,2026-04-30T11:59:59.999000+00:00,3036245.9656,11123
2026-04-30T12:00:00+00:00,0.2462,0.2483,0.245,0.2475,11386499.8,2026-04-30T15:59:59.999000+00:00,2805008.59638,14081
2026-04-30T16:00:00+00:00,0.2475,0.2476,0.2453,0.2463,6861681.2,2026-04-30T19:59:59.999000+00:00,1690277.52664,8546
2026-04-30T20:00:00+00:00,0.2463,0.2474,0.2454,0.2463,7124291.3,2026-04-30T23:59:59.999000+00:00,1756643.38306,6348
2026-05-01T00:00:00+00:00,0.2463,0.2504,0.246,0.2488,13588847.1,2026-05-01T03:59:59.999000+00:00,3375234.86262,12938
2026-05-01T04:00:00+00:00,0.2488,0.2499,0.2479,0.2486,9435873.9,2026-05-01T07:59:59.999000+00:00,2347859.57583,9931
2026-05-01T08:00:00+00:00,0.2487,0.2497,0.247,0.2478,8904993.7,2026-05-01T11:59:59.999000+00:00,2211631.00692,8673
2026-05-01T12:00:00+00:00,0.2479,0.2515,0.2477,0.2502,25106357.3,2026-05-01T15:59:59.999000+00:00,6270983.24062,20525
2026-05-01T16:00:00+00:00,0.2503,0.2509,0.2489,0.2498,9541322.1,2026-05-01T19:59:59.999000+00:00,2383117.21329,11137
2026-05-01T20:00:00+00:00,0.2498,0.2501,0.2475,0.2482,7247766.2,2026-05-01T23:59:59.999000+00:00,1802060.8419,6652
2026-05-02T00:00:00+00:00,0.2483,0.2488,0.2476,0.2481,6176095.7,2026-05-02T03:59:59.999000+00:00,1532579.66287,5558
2026-05-02T04:00:00+00:00,0.2481,0.2483,0.247,0.2476,6962826.7,2026-05-02T07:59:59.999000+00:00,1724030.90162,6076
2026-05-02T08:00:00+00:00,0.2476,0.2492,0.2474,0.2482,5931537.5,2026-05-02T11:59:59.999000+00:00,1473571.9552,5127
2026-05-02T12:00:00+00:00,0.2482,0.2502,0.2476,0.25,5730800.6,2026-05-02T15:59:59.999000+00:00,1427618.14624,6109
2026-05-02T16:00:00+00:00,0.25,0.2514,0.2491,0.2513,9443830.7,2026-05-02T19:59:59.999000+00:00,2365002.9562,6845
2026-05-02T20:00:00+00:00,0.2513,0.2528,0.25,0.2501,11426813.2,2026-05-02T23:59:59.999000+00:00,2869377.60936,9801
2026-05-03T00:00:00+00:00,0.2502,0.2505,0.2475,0.2481,10485933.7,2026-05-03T03:59:59.999000+00:00,2606965.41847,7743
2026-05-03T04:00:00+00:00,0.2481,0.2496,0.2475,0.2488,7691542.2,2026-05-03T07:59:59.999000+00:00,1911474.76864,6082
2026-05-03T08:00:00+00:00,0.2488,0.2505,0.2482,0.2496,8285046.3,2026-05-03T11:59:59.999000+00:00,2064037.87635,6367
2026-05-03T12:00:00+00:00,0.2497,0.2512,0.2495,0.2507,7507468.8,2026-05-03T15:59:59.999000+00:00,1879124.54424,6075
2026-05-03T16:00:00+00:00,0.2507,0.2514,0.2504,0.2509,6603707.7,2026-05-03T19:59:59.999000+00:00,1656587.83746,5147
2026-05-03T20:00:00+00:00,0.2509,0.2518,0.2485,0.2495,18022428.5,2026-05-03T23:59:59.999000+00:00,4512938.07366,13915
2026-05-04T00:00:00+00:00,0.2495,0.2545,0.2473,0.2537,27351280.6,2026-05-04T03:59:59.999000+00:00,6877234.33743,25501
2026-05-04T04:00:00+00:00,0.2537,0.255,0.2509,0.2517,20548760.5,2026-05-04T07:59:59.999000+00:00,5198732.84856,16362
2026-05-04T08:00:00+00:00,0.2517,0.2535,0.247,0.2485,30957778.7,2026-05-04T11:59:59.999000+00:00,7720600.41656,25956
2026-05-04T12:00:00+00:00,0.2485,0.2533,0.2482,0.2508,28467543.0,2026-05-04T15:59:59.999000+00:00,7139096.92515,22688
2026-05-04T16:00:00+00:00,0.2508,0.2528,0.2495,0.2511,15394976.6,2026-05-04T19:59:59.999000+00:00,3870094.97834,13328
2026-05-04T20:00:00+00:00,0.251,0.2516,0.2494,0.2499,8582549.9,2026-05-04T23:59:59.999000+00:00,2149491.74809,7339
2026-05-05T00:00:00+00:00,0.25,0.253,0.2497,0.2526,14731786.0,2026-05-05T03:59:59.999000+00:00,3701188.58326,9415
2026-05-05T04:00:00+00:00,0.2526,0.2583,0.252,0.2566,30314666.3,2026-05-05T07:59:59.999000+00:00,7732149.3463,20711
2026-05-05T08:00:00+00:00,0.2567,0.2599,0.2564,0.2585,31755862.4,2026-05-05T11:59:59.999000+00:00,8194599.17197,21871
2026-05-05T12:00:00+00:00,0.2585,0.2597,0.2558,0.2568,25098791.0,2026-05-05T15:59:59.999000+00:00,6470718.81441,21698
2026-05-05T16:00:00+00:00,0.2569,0.2589,0.2561,0.2587,11748718.3,2026-05-05T19:59:59.999000+00:00,3025027.43663,10216
2026-05-05T20:00:00+00:00,0.2587,0.2657,0.2584,0.262,42514750.9,2026-05-05T23:59:59.999000+00:00,11165378.70105,34040
2026-05-06T00:00:00+00:00,0.2619,0.2644,0.26,0.264,18723934.3,2026-05-06T03:59:59.999000+00:00,4905360.29058,18690
2026-05-06T04:00:00+00:00,0.264,0.2653,0.262,0.265,20920339.3,2026-05-06T07:59:59.999000+00:00,5515100.40313,19003
2026-05-06T08:00:00+00:00,0.265,0.2738,0.2647,0.2718,65133934.0,2026-05-06T11:59:59.999000+00:00,17612989.82533,46871
2026-05-06T12:00:00+00:00,0.2718,0.2723,0.2628,0.2676,44294150.2,2026-05-06T15:59:59.999000+00:00,11843698.32275,37671
2026-05-06T16:00:00+00:00,0.2676,0.2683,0.2649,0.2664,12487199.2,2026-05-06T19:59:59.999000+00:00,3327992.36781,14647
2026-05-06T20:00:00+00:00,0.2664,0.2689,0.2643,0.267,11451362.0,2026-05-06T23:59:59.999000+00:00,3056859.70148,12325
2026-05-07T00:00:00+00:00,0.2669,0.2674,0.2632,0.2638,19492277.6,2026-05-07T03:59:59.999000+00:00,5163482.69458,18739
2026-05-07T04:00:00+00:00,0.2637,0.2687,0.2635,0.2684,16374031.2,2026-05-07T07:59:59.999000+00:00,4364870.22217,15032
2026-05-07T08:00:00+00:00,0.2684,0.2689,0.2657,0.268,13653139.4,2026-05-07T11:59:59.999000+00:00,3652608.72575,12779
2026-05-07T12:00:00+00:00,0.2679,0.2704,0.2611,0.2618,31010792.5,2026-05-07T15:59:59.999000+00:00,8225368.89479,27104
2026-05-07T16:00:00+00:00,0.2619,0.2643,0.2596,0.263,18495960.1,2026-05-07T19:59:59.999000+00:00,4849724.56166,18864
2026-05-07T20:00:00+00:00,0.2631,0.2647,0.2608,0.2627,9875646.1,2026-05-07T23:59:59.999000+00:00,2589300.75213,10465
2026-05-08T00:00:00+00:00,0.2627,0.2634,0.2601,0.2619,9948625.5,2026-05-08T03:59:59.999000+00:00,2603553.9049,10688
2026-05-08T04:00:00+00:00,0.2619,0.2627,0.2605,0.262,9482493.0,2026-05-08T07:59:59.999000+00:00,2481127.40263,9159
2026-05-08T08:00:00+00:00,0.2621,0.2648,0.2617,0.2644,9668354.3,2026-05-08T11:59:59.999000+00:00,2548850.33654,11128
2026-05-08T12:00:00+00:00,0.2644,0.2697,0.2628,0.2696,16606095.4,2026-05-08T15:59:59.999000+00:00,4411861.73442,19573
2026-05-08T16:00:00+00:00,0.2697,0.2734,0.2677,0.2718,23079116.8,2026-05-08T19:59:59.999000+00:00,6253745.92083,24039
2026-05-08T20:00:00+00:00,0.2718,0.2788,0.271,0.2734,28627782.0,2026-05-08T23:59:59.999000+00:00,7873975.37956,24289
2026-05-09T00:00:00+00:00,0.2735,0.2785,0.2731,0.2763,16263874.4,2026-05-09T03:59:59.999000+00:00,4494204.31453,15210
2026-05-09T04:00:00+00:00,0.2763,0.2781,0.2741,0.2752,12362245.3,2026-05-09T07:59:59.999000+00:00,3410227.27367,12532
2026-05-09T08:00:00+00:00,0.2752,0.2767,0.2722,0.2736,7895149.4,2026-05-09T11:59:59.999000+00:00,2164183.05573,9357
2026-05-09T12:00:00+00:00,0.2736,0.2742,0.27,0.2704,10134369.7,2026-05-09T15:59:59.999000+00:00,2755647.25,11035
2026-05-09T16:00:00+00:00,0.2705,0.2731,0.2695,0.2727,8684982.2,2026-05-09T19:59:59.999000+00:00,2360083.28212,10335
2026-05-09T20:00:00+00:00,0.2727,0.2728,0.2704,0.2708,4657783.1,2026-05-09T23:59:59.999000+00:00,1266069.27334,6267
2026-05-10T00:00:00+00:00,0.2708,0.2719,0.2688,0.27,9217347.6,2026-05-10T03:59:59.999000+00:00,2490354.06718,9738
2026-05-10T04:00:00+00:00,0.27,0.2713,0.2682,0.2707,8420410.3,2026-05-10T07:59:59.999000+00:00,2272154.02903,8259
2026-05-10T08:00:00+00:00,0.2706,0.2736,0.2705,0.2728,12709622.7,2026-05-10T11:59:59.999000+00:00,3461775.99782,12668
2026-05-10T12:00:00+00:00,0.2727,0.2825,0.272,0.2815,25349657.8,2026-05-10T15:59:59.999000+00:00,7039882.83362,24738
2026-05-10T16:00:00+00:00,0.2816,0.2887,0.2802,0.287,44754612.6,2026-05-10T19:59:59.999000+00:00,12761420.58224,45170
2026-05-10T20:00:00+00:00,0.2871,0.2882,0.2751,0.2824,39910833.8,2026-05-10T23:59:59.999000+00:00,11196001.52619,43964
2026-05-11T00:00:00+00:00,0.2824,0.2829,0.274,0.2765,22449517.1,2026-05-11T03:59:59.999000+00:00,6257025.9497,27572
2026-05-11T04:00:00+00:00,0.2765,0.2799,0.2753,0.2778,12538977.1,2026-05-11T07:59:59.999000+00:00,3482402.08448,14347
2026-05-11T08:00:00+00:00,0.2777,0.2812,0.2758,0.2794,15981794.3,2026-05-11T11:59:59.999000+00:00,4451173.04668,15950
2026-05-11T12:00:00+00:00,0.2794,0.2836,0.2777,0.2824,25669844.2,2026-05-11T15:59:59.999000+00:00,7197034.80858,28807
2026-05-11T16:00:00+00:00,0.2824,0.283,0.2794,0.2812,9322613.7,2026-05-11T19:59:59.999000+00:00,2621507.03717,16544
2026-05-11T20:00:00+00:00,0.2813,0.282,0.2792,0.2804,10958384.8,2026-05-11T23:59:59.999000+00:00,3076642.838,12849
2026-05-12T00:00:00+00:00,0.2803,0.2819,0.2764,0.2772,14778912.2,2026-05-12T03:59:59.999000+00:00,4116239.30153,17686
2026-05-12T04:00:00+00:00,0.2771,0.2784,0.275,0.2769,12976793.7,2026-05-12T07:59:59.999000+00:00,3595384.53512,11767
2026-05-12T08:00:00+00:00,0.2768,0.2777,0.2734,0.2745,16290222.9,2026-05-12T11:59:59.999000+00:00,4481635.02751,15008
2026-05-12T12:00:00+00:00,0.2744,0.2754,0.2679,0.2691,25405532.5,2026-05-12T15:59:59.999000+00:00,6896340.77524,29259
2026-05-12T16:00:00+00:00,0.2691,0.2726,0.2672,0.272,18828968.9,2026-05-12T19:59:59.999000+00:00,5083574.57248,16306
2026-05-12T20:00:00+00:00,0.2721,0.273,0.2707,0.2711,8633096.7,2026-05-12T23:59:59.999000+00:00,2346977.65952,8727
2026-05-13T00:00:00+00:00,0.2712,0.2744,0.2709,0.2741,14689307.4,2026-05-13T03:59:59.999000+00:00,4007014.89255,14633
2026-05-13T04:00:00+00:00,0.2742,0.2749,0.2725,0.2733,8609277.4,2026-05-13T07:59:59.999000+00:00,2356038.84723,9952
2026-05-13T08:00:00+00:00,0.2733,0.2777,0.2703,0.2706,16136491.0,2026-05-13T11:59:59.999000+00:00,4413728.36199,18901
2026-05-13T12:00:00+00:00,0.2706,0.2716,0.2612,0.262,41825126.2,2026-05-13T15:59:59.999000+00:00,11134930.08765,41322
2026-05-13T16:00:00+00:00,0.262,0.266,0.2619,0.2639,15367167.4,2026-05-13T19:59:59.999000+00:00,4058106.79671,15986
2026-05-13T20:00:00+00:00,0.2638,0.2664,0.263,0.2648,14089810.6,2026-05-13T23:59:59.999000+00:00,3726481.8363,11141
2026-05-14T00:00:00+00:00,0.2648,0.2662,0.2623,0.263,10391997.5,2026-05-14T03:59:59.999000+00:00,2752346.23747,10226
2026-05-14T04:00:00+00:00,0.2629,0.2667,0.2625,0.2645,8976724.7,2026-05-14T07:59:59.999000+00:00,2381315.46012,9206
2026-05-14T08:00:00+00:00,0.2645,0.2658,0.2637,0.264,6201242.8,2026-05-14T11:59:59.999000+00:00,1640493.25311,8071
2026-05-14T12:00:00+00:00,0.264,0.2709,0.2638,0.2703,21073859.3,2026-05-14T15:59:59.999000+00:00,5640985.81882,21278
2026-05-14T16:00:00+00:00,0.2703,0.2804,0.2694,0.274,47279869.4,2026-05-14T19:59:59.999000+00:00,13007013.52739,40199
2026-05-14T20:00:00+00:00,0.274,0.2744,0.2698,0.2706,25746172.4,2026-05-14T23:59:59.999000+00:00,7007271.8932,18600
2026-05-15T00:00:00+00:00,0.2705,0.2729,0.2684,0.2698,10464857.5,2026-05-15T03:59:59.999000+00:00,2834859.4618,15007
2026-05-15T04:00:00+00:00,0.2698,0.2701,0.2649,0.2683,13276855.0,2026-05-15T07:59:59.999000+00:00,3546474.27438,16454
2026-05-15T08:00:00+00:00,0.2684,0.2687,0.2661,0.2672,8297950.7,2026-05-15T11:59:59.999000+00:00,2219675.19731,10484
2026-05-15T12:00:00+00:00,0.2671,0.2672,0.2568,0.2583,44416867.1,2026-05-15T15:59:59.999000+00:00,11556388.45241,46479
2026-05-15T16:00:00+00:00,0.2582,0.2628,0.2577,0.261,17996452.3,2026-05-15T19:59:59.999000+00:00,4694360.72045,14814
2026-05-15T20:00:00+00:00,0.2611,0.262,0.2601,0.2616,8313500.3,2026-05-15T23:59:59.999000+00:00,2171371.89825,7362
2026-05-16T00:00:00+00:00,0.2615,0.2625,0.2607,0.2612,6275614.2,2026-05-16T03:59:59.999000+00:00,1642373.3913,5717
2026-05-16T04:00:00+00:00,0.2612,0.2613,0.2532,0.2554,23276081.1,2026-05-16T07:59:59.999000+00:00,5972803.83981,20909
2026-05-16T08:00:00+00:00,0.2554,0.2562,0.2521,0.2541,18556780.8,2026-05-16T11:59:59.999000+00:00,4716530.6329,17602
2026-05-16T12:00:00+00:00,0.254,0.2561,0.2537,0.2556,9227447.4,2026-05-16T15:59:59.999000+00:00,2351806.00085,9026
2026-05-16T16:00:00+00:00,0.2556,0.2565,0.255,0.2551,8976948.0,2026-05-16T19:59:59.999000+00:00,2295247.01809,8132
2026-05-16T20:00:00+00:00,0.2552,0.2558,0.254,0.2551,8858354.3,2026-05-16T23:59:59.999000+00:00,2257980.4579,6805
2026-05-17T00:00:00+00:00,0.255,0.2555,0.2527,0.2544,10319912.9,2026-05-17T03:59:59.999000+00:00,2620360.44316,8536
2026-05-17T04:00:00+00:00,0.2543,0.2569,0.2542,0.2562,6095047.9,2026-05-17T07:59:59.999000+00:00,1558376.27587,5940
2026-05-17T08:00:00+00:00,0.2563,0.2582,0.2555,0.2566,6750113.4,2026-05-17T11:59:59.999000+00:00,1733526.51661,8063
2026-05-17T12:00:00+00:00,0.2566,0.2572,0.2535,0.2552,10134729.3,2026-05-17T15:59:59.999000+00:00,2587659.6896,9388
2026-05-17T16:00:00+00:00,0.2552,0.2556,0.253,0.2553,6482735.9,2026-05-17T19:59:59.999000+00:00,1648418.46636,7653
2026-05-17T20:00:00+00:00,0.2553,0.256,0.2452,0.2521,43340546.1,2026-05-17T23:59:59.999000+00:00,10838629.8202,34235
2026-05-18T00:00:00+00:00,0.2521,0.2531,0.2488,0.2502,19828733.1,2026-05-18T03:59:59.999000+00:00,4976788.12264,20317
2026-05-18T04:00:00+00:00,0.2502,0.252,0.247,0.2494,23596572.7,2026-05-18T07:59:59.999000+00:00,5885085.56594,17601
2026-05-18T08:00:00+00:00,0.2494,0.2521,0.2479,0.2506,11916961.1,2026-05-18T11:59:59.999000+00:00,2976968.33568,12300
2026-05-18T12:00:00+00:00,0.2506,0.2525,0.2462,0.2482,29182018.8,2026-05-18T15:59:59.999000+00:00,7265163.70894,26205
2026-05-18T16:00:00+00:00,0.2483,0.2514,0.2464,0.2508,19488390.2,2026-05-18T19:59:59.999000+00:00,4848010.45431,17859
2026-05-18T20:00:00+00:00,0.2509,0.253,0.2497,0.2516,9745421.7,2026-05-18T23:59:59.999000+00:00,2452315.44045,9064
2026-05-19T00:00:00+00:00,0.2517,0.2536,0.2505,0.2515,14327174.5,2026-05-19T03:59:59.999000+00:00,3605820.64427,13734
2026-05-19T04:00:00+00:00,0.2516,0.2532,0.2506,0.2526,11020631.4,2026-05-19T07:59:59.999000+00:00,2777067.63423,9205
2026-05-19T08:00:00+00:00,0.2525,0.2525,0.2481,0.2486,18594517.5,2026-05-19T11:59:59.999000+00:00,4648183.98322,16018
2026-05-19T12:00:00+00:00,0.2486,0.2512,0.2471,0.2485,20666144.5,2026-05-19T15:59:59.999000+00:00,5150260.47362,20539
2026-05-19T16:00:00+00:00,0.2485,0.2501,0.248,0.2484,8008469.9,2026-05-19T19:59:59.999000+00:00,1993438.92667,8191
2026-05-19T20:00:00+00:00,0.2484,0.2498,0.2475,0.2482,5248239.6,2026-05-19T23:59:59.999000+00:00,1305407.73052,6573
2026-05-20T00:00:00+00:00,0.2482,0.2488,0.2469,0.2482,13352757.5,2026-05-20T03:59:59.999000+00:00,3309347.56396,12910
2026-05-20T04:00:00+00:00,0.2483,0.251,0.2478,0.2491,12976665.2,2026-05-20T07:59:59.999000+00:00,3242256.21322,9129
2026-05-20T08:00:00+00:00,0.2492,0.2506,0.2483,0.2488,7489160.6,2026-05-20T11:59:59.999000+00:00,1869802.08114,6440
2026-05-20T12:00:00+00:00,0.2489,0.2515,0.2473,0.2502,20863604.3,2026-05-20T15:59:59.999000+00:00,5207957.1174,19354
2026-05-20T16:00:00+00:00,0.2503,0.2514,0.2481,0.2502,19716255.2,2026-05-20T19:59:59.999000+00:00,4927278.84762,13844
2026-05-20T20:00:00+00:00,0.2503,0.2509,0.2483,0.2492,8825850.7,2026-05-20T23:59:59.999000+00:00,2201989.36431,6815
2026-05-21T00:00:00+00:00,0.2492,0.2523,0.2489,0.2521,13439765.8,2026-05-21T03:59:59.999000+00:00,3375381.49721,9985
2026-05-21T04:00:00+00:00,0.2522,0.2527,0.2476,0.2492,20547692.4,2026-05-21T07:59:59.999000+00:00,5131772.04725,15433
2026-05-21T08:00:00+00:00,0.2491,0.2505,0.2458,0.2467,17024003.3,2026-05-21T11:59:59.999000+00:00,4217066.10753,15941
2026-05-21T12:00:00+00:00,0.2467,0.2497,0.2463,0.2485,16762981.0,2026-05-21T15:59:59.999000+00:00,4147156.78048,17502
2026-05-21T16:00:00+00:00,0.2486,0.2537,0.2478,0.2524,28409401.4,2026-05-21T19:59:59.999000+00:00,7149920.38788,23588
2026-05-21T20:00:00+00:00,0.2524,0.2532,0.2499,0.2507,10969201.7,2026-05-21T23:59:59.999000+00:00,2757711.86806,9190
2026-05-22T00:00:00+00:00,0.2507,0.252,0.2491,0.2517,8499028.2,2026-05-22T03:59:59.999000+00:00,2130206.57148,8802
2026-05-22T04:00:00+00:00,0.2518,0.253,0.2494,0.2516,13514691.7,2026-05-22T07:59:59.999000+00:00,3400366.01336,10507
2026-05-22T08:00:00+00:00,0.2516,0.2528,0.2507,0.2526,10546528.3,2026-05-22T11:59:59.999000+00:00,2655421.7533,10061
2026-05-22T12:00:00+00:00,0.2526,0.2546,0.248,0.2497,33647871.3,2026-05-22T15:59:59.999000+00:00,8458469.46108,23051
2026-05-22T16:00:00+00:00,0.2497,0.2503,0.2424,0.2443,50061467.3,2026-05-22T19:59:59.999000+00:00,12299796.05444,40694
2026-05-22T20:00:00+00:00,0.2444,0.2468,0.241,0.2424,18434551.2,2026-05-22T23:59:59.999000+00:00,4498911.61504,16280
2026-05-23T00:00:00+00:00,0.2424,0.2442,0.2416,0.2438,15495574.5,2026-05-23T03:59:59.999000+00:00,3768353.4965,11503
2026-05-23T04:00:00+00:00,0.2438,0.2438,0.2358,0.2378,36205830.2,2026-05-23T07:59:59.999000+00:00,8679338.20897,24453
2026-05-23T08:00:00+00:00,0.2378,0.2394,0.2369,0.2382,19436169.1,2026-05-23T11:59:59.999000+00:00,4631775.78306,12617
2026-05-23T12:00:00+00:00,0.2381,0.2438,0.2378,0.2423,24324074.1,2026-05-23T15:59:59.999000+00:00,5856882.12527,13959
2026-05-23T16:00:00+00:00,0.2424,0.2454,0.2418,0.2443,13752901.1,2026-05-23T19:59:59.999000+00:00,3347048.33766,9915
2026-05-23T20:00:00+00:00,0.2443,0.2508,0.2438,0.246,29684423.8,2026-05-23T23:59:59.999000+00:00,7348545.1769,25900
2026-05-24T00:00:00+00:00,0.2461,0.247,0.2448,0.2454,11547032.9,2026-05-24T03:59:59.999000+00:00,2837456.15698,8429
2026-05-24T04:00:00+00:00,0.2454,0.2465,0.2451,0.2454,6945010.4,2026-05-24T07:59:59.999000+00:00,1706480.22361,6407
2026-05-24T08:00:00+00:00,0.2455,0.2467,0.2451,0.2457,10079856.4,2026-05-24T11:59:59.999000+00:00,2477420.90862,6943
2026-05-24T12:00:00+00:00,0.2457,0.2457,0.241,0.243,10790823.0,2026-05-24T15:59:59.999000+00:00,2627252.78853,9523
2026-05-24T16:00:00+00:00,0.2429,0.2436,0.242,0.2425,5527541.7,2026-05-24T19:59:59.999000+00:00,1342799.63717,5974
2026-05-24T20:00:00+00:00,0.2426,0.2428,0.2385,0.2423,17357788.2,2026-05-24T23:59:59.999000+00:00,4180477.91537,15317
2026-05-25T00:00:00+00:00,0.2424,0.2433,0.2404,0.241,9308668.6,2026-05-25T03:59:59.999000+00:00,2252362.6704,9512
2026-05-25T04:00:00+00:00,0.241,0.2451,0.2407,0.2451,17097129.2,2026-05-25T07:59:59.999000+00:00,4167750.30182,10726
2026-05-25T08:00:00+00:00,0.2451,0.2462,0.244,0.2449,17055641.2,2026-05-25T11:59:59.999000+00:00,4186168.32217,8959
2026-05-25T12:00:00+00:00,0.245,0.2473,0.2444,0.2461,11533525.6,2026-05-25T15:59:59.999000+00:00,2833693.42591,8655
2026-05-25T16:00:00+00:00,0.2461,0.248,0.245,0.2455,9187350.4,2026-05-25T19:59:59.999000+00:00,2265497.35133,7805
2026-05-25T20:00:00+00:00,0.2454,0.2461,0.2423,0.2437,8350831.2,2026-05-25T23:59:59.999000+00:00,2037957.41011,7970
2026-05-26T00:00:00+00:00,0.2436,0.2438,0.2394,0.2408,17272674.5,2026-05-26T03:59:59.999000+00:00,4165991.67676,13089
2026-05-26T04:00:00+00:00,0.2409,0.243,0.2405,0.2412,14038368.1,2026-05-26T07:59:59.999000+00:00,3393321.48372,9720
2026-05-26T08:00:00+00:00,0.2413,0.2457,0.2412,0.2443,14396903.7,2026-05-26T11:59:59.999000+00:00,3511539.47268,13092
2026-05-26T12:00:00+00:00,0.2443,0.2473,0.2412,0.2427,26978831.4,2026-05-26T15:59:59.999000+00:00,6578243.56477,24756
2026-05-26T16:00:00+00:00,0.2427,0.2428,0.2381,0.2402,30099562.2,2026-05-26T19:59:59.999000+00:00,7238825.41544,22192
2026-05-26T20:00:00+00:00,0.2403,0.241,0.2392,0.2401,6956708.9,2026-05-26T23:59:59.999000+00:00,1670681.88083,6179
2026-05-27T00:00:00+00:00,0.2401,0.2419,0.2392,0.2401,10426322.5,2026-05-27T03:59:59.999000+00:00,2508413.93939,8387
2026-05-27T04:00:00+00:00,0.2401,0.2409,0.237,0.2404,16562694.4,2026-05-27T07:59:59.999000+00:00,3961651.93603,9382
2026-05-27T08:00:00+00:00,0.2404,0.2413,0.2389,0.2396,9403218.0,2026-05-27T11:59:59.999000+00:00,2255973.12043,8075
2026-05-27T12:00:00+00:00,0.2397,0.2435,0.2374,0.2415,28774904.5,2026-05-27T15:59:59.999000+00:00,6898512.20173,20563
2026-05-27T16:00:00+00:00,0.2415,0.242,0.2378,0.241,13671526.7,2026-05-27T19:59:59.999000+00:00,3278281.82009,13097
2026-05-27T20:00:00+00:00,0.241,0.2413,0.236,0.2372,26271094.9,2026-05-27T23:59:59.999000+00:00,6257092.91181,19417
2026-05-28T00:00:00+00:00,0.2372,0.2384,0.2316,0.2322,27615019.8,2026-05-28T03:59:59.999000+00:00,6494432.09185,25841
2026-05-28T04:00:00+00:00,0.2322,0.2323,0.228,0.2315,37203796.2,2026-05-28T07:59:59.999000+00:00,8557360.44167,29484
2026-05-28T08:00:00+00:00,0.2315,0.2321,0.2294,0.2302,16795368.0,2026-05-28T11:59:59.999000+00:00,3872929.54159,13756
2026-05-28T12:00:00+00:00,0.2302,0.2341,0.2291,0.233,26271339.1,2026-05-28T15:59:59.999000+00:00,6085004.7219,26038
2026-05-28T16:00:00+00:00,0.233,0.2377,0.2316,0.2345,20649664.4,2026-05-28T19:59:59.999000+00:00,4853900.53476,19999
2026-05-28T20:00:00+00:00,0.2345,0.2363,0.2336,0.2349,9508026.5,2026-05-28T23:59:59.999000+00:00,2235494.47715,9444
2026-05-29T00:00:00+00:00,0.2349,0.236,0.2328,0.2334,8001377.9,2026-05-29T03:59:59.999000+00:00,1877630.92719,9606
2026-05-29T04:00:00+00:00,0.2334,0.237,0.2325,0.2349,7405081.6,2026-05-29T07:59:59.999000+00:00,1740361.30488,8820
2026-05-29T08:00:00+00:00,0.2349,0.236,0.2328,0.2335,5645814.6,2026-05-29T11:59:59.999000+00:00,1326317.24085,7141
2026-05-29T12:00:00+00:00,0.2335,0.2381,0.2298,0.2358,25127745.4,2026-05-29T15:59:59.999000+00:00,5873863.99669,26190
2026-05-29T16:00:00+00:00,0.2358,0.2363,0.2306,0.2329,27405179.8,2026-05-29T19:59:59.999000+00:00,6422656.8425,21811
2026-05-29T20:00:00+00:00,0.2329,0.234,0.2317,0.2329,10430440.5,2026-05-29T23:59:59.999000+00:00,2428132.41046,9048
2026-05-30T00:00:00+00:00,0.233,0.2394,0.2327,0.2364,30068452.1,2026-05-30T03:59:59.999000+00:00,7119362.7999,19408
2026-05-30T04:00:00+00:00,0.2365,0.2371,0.2339,0.2353,15681958.2,2026-05-30T07:59:59.999000+00:00,3687239.17241,11328
2026-05-30T08:00:00+00:00,0.2353,0.2356,0.234,0.2353,6402099.0,2026-05-30T11:59:59.999000+00:00,1504626.08885,6680
2026-05-30T12:00:00+00:00,0.2353,0.237,0.2349,0.2365,10560689.3,2026-05-30T15:59:59.999000+00:00,2492458.20655,8226
2026-05-30T16:00:00+00:00,0.2365,0.2379,0.2358,0.2372,7912858.2,2026-05-30T19:59:59.999000+00:00,1874421.52673,7532
2026-05-30T20:00:00+00:00,0.2373,0.2384,0.2353,0.236,11069097.7,2026-05-30T23:59:59.999000+00:00,2622426.74211,8105
2026-05-31T00:00:00+00:00,0.236,0.2385,0.2356,0.2381,9318629.4,2026-05-31T03:59:59.999000+00:00,2208843.30833,7513
2026-05-31T04:00:00+00:00,0.2381,0.2388,0.2363,0.2366,6169457.1,2026-05-31T07:59:59.999000+00:00,1466367.99008,5493
2026-05-31T08:00:00+00:00,0.2366,0.2381,0.2356,0.2371,6296446.0,2026-05-31T11:59:59.999000+00:00,1492362.04212,6854
2026-05-31T12:00:00+00:00,0.2371,0.2381,0.2335,0.2338,19977289.6,2026-05-31T15:59:59.999000+00:00,4694986.96336,14276
2026-05-31T16:00:00+00:00,0.2339,0.2343,0.2319,0.2328,12196442.4,2026-05-31T19:59:59.999000+00:00,2841197.58434,9737
2026-05-31T20:00:00+00:00,0.2329,0.2371,0.2328,0.2357,9221133.6,2026-05-31T23:59:59.999000+00:00,2165302.66765,9325
2026-06-01T00:00:00+00:00,0.2357,0.2376,0.2328,0.2369,14554160.0,2026-06-01T03:59:59.999000+00:00,3433731.21613,17127
2026-06-01T04:00:00+00:00,0.2369,0.2376,0.2307,0.231,19474292.0,2026-06-01T07:59:59.999000+00:00,4539571.31149,17172
2026-06-01T08:00:00+00:00,0.231,0.2324,0.2294,0.2302,22928125.0,2026-06-01T11:59:59.999000+00:00,5299329.36829,18375
2026-06-01T12:00:00+00:00,0.2303,0.2316,0.2254,0.227,40777198.1,2026-06-01T15:59:59.999000+00:00,9311025.23374,33818
2026-06-01T16:00:00+00:00,0.227,0.2319,0.2262,0.2314,16832022.9,2026-06-01T19:59:59.999000+00:00,3871582.49219,16109
2026-06-01T20:00:00+00:00,0.2314,0.2317,0.2284,0.2311,9736193.9,2026-06-01T23:59:59.999000+00:00,2241971.68939,10378
2026-06-02T00:00:00+00:00,0.2311,0.2313,0.2247,0.228,18601272.9,2026-06-02T03:59:59.999000+00:00,4232615.16501,19116
2026-06-02T04:00:00+00:00,0.228,0.2286,0.2227,0.224,25561419.4,2026-06-02T07:59:59.999000+00:00,5742541.83446,21751
2026-06-02T08:00:00+00:00,0.224,0.2247,0.2224,0.2232,13214752.8,2026-06-02T11:59:59.999000+00:00,2954804.77154,13833
2026-06-02T12:00:00+00:00,0.2231,0.2239,0.2138,0.2154,79647725.3,2026-06-02T15:59:59.999000+00:00,17443901.30872,59294
2026-06-02T16:00:00+00:00,0.2153,0.2193,0.2119,0.2157,61602646.1,2026-06-02T19:59:59.999000+00:00,13367923.60071,39019
2026-06-02T20:00:00+00:00,0.2157,0.2184,0.2094,0.213,39286817.2,2026-06-02T23:59:59.999000+00:00,8398278.20843,35475
2026-06-03T00:00:00+00:00,0.213,0.2146,0.2074,0.2088,27766019.9,2026-06-03T03:59:59.999000+00:00,5880196.66191,24332
2026-06-03T04:00:00+00:00,0.2088,0.2182,0.2088,0.2171,29747773.1,2026-06-03T07:59:59.999000+00:00,6380487.48285,22637
2026-06-03T08:00:00+00:00,0.2172,0.2184,0.2154,0.2162,30101087.2,2026-06-03T11:59:59.999000+00:00,6531339.1936,17108
2026-06-03T12:00:00+00:00,0.2161,0.2165,0.2116,0.212,43937466.6,2026-06-03T15:59:59.999000+00:00,9430767.9599,33041
2026-06-03T16:00:00+00:00,0.212,0.2122,0.2043,0.2048,53163796.1,2026-06-03T19:59:59.999000+00:00,11079207.32183,33983
2026-06-03T20:00:00+00:00,0.2048,0.2066,0.2001,0.2004,60138820.9,2026-06-03T23:59:59.999000+00:00,12203298.63663,42888
2026-06-04T00:00:00+00:00,0.2004,0.2019,0.1877,0.1998,114872694.3,2026-06-04T03:59:59.999000+00:00,22411273.94716,90408
2026-06-04T04:00:00+00:00,0.1999,0.2012,0.1947,0.1948,36622578.1,2026-06-04T07:59:59.999000+00:00,7250811.41852,30781
2026-06-04T08:00:00+00:00,0.1949,0.1957,0.1871,0.1903,65914067.8,2026-06-04T11:59:59.999000+00:00,12507823.9873,51113
2026-06-04T12:00:00+00:00,0.1902,0.1927,0.1871,0.1889,60049929.1,2026-06-04T15:59:59.999000+00:00,11396160.36321,49558
2026-06-04T16:00:00+00:00,0.1889,0.1906,0.1857,0.1866,44915067.3,2026-06-04T19:59:59.999000+00:00,8437417.84227,40069
2026-06-04T20:00:00+00:00,0.1866,0.1868,0.1788,0.1798,57571504.1,2026-06-04T23:59:59.999000+00:00,10481124.79189,48630
2026-06-05T00:00:00+00:00,0.1798,0.1798,0.1581,0.1584,148798442.5,2026-06-05T03:59:59.999000+00:00,25088806.09615,104466
2026-06-05T04:00:00+00:00,0.1585,0.1692,0.1583,0.1635,109824516.2,2026-06-05T07:59:59.999000+00:00,17987041.8829,107796
2026-06-05T08:00:00+00:00,0.1634,0.1664,0.1587,0.1624,71585515.2,2026-06-05T11:59:59.999000+00:00,11635831.94759,54037
2026-06-05T12:00:00+00:00,0.1623,0.1652,0.1564,0.1573,87300452.7,2026-06-05T15:59:59.999000+00:00,14045485.35714,88744
2026-06-05T16:00:00+00:00,0.1572,0.1638,0.1544,0.1606,85629410.1,2026-06-05T19:59:59.999000+00:00,13647595.13327,74085
2026-06-05T20:00:00+00:00,0.1606,0.1639,0.1551,0.1567,59446172.8,2026-06-05T23:59:59.999000+00:00,9527975.28416,43696
2026-06-06T00:00:00+00:00,0.1567,0.1624,0.1538,0.1552,48978757.5,2026-06-06T03:59:59.999000+00:00,7712314.76732,35269
2026-06-06T04:00:00+00:00,0.1551,0.1584,0.1486,0.1574,120842732.6,2026-06-06T07:59:59.999000+00:00,18454834.32956,73214
2026-06-06T08:00:00+00:00,0.1574,0.1603,0.1536,0.1563,50133782.8,2026-06-06T11:59:59.999000+00:00,7866340.47075,36312
2026-06-06T12:00:00+00:00,0.1564,0.1617,0.155,0.1585,54504477.9,2026-06-06T15:59:59.999000+00:00,8659592.6371,38403
2026-06-06T16:00:00+00:00,0.1584,0.1602,0.1567,0.1569,33698248.9,2026-06-06T19:59:59.999000+00:00,5328105.22399,23621
2026-06-06T20:00:00+00:00,0.1569,0.1587,0.1556,0.1573,22968153.6,2026-06-06T23:59:59.999000+00:00,3604186.43403,17776
2026-06-07T00:00:00+00:00,0.1574,0.1622,0.1568,0.1614,34695522.0,2026-06-07T03:59:59.999000+00:00,5567149.84354,24719
2026-06-07T04:00:00+00:00,0.1614,0.1631,0.1597,0.1624,37594959.7,2026-06-07T07:59:59.999000+00:00,6075573.60245,23501
2026-06-07T08:00:00+00:00,0.1624,0.167,0.1617,0.1647,52848524.6,2026-06-07T11:59:59.999000+00:00,8713331.94562,27386
2026-06-07T12:00:00+00:00,0.1647,0.165,0.1605,0.1622,38058467.2,2026-06-07T15:59:59.999000+00:00,6171993.03541,23486
2026-06-07T16:00:00+00:00,0.1623,0.164,0.158,0.1586,35769456.9,2026-06-07T19:59:59.999000+00:00,5760157.31089,23554
2026-06-07T20:00:00+00:00,0.1585,0.1688,0.1581,0.1653,51771525.5,2026-06-07T23:59:59.999000+00:00,8504288.06631,38513
2026-06-08T00:00:00+00:00,0.1653,0.1666,0.1615,0.1641,27156176.8,2026-06-08T03:59:59.999000+00:00,4453888.85469,23438
2026-06-08T04:00:00+00:00,0.1641,0.1644,0.16,0.1639,22705186.7,2026-06-08T07:59:59.999000+00:00,3671420.05463,19648
2026-06-08T08:00:00+00:00,0.1639,0.1683,0.1623,0.1676,41308768.8,2026-06-08T11:59:59.999000+00:00,6808961.74253,24734
2026-06-08T12:00:00+00:00,0.1677,0.1714,0.1649,0.1693,48813230.2,2026-06-08T15:59:59.999000+00:00,8200667.65542,35759
2026-06-08T16:00:00+00:00,0.1694,0.1727,0.1672,0.1719,35438117.0,2026-06-08T19:59:59.999000+00:00,6034154.66469,27316
2026-06-08T20:00:00+00:00,0.1719,0.1745,0.1688,0.1704,24500613.0,2026-06-08T23:59:59.999000+00:00,4203500.30767,22835
2026-06-09T00:00:00+00:00,0.1704,0.1708,0.1657,0.1664,28207678.1,2026-06-09T03:59:59.999000+00:00,4717185.07052,22328
2026-06-09T04:00:00+00:00,0.1663,0.1711,0.1651,0.1703,22171826.4,2026-06-09T07:59:59.999000+00:00,3743705.26167,19237
2026-06-09T08:00:00+00:00,0.1703,0.1705,0.1667,0.1674,19816377.3,2026-06-09T11:59:59.999000+00:00,3330725.04161,15315
2026-06-09T12:00:00+00:00,0.1674,0.1698,0.1627,0.1631,37288851.4,2026-06-09T15:59:59.999000+00:00,6198226.34771,38105
2026-06-09T16:00:00+00:00,0.163,0.169,0.1608,0.1685,39810748.0,2026-06-09T19:59:59.999000+00:00,6555600.39599,36627
2026-06-09T20:00:00+00:00,0.1686,0.1699,0.1649,0.1653,16022407.6,2026-06-09T23:59:59.999000+00:00,2671259.64191,13040
2026-06-10T00:00:00+00:00,0.1653,0.1669,0.1613,0.1624,22302001.6,2026-06-10T03:59:59.999000+00:00,3652359.61577,17395
2026-06-10T04:00:00+00:00,0.1624,0.163,0.1597,0.1614,27481394.4,2026-06-10T07:59:59.999000+00:00,4425835.74608,18529
2026-06-10T08:00:00+00:00,0.1613,0.1616,0.1586,0.1596,27282386.4,2026-06-10T11:59:59.999000+00:00,4358511.1861,18323
2026-06-10T12:00:00+00:00,0.1595,0.1668,0.1591,0.165,51433567.9,2026-06-10T15:59:59.999000+00:00,8418207.42081,36691
2026-06-10T16:00:00+00:00,0.165,0.1652,0.1603,0.1608,34162140.0,2026-06-10T19:59:59.999000+00:00,5551133.38234,31482
2026-06-10T20:00:00+00:00,0.1608,0.1617,0.1582,0.1607,23479139.8,2026-06-10T23:59:59.999000+00:00,3758404.79871,22731
2026-06-11T00:00:00+00:00,0.1607,0.1673,0.1607,0.1665,29291874.3,2026-06-11T03:59:59.999000+00:00,4785728.07216,22237
2026-06-11T04:00:00+00:00,0.1666,0.1678,0.1641,0.1668,28334343.6,2026-06-11T07:59:59.999000+00:00,4704589.20028,19964
2026-06-11T08:00:00+00:00,0.1668,0.1681,0.1654,0.1669,25658608.8,2026-06-11T11:59:59.999000+00:00,4273820.57886,15748
2026-06-11T12:00:00+00:00,0.1669,0.1674,0.1642,0.1662,30648469.8,2026-06-11T15:59:59.999000+00:00,5079967.83876,23533
2026-06-11T16:00:00+00:00,0.1662,0.1719,0.1641,0.1694,49180318.2,2026-06-11T19:59:59.999000+00:00,8278082.31056,34625
2026-06-11T20:00:00+00:00,0.1694,0.172,0.1675,0.1707,22412934.9,2026-06-11T23:59:59.999000+00:00,3813526.40597,15093
2026-06-12T00:00:00+00:00,0.1707,0.1719,0.1688,0.1718,18589603.9,2026-06-12T03:59:59.999000+00:00,3170643.44078,14136
2026-06-12T04:00:00+00:00,0.1719,0.1736,0.1681,0.1692,22564263.5,2026-06-12T07:59:59.999000+00:00,3846227.00277,17303
2026-06-12T08:00:00+00:00,0.1692,0.1723,0.1692,0.1714,21982301.4,2026-06-12T11:59:59.999000+00:00,3759645.85709,17385
2026-06-12T12:00:00+00:00,0.1713,0.1743,0.1677,0.1705,58083874.7,2026-06-12T15:59:59.999000+00:00,9940388.66056,38664
2026-06-12T16:00:00+00:00,0.1705,0.1744,0.1696,0.1708,31668670.7,2026-06-12T19:59:59.999000+00:00,5446978.40283,26103
2026-06-12T20:00:00+00:00,0.1709,0.1713,0.1687,0.1697,16377758.4,2026-06-12T23:59:59.999000+00:00,2781405.27851,12385
2026-06-13T00:00:00+00:00,0.1697,0.1734,0.1695,0.1704,24132301.5,2026-06-13T03:59:59.999000+00:00,4138721.8879,15805
2026-06-13T04:00:00+00:00,0.1705,0.1742,0.169,0.1732,21489265.0,2026-06-13T07:59:59.999000+00:00,3682084.00863,15760
2026-06-13T08:00:00+00:00,0.1731,0.1739,0.1721,0.1734,13697713.4,2026-06-13T11:59:59.999000+00:00,2370469.73513,12754
2026-06-13T12:00:00+00:00,0.1735,0.1758,0.1731,0.175,14772014.8,2026-06-13T15:59:59.999000+00:00,2573387.82495,11963
2026-06-13T16:00:00+00:00,0.175,0.1751,0.1715,0.1722,15532604.8,2026-06-13T19:59:59.999000+00:00,2686725.8029,12120
2026-06-13T20:00:00+00:00,0.1721,0.1735,0.1712,0.1718,16177702.3,2026-06-13T23:59:59.999000+00:00,2784107.78158,9512
2026-06-14T00:00:00+00:00,0.1718,0.1737,0.1714,0.1731,15566485.8,2026-06-14T03:59:59.999000+00:00,2685003.7638,8981
2026-06-14T04:00:00+00:00,0.1731,0.1733,0.1709,0.1711,11135853.8,2026-06-14T07:59:59.999000+00:00,1912830.03983,7091
2026-06-14T08:00:00+00:00,0.1711,0.1719,0.1695,0.1698,16709002.7,2026-06-14T11:59:59.999000+00:00,2849730.26923,9630
2026-06-14T12:00:00+00:00,0.1698,0.17,0.1654,0.167,28790169.9,2026-06-14T15:59:59.999000+00:00,4823775.08078,16975
2026-06-14T16:00:00+00:00,0.167,0.1677,0.1658,0.1661,15935296.1,2026-06-14T19:59:59.999000+00:00,2655940.55896,8105
2026-06-14T20:00:00+00:00,0.1661,0.1839,0.1658,0.183,64645589.0,2026-06-14T23:59:59.999000+00:00,11355581.72773,47823
2026-06-15T00:00:00+00:00,0.183,0.187,0.1794,0.1813,60833263.0,2026-06-15T03:59:59.999000+00:00,11106757.81927,41211
2026-06-15T04:00:00+00:00,0.1812,0.182,0.1795,0.1802,20481521.5,2026-06-15T07:59:59.999000+00:00,3702876.04506,14504
2026-06-15T08:00:00+00:00,0.1803,0.1856,0.18,0.1852,34324932.2,2026-06-15T11:59:59.999000+00:00,6267655.55603,23344
2026-06-15T12:00:00+00:00,0.1852,0.19,0.1844,0.1889,63385788.2,2026-06-15T15:59:59.999000+00:00,11894442.41325,45228
2026-06-15T16:00:00+00:00,0.1889,0.1897,0.185,0.1862,34303493.4,2026-06-15T19:59:59.999000+00:00,6425313.68731,29192
2026-06-15T20:00:00+00:00,0.1862,0.1866,0.1768,0.1786,41529174.5,2026-06-15T23:59:59.999000+00:00,7505357.21198,29751
2026-06-16T00:00:00+00:00,0.1785,0.1793,0.1755,0.1772,21101291.2,2026-06-16T03:59:59.999000+00:00,3742397.26214,15945
2026-06-16T04:00:00+00:00,0.1773,0.1793,0.1757,0.1788,16948307.8,2026-06-16T07:59:59.999000+00:00,3010396.94536,11421
2026-06-16T08:00:00+00:00,0.1787,0.1814,0.1783,0.1788,24157979.4,2026-06-16T11:59:59.999000+00:00,4340186.86081,15462
2026-06-16T12:00:00+00:00,0.1789,0.1814,0.1728,0.1741,32861887.0,2026-06-16T15:59:59.999000+00:00,5790100.96279,28849
2026-06-16T16:00:00+00:00,0.1741,0.1766,0.1719,0.1732,29868668.0,2026-06-16T19:59:59.999000+00:00,5199294.95318,21395
2026-06-16T20:00:00+00:00,0.1733,0.1756,0.172,0.1724,26205414.7,2026-06-16T23:59:59.999000+00:00,4548492.7967,17673
2026-06-17T00:00:00+00:00,0.1723,0.175,0.171,0.173,27963775.4,2026-06-17T03:59:59.999000+00:00,4839698.54339,19697
2026-06-17T04:00:00+00:00,0.1731,0.1738,0.1703,0.1713,23131890.0,2026-06-17T07:59:59.999000+00:00,3975089.39714,16281
2026-06-17T08:00:00+00:00,0.1713,0.1714,0.1678,0.1688,31353842.6,2026-06-17T11:59:59.999000+00:00,5312155.43847,20670
2026-06-17T12:00:00+00:00,0.1689,0.1715,0.167,0.1714,49810848.2,2026-06-17T15:59:59.999000+00:00,8404227.73168,30081
2026-06-17T16:00:00+00:00,0.1714,0.1729,0.1648,0.1656,60485850.9,2026-06-17T19:59:59.999000+00:00,10234509.1139,47133
2026-06-17T20:00:00+00:00,0.1655,0.1675,0.1637,0.1669,24551225.7,2026-06-17T23:59:59.999000+00:00,4080282.31285,20727
2026-06-18T00:00:00+00:00,0.1669,0.1689,0.1665,0.1669,10902775.8,2026-06-18T03:59:59.999000+00:00,1829099.92394,9817
2026-06-18T04:00:00+00:00,0.1669,0.1673,0.1639,0.1669,20320287.2,2026-06-18T07:59:59.999000+00:00,3363435.50478,15768
2026-06-18T08:00:00+00:00,0.1669,0.1675,0.1646,0.165,17481470.0,2026-06-18T11:59:59.999000+00:00,2908431.04388,10749
2026-06-18T12:00:00+00:00,0.1651,0.1665,0.1598,0.1604,41718112.4,2026-06-18T15:59:59.999000+00:00,6821276.6502,31024
2026-06-18T16:00:00+00:00,0.1603,0.1634,0.1601,0.163,23244489.8,2026-06-18T19:59:59.999000+00:00,3752900.01051,18689
2026-06-18T20:00:00+00:00,0.1631,0.1642,0.1624,0.1637,10358956.4,2026-06-18T23:59:59.999000+00:00,1690867.86212,9302
2026-06-19T00:00:00+00:00,0.1637,0.1651,0.1611,0.1621,17700255.6,2026-06-19T03:59:59.999000+00:00,2893455.02504,13091
2026-06-19T04:00:00+00:00,0.1622,0.1624,0.1586,0.1596,19936627.5,2026-06-19T07:59:59.999000+00:00,3195554.57254,17928
2026-06-19T08:00:00+00:00,0.1597,0.1611,0.1591,0.1599,13256973.6,2026-06-19T11:59:59.999000+00:00,2120790.95994,12132
2026-06-19T12:00:00+00:00,0.1599,0.1629,0.1587,0.1618,16997083.9,2026-06-19T15:59:59.999000+00:00,2742774.1198,13949
2026-06-19T16:00:00+00:00,0.1619,0.1624,0.1603,0.1608,11089934.8,2026-06-19T19:59:59.999000+00:00,1788838.82332,10254
2026-06-19T20:00:00+00:00,0.1609,0.1624,0.1604,0.1621,7938894.7,2026-06-19T23:59:59.999000+00:00,1281965.21871,7367
2026-06-20T00:00:00+00:00,0.1621,0.164,0.1616,0.1625,9650600.9,2026-06-20T03:59:59.999000+00:00,1567635.337,8013
2026-06-20T04:00:00+00:00,0.1625,0.1651,0.1623,0.1629,11163019.1,2026-06-20T07:59:59.999000+00:00,1825674.18943,8743
2026-06-20T08:00:00+00:00,0.1629,0.164,0.1622,0.1629,7734232.8,2026-06-20T11:59:59.999000+00:00,1260997.47361,5953
2026-06-20T12:00:00+00:00,0.1629,0.1633,0.16,0.1623,20391691.5,2026-06-20T15:59:59.999000+00:00,3300860.82708,14606
2026-06-20T16:00:00+00:00,0.1623,0.1625,0.1601,0.1613,13812271.7,2026-06-20T19:59:59.999000+00:00,2227125.12609,8783
2026-06-20T20:00:00+00:00,0.1614,0.1639,0.1612,0.1633,9527261.3,2026-06-20T23:59:59.999000+00:00,1547001.92315,6461
2026-06-21T00:00:00+00:00,0.1633,0.1636,0.162,0.1626,8986845.9,2026-06-21T03:59:59.999000+00:00,1463716.70782,6083
2026-06-21T04:00:00+00:00,0.1627,0.1628,0.1601,0.1616,15689935.3,2026-06-21T07:59:59.999000+00:00,2529180.53237,8872
2026-06-21T08:00:00+00:00,0.1616,0.1626,0.16,0.161,13076458.7,2026-06-21T11:59:59.999000+00:00,2110837.94969,8880
2026-06-21T12:00:00+00:00,0.1609,0.1629,0.1603,0.1623,8832848.3,2026-06-21T15:59:59.999000+00:00,1427168.99137,6426
2026-06-21T16:00:00+00:00,0.1624,0.1625,0.1609,0.162,6639379.7,2026-06-21T19:59:59.999000+00:00,1073916.5334,6418
2026-06-21T20:00:00+00:00,0.162,0.1623,0.1563,0.1566,31559457.7,2026-06-21T23:59:59.999000+00:00,5013380.66159,21364
2026-06-22T00:00:00+00:00,0.1566,0.163,0.1566,0.1582,23624278.7,2026-06-22T03:59:59.999000+00:00,3771415.12948,18697
2026-06-22T04:00:00+00:00,0.1582,0.1621,0.1579,0.1618,12636019.9,2026-06-22T07:59:59.999000+00:00,2026429.63532,9104
2026-06-22T08:00:00+00:00,0.1618,0.1624,0.1598,0.1617,14595440.7,2026-06-22T11:59:59.999000+00:00,2350462.95962,11226
2026-06-22T12:00:00+00:00,0.1617,0.1633,0.1589,0.1595,22610644.5,2026-06-22T15:59:59.999000+00:00,3647926.31472,17640
2026-06-22T16:00:00+00:00,0.1596,0.1601,0.1577,0.159,15168447.2,2026-06-22T19:59:59.999000+00:00,2410893.69413,10701
2026-06-22T20:00:00+00:00,0.159,0.1601,0.1572,0.1585,12226835.0,2026-06-22T23:59:59.999000+00:00,1938713.82904,9080
2026-06-23T00:00:00+00:00,0.1586,0.16,0.1576,0.1599,13556890.6,2026-06-23T03:59:59.999000+00:00,2153934.3308,8551
2026-06-23T04:00:00+00:00,0.16,0.1601,0.1536,0.1546,32808562.9,2026-06-23T07:59:59.999000+00:00,5107809.13878,19332
2026-06-23T08:00:00+00:00,0.1547,0.1548,0.1508,0.1537,38398814.8,2026-06-23T11:59:59.999000+00:00,5868439.0272,20998
2026-06-23T12:00:00+00:00,0.1536,0.1537,0.1498,0.151,54155190.4,2026-06-23T15:59:59.999000+00:00,8197734.2978,26215
2026-06-23T16:00:00+00:00,0.151,0.152,0.1493,0.1501,36546866.4,2026-06-23T19:59:59.999000+00:00,5502978.16622,16679
2026-06-23T20:00:00+00:00,0.1502,0.1524,0.1499,0.1515,15944945.9,2026-06-23T23:59:59.999000+00:00,2407735.29092,10089
2026-06-24T00:00:00+00:00,0.1514,0.1544,0.1512,0.1522,20220627.6,2026-06-24T03:59:59.999000+00:00,3089018.04713,13422
2026-06-24T04:00:00+00:00,0.1522,0.1531,0.1502,0.1506,15461314.1,2026-06-24T07:59:59.999000+00:00,2343653.61372,9362
2026-06-24T08:00:00+00:00,0.1506,0.1513,0.1458,0.1483,59331749.5,2026-06-24T11:59:59.999000+00:00,8770946.43767,28402
2026-06-24T12:00:00+00:00,0.1483,0.1489,0.1435,0.1439,63334909.7,2026-06-24T15:59:59.999000+00:00,9239801.99607,36268
2026-06-24T16:00:00+00:00,0.1439,0.1445,0.1396,0.1412,78126445.6,2026-06-24T19:59:59.999000+00:00,11053024.79436,44326
2026-06-24T20:00:00+00:00,0.1412,0.1494,0.1408,0.1477,48978305.2,2026-06-24T23:59:59.999000+00:00,7126644.84842,23040
2026-06-25T00:00:00+00:00,0.1477,0.1492,0.147,0.1475,24033452.4,2026-06-25T03:59:59.999000+00:00,3558141.05623,13506
2026-06-25T04:00:00+00:00,0.1475,0.1508,0.1471,0.1499,20125840.2,2026-06-25T07:59:59.999000+00:00,3007355.73309,11793
2026-06-25T08:00:00+00:00,0.1499,0.1501,0.1473,0.1476,14681630.2,2026-06-25T11:59:59.999000+00:00,2181329.26721,8525
2026-06-25T12:00:00+00:00,0.1477,0.1489,0.1382,0.1432,74436590.9,2026-06-25T15:59:59.999000+00:00,10696122.17152,53381
