open_time,open,high,low,close,volume,close_time,quote_volume,trades
2026-04-24T06:00:00+00:00,634.11,635.36,633.38,634.56,3000.424,2026-04-24T06:59:59.999000+00:00,1903655.99013,23259
2026-04-24T07:00:00+00:00,634.57,637.17,634.33,635.0,3460.321,2026-04-24T07:59:59.999000+00:00,2200497.79777,23647
2026-04-24T08:00:00+00:00,634.99,637.87,634.54,637.04,3998.343,2026-04-24T08:59:59.999000+00:00,2545096.37579,24382
2026-04-24T09:00:00+00:00,637.04,637.19,633.33,633.97,4751.51,2026-04-24T09:59:59.999000+00:00,3014298.94354,27035
2026-04-24T10:00:00+00:00,633.97,635.55,633.6,634.88,2611.252,2026-04-24T10:59:59.999000+00:00,1657088.2843,21606
2026-04-24T11:00:00+00:00,634.89,638.75,634.89,638.1,4605.173,2026-04-24T11:59:59.999000+00:00,2935134.71128,37520
2026-04-24T12:00:00+00:00,638.1,638.82,636.48,638.56,2481.986,2026-04-24T12:59:59.999000+00:00,1582884.27003,26723
2026-04-24T13:00:00+00:00,638.57,640.49,637.42,638.45,4329.815,2026-04-24T13:59:59.999000+00:00,2767214.47824,43532
2026-04-24T14:00:00+00:00,638.44,639.11,636.05,638.23,4988.325,2026-04-24T14:59:59.999000+00:00,3183300.03829,34986
2026-04-24T15:00:00+00:00,638.23,639.78,635.95,639.6,5154.399,2026-04-24T15:59:59.999000+00:00,3291051.2887,33873
2026-04-24T16:00:00+00:00,639.6,639.97,636.75,637.9,3575.124,2026-04-24T16:59:59.999000+00:00,2282777.2277,23992
2026-04-24T17:00:00+00:00,637.91,638.49,636.54,637.76,2544.083,2026-04-24T17:59:59.999000+00:00,1621921.93073,23609
2026-04-24T18:00:00+00:00,637.77,637.86,635.34,637.48,1395.245,2026-04-24T18:59:59.999000+00:00,888680.10794,16149
2026-04-24T19:00:00+00:00,637.48,638.9,636.76,638.24,1375.004,2026-04-24T19:59:59.999000+00:00,877197.0938,14357
2026-04-24T20:00:00+00:00,638.24,638.3,636.46,637.99,1665.686,2026-04-24T20:59:59.999000+00:00,1061608.6995,13734
2026-04-24T21:00:00+00:00,638.0,638.37,636.89,637.47,2026.913,2026-04-24T21:59:59.999000+00:00,1292412.49871,14940
2026-04-24T22:00:00+00:00,637.47,637.71,635.43,636.11,1207.361,2026-04-24T22:59:59.999000+00:00,768904.67542,13000
2026-04-24T23:00:00+00:00,636.12,636.68,635.94,636.21,774.861,2026-04-24T23:59:59.999000+00:00,493013.86839,6959
2026-04-25T00:00:00+00:00,636.21,636.66,635.49,635.97,2530.278,2026-04-25T00:59:59.999000+00:00,1609329.94833,10343
2026-04-25T01:00:00+00:00,635.97,637.34,635.75,637.04,1648.716,2026-04-25T01:59:59.999000+00:00,1049494.6415,10477
2026-04-25T02:00:00+00:00,637.04,637.69,636.56,637.68,2301.189,2026-04-25T02:59:59.999000+00:00,1466576.27342,9757
2026-04-25T03:00:00+00:00,637.69,637.69,636.91,637.45,2412.311,2026-04-25T03:59:59.999000+00:00,1537165.99243,12141
2026-04-25T04:00:00+00:00,637.45,637.89,636.92,637.73,1051.799,2026-04-25T04:59:59.999000+00:00,670501.88886,7297
2026-04-25T05:00:00+00:00,637.72,637.72,636.41,636.7,1098.403,2026-04-25T05:59:59.999000+00:00,699512.4169,9159
2026-04-25T06:00:00+00:00,636.7,638.08,636.29,637.45,1496.898,2026-04-25T06:59:59.999000+00:00,953854.23975,10801
2026-04-25T07:00:00+00:00,637.46,637.61,636.7,636.7,1808.404,2026-04-25T07:59:59.999000+00:00,1152377.11686,11331
2026-04-25T08:00:00+00:00,636.71,638.5,636.47,638.07,2755.457,2026-04-25T08:59:59.999000+00:00,1757805.31006,11836
2026-04-25T09:00:00+00:00,638.08,638.34,637.16,637.65,2863.479,2026-04-25T09:59:59.999000+00:00,1826272.1425,11242
2026-04-25T10:00:00+00:00,637.64,638.3,637.46,637.99,1182.141,2026-04-25T10:59:59.999000+00:00,754060.97927,8331
2026-04-25T11:00:00+00:00,637.99,637.99,634.2,634.66,2987.149,2026-04-25T11:59:59.999000+00:00,1899454.6471,22246
2026-04-25T12:00:00+00:00,634.66,635.15,632.85,632.93,2782.914,2026-04-25T12:59:59.999000+00:00,1765213.26378,21682
2026-04-25T13:00:00+00:00,632.94,633.9,632.73,632.74,4020.019,2026-04-25T13:59:59.999000+00:00,2545999.28788,23885
2026-04-25T14:00:00+00:00,632.74,632.9,630.92,630.92,5414.339,2026-04-25T14:59:59.999000+00:00,3421730.90482,37767
2026-04-25T15:00:00+00:00,630.92,631.67,629.11,629.91,7505.676,2026-04-25T15:59:59.999000+00:00,4730308.8055,44265
2026-04-25T16:00:00+00:00,629.9,630.41,627.36,629.52,3821.678,2026-04-25T16:59:59.999000+00:00,2404425.80998,29955
2026-04-25T17:00:00+00:00,629.52,629.99,627.32,627.41,2797.847,2026-04-25T17:59:59.999000+00:00,1758757.80971,21344
2026-04-25T18:00:00+00:00,627.41,629.13,627.15,628.71,1665.064,2026-04-25T18:59:59.999000+00:00,1046118.124,15472
2026-04-25T19:00:00+00:00,628.71,629.4,628.17,628.66,1086.961,2026-04-25T19:59:59.999000+00:00,683402.31229,11466
2026-04-25T20:00:00+00:00,628.67,629.41,628.34,629.33,816.69,2026-04-25T20:59:59.999000+00:00,513704.63548,7691
2026-04-25T21:00:00+00:00,629.32,629.75,628.92,629.4,1704.993,2026-04-25T21:59:59.999000+00:00,1072905.25149,10761
2026-04-25T22:00:00+00:00,629.41,630.43,629.01,629.57,1040.631,2026-04-25T22:59:59.999000+00:00,655226.07903,11552
2026-04-25T23:00:00+00:00,629.57,629.67,628.4,628.53,2125.301,2026-04-25T23:59:59.999000+00:00,1336980.20839,9817
2026-04-26T00:00:00+00:00,628.52,629.34,627.5,628.81,2487.504,2026-04-26T00:59:59.999000+00:00,1563446.40656,14472
2026-04-26T01:00:00+00:00,628.82,630.35,628.24,629.77,2323.55,2026-04-26T01:59:59.999000+00:00,1462671.29804,15102
2026-04-26T02:00:00+00:00,629.77,630.11,629.18,629.94,1329.357,2026-04-26T02:59:59.999000+00:00,836952.54531,9941
2026-04-26T03:00:00+00:00,629.95,629.99,627.0,628.63,1773.533,2026-04-26T03:59:59.999000+00:00,1114788.35384,14024
2026-04-26T04:00:00+00:00,628.63,630.72,628.27,630.09,1965.918,2026-04-26T04:59:59.999000+00:00,1236934.13471,15121
2026-04-26T05:00:00+00:00,630.09,632.79,630.01,631.62,2962.866,2026-04-26T05:59:59.999000+00:00,1871539.73482,20703
2026-04-26T06:00:00+00:00,631.62,632.46,630.76,631.04,2165.518,2026-04-26T06:59:59.999000+00:00,1367675.3991,13259
2026-04-26T07:00:00+00:00,631.05,632.61,630.96,632.52,2718.101,2026-04-26T07:59:59.999000+00:00,1716554.66804,12263
2026-04-26T08:00:00+00:00,632.52,632.75,629.9,630.6,3854.853,2026-04-26T08:59:59.999000+00:00,2432232.88233,19719
2026-04-26T09:00:00+00:00,630.61,632.31,630.0,631.7,3126.565,2026-04-26T09:59:59.999000+00:00,1973033.82368,13230
2026-04-26T10:00:00+00:00,631.7,631.84,631.19,631.44,1371.693,2026-04-26T10:59:59.999000+00:00,866280.42339,11414
2026-04-26T11:00:00+00:00,631.44,632.7,631.44,632.54,1459.701,2026-04-26T11:59:59.999000+00:00,922732.49188,11868
2026-04-26T12:00:00+00:00,632.55,632.55,630.6,630.97,1960.955,2026-04-26T12:59:59.999000+00:00,1238075.2271,13772
2026-04-26T13:00:00+00:00,630.98,631.86,630.64,631.37,1905.487,2026-04-26T13:59:59.999000+00:00,1202879.09331,13772
2026-04-26T14:00:00+00:00,631.38,633.03,630.88,632.14,3605.979,2026-04-26T14:59:59.999000+00:00,2278583.90548,22225
2026-04-26T15:00:00+00:00,632.14,632.88,631.62,632.29,1904.968,2026-04-26T15:59:59.999000+00:00,1204338.15262,12485
2026-04-26T16:00:00+00:00,632.29,632.54,631.08,631.15,1188.989,2026-04-26T16:59:59.999000+00:00,751013.72326,10544
2026-04-26T17:00:00+00:00,631.14,632.0,630.59,631.99,787.617,2026-04-26T17:59:59.999000+00:00,497366.66488,10187
2026-04-26T18:00:00+00:00,631.99,634.4,631.72,633.87,2853.772,2026-04-26T18:59:59.999000+00:00,1807357.5356,20551
2026-04-26T19:00:00+00:00,633.86,636.74,633.5,635.89,4110.5,2026-04-26T19:59:59.999000+00:00,2612070.24369,25677
2026-04-26T20:00:00+00:00,635.9,636.28,634.54,634.62,1181.827,2026-04-26T20:59:59.999000+00:00,750933.37835,11172
2026-04-26T21:00:00+00:00,634.62,636.84,633.0,635.7,2625.484,2026-04-26T21:59:59.999000+00:00,1667447.00599,25681
2026-04-26T22:00:00+00:00,635.7,638.06,633.69,635.02,1879.351,2026-04-26T22:59:59.999000+00:00,1195771.50369,25314
2026-04-26T23:00:00+00:00,635.03,636.79,633.84,635.76,2902.252,2026-04-26T23:59:59.999000+00:00,1844370.21962,17674
2026-04-27T00:00:00+00:00,635.77,638.39,633.74,638.29,3026.52,2026-04-27T00:59:59.999000+00:00,1926143.03411,24578
2026-04-27T01:00:00+00:00,638.3,639.81,635.73,638.49,5661.45,2026-04-27T01:59:59.999000+00:00,3611821.43626,37786
2026-04-27T02:00:00+00:00,638.49,639.65,637.21,638.47,6653.152,2026-04-27T02:59:59.999000+00:00,4247518.75336,30358
2026-04-27T03:00:00+00:00,638.48,639.78,638.18,638.27,2702.991,2026-04-27T03:59:59.999000+00:00,1727156.74353,15276
2026-04-27T04:00:00+00:00,638.27,638.64,636.4,636.87,3931.953,2026-04-27T04:59:59.999000+00:00,2508090.53182,18285
2026-04-27T05:00:00+00:00,636.88,637.11,627.88,629.2,11427.828,2026-04-27T05:59:59.999000+00:00,7211179.49893,73898
2026-04-27T06:00:00+00:00,629.2,629.67,625.15,627.31,8870.59,2026-04-27T06:59:59.999000+00:00,5565866.33419,39654
2026-04-27T07:00:00+00:00,627.32,627.59,625.5,625.87,4179.681,2026-04-27T07:59:59.999000+00:00,2618150.24879,27944
2026-04-27T08:00:00+00:00,625.87,628.27,625.4,628.04,4345.813,2026-04-27T08:59:59.999000+00:00,2724007.71505,28405
2026-04-27T09:00:00+00:00,628.04,628.94,627.3,628.49,2774.062,2026-04-27T09:59:59.999000+00:00,1742986.28674,21132
2026-04-27T10:00:00+00:00,628.49,628.62,627.62,627.8,1619.312,2026-04-27T10:59:59.999000+00:00,1017002.91632,14692
2026-04-27T11:00:00+00:00,627.8,627.92,626.57,627.4,2197.544,2026-04-27T11:59:59.999000+00:00,1378439.78505,15351
2026-04-27T12:00:00+00:00,627.39,627.39,625.2,625.79,3674.327,2026-04-27T12:59:59.999000+00:00,2300383.31668,17773
2026-04-27T13:00:00+00:00,625.79,627.02,624.17,625.49,4835.465,2026-04-27T13:59:59.999000+00:00,3025874.26216,33337
2026-04-27T14:00:00+00:00,625.49,628.56,625.0,626.29,5291.122,2026-04-27T14:59:59.999000+00:00,3314606.70244,41079
2026-04-27T15:00:00+00:00,626.3,626.45,618.38,620.94,11576.961,2026-04-27T15:59:59.999000+00:00,7193948.16732,78154
2026-04-27T16:00:00+00:00,620.93,622.3,620.5,621.5,4483.678,2026-04-27T16:59:59.999000+00:00,2785515.84712,29681
2026-04-27T17:00:00+00:00,621.5,624.02,621.49,623.06,4400.113,2026-04-27T17:59:59.999000+00:00,2742545.38178,26781
2026-04-27T18:00:00+00:00,623.05,623.8,622.25,623.49,2511.359,2026-04-27T18:59:59.999000+00:00,1564375.62767,19273
2026-04-27T19:00:00+00:00,623.49,623.58,621.01,623.53,2251.739,2026-04-27T19:59:59.999000+00:00,1401491.38309,19088
2026-04-27T20:00:00+00:00,623.53,624.36,623.52,623.95,1240.727,2026-04-27T20:59:59.999000+00:00,774126.36628,11527
2026-04-27T21:00:00+00:00,623.96,624.68,623.33,623.34,2093.592,2026-04-27T21:59:59.999000+00:00,1306233.10485,13090
2026-04-27T22:00:00+00:00,623.34,625.12,623.13,624.78,1378.746,2026-04-27T22:59:59.999000+00:00,860752.80203,13151
2026-04-27T23:00:00+00:00,624.78,627.31,624.3,626.83,2816.763,2026-04-27T23:59:59.999000+00:00,1762320.8174,16379
2026-04-28T00:00:00+00:00,626.83,627.58,626.01,627.08,1550.845,2026-04-28T00:59:59.999000+00:00,972039.28862,16987
2026-04-28T01:00:00+00:00,627.07,627.1,625.5,625.82,1700.772,2026-04-28T01:59:59.999000+00:00,1065150.97174,12123
2026-04-28T02:00:00+00:00,625.83,626.64,623.28,624.43,2348.921,2026-04-28T02:59:59.999000+00:00,1467589.75684,16620
2026-04-28T03:00:00+00:00,624.42,624.66,623.44,624.52,1525.969,2026-04-28T03:59:59.999000+00:00,952151.2481,13973
2026-04-28T04:00:00+00:00,624.52,625.99,623.87,625.51,3005.751,2026-04-28T04:59:59.999000+00:00,1878719.26498,16628
2026-04-28T05:00:00+00:00,625.51,626.62,624.43,624.75,2731.955,2026-04-28T05:59:59.999000+00:00,1708947.95863,19802
2026-04-28T06:00:00+00:00,624.75,625.96,623.09,623.16,5546.394,2026-04-28T06:59:59.999000+00:00,3465882.40296,21969
2026-04-28T07:00:00+00:00,623.16,624.5,621.86,624.26,5223.99,2026-04-28T07:59:59.999000+00:00,3255634.73105,23102
2026-04-28T08:00:00+00:00,624.26,625.47,623.76,624.54,2067.307,2026-04-28T08:59:59.999000+00:00,1291065.43233,17109
2026-04-28T09:00:00+00:00,624.55,624.91,622.4,622.97,2458.514,2026-04-28T09:59:59.999000+00:00,1532834.01609,20842
2026-04-28T10:00:00+00:00,622.97,623.83,622.41,622.71,2359.953,2026-04-28T10:59:59.999000+00:00,1470584.13803,20543
2026-04-28T11:00:00+00:00,622.7,622.96,621.21,621.85,2790.751,2026-04-28T11:59:59.999000+00:00,1735660.56898,26907
2026-04-28T12:00:00+00:00,621.86,623.54,621.13,623.26,3280.393,2026-04-28T12:59:59.999000+00:00,2041703.45482,29039
2026-04-28T13:00:00+00:00,623.26,623.63,620.54,622.22,4927.969,2026-04-28T13:59:59.999000+00:00,3063649.80423,34248
2026-04-28T14:00:00+00:00,622.22,622.29,619.0,622.29,5463.353,2026-04-28T14:59:59.999000+00:00,3390208.23533,35486
2026-04-28T15:00:00+00:00,622.3,623.0,621.81,622.82,3209.095,2026-04-28T15:59:59.999000+00:00,1997782.6013,22360
2026-04-28T16:00:00+00:00,622.82,623.59,621.82,623.48,2351.294,2026-04-28T16:59:59.999000+00:00,1464037.66082,19665
2026-04-28T17:00:00+00:00,623.48,624.0,622.43,623.52,2139.001,2026-04-28T17:59:59.999000+00:00,1333015.83998,17801
2026-04-28T18:00:00+00:00,623.52,624.01,623.05,623.73,1294.775,2026-04-28T18:59:59.999000+00:00,807483.49409,10467
2026-04-28T19:00:00+00:00,623.73,624.3,622.97,624.17,1352.801,2026-04-28T19:59:59.999000+00:00,843886.83896,7761
2026-04-28T20:00:00+00:00,624.17,624.46,623.74,624.28,1865.94,2026-04-28T20:59:59.999000+00:00,1164490.2238,9485
2026-04-28T21:00:00+00:00,624.29,624.66,623.0,623.61,1262.259,2026-04-28T21:59:59.999000+00:00,787409.31487,9386
2026-04-28T22:00:00+00:00,623.61,624.38,622.87,623.24,947.531,2026-04-28T22:59:59.999000+00:00,590794.02123,8608
2026-04-28T23:00:00+00:00,623.24,624.64,622.95,624.55,942.209,2026-04-28T23:59:59.999000+00:00,587845.9404,7016
2026-04-29T00:00:00+00:00,624.56,624.91,623.57,624.6,1524.91,2026-04-29T00:59:59.999000+00:00,952146.81397,13501
2026-04-29T01:00:00+00:00,624.61,625.33,622.56,624.72,2042.124,2026-04-29T01:59:59.999000+00:00,1274603.93967,16703
2026-04-29T02:00:00+00:00,624.73,625.3,623.61,624.18,1881.419,2026-04-29T02:59:59.999000+00:00,1174748.58299,12136
2026-04-29T03:00:00+00:00,624.19,626.73,624.11,626.05,4232.689,2026-04-29T03:59:59.999000+00:00,2648543.77455,29393
2026-04-29T04:00:00+00:00,626.05,628.5,625.0,627.86,5066.669,2026-04-29T04:59:59.999000+00:00,3177548.02161,25742
2026-04-29T05:00:00+00:00,627.86,628.23,627.05,627.35,3185.836,2026-04-29T05:59:59.999000+00:00,1999719.13837,14838
2026-04-29T06:00:00+00:00,627.35,627.61,625.49,626.06,3185.459,2026-04-29T06:59:59.999000+00:00,1995327.59845,19343
2026-04-29T07:00:00+00:00,626.06,626.73,625.0,625.13,5208.463,2026-04-29T07:59:59.999000+00:00,3260243.56975,21600
2026-04-29T08:00:00+00:00,625.13,625.86,624.54,625.62,4525.758,2026-04-29T08:59:59.999000+00:00,2829633.20648,20246
2026-04-29T09:00:00+00:00,625.62,629.45,625.25,629.05,5079.587,2026-04-29T09:59:59.999000+00:00,3187367.83178,36327
2026-04-29T10:00:00+00:00,629.06,629.61,627.46,627.85,3873.105,2026-04-29T10:59:59.999000+00:00,2434907.5558,30208
2026-04-29T11:00:00+00:00,627.85,628.0,625.92,626.02,6000.836,2026-04-29T11:59:59.999000+00:00,3760310.14702,28237
2026-04-29T12:00:00+00:00,626.01,626.06,622.19,623.88,4988.261,2026-04-29T12:59:59.999000+00:00,3110924.51573,42653
2026-04-29T13:00:00+00:00,623.88,624.2,620.02,622.17,4039.956,2026-04-29T13:59:59.999000+00:00,2513112.23093,37547
2026-04-29T14:00:00+00:00,622.16,622.86,620.63,621.13,3858.497,2026-04-29T14:59:59.999000+00:00,2399358.60367,28095
2026-04-29T15:00:00+00:00,621.14,621.33,615.48,616.51,8198.364,2026-04-29T15:59:59.999000+00:00,5065778.34516,48929
2026-04-29T16:00:00+00:00,616.52,618.01,616.21,617.73,4088.9,2026-04-29T16:59:59.999000+00:00,2523632.14278,32957
2026-04-29T17:00:00+00:00,617.73,620.01,617.73,619.92,3826.145,2026-04-29T17:59:59.999000+00:00,2368756.4922,24204
2026-04-29T18:00:00+00:00,619.92,620.28,610.26,613.76,15726.037,2026-04-29T18:59:59.999000+00:00,9643110.07349,90941
2026-04-29T19:00:00+00:00,613.76,614.46,612.37,613.31,2913.086,2026-04-29T19:59:59.999000+00:00,1786922.8933,23369
2026-04-29T20:00:00+00:00,613.32,616.15,613.02,615.39,2991.729,2026-04-29T20:59:59.999000+00:00,1839268.27581,21839
2026-04-29T21:00:00+00:00,615.38,618.58,615.03,617.19,2498.511,2026-04-29T21:59:59.999000+00:00,1540611.00736,15772
2026-04-29T22:00:00+00:00,617.18,618.14,616.56,618.03,1278.418,2026-04-29T22:59:59.999000+00:00,789209.78398,11738
2026-04-29T23:00:00+00:00,618.03,618.24,616.72,617.39,1598.413,2026-04-29T23:59:59.999000+00:00,987069.23823,13025
2026-04-30T00:00:00+00:00,617.39,620.41,616.33,620.28,4532.131,2026-04-30T00:59:59.999000+00:00,2801072.7325,23616
2026-04-30T01:00:00+00:00,620.27,620.53,619.22,619.23,2057.651,2026-04-30T01:59:59.999000+00:00,1275486.4922,17357
2026-04-30T02:00:00+00:00,619.23,620.18,616.03,617.43,3999.705,2026-04-30T02:59:59.999000+00:00,2472140.43549,35379
2026-04-30T03:00:00+00:00,617.42,618.48,616.99,617.88,1976.605,2026-04-30T03:59:59.999000+00:00,1220920.43443,15186
2026-04-30T04:00:00+00:00,617.88,618.0,614.53,614.66,2812.091,2026-04-30T04:59:59.999000+00:00,1731932.95316,19486
2026-04-30T05:00:00+00:00,614.66,616.51,613.47,616.35,5333.219,2026-04-30T05:59:59.999000+00:00,3283530.21801,20753
2026-04-30T06:00:00+00:00,616.34,616.8,615.52,615.64,4085.447,2026-04-30T06:59:59.999000+00:00,2517394.87404,22743
2026-04-30T07:00:00+00:00,615.65,618.26,615.52,617.5,6566.304,2026-04-30T07:59:59.999000+00:00,4053202.66846,21444
2026-04-30T08:00:00+00:00,617.5,618.29,616.6,616.61,3506.393,2026-04-30T08:59:59.999000+00:00,2164331.96802,17552
2026-04-30T09:00:00+00:00,616.61,618.75,616.57,616.9,2324.812,2026-04-30T09:59:59.999000+00:00,1435037.09576,19159
2026-04-30T10:00:00+00:00,616.9,617.28,615.62,615.84,2833.008,2026-04-30T10:59:59.999000+00:00,1745707.49276,19379
2026-04-30T11:00:00+00:00,615.85,617.33,614.38,615.63,5077.119,2026-04-30T11:59:59.999000+00:00,3126930.26101,26275
2026-04-30T12:00:00+00:00,615.64,616.8,615.0,615.28,4345.726,2026-04-30T12:59:59.999000+00:00,2676336.17229,27212
2026-04-30T13:00:00+00:00,615.29,616.7,614.14,615.6,4067.245,2026-04-30T13:59:59.999000+00:00,2503372.79415,34414
2026-04-30T14:00:00+00:00,615.61,616.51,613.58,616.43,6486.738,2026-04-30T14:59:59.999000+00:00,3992635.89055,41168
2026-04-30T15:00:00+00:00,616.42,618.13,615.76,617.1,4235.352,2026-04-30T15:59:59.999000+00:00,2612440.41119,35222
2026-04-30T16:00:00+00:00,617.09,617.15,616.0,616.33,2402.697,2026-04-30T16:59:59.999000+00:00,1481725.58917,16663
2026-04-30T17:00:00+00:00,616.33,617.36,615.75,617.11,2126.601,2026-04-30T17:59:59.999000+00:00,1310568.94115,14227
2026-04-30T18:00:00+00:00,617.11,618.69,617.1,617.56,1601.471,2026-04-30T18:59:59.999000+00:00,989609.33899,14700
2026-04-30T19:00:00+00:00,617.57,618.84,617.23,618.45,1891.523,2026-04-30T19:59:59.999000+00:00,1169523.22189,14268
2026-04-30T20:00:00+00:00,618.44,618.61,617.73,617.74,1528.017,2026-04-30T20:59:59.999000+00:00,944477.2234,11138
2026-04-30T21:00:00+00:00,617.73,617.79,616.0,616.01,1540.678,2026-04-30T21:59:59.999000+00:00,950665.45585,12631
2026-04-30T22:00:00+00:00,616.01,616.41,614.91,615.08,1793.655,2026-04-30T22:59:59.999000+00:00,1104354.41914,15550
2026-04-30T23:00:00+00:00,615.08,615.63,614.79,615.38,1488.257,2026-04-30T23:59:59.999000+00:00,915588.37231,10832
2026-05-01T00:00:00+00:00,615.38,616.8,615.28,615.57,2894.365,2026-05-01T00:59:59.999000+00:00,1783319.20613,17976
2026-05-01T01:00:00+00:00,615.57,617.54,615.5,617.51,1918.189,2026-05-01T01:59:59.999000+00:00,1182685.41414,12735
2026-05-01T02:00:00+00:00,617.51,617.54,616.5,617.18,3678.681,2026-05-01T02:59:59.999000+00:00,2269703.64456,13809
2026-05-01T03:00:00+00:00,617.18,621.29,616.9,618.5,5867.57,2026-05-01T03:59:59.999000+00:00,3633866.63287,34084
2026-05-01T04:00:00+00:00,618.5,619.08,616.99,617.1,3437.91,2026-05-01T04:59:59.999000+00:00,2124208.64919,20517
2026-05-01T05:00:00+00:00,617.11,618.29,616.99,617.9,1881.068,2026-05-01T05:59:59.999000+00:00,1162062.35895,13419
2026-05-01T06:00:00+00:00,617.9,618.37,616.03,616.66,2140.455,2026-05-01T06:59:59.999000+00:00,1321835.5796,18140
2026-05-01T07:00:00+00:00,616.67,617.61,616.13,617.42,2934.677,2026-05-01T07:59:59.999000+00:00,1810535.76515,15604
2026-05-01T08:00:00+00:00,617.42,619.56,617.13,618.67,2320.242,2026-05-01T08:59:59.999000+00:00,1434738.13981,17211
2026-05-01T09:00:00+00:00,618.66,618.7,616.44,616.87,2813.9,2026-05-01T09:59:59.999000+00:00,1737439.81583,16748
2026-05-01T10:00:00+00:00,616.87,617.41,615.94,617.4,4370.999,2026-05-01T10:59:59.999000+00:00,2695782.44509,19924
2026-05-01T11:00:00+00:00,617.41,619.0,617.41,618.92,3728.483,2026-05-01T11:59:59.999000+00:00,2305299.43953,16519
2026-05-01T12:00:00+00:00,618.92,620.84,618.44,619.14,7659.518,2026-05-01T12:59:59.999000+00:00,4746330.19606,36764
2026-05-01T13:00:00+00:00,619.14,622.84,619.14,622.48,7664.283,2026-05-01T13:59:59.999000+00:00,4762003.25107,45711
2026-05-01T14:00:00+00:00,622.47,622.82,619.56,620.7,5312.87,2026-05-01T14:59:59.999000+00:00,3301834.31203,33499
2026-05-01T15:00:00+00:00,620.71,622.62,619.74,620.83,4811.647,2026-05-01T15:59:59.999000+00:00,2989218.28621,26064
2026-05-01T16:00:00+00:00,620.83,621.79,619.35,619.55,3583.013,2026-05-01T16:59:59.999000+00:00,2222383.76329,25058
2026-05-01T17:00:00+00:00,619.55,620.5,618.98,620.36,2074.056,2026-05-01T17:59:59.999000+00:00,1285403.36749,15781
2026-05-01T18:00:00+00:00,620.36,620.78,619.0,619.26,1754.886,2026-05-01T18:59:59.999000+00:00,1088196.728,14325
2026-05-01T19:00:00+00:00,619.26,620.38,618.9,619.24,1465.188,2026-05-01T19:59:59.999000+00:00,907908.20166,13257
2026-05-01T20:00:00+00:00,619.24,619.37,616.4,616.94,3082.45,2026-05-01T20:59:59.999000+00:00,1905471.49371,13832
2026-05-01T21:00:00+00:00,616.94,617.69,616.73,617.32,1848.359,2026-05-01T21:59:59.999000+00:00,1140941.66875,17670
2026-05-01T22:00:00+00:00,617.33,617.88,614.94,615.13,7672.397,2026-05-01T22:59:59.999000+00:00,4724556.50287,18614
2026-05-01T23:00:00+00:00,615.12,615.66,613.79,615.34,3138.534,2026-05-01T23:59:59.999000+00:00,1929756.72451,12355
2026-05-02T00:00:00+00:00,615.34,616.13,614.78,615.86,2589.412,2026-05-02T00:59:59.999000+00:00,1593380.8527,16399
2026-05-02T01:00:00+00:00,615.86,616.58,615.59,615.81,1561.132,2026-05-02T01:59:59.999000+00:00,961778.34279,12098
2026-05-02T02:00:00+00:00,615.82,617.26,615.61,616.11,1684.156,2026-05-02T02:59:59.999000+00:00,1037807.04116,11947
2026-05-02T03:00:00+00:00,616.11,616.87,615.4,616.19,1766.26,2026-05-02T03:59:59.999000+00:00,1088256.59147,10631
2026-05-02T04:00:00+00:00,616.19,616.22,614.48,615.01,3363.201,2026-05-02T04:59:59.999000+00:00,2069122.9077,13660
2026-05-02T05:00:00+00:00,615.01,615.67,614.15,615.21,1700.763,2026-05-02T05:59:59.999000+00:00,1046125.96787,12825
2026-05-02T06:00:00+00:00,615.21,616.3,614.86,616.21,1376.908,2026-05-02T06:59:59.999000+00:00,847555.73646,10522
2026-05-02T07:00:00+00:00,616.21,616.4,615.25,615.91,1312.023,2026-05-02T07:59:59.999000+00:00,807958.68364,8083
2026-05-02T08:00:00+00:00,615.9,616.2,615.24,615.73,2066.39,2026-05-02T08:59:59.999000+00:00,1272520.9219,10329
2026-05-02T09:00:00+00:00,615.74,615.93,615.22,615.64,1543.401,2026-05-02T09:59:59.999000+00:00,950119.64428,9204
2026-05-02T10:00:00+00:00,615.63,615.86,615.16,615.76,1436.752,2026-05-02T10:59:59.999000+00:00,884302.96936,7537
2026-05-02T11:00:00+00:00,615.76,615.76,614.71,615.66,1613.307,2026-05-02T11:59:59.999000+00:00,992630.77787,10020
2026-05-02T12:00:00+00:00,615.67,616.45,615.38,615.89,2966.674,2026-05-02T12:59:59.999000+00:00,1827145.65006,12667
2026-05-02T13:00:00+00:00,615.89,617.19,615.89,617.18,2842.743,2026-05-02T13:59:59.999000+00:00,1753066.26808,12773
2026-05-02T14:00:00+00:00,617.18,617.62,616.65,616.77,3751.839,2026-05-02T14:59:59.999000+00:00,2315013.9632,15059
2026-05-02T15:00:00+00:00,616.77,618.27,616.69,618.22,2639.992,2026-05-02T15:59:59.999000+00:00,1630566.06231,14505
2026-05-02T16:00:00+00:00,618.22,619.38,617.73,618.63,3447.533,2026-05-02T16:59:59.999000+00:00,2132008.2883,16407
2026-05-02T17:00:00+00:00,618.63,618.89,618.02,618.33,2070.724,2026-05-02T17:59:59.999000+00:00,1280577.32226,11644
2026-05-02T18:00:00+00:00,618.32,619.21,617.71,618.63,1678.539,2026-05-02T18:59:59.999000+00:00,1038184.8145,10314
2026-05-02T19:00:00+00:00,618.63,618.97,618.23,618.83,1378.044,2026-05-02T19:59:59.999000+00:00,852436.99797,10311
2026-05-02T20:00:00+00:00,618.84,618.85,618.26,618.56,1506.933,2026-05-02T20:59:59.999000+00:00,932200.1199,9279
2026-05-02T21:00:00+00:00,618.57,621.81,618.56,619.57,3686.958,2026-05-02T21:59:59.999000+00:00,2285141.74374,27374
2026-05-02T22:00:00+00:00,619.57,619.88,618.34,619.72,1730.131,2026-05-02T22:59:59.999000+00:00,1071021.98452,15017
2026-05-02T23:00:00+00:00,619.71,619.71,617.77,618.03,2260.179,2026-05-02T23:59:59.999000+00:00,1397632.36714,12492
2026-05-03T00:00:00+00:00,618.03,618.49,617.0,617.7,2163.222,2026-05-03T00:59:59.999000+00:00,1336309.24457,15070
2026-05-03T01:00:00+00:00,617.7,617.77,615.55,616.02,2674.024,2026-05-03T01:59:59.999000+00:00,1647947.18229,13942
2026-05-03T02:00:00+00:00,616.02,616.23,615.09,615.67,3621.007,2026-05-03T02:59:59.999000+00:00,2228944.16068,15287
2026-05-03T03:00:00+00:00,615.67,616.56,615.35,616.22,2207.243,2026-05-03T03:59:59.999000+00:00,1359357.78644,10280
2026-05-03T04:00:00+00:00,616.22,616.29,615.42,615.58,1697.096,2026-05-03T04:59:59.999000+00:00,1045238.19808,9115
2026-05-03T05:00:00+00:00,615.58,617.6,615.57,617.09,2424.961,2026-05-03T05:59:59.999000+00:00,1495918.15092,12264
2026-05-03T06:00:00+00:00,617.09,617.22,615.31,616.88,3716.314,2026-05-03T06:59:59.999000+00:00,2289219.06388,14433
2026-05-03T07:00:00+00:00,616.88,618.35,616.49,616.96,1911.708,2026-05-03T07:59:59.999000+00:00,1180730.08465,13143
2026-05-03T08:00:00+00:00,616.97,617.84,616.68,617.57,2568.151,2026-05-03T08:59:59.999000+00:00,1585413.10832,11863
2026-05-03T09:00:00+00:00,617.58,619.4,617.55,618.64,3449.374,2026-05-03T09:59:59.999000+00:00,2134706.20061,14028
2026-05-03T10:00:00+00:00,618.65,618.72,617.64,617.64,2947.455,2026-05-03T10:59:59.999000+00:00,1821920.42617,11786
2026-05-03T11:00:00+00:00,617.64,619.54,617.14,618.81,3991.357,2026-05-03T11:59:59.999000+00:00,2469148.93528,18450
2026-05-03T12:00:00+00:00,618.81,619.8,618.81,619.05,2808.033,2026-05-03T12:59:59.999000+00:00,1738989.44351,13535
2026-05-03T13:00:00+00:00,619.06,619.25,618.14,619.0,3138.185,2026-05-03T13:59:59.999000+00:00,1941735.9204,14215
2026-05-03T14:00:00+00:00,619.0,620.21,618.9,620.0,4112.627,2026-05-03T14:59:59.999000+00:00,2547987.3036,15087
2026-05-03T15:00:00+00:00,619.99,620.57,619.59,619.87,3597.366,2026-05-03T15:59:59.999000+00:00,2230302.88898,14649
2026-05-03T16:00:00+00:00,619.87,620.34,618.78,619.88,2334.978,2026-05-03T16:59:59.999000+00:00,1446912.34344,15005
2026-05-03T17:00:00+00:00,619.88,620.78,618.95,619.78,3632.142,2026-05-03T17:59:59.999000+00:00,2251541.78399,16943
2026-05-03T18:00:00+00:00,619.78,619.96,619.1,619.49,1799.882,2026-05-03T18:59:59.999000+00:00,1115069.7347,12305
2026-05-03T19:00:00+00:00,619.5,619.96,618.91,619.26,1831.314,2026-05-03T19:59:59.999000+00:00,1134120.28804,12934
2026-05-03T20:00:00+00:00,619.26,620.93,618.8,619.58,2935.306,2026-05-03T20:59:59.999000+00:00,1819178.24526,20868
2026-05-03T21:00:00+00:00,619.59,619.95,617.9,618.88,3141.565,2026-05-03T21:59:59.999000+00:00,1945039.53137,17058
2026-05-03T22:00:00+00:00,618.88,622.0,618.88,620.82,6399.603,2026-05-03T22:59:59.999000+00:00,3971256.49784,36982
2026-05-03T23:00:00+00:00,620.83,622.27,617.0,617.27,3747.217,2026-05-03T23:59:59.999000+00:00,2320462.19122,25003
2026-05-04T00:00:00+00:00,617.28,617.54,615.61,617.18,5142.093,2026-05-04T00:59:59.999000+00:00,3169233.0263,28823
2026-05-04T01:00:00+00:00,617.18,623.2,616.33,622.21,5446.488,2026-05-04T01:59:59.999000+00:00,3375777.02576,38782
2026-05-04T02:00:00+00:00,622.22,626.66,621.81,624.76,17256.271,2026-05-04T02:59:59.999000+00:00,10771010.62364,79263
2026-05-04T03:00:00+00:00,624.76,626.58,623.88,626.57,9575.08,2026-05-04T03:59:59.999000+00:00,5985928.3737,42137
2026-05-04T04:00:00+00:00,626.58,639.0,626.58,632.65,30948.662,2026-05-04T04:59:59.999000+00:00,19627327.16978,89042
2026-05-04T05:00:00+00:00,632.65,634.63,631.84,633.26,13842.205,2026-05-04T05:59:59.999000+00:00,8765651.59708,34439
2026-05-04T06:00:00+00:00,633.26,634.13,626.88,628.45,11387.357,2026-05-04T06:59:59.999000+00:00,7169586.8205,58658
2026-05-04T07:00:00+00:00,628.46,629.58,627.68,628.4,4659.311,2026-05-04T07:59:59.999000+00:00,2928791.97962,31846
2026-05-04T08:00:00+00:00,628.4,628.99,627.51,628.08,5494.794,2026-05-04T08:59:59.999000+00:00,3452050.07386,26610
2026-05-04T09:00:00+00:00,628.09,631.01,627.73,630.55,4071.681,2026-05-04T09:59:59.999000+00:00,2563179.76062,24248
2026-05-04T10:00:00+00:00,630.55,630.6,620.0,623.72,20388.276,2026-05-04T10:59:59.999000+00:00,12719005.7913,117195
2026-05-04T11:00:00+00:00,623.71,624.57,622.36,622.9,4574.808,2026-05-04T11:59:59.999000+00:00,2851157.4317,29980
2026-05-04T12:00:00+00:00,622.91,623.48,622.02,622.26,6629.273,2026-05-04T12:59:59.999000+00:00,4129246.31992,28967
2026-05-04T13:00:00+00:00,622.27,624.5,621.19,623.36,9042.742,2026-05-04T13:59:59.999000+00:00,5635188.70808,44811
2026-05-04T14:00:00+00:00,623.36,628.44,621.45,627.19,12256.113,2026-05-04T14:59:59.999000+00:00,7663550.61898,63267
2026-05-04T15:00:00+00:00,627.19,628.43,623.48,625.47,15590.551,2026-05-04T15:59:59.999000+00:00,9761046.48284,75857
2026-05-04T16:00:00+00:00,625.47,626.84,623.5,625.84,7400.547,2026-05-04T16:59:59.999000+00:00,4629259.08254,56198
2026-05-04T17:00:00+00:00,625.84,628.8,625.71,627.74,5776.413,2026-05-04T17:59:59.999000+00:00,3623850.00598,42459
2026-05-04T18:00:00+00:00,627.75,628.0,625.44,625.8,3495.096,2026-05-04T18:59:59.999000+00:00,2189930.48909,23378
2026-05-04T19:00:00+00:00,625.8,625.86,624.72,624.93,2607.588,2026-05-04T19:59:59.999000+00:00,1630251.8051,21912
2026-05-04T20:00:00+00:00,624.93,625.63,622.71,623.14,4832.665,2026-05-04T20:59:59.999000+00:00,3015604.94239,20418
2026-05-04T21:00:00+00:00,623.15,625.41,623.14,625.03,2384.139,2026-05-04T21:59:59.999000+00:00,1488784.22185,18022
2026-05-04T22:00:00+00:00,625.02,625.91,624.14,624.3,1892.089,2026-05-04T22:59:59.999000+00:00,1182717.67327,17622
2026-05-04T23:00:00+00:00,624.31,624.31,622.6,622.63,1954.759,2026-05-04T23:59:59.999000+00:00,1218292.97919,14709
2026-05-05T00:00:00+00:00,622.64,624.97,622.58,624.8,3454.31,2026-05-05T00:59:59.999000+00:00,2155641.02167,23090
2026-05-05T01:00:00+00:00,624.8,625.68,624.14,624.65,3394.784,2026-05-05T01:59:59.999000+00:00,2122045.26005,22037
2026-05-05T02:00:00+00:00,624.64,626.86,624.35,625.2,5106.271,2026-05-05T02:59:59.999000+00:00,3194138.41616,28802
2026-05-05T03:00:00+00:00,625.21,628.86,624.8,627.81,7243.939,2026-05-05T03:59:59.999000+00:00,4543159.74696,30224
2026-05-05T04:00:00+00:00,627.8,627.96,625.89,626.19,5115.396,2026-05-05T04:59:59.999000+00:00,3206010.92641,24090
2026-05-05T05:00:00+00:00,626.19,628.6,625.73,628.21,4093.023,2026-05-05T05:59:59.999000+00:00,2567966.68008,26462
2026-05-05T06:00:00+00:00,628.2,628.34,626.17,627.04,5711.079,2026-05-05T06:59:59.999000+00:00,3580888.15946,28008
2026-05-05T07:00:00+00:00,627.04,628.81,626.78,627.54,7659.56,2026-05-05T07:59:59.999000+00:00,4811094.54759,25906
2026-05-05T08:00:00+00:00,627.54,628.9,627.15,627.32,6116.396,2026-05-05T08:59:59.999000+00:00,3841663.63382,20743
2026-05-05T09:00:00+00:00,627.32,627.47,625.94,626.99,5171.365,2026-05-05T09:59:59.999000+00:00,3240806.4349,25672
2026-05-05T10:00:00+00:00,626.99,628.63,626.58,628.33,3840.331,2026-05-05T10:59:59.999000+00:00,2410770.53865,20888
2026-05-05T11:00:00+00:00,628.32,628.94,627.93,628.59,8855.598,2026-05-05T11:59:59.999000+00:00,5567841.78949,22451
2026-05-05T12:00:00+00:00,628.6,630.43,628.05,629.92,6350.758,2026-05-05T12:59:59.999000+00:00,3997112.49752,26925
2026-05-05T13:00:00+00:00,629.92,634.0,629.91,631.04,13809.903,2026-05-05T13:59:59.999000+00:00,8728815.51436,59471
2026-05-05T14:00:00+00:00,631.05,631.46,628.51,630.65,9406.747,2026-05-05T14:59:59.999000+00:00,5925137.46089,49734
2026-05-05T15:00:00+00:00,630.65,632.34,630.23,631.01,5542.858,2026-05-05T15:59:59.999000+00:00,3499475.65334,31768
2026-05-05T16:00:00+00:00,631.01,631.95,628.79,629.29,7200.006,2026-05-05T16:59:59.999000+00:00,4537402.49544,34131
2026-05-05T17:00:00+00:00,629.3,629.42,627.81,628.97,7648.194,2026-05-05T17:59:59.999000+00:00,4808300.39453,28751
2026-05-05T18:00:00+00:00,628.98,630.44,628.97,630.33,2745.516,2026-05-05T18:59:59.999000+00:00,1729012.28561,19226
2026-05-05T19:00:00+00:00,630.33,632.38,630.18,631.72,5789.886,2026-05-05T19:59:59.999000+00:00,3655855.68063,27677
2026-05-05T20:00:00+00:00,631.73,634.5,631.59,633.24,5975.417,2026-05-05T20:59:59.999000+00:00,3784123.47534,31472
2026-05-05T21:00:00+00:00,633.24,635.0,631.7,633.28,5875.355,2026-05-05T21:59:59.999000+00:00,3722510.06465,32197
2026-05-05T22:00:00+00:00,633.3,634.67,630.18,631.89,6975.854,2026-05-05T22:59:59.999000+00:00,4411954.85674,45287
2026-05-05T23:00:00+00:00,631.88,632.31,629.71,630.42,3939.249,2026-05-05T23:59:59.999000+00:00,2485468.87037,22723
2026-05-06T00:00:00+00:00,630.41,631.69,628.97,630.94,5027.862,2026-05-06T00:59:59.999000+00:00,3169729.47089,27806
2026-05-06T01:00:00+00:00,630.93,634.46,630.53,634.35,4402.838,2026-05-06T01:59:59.999000+00:00,2787761.09325,26997
2026-05-06T02:00:00+00:00,634.36,635.0,632.65,634.16,5154.551,2026-05-06T02:59:59.999000+00:00,3267392.55295,29849
2026-05-06T03:00:00+00:00,634.16,636.01,631.16,635.17,8780.128,2026-05-06T03:59:59.999000+00:00,5567788.38994,39577
2026-05-06T04:00:00+00:00,635.18,636.19,633.51,634.65,4657.171,2026-05-06T04:59:59.999000+00:00,2957538.55713,35680
2026-05-06T05:00:00+00:00,634.65,634.94,632.85,634.85,3546.008,2026-05-06T05:59:59.999000+00:00,2248211.03795,24459
2026-05-06T06:00:00+00:00,634.86,636.17,634.5,635.87,4027.874,2026-05-06T06:59:59.999000+00:00,2559401.06967,22570
2026-05-06T07:00:00+00:00,635.88,640.43,635.69,637.99,13222.488,2026-05-06T07:59:59.999000+00:00,8441243.6708,42912
2026-05-06T08:00:00+00:00,637.98,646.59,637.95,646.18,18204.554,2026-05-06T08:59:59.999000+00:00,11704343.07607,65729
2026-05-06T09:00:00+00:00,646.18,647.7,643.44,646.96,15236.711,2026-05-06T09:59:59.999000+00:00,9836550.78564,61939
2026-05-06T10:00:00+00:00,646.97,648.33,644.97,645.51,16548.52,2026-05-06T10:59:59.999000+00:00,10698210.37207,48748
2026-05-06T11:00:00+00:00,645.51,652.66,645.39,652.56,28136.788,2026-05-06T11:59:59.999000+00:00,18281432.22284,87666
2026-05-06T12:00:00+00:00,652.56,664.26,651.12,657.08,49770.698,2026-05-06T12:59:59.999000+00:00,32698765.48597,140366
2026-05-06T13:00:00+00:00,657.08,657.09,645.86,647.41,15639.212,2026-05-06T13:59:59.999000+00:00,10181430.62431,95690
2026-05-06T14:00:00+00:00,647.41,650.3,643.58,647.33,10650.277,2026-05-06T14:59:59.999000+00:00,6894422.6827,68517
2026-05-06T15:00:00+00:00,647.34,649.54,646.71,648.51,5741.237,2026-05-06T15:59:59.999000+00:00,3722162.27994,39770
2026-05-06T16:00:00+00:00,648.51,650.73,646.29,649.5,5950.472,2026-05-06T16:59:59.999000+00:00,3858056.96796,39409
2026-05-06T17:00:00+00:00,649.5,650.41,647.8,648.59,4856.925,2026-05-06T17:59:59.999000+00:00,3152583.04505,28681
2026-05-06T18:00:00+00:00,648.6,650.49,647.32,649.77,5875.308,2026-05-06T18:59:59.999000+00:00,3814371.27506,34675
2026-05-06T19:00:00+00:00,649.77,650.93,648.78,650.45,3312.538,2026-05-06T19:59:59.999000+00:00,2152690.45534,24855
2026-05-06T20:00:00+00:00,650.44,651.49,647.66,648.87,3055.02,2026-05-06T20:59:59.999000+00:00,1984152.6524,22301
2026-05-06T21:00:00+00:00,648.87,650.51,647.38,649.78,1950.729,2026-05-06T21:59:59.999000+00:00,1266591.49326,19189
2026-05-06T22:00:00+00:00,649.79,650.16,646.61,646.86,3583.751,2026-05-06T22:59:59.999000+00:00,2322516.86689,21476
2026-05-06T23:00:00+00:00,646.86,647.76,644.46,647.74,4363.596,2026-05-06T23:59:59.999000+00:00,2819897.74841,24550
2026-05-07T00:00:00+00:00,647.74,649.81,644.7,644.88,4766.74,2026-05-07T00:59:59.999000+00:00,3085695.04363,34945
2026-05-07T01:00:00+00:00,644.88,645.46,641.94,645.11,11514.502,2026-05-07T01:59:59.999000+00:00,7414669.74031,44626
2026-05-07T02:00:00+00:00,645.12,645.33,642.01,643.93,5883.638,2026-05-07T02:59:59.999000+00:00,3785808.56958,38220
2026-05-07T03:00:00+00:00,643.94,644.51,641.64,642.53,7666.116,2026-05-07T03:59:59.999000+00:00,4931644.02183,33242
2026-05-07T04:00:00+00:00,642.54,644.18,642.1,644.18,3731.792,2026-05-07T04:59:59.999000+00:00,2399817.44506,27026
2026-05-07T05:00:00+00:00,644.18,647.08,644.13,647.08,4086.093,2026-05-07T05:59:59.999000+00:00,2637743.78318,24912
2026-05-07T06:00:00+00:00,647.08,648.18,644.91,648.18,4855.548,2026-05-07T06:59:59.999000+00:00,3139992.43361,30570
2026-05-07T07:00:00+00:00,648.18,653.49,647.62,651.91,6642.01,2026-05-07T07:59:59.999000+00:00,4324524.66747,43493
2026-05-07T08:00:00+00:00,651.92,653.1,649.15,651.04,5158.696,2026-05-07T08:59:59.999000+00:00,3357462.15219,35507
2026-05-07T09:00:00+00:00,651.05,651.07,647.48,648.91,7708.641,2026-05-07T09:59:59.999000+00:00,5002587.45452,31387
2026-05-07T10:00:00+00:00,648.91,649.65,646.15,647.66,3866.919,2026-05-07T10:59:59.999000+00:00,2504859.30005,29821
2026-05-07T11:00:00+00:00,647.66,649.23,646.51,648.01,4867.844,2026-05-07T11:59:59.999000+00:00,3154508.54149,28775
2026-05-07T12:00:00+00:00,648.01,651.0,647.28,650.8,3966.895,2026-05-07T12:59:59.999000+00:00,2576057.55028,27185
2026-05-07T13:00:00+00:00,650.8,650.8,645.36,646.82,7082.231,2026-05-07T13:59:59.999000+00:00,4587316.15219,49711
2026-05-07T14:00:00+00:00,646.83,647.08,640.6,642.37,9140.019,2026-05-07T14:59:59.999000+00:00,5880324.53041,58825
2026-05-07T15:00:00+00:00,642.37,644.02,639.41,642.45,9280.918,2026-05-07T15:59:59.999000+00:00,5953982.97318,48906
2026-05-07T16:00:00+00:00,642.46,643.59,639.33,641.45,7909.232,2026-05-07T16:59:59.999000+00:00,5075231.41023,48267
2026-05-07T17:00:00+00:00,641.45,643.65,639.75,643.63,4914.54,2026-05-07T17:59:59.999000+00:00,3153287.31504,39741
2026-05-07T18:00:00+00:00,643.63,644.7,642.2,643.35,2673.188,2026-05-07T18:59:59.999000+00:00,1721091.50805,28011
2026-05-07T19:00:00+00:00,643.35,644.19,641.92,643.71,2202.615,2026-05-07T19:59:59.999000+00:00,1416417.44359,23564
2026-05-07T20:00:00+00:00,643.71,645.65,643.36,643.4,5723.42,2026-05-07T20:59:59.999000+00:00,3688640.49066,23536
2026-05-07T21:00:00+00:00,643.41,643.92,641.22,642.48,2749.542,2026-05-07T21:59:59.999000+00:00,1766750.90062,18626
2026-05-07T22:00:00+00:00,642.47,642.47,633.68,635.57,15114.031,2026-05-07T22:59:59.999000+00:00,9619845.70289,67373
2026-05-07T23:00:00+00:00,635.57,637.5,634.35,637.02,2668.639,2026-05-07T23:59:59.999000+00:00,1698052.60243,22251
2026-05-08T00:00:00+00:00,637.02,639.12,636.67,637.85,4557.393,2026-05-08T00:59:59.999000+00:00,2907415.21804,29207
2026-05-08T01:00:00+00:00,637.85,638.53,636.0,638.1,2470.019,2026-05-08T01:59:59.999000+00:00,1574707.70617,22757
2026-05-08T02:00:00+00:00,638.1,639.87,635.46,638.69,4681.681,2026-05-08T02:59:59.999000+00:00,2986399.8683,36739
2026-05-08T03:00:00+00:00,638.69,640.54,636.81,639.44,3703.024,2026-05-08T03:59:59.999000+00:00,2365953.83084,34987
2026-05-08T04:00:00+00:00,639.44,641.0,638.19,639.82,3288.616,2026-05-08T04:59:59.999000+00:00,2103358.26266,20746
2026-05-08T05:00:00+00:00,639.83,640.13,638.0,638.0,3162.671,2026-05-08T05:59:59.999000+00:00,2022129.21392,22179
2026-05-08T06:00:00+00:00,638.01,638.38,634.76,636.64,9441.31,2026-05-08T06:59:59.999000+00:00,6009766.08936,38237
2026-05-08T07:00:00+00:00,636.64,637.07,634.91,636.91,8400.311,2026-05-08T07:59:59.999000+00:00,5342782.57909,30326
2026-05-08T08:00:00+00:00,636.91,638.22,635.89,638.22,9632.427,2026-05-08T08:59:59.999000+00:00,6133147.82814,25127
2026-05-08T09:00:00+00:00,638.22,639.66,637.54,638.38,3782.002,2026-05-08T09:59:59.999000+00:00,2414208.60414,21572
2026-05-08T10:00:00+00:00,638.39,640.1,637.82,639.55,3831.669,2026-05-08T10:59:59.999000+00:00,2449149.50868,23583
2026-05-08T11:00:00+00:00,639.55,641.56,639.55,641.02,4306.931,2026-05-08T11:59:59.999000+00:00,2758808.31657,23562
2026-05-08T12:00:00+00:00,641.03,641.26,639.16,639.72,4182.501,2026-05-08T12:59:59.999000+00:00,2677380.60358,28252
2026-05-08T13:00:00+00:00,639.72,640.09,637.54,638.96,3838.372,2026-05-08T13:59:59.999000+00:00,2451081.36683,35157
2026-05-08T14:00:00+00:00,638.97,642.77,638.91,642.26,4532.975,2026-05-08T14:59:59.999000+00:00,2905843.7393,42897
2026-05-08T15:00:00+00:00,642.26,644.0,639.42,643.92,5925.312,2026-05-08T15:59:59.999000+00:00,3805123.98737,34282
2026-05-08T16:00:00+00:00,643.92,644.15,642.36,642.47,2523.88,2026-05-08T16:59:59.999000+00:00,1622990.50971,23122
2026-05-08T17:00:00+00:00,642.47,647.08,642.38,645.75,4934.115,2026-05-08T17:59:59.999000+00:00,3182295.53171,41539
2026-05-08T18:00:00+00:00,645.76,649.5,645.76,647.7,4763.448,2026-05-08T18:59:59.999000+00:00,3086835.51827,41370
2026-05-08T19:00:00+00:00,647.71,648.77,646.89,648.09,2833.688,2026-05-08T19:59:59.999000+00:00,1835512.73356,24767
2026-05-08T20:00:00+00:00,648.1,648.94,645.86,646.66,4486.012,2026-05-08T20:59:59.999000+00:00,2903681.07215,24676
2026-05-08T21:00:00+00:00,646.67,650.01,646.19,650.01,2636.474,2026-05-08T21:59:59.999000+00:00,1709401.64566,16906
2026-05-08T22:00:00+00:00,650.02,651.53,649.99,650.07,3484.235,2026-05-08T22:59:59.999000+00:00,2267596.36685,20686
2026-05-08T23:00:00+00:00,650.07,650.5,647.81,649.36,2353.61,2026-05-08T23:59:59.999000+00:00,1527544.66888,16848
2026-05-09T00:00:00+00:00,649.37,652.41,649.01,651.9,4427.702,2026-05-09T00:59:59.999000+00:00,2883185.85534,22440
2026-05-09T01:00:00+00:00,651.9,655.88,651.87,654.41,6373.98,2026-05-09T01:59:59.999000+00:00,4168662.82196,31942
2026-05-09T02:00:00+00:00,654.41,655.17,653.7,654.26,4306.747,2026-05-09T02:59:59.999000+00:00,2818585.0334,25103
2026-05-09T03:00:00+00:00,654.26,654.92,652.98,653.66,3344.886,2026-05-09T03:59:59.999000+00:00,2187240.28362,22749
2026-05-09T04:00:00+00:00,653.67,656.0,652.96,653.17,7758.841,2026-05-09T04:59:59.999000+00:00,5078252.69025,32194
2026-05-09T05:00:00+00:00,653.17,653.17,650.91,651.15,14679.748,2026-05-09T05:59:59.999000+00:00,9570454.1151,45497
2026-05-09T06:00:00+00:00,651.16,651.93,649.88,651.6,6798.258,2026-05-09T06:59:59.999000+00:00,4426698.59077,30264
2026-05-09T07:00:00+00:00,651.6,651.6,648.95,649.77,3369.149,2026-05-09T07:59:59.999000+00:00,2190913.74357,21092
2026-05-09T08:00:00+00:00,649.77,650.96,649.66,650.63,1954.073,2026-05-09T08:59:59.999000+00:00,1270839.25508,14999
2026-05-09T09:00:00+00:00,650.63,651.03,648.55,649.8,2443.213,2026-05-09T09:59:59.999000+00:00,1586975.56418,19441
2026-05-09T10:00:00+00:00,649.8,649.91,648.43,649.18,2669.912,2026-05-09T10:59:59.999000+00:00,1732734.39154,17549
2026-05-09T11:00:00+00:00,649.19,650.61,649.07,650.04,2755.429,2026-05-09T11:59:59.999000+00:00,1791468.37438,18512
2026-05-09T12:00:00+00:00,650.05,650.67,649.07,649.83,2516.72,2026-05-09T12:59:59.999000+00:00,1635619.41949,19044
2026-05-09T13:00:00+00:00,649.84,649.96,648.42,649.46,2857.323,2026-05-09T13:59:59.999000+00:00,1855140.55098,19020
2026-05-09T14:00:00+00:00,649.46,649.51,646.85,647.0,3317.145,2026-05-09T14:59:59.999000+00:00,2149107.33507,24163
2026-05-09T15:00:00+00:00,647.0,648.5,646.23,647.66,2677.538,2026-05-09T15:59:59.999000+00:00,1733395.94836,23130
2026-05-09T16:00:00+00:00,647.67,649.79,647.01,648.35,5753.775,2026-05-09T16:59:59.999000+00:00,3730898.36771,26478
2026-05-09T17:00:00+00:00,648.35,650.62,648.34,649.9,6760.881,2026-05-09T17:59:59.999000+00:00,4392507.02075,24050
2026-05-09T18:00:00+00:00,649.9,651.84,649.87,651.08,1857.939,2026-05-09T18:59:59.999000+00:00,1209132.26935,15292
2026-05-09T19:00:00+00:00,651.09,651.27,650.46,651.01,1236.501,2026-05-09T19:59:59.999000+00:00,804841.00235,11453
2026-05-09T20:00:00+00:00,651.01,651.38,650.0,650.62,2647.714,2026-05-09T20:59:59.999000+00:00,1722948.22636,10788
2026-05-09T21:00:00+00:00,650.63,652.33,650.61,651.48,4837.196,2026-05-09T21:59:59.999000+00:00,3152313.47178,19760
2026-05-09T22:00:00+00:00,651.49,652.36,650.49,651.0,1773.34,2026-05-09T22:59:59.999000+00:00,1155234.52691,14334
2026-05-09T23:00:00+00:00,650.99,651.59,649.53,649.75,1234.882,2026-05-09T23:59:59.999000+00:00,802940.25561,9244
2026-05-10T00:00:00+00:00,649.76,650.5,646.49,646.9,7885.408,2026-05-10T00:59:59.999000+00:00,5109298.96444,22511
2026-05-10T01:00:00+00:00,646.9,646.9,644.84,646.69,4043.912,2026-05-10T01:59:59.999000+00:00,2611730.48691,22059
2026-05-10T02:00:00+00:00,646.69,647.86,645.63,647.69,2478.35,2026-05-10T02:59:59.999000+00:00,1603471.04156,19174
2026-05-10T03:00:00+00:00,647.7,648.89,646.95,647.7,3616.464,2026-05-10T03:59:59.999000+00:00,2342541.28916,16241
2026-05-10T04:00:00+00:00,647.71,648.68,647.34,648.01,1281.783,2026-05-10T04:59:59.999000+00:00,830540.45531,13628
2026-05-10T05:00:00+00:00,648.0,648.79,647.58,648.39,1810.672,2026-05-10T05:59:59.999000+00:00,1174018.85805,13458
2026-05-10T06:00:00+00:00,648.39,648.95,647.28,648.51,2809.221,2026-05-10T06:59:59.999000+00:00,1820484.44212,14082
2026-05-10T07:00:00+00:00,648.51,649.29,647.83,648.28,2697.372,2026-05-10T07:59:59.999000+00:00,1749551.06549,14517
2026-05-10T08:00:00+00:00,648.29,650.72,648.0,650.37,3265.296,2026-05-10T08:59:59.999000+00:00,2121558.05404,18265
2026-05-10T09:00:00+00:00,650.37,651.9,649.64,651.37,6704.574,2026-05-10T09:59:59.999000+00:00,4365950.44266,22341
2026-05-10T10:00:00+00:00,651.37,651.63,649.82,650.9,2560.84,2026-05-10T10:59:59.999000+00:00,1665907.71196,20370
2026-05-10T11:00:00+00:00,650.91,651.41,647.71,649.59,3531.255,2026-05-10T11:59:59.999000+00:00,2292959.808,20561
2026-05-10T12:00:00+00:00,649.59,649.64,648.47,649.61,2186.297,2026-05-10T12:59:59.999000+00:00,1419086.52782,17126
2026-05-10T13:00:00+00:00,649.62,651.52,649.18,651.09,3861.152,2026-05-10T13:59:59.999000+00:00,2511491.51334,19750
2026-05-10T14:00:00+00:00,651.1,652.49,649.99,651.7,3921.31,2026-05-10T14:59:59.999000+00:00,2553212.65669,23601
2026-05-10T15:00:00+00:00,651.71,656.2,651.7,655.5,7514.226,2026-05-10T15:59:59.999000+00:00,4913958.17743,34646
2026-05-10T16:00:00+00:00,655.51,657.54,654.4,657.12,5192.061,2026-05-10T16:59:59.999000+00:00,3406786.77282,35938
2026-05-10T17:00:00+00:00,657.13,661.0,656.16,660.6,6627.967,2026-05-10T17:59:59.999000+00:00,4367764.04169,38064
2026-05-10T18:00:00+00:00,660.61,662.0,659.46,660.65,5202.078,2026-05-10T18:59:59.999000+00:00,3437161.62575,30865
2026-05-10T19:00:00+00:00,660.66,662.38,658.8,661.14,2633.706,2026-05-10T19:59:59.999000+00:00,1741129.69667,24544
2026-05-10T20:00:00+00:00,661.14,662.68,648.71,651.68,10292.33,2026-05-10T20:59:59.999000+00:00,6751120.4962,64894
2026-05-10T21:00:00+00:00,651.68,654.66,650.77,652.53,6042.285,2026-05-10T21:59:59.999000+00:00,3942683.35746,35217
2026-05-10T22:00:00+00:00,652.52,666.5,651.8,665.79,16892.653,2026-05-10T22:59:59.999000+00:00,11179519.91639,97910
2026-05-10T23:00:00+00:00,665.79,666.66,663.24,663.55,6226.005,2026-05-10T23:59:59.999000+00:00,4141041.78668,35874
2026-05-11T00:00:00+00:00,663.56,664.85,656.46,657.82,6733.129,2026-05-11T00:59:59.999000+00:00,4449081.69347,53339
2026-05-11T01:00:00+00:00,657.82,660.54,655.76,657.2,7393.923,2026-05-11T01:59:59.999000+00:00,4863471.97695,49360
2026-05-11T02:00:00+00:00,657.2,657.95,654.03,655.34,6930.179,2026-05-11T02:59:59.999000+00:00,4543224.35007,40631
2026-05-11T03:00:00+00:00,655.35,655.35,650.07,651.79,9632.18,2026-05-11T03:59:59.999000+00:00,6281785.16434,54301
2026-05-11T04:00:00+00:00,651.8,653.29,650.63,652.04,7741.232,2026-05-11T04:59:59.999000+00:00,5049253.83552,42120
2026-05-11T05:00:00+00:00,652.05,653.84,651.04,652.99,6231.34,2026-05-11T05:59:59.999000+00:00,4067131.54666,34756
2026-05-11T06:00:00+00:00,652.99,654.17,650.78,651.5,6268.152,2026-05-11T06:59:59.999000+00:00,4091475.64768,38241
2026-05-11T07:00:00+00:00,651.5,651.5,650.03,650.61,6626.85,2026-05-11T07:59:59.999000+00:00,4312557.22876,30832
2026-05-11T08:00:00+00:00,650.61,651.98,649.46,651.06,6694.325,2026-05-11T08:59:59.999000+00:00,4356669.71607,34714
2026-05-11T09:00:00+00:00,651.06,653.22,650.91,653.07,7488.571,2026-05-11T09:59:59.999000+00:00,4883455.56699,32641
2026-05-11T10:00:00+00:00,653.06,654.64,652.88,653.89,6908.955,2026-05-11T10:59:59.999000+00:00,4517344.55293,37031
2026-05-11T11:00:00+00:00,653.89,655.92,653.2,655.92,6638.856,2026-05-11T11:59:59.999000+00:00,4348138.91748,29946
2026-05-11T12:00:00+00:00,655.92,656.52,654.17,654.75,6077.356,2026-05-11T12:59:59.999000+00:00,3983162.13506,34481
2026-05-11T13:00:00+00:00,654.75,656.72,651.49,654.5,7710.361,2026-05-11T13:59:59.999000+00:00,5043736.45422,45135
2026-05-11T14:00:00+00:00,654.51,656.46,651.8,656.24,7434.147,2026-05-11T14:59:59.999000+00:00,4864878.46471,53295
2026-05-11T15:00:00+00:00,656.24,661.51,655.71,661.5,9835.205,2026-05-11T15:59:59.999000+00:00,6481194.30163,49445
2026-05-11T16:00:00+00:00,661.51,663.31,659.87,661.51,8591.558,2026-05-11T16:59:59.999000+00:00,5684219.44994,46473
2026-05-11T17:00:00+00:00,661.52,663.0,659.5,662.54,5348.272,2026-05-11T17:59:59.999000+00:00,3535577.46525,34382
2026-05-11T18:00:00+00:00,662.54,663.4,661.28,661.53,6192.67,2026-05-11T18:59:59.999000+00:00,4104224.79466,30173
2026-05-11T19:00:00+00:00,661.54,663.56,660.98,663.32,7006.306,2026-05-11T19:59:59.999000+00:00,4639835.9341,32074
2026-05-11T20:00:00+00:00,663.31,663.9,661.02,662.66,4717.593,2026-05-11T20:59:59.999000+00:00,3125341.96022,27221
2026-05-11T21:00:00+00:00,662.66,664.36,662.46,663.94,4115.559,2026-05-11T21:59:59.999000+00:00,2729827.79649,27812
2026-05-11T22:00:00+00:00,663.94,671.46,663.15,670.06,20457.094,2026-05-11T22:59:59.999000+00:00,13636185.03344,59745
2026-05-11T23:00:00+00:00,670.07,673.0,668.14,670.6,10891.432,2026-05-11T23:59:59.999000+00:00,7299751.80511,52267
2026-05-12T00:00:00+00:00,670.6,671.47,667.54,668.71,8667.849,2026-05-12T00:59:59.999000+00:00,5801615.64733,45596
2026-05-12T01:00:00+00:00,668.71,669.7,659.09,663.45,17387.456,2026-05-12T01:59:59.999000+00:00,11524146.4248,92527
2026-05-12T02:00:00+00:00,663.44,665.12,661.18,662.88,5417.198,2026-05-12T02:59:59.999000+00:00,3592781.44213,37731
2026-05-12T03:00:00+00:00,662.89,663.65,661.04,662.02,2863.558,2026-05-12T03:59:59.999000+00:00,1897689.81397,21531
2026-05-12T04:00:00+00:00,662.02,664.31,661.14,662.58,5215.846,2026-05-12T04:59:59.999000+00:00,3458043.95027,27473
2026-05-12T05:00:00+00:00,662.58,664.18,662.37,662.37,3902.347,2026-05-12T05:59:59.999000+00:00,2588768.19954,29224
2026-05-12T06:00:00+00:00,662.38,663.52,659.89,660.16,4846.778,2026-05-12T06:59:59.999000+00:00,3206508.46737,29430
2026-05-12T07:00:00+00:00,660.17,660.86,657.76,658.59,5579.73,2026-05-12T07:59:59.999000+00:00,3679358.6551,34041
2026-05-12T08:00:00+00:00,658.6,660.3,657.55,659.38,4607.493,2026-05-12T08:59:59.999000+00:00,3036400.39853,29700
2026-05-12T09:00:00+00:00,659.38,662.0,658.62,661.86,3843.417,2026-05-12T09:59:59.999000+00:00,2537936.7679,32240
2026-05-12T10:00:00+00:00,661.85,662.48,660.24,661.54,4040.643,2026-05-12T10:59:59.999000+00:00,2672621.76043,31902
2026-05-12T11:00:00+00:00,661.55,663.4,660.76,663.4,5813.318,2026-05-12T11:59:59.999000+00:00,3849174.95518,39404
2026-05-12T12:00:00+00:00,663.4,664.75,661.17,661.51,7608.403,2026-05-12T12:59:59.999000+00:00,5045698.23787,48848
2026-05-12T13:00:00+00:00,661.52,662.87,656.4,657.14,9603.634,2026-05-12T13:59:59.999000+00:00,6341576.33657,66700
2026-05-12T14:00:00+00:00,657.15,658.74,652.78,654.06,14974.178,2026-05-12T14:59:59.999000+00:00,9820197.65005,70196
2026-05-12T15:00:00+00:00,654.07,656.32,650.49,652.26,12962.888,2026-05-12T15:59:59.999000+00:00,8465781.84765,62202
2026-05-12T16:00:00+00:00,652.26,654.0,650.56,651.85,4493.719,2026-05-12T16:59:59.999000+00:00,2931956.47828,38102
2026-05-12T17:00:00+00:00,651.86,656.8,651.86,656.45,4589.458,2026-05-12T17:59:59.999000+00:00,3006452.80786,29542
2026-05-12T18:00:00+00:00,656.45,660.84,656.25,660.38,6850.442,2026-05-12T18:59:59.999000+00:00,4513022.05602,36197
2026-05-12T19:00:00+00:00,660.39,663.38,660.38,663.07,5620.546,2026-05-12T19:59:59.999000+00:00,3721451.60904,38597
2026-05-12T20:00:00+00:00,663.07,665.69,663.06,665.42,5537.278,2026-05-12T20:59:59.999000+00:00,3680007.06078,33448
2026-05-12T21:00:00+00:00,665.42,667.29,664.48,665.26,6494.576,2026-05-12T21:59:59.999000+00:00,4325726.94418,33705
2026-05-12T22:00:00+00:00,665.26,668.0,665.26,666.27,5108.961,2026-05-12T22:59:59.999000+00:00,3408168.05637,31773
2026-05-12T23:00:00+00:00,666.27,666.68,664.1,664.95,5587.373,2026-05-12T23:59:59.999000+00:00,3716137.95514,30843
2026-05-13T00:00:00+00:00,664.95,668.14,664.36,667.57,6216.016,2026-05-13T00:59:59.999000+00:00,4145092.10865,41742
2026-05-13T01:00:00+00:00,667.57,679.87,666.99,678.34,31170.066,2026-05-13T01:59:59.999000+00:00,21070125.01564,137912
2026-05-13T02:00:00+00:00,678.35,680.81,677.67,680.44,13214.823,2026-05-13T02:59:59.999000+00:00,8977065.5373,74608
2026-05-13T03:00:00+00:00,680.44,682.95,679.66,681.28,12880.164,2026-05-13T03:59:59.999000+00:00,8772716.91175,53221
2026-05-13T04:00:00+00:00,681.28,682.18,676.6,679.81,9762.272,2026-05-13T04:59:59.999000+00:00,6629939.7588,50201
2026-05-13T05:00:00+00:00,679.81,681.3,677.7,678.15,10407.904,2026-05-13T05:59:59.999000+00:00,7074014.83906,40528
2026-05-13T06:00:00+00:00,678.16,678.87,675.94,676.36,5831.064,2026-05-13T06:59:59.999000+00:00,3949710.01511,33852
2026-05-13T07:00:00+00:00,676.37,679.03,676.02,679.02,5686.465,2026-05-13T07:59:59.999000+00:00,3853457.8908,30318
2026-05-13T08:00:00+00:00,679.02,683.0,678.41,683.0,9785.858,2026-05-13T08:59:59.999000+00:00,6662465.19437,47709
2026-05-13T09:00:00+00:00,683.0,685.68,681.79,685.18,11549.832,2026-05-13T09:59:59.999000+00:00,7899595.57722,53081
2026-05-13T10:00:00+00:00,685.19,685.44,680.38,680.38,7476.421,2026-05-13T10:59:59.999000+00:00,5100225.89185,50130
2026-05-13T11:00:00+00:00,680.39,680.9,677.41,678.42,7334.719,2026-05-13T11:59:59.999000+00:00,4977551.51988,41772
2026-05-13T12:00:00+00:00,678.42,680.3,668.89,672.76,19908.391,2026-05-13T12:59:59.999000+00:00,13398379.65415,98688
2026-05-13T13:00:00+00:00,672.76,674.8,667.17,667.67,13681.378,2026-05-13T13:59:59.999000+00:00,9187336.27462,87002
2026-05-13T14:00:00+00:00,667.67,673.41,665.5,672.1,14319.073,2026-05-13T14:59:59.999000+00:00,9602706.91591,85771
2026-05-13T15:00:00+00:00,672.11,673.87,663.77,664.19,13891.595,2026-05-13T15:59:59.999000+00:00,9277432.06953,81405
2026-05-13T16:00:00+00:00,664.19,670.45,664.17,670.24,8432.823,2026-05-13T16:59:59.999000+00:00,5636054.22896,55502
2026-05-13T17:00:00+00:00,670.24,671.4,669.08,670.76,5082.0,2026-05-13T17:59:59.999000+00:00,3405984.42239,37063
2026-05-13T18:00:00+00:00,670.77,674.71,670.77,671.75,4125.281,2026-05-13T18:59:59.999000+00:00,2774963.37441,31924
2026-05-13T19:00:00+00:00,671.74,672.05,669.1,671.32,3389.17,2026-05-13T19:59:59.999000+00:00,2272258.95171,29167
2026-05-13T20:00:00+00:00,671.33,672.5,670.77,672.47,2684.248,2026-05-13T20:59:59.999000+00:00,1802679.33708,18492
2026-05-13T21:00:00+00:00,672.47,672.5,669.07,669.28,2931.105,2026-05-13T21:59:59.999000+00:00,1964398.50293,22575
2026-05-13T22:00:00+00:00,669.28,672.25,668.2,672.08,2829.462,2026-05-13T22:59:59.999000+00:00,1896410.13979,24072
2026-05-13T23:00:00+00:00,672.09,673.84,671.15,671.68,3472.638,2026-05-13T23:59:59.999000+00:00,2334259.96371,27389
2026-05-14T00:00:00+00:00,671.68,677.52,671.51,675.18,9694.164,2026-05-14T00:59:59.999000+00:00,6546699.14915,52990
2026-05-14T01:00:00+00:00,675.18,676.39,673.86,675.5,4853.945,2026-05-14T01:59:59.999000+00:00,3277572.06593,39363
2026-05-14T02:00:00+00:00,675.5,675.69,669.34,669.93,4115.397,2026-05-14T02:59:59.999000+00:00,2768994.00104,42244
2026-05-14T03:00:00+00:00,669.94,671.64,665.42,665.92,6888.812,2026-05-14T03:59:59.999000+00:00,4602473.24299,68990
2026-05-14T04:00:00+00:00,665.91,668.53,665.47,667.47,5541.643,2026-05-14T04:59:59.999000+00:00,3699117.79503,40322
2026-05-14T05:00:00+00:00,667.47,671.5,667.05,669.75,6766.685,2026-05-14T05:59:59.999000+00:00,4526566.26006,44665
2026-05-14T06:00:00+00:00,669.75,671.49,668.8,670.11,5589.752,2026-05-14T06:59:59.999000+00:00,3746089.27491,41289
2026-05-14T07:00:00+00:00,670.11,672.06,668.2,669.34,6346.653,2026-05-14T07:59:59.999000+00:00,4255077.00282,37169
2026-05-14T08:00:00+00:00,669.33,673.45,668.55,673.02,5586.126,2026-05-14T08:59:59.999000+00:00,3750735.08527,39547
2026-05-14T09:00:00+00:00,673.02,673.39,669.33,670.63,5811.41,2026-05-14T09:59:59.999000+00:00,3899344.12308,36060
2026-05-14T10:00:00+00:00,670.63,673.34,670.46,673.2,4702.751,2026-05-14T10:59:59.999000+00:00,3159274.40224,34370
2026-05-14T11:00:00+00:00,673.21,673.96,670.84,670.85,4787.91,2026-05-14T11:59:59.999000+00:00,3218734.93483,37112
2026-05-14T12:00:00+00:00,670.85,678.56,670.62,678.25,11877.128,2026-05-14T12:59:59.999000+00:00,8018914.49383,51269
2026-05-14T13:00:00+00:00,678.25,678.64,673.79,674.36,8359.154,2026-05-14T13:59:59.999000+00:00,5651417.52169,65504
2026-05-14T14:00:00+00:00,674.37,680.36,673.89,678.29,12136.988,2026-05-14T14:59:59.999000+00:00,8226247.54965,77443
2026-05-14T15:00:00+00:00,678.29,680.58,676.4,679.98,10891.433,2026-05-14T15:59:59.999000+00:00,7393676.0074,63340
2026-05-14T16:00:00+00:00,679.98,682.74,678.48,682.51,8495.615,2026-05-14T16:59:59.999000+00:00,5786030.65395,58707
2026-05-14T17:00:00+00:00,682.51,687.66,680.67,682.0,12991.006,2026-05-14T17:59:59.999000+00:00,8886800.42871,75912
2026-05-14T18:00:00+00:00,682.01,685.11,680.47,682.51,8836.665,2026-05-14T18:59:59.999000+00:00,6031452.83162,43866
2026-05-14T19:00:00+00:00,682.51,683.06,679.18,680.2,4189.792,2026-05-14T19:59:59.999000+00:00,2853430.24375,27684
2026-05-14T20:00:00+00:00,680.21,680.55,677.84,680.55,3658.797,2026-05-14T20:59:59.999000+00:00,2486201.39736,24074
2026-05-14T21:00:00+00:00,680.54,681.3,679.33,681.13,2530.387,2026-05-14T21:59:59.999000+00:00,1721794.30855,17182
2026-05-14T22:00:00+00:00,681.14,681.99,680.3,680.75,2004.445,2026-05-14T22:59:59.999000+00:00,1365235.75953,15423
2026-05-14T23:00:00+00:00,680.75,680.75,677.2,678.27,3143.372,2026-05-14T23:59:59.999000+00:00,2132747.43926,17941
2026-05-15T00:00:00+00:00,678.28,686.0,677.98,683.43,10947.224,2026-05-15T00:59:59.999000+00:00,7482003.55844,60738
2026-05-15T01:00:00+00:00,683.43,685.04,679.56,679.82,6118.282,2026-05-15T01:59:59.999000+00:00,4173764.27618,43537
2026-05-15T02:00:00+00:00,679.83,680.63,677.24,679.83,8477.249,2026-05-15T02:59:59.999000+00:00,5756039.88351,45823
2026-05-15T03:00:00+00:00,679.84,683.8,678.67,681.95,6048.032,2026-05-15T03:59:59.999000+00:00,4123009.25201,35998
2026-05-15T04:00:00+00:00,681.95,681.95,678.25,678.38,3103.505,2026-05-15T04:59:59.999000+00:00,2109652.45591,26544
2026-05-15T05:00:00+00:00,678.38,679.68,673.79,676.36,7709.472,2026-05-15T05:59:59.999000+00:00,5215786.78778,49805
2026-05-15T06:00:00+00:00,676.36,683.57,675.82,683.06,6801.311,2026-05-15T06:59:59.999000+00:00,4628488.03887,38569
2026-05-15T07:00:00+00:00,683.07,689.14,681.29,684.3,17240.806,2026-05-15T07:59:59.999000+00:00,11816364.3722,68126
2026-05-15T08:00:00+00:00,684.31,687.24,682.69,685.81,9857.393,2026-05-15T08:59:59.999000+00:00,6751241.15126,60965
2026-05-15T09:00:00+00:00,685.82,686.17,681.63,683.03,8038.876,2026-05-15T09:59:59.999000+00:00,5494986.58283,55666
2026-05-15T10:00:00+00:00,683.04,689.98,682.24,689.11,7127.836,2026-05-15T10:59:59.999000+00:00,4895636.97672,44963
2026-05-15T11:00:00+00:00,689.12,689.67,685.4,686.47,6917.469,2026-05-15T11:59:59.999000+00:00,4759918.7181,44562
2026-05-15T12:00:00+00:00,686.47,686.74,682.15,682.74,9412.363,2026-05-15T12:59:59.999000+00:00,6439545.63465,58909
2026-05-15T13:00:00+00:00,682.75,682.75,670.65,671.51,18900.497,2026-05-15T13:59:59.999000+00:00,12791817.93861,139981
2026-05-15T14:00:00+00:00,671.51,676.73,670.0,676.04,9644.948,2026-05-15T14:59:59.999000+00:00,6500161.49928,76066
2026-05-15T15:00:00+00:00,676.03,676.5,669.16,671.73,8287.86,2026-05-15T15:59:59.999000+00:00,5574443.72711,53135
2026-05-15T16:00:00+00:00,671.73,675.24,671.16,674.66,3406.597,2026-05-15T16:59:59.999000+00:00,2294924.98344,34797
2026-05-15T17:00:00+00:00,674.67,676.72,674.44,675.31,2985.079,2026-05-15T17:59:59.999000+00:00,2016677.55647,26270
2026-05-15T18:00:00+00:00,675.32,676.59,673.13,674.41,2132.772,2026-05-15T18:59:59.999000+00:00,1439108.19196,24836
2026-05-15T19:00:00+00:00,674.4,675.31,672.42,674.04,1891.43,2026-05-15T19:59:59.999000+00:00,1274857.42078,18713
2026-05-15T20:00:00+00:00,674.04,674.46,671.92,673.69,2122.954,2026-05-15T20:59:59.999000+00:00,1429566.21314,17828
2026-05-15T21:00:00+00:00,673.69,674.56,671.68,672.1,4261.595,2026-05-15T21:59:59.999000+00:00,2867901.58719,17622
2026-05-15T22:00:00+00:00,672.1,673.67,671.89,673.55,2522.184,2026-05-15T22:59:59.999000+00:00,1696663.42144,11184
2026-05-15T23:00:00+00:00,673.54,673.59,671.21,672.38,2548.637,2026-05-15T23:59:59.999000+00:00,1713790.74686,13206
2026-05-16T00:00:00+00:00,672.37,674.92,671.87,672.26,2742.209,2026-05-16T00:59:59.999000+00:00,1846556.89273,20163
2026-05-16T01:00:00+00:00,672.27,673.68,670.44,670.46,3614.52,2026-05-16T01:59:59.999000+00:00,2427444.73227,21722
2026-05-16T02:00:00+00:00,670.47,671.17,667.0,668.69,4504.025,2026-05-16T02:59:59.999000+00:00,3014002.91141,30967
2026-05-16T03:00:00+00:00,668.69,668.91,664.9,665.29,7387.447,2026-05-16T03:59:59.999000+00:00,4923351.64888,38723
2026-05-16T04:00:00+00:00,665.29,665.29,660.51,662.74,10775.312,2026-05-16T04:59:59.999000+00:00,7138225.24249,66648
2026-05-16T05:00:00+00:00,662.73,665.04,661.59,664.48,5574.851,2026-05-16T05:59:59.999000+00:00,3702107.28118,31984
2026-05-16T06:00:00+00:00,664.48,665.06,659.29,660.4,8232.783,2026-05-16T06:59:59.999000+00:00,5452938.13971,50422
2026-05-16T07:00:00+00:00,660.4,661.32,656.2,660.68,15480.441,2026-05-16T07:59:59.999000+00:00,10207233.61524,78133
2026-05-16T08:00:00+00:00,660.68,661.84,659.64,661.74,5644.244,2026-05-16T08:59:59.999000+00:00,3730485.2684,29392
2026-05-16T09:00:00+00:00,661.74,661.97,651.21,652.49,18817.327,2026-05-16T09:59:59.999000+00:00,12320012.69673,103682
2026-05-16T10:00:00+00:00,652.49,655.59,650.7,654.12,9706.976,2026-05-16T10:59:59.999000+00:00,6339351.13644,61936
2026-05-16T11:00:00+00:00,654.13,656.2,654.12,654.28,4323.165,2026-05-16T11:59:59.999000+00:00,2832288.01587,33038
2026-05-16T12:00:00+00:00,654.28,654.62,652.96,653.54,4630.365,2026-05-16T12:59:59.999000+00:00,3026895.19131,30404
2026-05-16T13:00:00+00:00,653.54,653.62,651.95,652.28,3655.441,2026-05-16T13:59:59.999000+00:00,2385755.98005,31676
2026-05-16T14:00:00+00:00,652.28,655.09,651.1,653.21,6065.412,2026-05-16T14:59:59.999000+00:00,3960279.55239,39489
2026-05-16T15:00:00+00:00,653.2,658.0,653.11,655.2,4904.965,2026-05-16T15:59:59.999000+00:00,3214520.96982,35091
2026-05-16T16:00:00+00:00,655.19,657.0,654.92,656.85,2932.385,2026-05-16T16:59:59.999000+00:00,1924270.29526,24948
2026-05-16T17:00:00+00:00,656.86,657.47,655.2,655.78,2214.518,2026-05-16T17:59:59.999000+00:00,1453073.34368,17383
2026-05-16T18:00:00+00:00,655.78,658.34,655.47,657.82,2277.304,2026-05-16T18:59:59.999000+00:00,1495184.84518,17644
2026-05-16T19:00:00+00:00,657.82,657.89,655.9,656.16,1408.328,2026-05-16T19:59:59.999000+00:00,924965.75455,13011
2026-05-16T20:00:00+00:00,656.16,657.51,656.04,656.67,1303.568,2026-05-16T20:59:59.999000+00:00,856241.11622,11986
2026-05-16T21:00:00+00:00,656.67,657.62,656.2,657.4,1296.581,2026-05-16T21:59:59.999000+00:00,851683.30962,10086
2026-05-16T22:00:00+00:00,657.39,657.44,656.34,656.47,767.459,2026-05-16T22:59:59.999000+00:00,504106.19709,10976
2026-05-16T23:00:00+00:00,656.47,657.13,655.73,656.2,1518.71,2026-05-16T23:59:59.999000+00:00,996887.73532,16875
2026-05-17T00:00:00+00:00,656.2,657.28,651.14,652.0,7138.043,2026-05-17T00:59:59.999000+00:00,4666145.86053,36842
2026-05-17T01:00:00+00:00,652.0,654.02,650.0,650.68,5365.333,2026-05-17T01:59:59.999000+00:00,3495730.35954,39816
2026-05-17T02:00:00+00:00,650.68,652.51,650.67,651.36,3310.043,2026-05-17T02:59:59.999000+00:00,2157227.41714,27134
2026-05-17T03:00:00+00:00,651.36,653.88,651.36,652.77,2524.614,2026-05-17T03:59:59.999000+00:00,1647950.5135,20781
2026-05-17T04:00:00+00:00,652.77,654.91,652.41,654.74,2455.685,2026-05-17T04:59:59.999000+00:00,1606248.92436,16983
2026-05-17T05:00:00+00:00,654.74,656.35,654.66,655.16,3311.555,2026-05-17T05:59:59.999000+00:00,2170778.76922,18675
2026-05-17T06:00:00+00:00,655.16,656.06,654.45,655.26,2305.544,2026-05-17T06:59:59.999000+00:00,1510555.86277,13531
2026-05-17T07:00:00+00:00,655.26,655.89,654.47,655.31,1842.571,2026-05-17T07:59:59.999000+00:00,1207388.41335,10785
2026-05-17T08:00:00+00:00,655.31,655.39,653.64,653.83,2240.036,2026-05-17T08:59:59.999000+00:00,1465760.11665,13586
2026-05-17T09:00:00+00:00,653.84,654.47,650.0,653.21,10620.711,2026-05-17T09:59:59.999000+00:00,6924396.15128,32074
2026-05-17T10:00:00+00:00,653.21,655.44,653.21,654.81,3981.816,2026-05-17T10:59:59.999000+00:00,2606952.80249,22505
2026-05-17T11:00:00+00:00,654.81,655.45,653.65,655.07,3250.843,2026-05-17T11:59:59.999000+00:00,2128246.93326,16339
2026-05-17T12:00:00+00:00,655.07,657.51,654.63,656.5,3357.966,2026-05-17T12:59:59.999000+00:00,2203230.82854,15893
2026-05-17T13:00:00+00:00,656.49,656.5,653.0,653.63,4035.602,2026-05-17T13:59:59.999000+00:00,2640400.16826,20689
2026-05-17T14:00:00+00:00,653.64,653.77,650.57,652.11,4503.24,2026-05-17T14:59:59.999000+00:00,2937632.87036,27231
2026-05-17T15:00:00+00:00,652.11,653.0,651.09,652.4,2566.47,2026-05-17T15:59:59.999000+00:00,1673561.85048,15956
2026-05-17T16:00:00+00:00,652.41,653.56,651.36,651.71,2113.895,2026-05-17T16:59:59.999000+00:00,1379349.47464,14206
2026-05-17T17:00:00+00:00,651.7,652.07,650.22,651.74,2269.568,2026-05-17T17:59:59.999000+00:00,1477719.57126,15802
2026-05-17T18:00:00+00:00,651.75,653.46,650.87,653.46,2258.338,2026-05-17T18:59:59.999000+00:00,1472610.89224,17261
2026-05-17T19:00:00+00:00,653.47,656.35,653.47,656.04,1484.697,2026-05-17T19:59:59.999000+00:00,972384.8477,13803
2026-05-17T20:00:00+00:00,656.04,656.27,653.87,654.59,1269.624,2026-05-17T20:59:59.999000+00:00,831322.32851,12434
2026-05-17T21:00:00+00:00,654.59,657.6,654.27,657.0,2352.223,2026-05-17T21:59:59.999000+00:00,1543503.97918,13924
2026-05-17T22:00:00+00:00,657.0,657.0,653.06,653.77,2221.008,2026-05-17T22:59:59.999000+00:00,1454285.71184,30265
2026-05-17T23:00:00+00:00,653.77,653.84,640.01,649.48,19032.527,2026-05-17T23:59:59.999000+00:00,12302076.6756,94196
2026-05-18T00:00:00+00:00,649.48,649.7,644.86,646.24,9471.044,2026-05-18T00:59:59.999000+00:00,6122201.18202,57328
2026-05-18T01:00:00+00:00,646.25,646.66,642.13,646.38,5666.936,2026-05-18T01:59:59.999000+00:00,3649843.48411,41973
2026-05-18T02:00:00+00:00,646.37,648.07,644.0,644.5,5366.753,2026-05-18T02:59:59.999000+00:00,3466539.97172,31226
2026-05-18T03:00:00+00:00,644.5,645.72,643.13,643.44,3565.387,2026-05-18T03:59:59.999000+00:00,2296958.4061,24916
2026-05-18T04:00:00+00:00,643.44,644.53,640.96,643.74,5489.751,2026-05-18T04:59:59.999000+00:00,3528910.82468,33129
2026-05-18T05:00:00+00:00,643.75,644.58,641.6,641.84,3495.885,2026-05-18T05:59:59.999000+00:00,2248464.73196,28552
2026-05-18T06:00:00+00:00,641.85,642.72,637.54,640.62,8953.74,2026-05-18T06:59:59.999000+00:00,5727465.00515,50312
2026-05-18T07:00:00+00:00,640.62,642.36,639.0,641.85,4169.67,2026-05-18T07:59:59.999000+00:00,2673032.10003,33741
2026-05-18T08:00:00+00:00,641.86,642.14,638.74,640.21,4494.243,2026-05-18T08:59:59.999000+00:00,2876924.73804,27098
2026-05-18T09:00:00+00:00,640.21,640.63,638.8,639.36,4317.78,2026-05-18T09:59:59.999000+00:00,2763079.41383,26159
2026-05-18T10:00:00+00:00,639.36,639.46,637.54,638.34,3453.508,2026-05-18T10:59:59.999000+00:00,2204005.37603,24329
2026-05-18T11:00:00+00:00,638.35,643.69,637.64,641.75,3999.973,2026-05-18T11:59:59.999000+00:00,2561880.47308,32561
2026-05-18T12:00:00+00:00,641.75,645.54,641.67,643.28,6425.742,2026-05-18T12:59:59.999000+00:00,4136568.9956,45408
2026-05-18T13:00:00+00:00,643.29,643.34,637.77,640.06,6242.88,2026-05-18T13:59:59.999000+00:00,3999064.70396,46075
2026-05-18T14:00:00+00:00,640.05,640.05,635.11,636.89,9282.81,2026-05-18T14:59:59.999000+00:00,5916256.9058,54826
2026-05-18T15:00:00+00:00,636.89,637.63,634.3,637.03,6847.297,2026-05-18T15:59:59.999000+00:00,4354374.80713,43772
2026-05-18T16:00:00+00:00,637.04,640.19,635.74,639.49,11370.24,2026-05-18T16:59:59.999000+00:00,7263416.12618,35787
2026-05-18T17:00:00+00:00,639.49,641.06,638.85,640.45,2109.492,2026-05-18T17:59:59.999000+00:00,1350651.50358,24345
2026-05-18T18:00:00+00:00,640.45,640.49,636.08,637.78,2827.363,2026-05-18T18:59:59.999000+00:00,1804670.83019,32741
2026-05-18T19:00:00+00:00,637.79,644.92,637.47,644.78,9105.763,2026-05-18T19:59:59.999000+00:00,5846155.06607,51761
2026-05-18T20:00:00+00:00,644.79,645.51,642.19,642.7,2224.343,2026-05-18T20:59:59.999000+00:00,1432893.21199,17554
2026-05-18T21:00:00+00:00,642.71,646.05,641.89,645.54,2323.409,2026-05-18T21:59:59.999000+00:00,1496939.46312,19781
2026-05-18T22:00:00+00:00,645.54,646.4,644.0,645.02,3050.464,2026-05-18T22:59:59.999000+00:00,1968968.69821,17201
2026-05-18T23:00:00+00:00,645.02,645.85,642.97,643.53,1926.747,2026-05-18T23:59:59.999000+00:00,1241326.68193,13002
2026-05-19T00:00:00+00:00,643.53,647.19,643.42,645.73,2592.654,2026-05-19T00:59:59.999000+00:00,1673865.24263,23776
2026-05-19T01:00:00+00:00,645.73,645.99,642.99,642.99,2961.477,2026-05-19T01:59:59.999000+00:00,1909605.63402,22896
2026-05-19T02:00:00+00:00,642.99,644.64,641.17,641.96,4070.303,2026-05-19T02:59:59.999000+00:00,2615660.59975,27403
2026-05-19T03:00:00+00:00,641.96,644.78,641.32,642.88,5457.332,2026-05-19T03:59:59.999000+00:00,3511636.39986,20189
2026-05-19T04:00:00+00:00,642.87,644.53,641.71,643.38,2419.53,2026-05-19T04:59:59.999000+00:00,1556076.22356,20451
2026-05-19T05:00:00+00:00,643.37,643.93,640.95,643.84,2463.012,2026-05-19T05:59:59.999000+00:00,1582913.09049,24289
2026-05-19T06:00:00+00:00,643.84,645.33,643.12,644.45,3525.525,2026-05-19T06:59:59.999000+00:00,2270921.26236,20753
2026-05-19T07:00:00+00:00,644.46,646.34,643.25,645.93,4470.698,2026-05-19T07:59:59.999000+00:00,2883337.44862,25888
2026-05-19T08:00:00+00:00,645.93,646.02,641.83,642.33,4568.733,2026-05-19T08:59:59.999000+00:00,2939883.36701,29705
2026-05-19T09:00:00+00:00,642.33,642.57,639.8,640.5,3891.078,2026-05-19T09:59:59.999000+00:00,2494463.82356,29576
2026-05-19T10:00:00+00:00,640.5,641.17,637.98,640.07,5575.471,2026-05-19T10:59:59.999000+00:00,3567245.27511,36077
2026-05-19T11:00:00+00:00,640.08,640.86,638.34,639.88,4196.234,2026-05-19T11:59:59.999000+00:00,2685231.18516,24620
2026-05-19T12:00:00+00:00,639.87,641.57,639.32,641.47,4185.825,2026-05-19T12:59:59.999000+00:00,2680941.15335,18236
2026-05-19T13:00:00+00:00,641.46,642.05,638.71,640.19,5694.384,2026-05-19T13:59:59.999000+00:00,3646288.38612,39984
2026-05-19T14:00:00+00:00,640.18,641.29,636.1,638.19,7158.846,2026-05-19T14:59:59.999000+00:00,4570571.10432,52429
2026-05-19T15:00:00+00:00,638.2,640.57,637.76,638.73,5115.45,2026-05-19T15:59:59.999000+00:00,3269958.98665,30370
2026-05-19T16:00:00+00:00,638.74,640.74,637.87,640.61,2663.235,2026-05-19T16:59:59.999000+00:00,1702268.05226,20815
2026-05-19T17:00:00+00:00,640.62,641.54,639.6,640.62,1488.172,2026-05-19T17:59:59.999000+00:00,953442.76532,15445
2026-05-19T18:00:00+00:00,640.63,641.19,639.24,640.38,1650.25,2026-05-19T18:59:59.999000+00:00,1056756.06521,13064
2026-05-19T19:00:00+00:00,640.38,641.88,639.33,639.99,1157.632,2026-05-19T19:59:59.999000+00:00,741490.56286,15492
2026-05-19T20:00:00+00:00,639.98,641.3,639.89,641.24,1168.046,2026-05-19T20:59:59.999000+00:00,748048.86646,9744
2026-05-19T21:00:00+00:00,641.23,641.66,640.29,640.42,830.749,2026-05-19T21:59:59.999000+00:00,532631.14837,10482
2026-05-19T22:00:00+00:00,640.42,640.42,637.87,638.63,2037.889,2026-05-19T22:59:59.999000+00:00,1302235.03683,17436
2026-05-19T23:00:00+00:00,638.64,641.41,638.18,640.02,1611.412,2026-05-19T23:59:59.999000+00:00,1031636.107,15211
2026-05-20T00:00:00+00:00,640.03,640.12,637.52,639.49,2219.108,2026-05-20T00:59:59.999000+00:00,1417643.28125,24604
2026-05-20T01:00:00+00:00,639.48,640.95,637.8,640.32,2257.127,2026-05-20T01:59:59.999000+00:00,1443141.40696,26437
2026-05-20T02:00:00+00:00,640.33,640.64,638.11,639.13,4559.955,2026-05-20T02:59:59.999000+00:00,2914717.02656,22165
2026-05-20T03:00:00+00:00,639.14,640.52,638.13,640.12,1962.22,2026-05-20T03:59:59.999000+00:00,1254713.51939,17978
2026-05-20T04:00:00+00:00,640.13,640.73,638.38,639.84,1632.705,2026-05-20T04:59:59.999000+00:00,1043860.03538,12244
2026-05-20T05:00:00+00:00,639.84,643.6,639.83,642.63,6421.933,2026-05-20T05:59:59.999000+00:00,4123631.05751,27925
2026-05-20T06:00:00+00:00,642.63,644.0,641.28,643.88,6060.946,2026-05-20T06:59:59.999000+00:00,3893283.47506,23712
2026-05-20T07:00:00+00:00,643.89,645.0,643.07,643.41,2911.231,2026-05-20T07:59:59.999000+00:00,1874552.44689,18141
2026-05-20T08:00:00+00:00,643.41,645.31,643.23,644.4,2923.177,2026-05-20T08:59:59.999000+00:00,1883937.38907,17119
2026-05-20T09:00:00+00:00,644.4,645.18,643.69,644.43,2425.786,2026-05-20T09:59:59.999000+00:00,1562940.81555,12258
2026-05-20T10:00:00+00:00,644.43,645.3,643.71,643.9,3204.666,2026-05-20T10:59:59.999000+00:00,2065162.70729,15494
2026-05-20T11:00:00+00:00,643.91,644.11,642.3,643.33,2375.555,2026-05-20T11:59:59.999000+00:00,1528428.33296,15594
2026-05-20T12:00:00+00:00,643.33,646.0,642.92,644.95,2968.01,2026-05-20T12:59:59.999000+00:00,1913336.09879,17509
2026-05-20T13:00:00+00:00,644.96,645.17,641.75,643.19,3643.008,2026-05-20T13:59:59.999000+00:00,2343780.32027,26746
2026-05-20T14:00:00+00:00,643.19,649.46,641.34,647.92,8075.515,2026-05-20T14:59:59.999000+00:00,5219008.01173,63759
2026-05-20T15:00:00+00:00,647.93,649.97,646.85,648.8,6491.732,2026-05-20T15:59:59.999000+00:00,4211132.1952,48853
2026-05-20T16:00:00+00:00,648.81,649.77,646.01,648.71,2802.244,2026-05-20T16:59:59.999000+00:00,1815809.14416,29387
2026-05-20T17:00:00+00:00,648.72,651.19,647.75,649.64,3999.765,2026-05-20T17:59:59.999000+00:00,2599261.35884,24320
2026-05-20T18:00:00+00:00,649.63,649.99,648.5,648.81,2425.06,2026-05-20T18:59:59.999000+00:00,1574504.00158,18597
2026-05-20T19:00:00+00:00,648.81,651.0,648.0,650.57,2845.564,2026-05-20T19:59:59.999000+00:00,1849272.23692,20586
2026-05-20T20:00:00+00:00,650.56,651.5,648.8,651.26,2271.431,2026-05-20T20:59:59.999000+00:00,1477230.03231,19838
2026-05-20T21:00:00+00:00,651.27,651.77,649.39,649.41,4342.773,2026-05-20T21:59:59.999000+00:00,2824388.35293,13585
2026-05-20T22:00:00+00:00,649.41,649.41,647.17,648.7,2136.563,2026-05-20T22:59:59.999000+00:00,1385333.37479,19603
2026-05-20T23:00:00+00:00,648.69,649.73,647.43,649.5,1986.579,2026-05-20T23:59:59.999000+00:00,1288972.54645,11943
2026-05-21T00:00:00+00:00,649.5,653.84,649.31,653.71,4136.092,2026-05-21T00:59:59.999000+00:00,2697200.4315,26622
2026-05-21T01:00:00+00:00,653.71,654.78,652.31,653.07,3952.962,2026-05-21T01:59:59.999000+00:00,2581925.08792,28112
2026-05-21T02:00:00+00:00,653.07,655.42,652.45,653.88,4403.658,2026-05-21T02:59:59.999000+00:00,2882247.23649,22103
2026-05-21T03:00:00+00:00,653.87,656.0,653.0,654.81,3934.114,2026-05-21T03:59:59.999000+00:00,2575356.94075,19404
2026-05-21T04:00:00+00:00,654.81,655.31,653.37,654.39,2392.599,2026-05-21T04:59:59.999000+00:00,1565630.1169,14518
2026-05-21T05:00:00+00:00,654.39,655.33,651.91,652.83,4586.379,2026-05-21T05:59:59.999000+00:00,2998858.6247,23010
2026-05-21T06:00:00+00:00,652.82,652.97,650.13,651.38,3815.55,2026-05-21T06:59:59.999000+00:00,2486880.84316,26578
2026-05-21T07:00:00+00:00,651.38,653.14,651.02,652.93,4379.777,2026-05-21T07:59:59.999000+00:00,2854513.67206,17862
2026-05-21T08:00:00+00:00,652.93,656.0,652.83,654.92,3632.874,2026-05-21T08:59:59.999000+00:00,2379390.10917,24769
2026-05-21T09:00:00+00:00,654.93,655.47,652.96,653.31,2721.692,2026-05-21T09:59:59.999000+00:00,1780587.86295,16479
2026-05-21T10:00:00+00:00,653.31,653.99,648.05,648.38,7296.958,2026-05-21T10:59:59.999000+00:00,4748262.72356,43893
2026-05-21T11:00:00+00:00,648.38,649.56,647.36,647.77,2745.555,2026-05-21T11:59:59.999000+00:00,1780346.11187,20757
2026-05-21T12:00:00+00:00,647.78,650.89,647.54,649.67,4315.368,2026-05-21T12:59:59.999000+00:00,2800522.035,23839
2026-05-21T13:00:00+00:00,649.67,650.89,646.33,649.6,5709.375,2026-05-21T13:59:59.999000+00:00,3705226.15788,43234
2026-05-21T14:00:00+00:00,649.61,651.3,647.81,648.9,5386.741,2026-05-21T14:59:59.999000+00:00,3498573.02067,41553
2026-05-21T15:00:00+00:00,648.9,653.08,648.75,652.39,6872.674,2026-05-21T15:59:59.999000+00:00,4475244.28807,31848
2026-05-21T16:00:00+00:00,652.39,653.33,650.23,651.1,3531.286,2026-05-21T16:59:59.999000+00:00,2300994.69019,22254
2026-05-21T17:00:00+00:00,651.1,659.82,651.0,657.79,10461.071,2026-05-21T17:59:59.999000+00:00,6871672.00044,53804
2026-05-21T18:00:00+00:00,657.79,659.41,654.46,655.95,8368.706,2026-05-21T18:59:59.999000+00:00,5502144.59264,45854
2026-05-21T19:00:00+00:00,655.94,658.53,655.82,657.87,2988.173,2026-05-21T19:59:59.999000+00:00,1963129.27163,25332
2026-05-21T20:00:00+00:00,657.88,658.51,657.05,657.36,1676.941,2026-05-21T20:59:59.999000+00:00,1102791.47394,11360
2026-05-21T21:00:00+00:00,657.35,659.0,657.35,657.51,1314.895,2026-05-21T21:59:59.999000+00:00,865756.11648,11624
2026-05-21T22:00:00+00:00,657.52,658.08,656.11,656.9,1067.439,2026-05-21T22:59:59.999000+00:00,701444.07171,10412
2026-05-21T23:00:00+00:00,656.9,658.66,656.35,658.58,3364.799,2026-05-21T23:59:59.999000+00:00,2213616.56915,10808
2026-05-22T00:00:00+00:00,658.58,659.33,656.92,656.98,3576.462,2026-05-22T00:59:59.999000+00:00,2354018.4778,20515
2026-05-22T01:00:00+00:00,656.98,660.2,656.14,659.34,3596.275,2026-05-22T01:59:59.999000+00:00,2366938.46726,19206
2026-05-22T02:00:00+00:00,659.34,661.0,658.69,660.31,8892.205,2026-05-22T02:59:59.999000+00:00,5867008.01042,29143
2026-05-22T03:00:00+00:00,660.31,661.42,659.34,659.61,3892.985,2026-05-22T03:59:59.999000+00:00,2570448.99417,21211
2026-05-22T04:00:00+00:00,659.62,660.59,658.43,659.13,4930.88,2026-05-22T04:59:59.999000+00:00,3250175.52498,17412
2026-05-22T05:00:00+00:00,659.13,659.23,656.56,657.15,7782.628,2026-05-22T05:59:59.999000+00:00,5121510.5784,24506
2026-05-22T06:00:00+00:00,657.15,657.75,655.81,656.12,2950.529,2026-05-22T06:59:59.999000+00:00,1937928.84941,20575
2026-05-22T07:00:00+00:00,656.13,659.72,655.48,659.49,3381.942,2026-05-22T07:59:59.999000+00:00,2226016.14003,19229
2026-05-22T08:00:00+00:00,659.49,661.1,658.82,659.16,4093.517,2026-05-22T08:59:59.999000+00:00,2701320.32341,23766
2026-05-22T09:00:00+00:00,659.16,659.16,656.2,657.25,8595.136,2026-05-22T09:59:59.999000+00:00,5650036.86252,28159
2026-05-22T10:00:00+00:00,657.25,657.26,654.79,656.08,4676.383,2026-05-22T10:59:59.999000+00:00,3067629.70185,24131
2026-05-22T11:00:00+00:00,656.08,657.95,655.31,657.94,2055.315,2026-05-22T11:59:59.999000+00:00,1349344.56109,19043
2026-05-22T12:00:00+00:00,657.95,660.62,657.77,660.62,4904.05,2026-05-22T12:59:59.999000+00:00,3233287.73448,22579
2026-05-22T13:00:00+00:00,660.62,664.0,660.21,663.99,8517.528,2026-05-22T13:59:59.999000+00:00,5640653.40897,44726
2026-05-22T14:00:00+00:00,664.0,664.2,656.61,657.39,9619.78,2026-05-22T14:59:59.999000+00:00,6346963.75793,51600
2026-05-22T15:00:00+00:00,657.39,659.83,656.45,658.51,4599.402,2026-05-22T15:59:59.999000+00:00,3027293.01333,31964
2026-05-22T16:00:00+00:00,658.51,660.84,657.93,660.52,4660.485,2026-05-22T16:59:59.999000+00:00,3072710.66848,27181
2026-05-22T17:00:00+00:00,660.53,661.58,658.72,659.83,5089.263,2026-05-22T17:59:59.999000+00:00,3360932.90273,27963
2026-05-22T18:00:00+00:00,659.83,659.89,648.55,653.53,9200.437,2026-05-22T18:59:59.999000+00:00,6011696.48488,50639
2026-05-22T19:00:00+00:00,653.53,654.11,648.31,652.48,7946.716,2026-05-22T19:59:59.999000+00:00,5173653.23063,61483
2026-05-22T20:00:00+00:00,652.48,654.03,651.84,653.22,3223.788,2026-05-22T20:59:59.999000+00:00,2104860.56057,21167
2026-05-22T21:00:00+00:00,653.22,654.03,652.36,653.23,1903.233,2026-05-22T21:59:59.999000+00:00,1243446.95579,12313
2026-05-22T22:00:00+00:00,653.23,653.53,650.75,652.53,2149.759,2026-05-22T22:59:59.999000+00:00,1401976.74297,15289
2026-05-22T23:00:00+00:00,652.53,653.37,648.7,650.44,3668.922,2026-05-22T23:59:59.999000+00:00,2387857.96297,26706
2026-05-23T00:00:00+00:00,650.45,652.15,648.07,650.99,5169.201,2026-05-23T00:59:59.999000+00:00,3360474.44895,38055
2026-05-23T01:00:00+00:00,651.0,652.31,649.57,650.36,1971.199,2026-05-23T01:59:59.999000+00:00,1282859.78682,20148
2026-05-23T02:00:00+00:00,650.36,651.7,649.66,651.51,2214.625,2026-05-23T02:59:59.999000+00:00,1440567.71806,16250
2026-05-23T03:00:00+00:00,651.51,653.0,650.16,652.34,3506.46,2026-05-23T03:59:59.999000+00:00,2283420.65651,17755
2026-05-23T04:00:00+00:00,652.33,652.78,649.85,650.18,3086.519,2026-05-23T04:59:59.999000+00:00,2008578.63749,14731
2026-05-23T05:00:00+00:00,650.19,650.31,648.33,648.97,5051.792,2026-05-23T05:59:59.999000+00:00,3280020.83646,19630
2026-05-23T06:00:00+00:00,648.97,649.69,648.21,648.68,3481.915,2026-05-23T06:59:59.999000+00:00,2259760.62671,18439
2026-05-23T07:00:00+00:00,648.69,648.98,635.29,636.76,18338.892,2026-05-23T07:59:59.999000+00:00,11750842.86811,73702
2026-05-23T08:00:00+00:00,636.76,640.53,635.64,640.32,8255.882,2026-05-23T08:59:59.999000+00:00,5269227.99029,45374
2026-05-23T09:00:00+00:00,640.33,640.76,638.63,638.63,3915.51,2026-05-23T09:59:59.999000+00:00,2505855.5512,22982
2026-05-23T10:00:00+00:00,638.64,640.72,638.64,640.2,2808.929,2026-05-23T10:59:59.999000+00:00,1796705.81654,16629
2026-05-23T11:00:00+00:00,640.2,641.27,639.76,640.22,4274.001,2026-05-23T11:59:59.999000+00:00,2737570.26561,15113
2026-05-23T12:00:00+00:00,640.23,640.89,639.28,640.68,1734.393,2026-05-23T12:59:59.999000+00:00,1110270.84988,12512
2026-05-23T13:00:00+00:00,640.67,643.43,640.51,643.06,5146.33,2026-05-23T13:59:59.999000+00:00,3305183.88223,29315
2026-05-23T14:00:00+00:00,643.07,647.85,642.24,647.36,4863.707,2026-05-23T14:59:59.999000+00:00,3138499.89285,26602
2026-05-23T15:00:00+00:00,647.36,648.8,646.35,647.49,4359.683,2026-05-23T15:59:59.999000+00:00,2822898.60048,26206
2026-05-23T16:00:00+00:00,647.49,648.24,646.27,646.76,2897.53,2026-05-23T16:59:59.999000+00:00,1875618.94944,23165
2026-05-23T17:00:00+00:00,646.76,649.54,646.76,649.12,2477.783,2026-05-23T17:59:59.999000+00:00,1605822.54572,16050
2026-05-23T18:00:00+00:00,649.12,653.0,648.97,651.61,3407.319,2026-05-23T18:59:59.999000+00:00,2219425.69879,28607
2026-05-23T19:00:00+00:00,651.62,653.17,650.77,652.34,2139.432,2026-05-23T19:59:59.999000+00:00,1394953.80812,15433
2026-05-23T20:00:00+00:00,652.34,661.44,651.73,661.43,9260.169,2026-05-23T20:59:59.999000+00:00,6079791.81864,60061
2026-05-23T21:00:00+00:00,661.43,663.93,655.12,657.66,9359.984,2026-05-23T21:59:59.999000+00:00,6178187.86357,54782
2026-05-23T22:00:00+00:00,657.66,658.5,654.44,656.67,2736.627,2026-05-23T22:59:59.999000+00:00,1796339.17432,22632
2026-05-23T23:00:00+00:00,656.66,657.53,655.99,656.26,2551.756,2026-05-23T23:59:59.999000+00:00,1675866.2036,17349
2026-05-24T00:00:00+00:00,656.26,657.89,655.47,656.59,2660.753,2026-05-24T00:59:59.999000+00:00,1747274.9931,24450
2026-05-24T01:00:00+00:00,656.59,658.17,656.36,657.4,2196.557,2026-05-24T01:59:59.999000+00:00,1443821.84618,13214
2026-05-24T02:00:00+00:00,657.4,658.75,656.13,657.89,3068.899,2026-05-24T02:59:59.999000+00:00,2017629.49812,21946
2026-05-24T03:00:00+00:00,657.9,658.91,656.36,657.14,2304.746,2026-05-24T03:59:59.999000+00:00,1515394.49735,19306
2026-05-24T04:00:00+00:00,657.14,658.05,656.33,656.36,1535.085,2026-05-24T04:59:59.999000+00:00,1008585.58613,15498
2026-05-24T05:00:00+00:00,656.36,656.36,654.01,655.35,3363.01,2026-05-24T05:59:59.999000+00:00,2202752.74143,17726
2026-05-24T06:00:00+00:00,655.34,657.93,654.89,657.43,5205.179,2026-05-24T06:59:59.999000+00:00,3412482.76621,20072
2026-05-24T07:00:00+00:00,657.43,657.65,655.93,656.64,1386.673,2026-05-24T07:59:59.999000+00:00,910503.48434,12387
2026-05-24T08:00:00+00:00,656.64,659.0,656.22,658.68,2857.685,2026-05-24T08:59:59.999000+00:00,1880124.27605,16286
2026-05-24T09:00:00+00:00,658.69,660.17,658.08,659.79,4822.435,2026-05-24T09:59:59.999000+00:00,3180810.50513,19887
2026-05-24T10:00:00+00:00,659.79,662.6,659.01,660.85,5312.81,2026-05-24T10:59:59.999000+00:00,3508747.70032,24998
2026-05-24T11:00:00+00:00,660.86,662.6,660.51,661.27,4101.909,2026-05-24T11:59:59.999000+00:00,2712927.21648,23362
2026-05-24T12:00:00+00:00,661.27,661.31,658.47,660.13,4153.103,2026-05-24T12:59:59.999000+00:00,2739054.25921,18134
2026-05-24T13:00:00+00:00,660.13,660.8,656.46,657.45,3730.34,2026-05-24T13:59:59.999000+00:00,2458547.91818,27003
2026-05-24T14:00:00+00:00,657.45,658.4,652.07,655.62,7580.183,2026-05-24T14:59:59.999000+00:00,4969528.60102,50286
2026-05-24T15:00:00+00:00,655.61,656.65,655.16,655.51,2181.257,2026-05-24T15:59:59.999000+00:00,1430652.85277,17816
2026-05-24T16:00:00+00:00,655.54,657.71,655.24,656.79,2114.362,2026-05-24T16:59:59.999000+00:00,1388059.6404,17964
2026-05-24T17:00:00+00:00,656.78,657.54,656.29,656.29,1584.369,2026-05-24T17:59:59.999000+00:00,1040941.2605,12262
2026-05-24T18:00:00+00:00,656.29,656.38,655.0,655.38,1842.356,2026-05-24T18:59:59.999000+00:00,1207641.95726,11369
2026-05-24T19:00:00+00:00,655.39,656.45,655.21,656.16,802.786,2026-05-24T19:59:59.999000+00:00,526507.28205,9517
2026-05-24T20:00:00+00:00,656.16,656.28,655.0,655.16,1083.983,2026-05-24T20:59:59.999000+00:00,710692.64117,14583
2026-05-24T21:00:00+00:00,655.16,655.93,649.68,650.2,3854.275,2026-05-24T21:59:59.999000+00:00,2514048.72007,28817
2026-05-24T22:00:00+00:00,650.2,656.0,650.19,654.68,4157.786,2026-05-24T22:59:59.999000+00:00,2722227.28335,35125
2026-05-24T23:00:00+00:00,654.68,657.65,654.68,656.57,1767.636,2026-05-24T23:59:59.999000+00:00,1159891.7868,18366
2026-05-25T00:00:00+00:00,656.58,659.71,656.58,658.91,2545.87,2026-05-25T00:59:59.999000+00:00,1675982.83922,25926
2026-05-25T01:00:00+00:00,658.92,659.85,655.76,655.89,1894.746,2026-05-25T01:59:59.999000+00:00,1247402.92752,21189
2026-05-25T02:00:00+00:00,655.9,659.98,655.9,657.01,2720.107,2026-05-25T02:59:59.999000+00:00,1790525.51978,27340
2026-05-25T03:00:00+00:00,657.01,657.46,655.96,657.07,1795.948,2026-05-25T03:59:59.999000+00:00,1179168.66815,15030
2026-05-25T04:00:00+00:00,657.08,659.88,656.4,659.36,2363.772,2026-05-25T04:59:59.999000+00:00,1556080.75273,19529
2026-05-25T05:00:00+00:00,659.37,661.29,659.16,660.77,3758.661,2026-05-25T05:59:59.999000+00:00,2481885.51426,20317
2026-05-25T06:00:00+00:00,660.77,661.98,659.14,660.81,3088.407,2026-05-25T06:59:59.999000+00:00,2040913.9641,20893
2026-05-25T07:00:00+00:00,660.81,661.98,660.08,661.92,4186.963,2026-05-25T07:59:59.999000+00:00,2767701.57948,22302
2026-05-25T08:00:00+00:00,661.92,662.74,660.86,662.1,3953.317,2026-05-25T08:59:59.999000+00:00,2616065.90039,20806
2026-05-25T09:00:00+00:00,662.11,663.38,661.13,661.51,3070.477,2026-05-25T09:59:59.999000+00:00,2033257.9613,20484
2026-05-25T10:00:00+00:00,661.51,662.5,661.23,661.69,2558.38,2026-05-25T10:59:59.999000+00:00,1693074.22381,15710
2026-05-25T11:00:00+00:00,661.69,662.48,660.86,662.25,5015.127,2026-05-25T11:59:59.999000+00:00,3318478.51789,19420
2026-05-25T12:00:00+00:00,662.25,671.16,662.13,669.61,16610.642,2026-05-25T12:59:59.999000+00:00,11086983.29305,85270
2026-05-25T13:00:00+00:00,669.61,671.98,669.04,671.97,9600.425,2026-05-25T13:59:59.999000+00:00,6439765.36537,40212
2026-05-25T14:00:00+00:00,671.98,673.07,670.5,671.39,7926.228,2026-05-25T14:59:59.999000+00:00,5323923.8086,37376
2026-05-25T15:00:00+00:00,671.39,671.62,666.74,667.78,8992.831,2026-05-25T15:59:59.999000+00:00,6022312.14659,27136
2026-05-25T16:00:00+00:00,667.78,668.25,666.48,667.07,3262.061,2026-05-25T16:59:59.999000+00:00,2176972.14808,19276
2026-05-25T17:00:00+00:00,667.07,667.4,660.87,661.06,8477.457,2026-05-25T17:59:59.999000+00:00,5621083.97821,43444
2026-05-25T18:00:00+00:00,661.07,664.02,660.95,662.98,6215.01,2026-05-25T18:59:59.999000+00:00,4115218.56766,29293
2026-05-25T19:00:00+00:00,662.98,663.05,661.07,662.37,2378.375,2026-05-25T19:59:59.999000+00:00,1574900.27371,19110
2026-05-25T20:00:00+00:00,662.37,663.0,660.43,661.37,3677.656,2026-05-25T20:59:59.999000+00:00,2433861.00372,19852
2026-05-25T21:00:00+00:00,661.37,662.4,661.35,661.82,1753.367,2026-05-25T21:59:59.999000+00:00,1160509.36823,13656
2026-05-25T22:00:00+00:00,661.82,663.09,660.38,660.72,4452.373,2026-05-25T22:59:59.999000+00:00,2946493.28932,25172
2026-05-25T23:00:00+00:00,660.72,663.29,660.49,663.15,3946.553,2026-05-25T23:59:59.999000+00:00,2614662.7925,22956
2026-05-26T00:00:00+00:00,663.15,663.75,657.2,659.52,14244.001,2026-05-26T00:59:59.999000+00:00,9412648.44396,47049
2026-05-26T01:00:00+00:00,659.52,659.79,656.04,657.7,4419.569,2026-05-26T01:59:59.999000+00:00,2906493.58908,38438
2026-05-26T02:00:00+00:00,657.7,659.71,656.99,659.34,6019.346,2026-05-26T02:59:59.999000+00:00,3964705.20235,31350
2026-05-26T03:00:00+00:00,659.34,659.49,657.12,658.05,4313.21,2026-05-26T03:59:59.999000+00:00,2838881.30781,22676
2026-05-26T04:00:00+00:00,658.06,659.59,656.95,658.83,4487.465,2026-05-26T04:59:59.999000+00:00,2954727.19495,20897
2026-05-26T05:00:00+00:00,658.84,659.8,658.18,659.27,3059.651,2026-05-26T05:59:59.999000+00:00,2016516.05439,23258
2026-05-26T06:00:00+00:00,659.27,659.82,657.56,658.11,3812.654,2026-05-26T06:59:59.999000+00:00,2511695.1599,26089
2026-05-26T07:00:00+00:00,658.12,658.96,655.34,657.73,8803.963,2026-05-26T07:59:59.999000+00:00,5782736.46171,30326
2026-05-26T08:00:00+00:00,657.73,658.12,656.43,657.14,3174.403,2026-05-26T08:59:59.999000+00:00,2086652.51953,19631
2026-05-26T09:00:00+00:00,657.14,657.91,656.3,656.83,2830.33,2026-05-26T09:59:59.999000+00:00,1859514.13162,23870
2026-05-26T10:00:00+00:00,656.82,664.6,656.44,662.78,7049.514,2026-05-26T10:59:59.999000+00:00,4659631.83211,47779
2026-05-26T11:00:00+00:00,662.78,663.76,661.66,662.48,3697.955,2026-05-26T11:59:59.999000+00:00,2450443.18955,24757
2026-05-26T12:00:00+00:00,662.48,662.95,660.21,662.48,3728.328,2026-05-26T12:59:59.999000+00:00,2466846.56154,25113
2026-05-26T13:00:00+00:00,662.47,665.1,660.71,663.35,8024.959,2026-05-26T13:59:59.999000+00:00,5319192.43684,45881
2026-05-26T14:00:00+00:00,663.36,668.01,660.88,662.89,10641.857,2026-05-26T14:59:59.999000+00:00,7072900.68912,68610
2026-05-26T15:00:00+00:00,662.89,663.5,657.28,660.28,10706.226,2026-05-26T15:59:59.999000+00:00,7071188.05008,72641
2026-05-26T16:00:00+00:00,660.29,661.05,657.67,659.77,6664.316,2026-05-26T16:59:59.999000+00:00,4397918.97494,60836
2026-05-26T17:00:00+00:00,659.77,660.3,653.45,655.77,6095.138,2026-05-26T17:59:59.999000+00:00,3998021.34869,52009
2026-05-26T18:00:00+00:00,655.77,657.75,655.04,655.53,1908.024,2026-05-26T18:59:59.999000+00:00,1252087.31373,31644
2026-05-26T19:00:00+00:00,655.54,657.81,654.92,657.2,1293.741,2026-05-26T19:59:59.999000+00:00,849358.77057,23578
2026-05-26T20:00:00+00:00,657.21,657.85,656.6,657.3,1728.28,2026-05-26T20:59:59.999000+00:00,1135763.58726,20444
2026-05-26T21:00:00+00:00,657.31,657.6,655.14,656.48,1642.835,2026-05-26T21:59:59.999000+00:00,1078740.50038,22699
2026-05-26T22:00:00+00:00,656.49,657.5,655.31,655.98,2604.784,2026-05-26T22:59:59.999000+00:00,1709771.77908,27416
2026-05-26T23:00:00+00:00,655.99,657.84,655.99,656.43,1382.733,2026-05-26T23:59:59.999000+00:00,908299.73962,23153
2026-05-27T00:00:00+00:00,656.43,658.62,656.32,658.54,1842.709,2026-05-27T00:59:59.999000+00:00,1211508.56842,22088
2026-05-27T01:00:00+00:00,658.55,659.11,656.85,657.32,2987.309,2026-05-27T01:59:59.999000+00:00,1965975.71494,19684
2026-05-27T02:00:00+00:00,657.33,657.44,654.63,656.66,3159.574,2026-05-27T02:59:59.999000+00:00,2071155.5645,23331
2026-05-27T03:00:00+00:00,656.66,656.86,654.0,654.38,3614.368,2026-05-27T03:59:59.999000+00:00,2369771.6292,25170
2026-05-27T04:00:00+00:00,654.39,654.47,650.75,654.31,5262.499,2026-05-27T04:59:59.999000+00:00,3434477.9474,34279
2026-05-27T05:00:00+00:00,654.32,654.71,653.0,653.25,3337.474,2026-05-27T05:59:59.999000+00:00,2182213.34611,22060
2026-05-27T06:00:00+00:00,653.25,653.8,652.08,652.92,5401.037,2026-05-27T06:59:59.999000+00:00,3526628.56123,28711
2026-05-27T07:00:00+00:00,652.92,653.54,651.52,653.5,8096.622,2026-05-27T07:59:59.999000+00:00,5282721.70101,31456
2026-05-27T08:00:00+00:00,653.47,654.94,652.31,653.72,5048.767,2026-05-27T08:59:59.999000+00:00,3301504.75809,24056
2026-05-27T09:00:00+00:00,653.72,654.68,652.94,654.09,2453.614,2026-05-27T09:59:59.999000+00:00,1604246.74305,18313
2026-05-27T10:00:00+00:00,654.09,655.77,652.76,654.62,4005.948,2026-05-27T10:59:59.999000+00:00,2620736.81688,19657
2026-05-27T11:00:00+00:00,654.63,655.64,653.73,653.84,3352.581,2026-05-27T11:59:59.999000+00:00,2194923.10086,16859
2026-05-27T12:00:00+00:00,653.85,657.22,653.18,655.21,4677.41,2026-05-27T12:59:59.999000+00:00,3065530.59282,32972
2026-05-27T13:00:00+00:00,655.22,655.51,650.14,652.43,5882.576,2026-05-27T13:59:59.999000+00:00,3837155.75629,47520
2026-05-27T14:00:00+00:00,652.43,654.38,651.42,654.12,5539.24,2026-05-27T14:59:59.999000+00:00,3617078.53084,42574
2026-05-27T15:00:00+00:00,654.12,658.27,653.94,657.66,6706.702,2026-05-27T15:59:59.999000+00:00,4404286.36234,35241
2026-05-27T16:00:00+00:00,657.67,659.9,654.78,655.99,3456.198,2026-05-27T16:59:59.999000+00:00,2271963.71877,27157
2026-05-27T17:00:00+00:00,656.0,656.1,650.32,651.05,4390.995,2026-05-27T17:59:59.999000+00:00,2865478.00918,32671
2026-05-27T18:00:00+00:00,651.06,653.82,650.27,653.74,2030.921,2026-05-27T18:59:59.999000+00:00,1324132.68995,20849
2026-05-27T19:00:00+00:00,653.74,654.28,652.78,653.39,2023.685,2026-05-27T19:59:59.999000+00:00,1322700.05784,17126
2026-05-27T20:00:00+00:00,653.4,654.97,653.15,653.92,2289.359,2026-05-27T20:59:59.999000+00:00,1497031.01569,15032
2026-05-27T21:00:00+00:00,653.92,654.26,646.87,648.7,9293.997,2026-05-27T21:59:59.999000+00:00,6050009.94868,52461
2026-05-27T22:00:00+00:00,648.7,650.13,647.0,647.01,3173.192,2026-05-27T22:59:59.999000+00:00,2058953.9138,33692
2026-05-27T23:00:00+00:00,647.01,649.45,646.57,648.84,3710.817,2026-05-27T23:59:59.999000+00:00,2405775.04974,22232
2026-05-28T00:00:00+00:00,648.83,649.03,646.99,648.95,2876.567,2026-05-28T00:59:59.999000+00:00,1864341.36169,24393
2026-05-28T01:00:00+00:00,648.96,649.38,645.35,646.66,3893.907,2026-05-28T01:59:59.999000+00:00,2519210.46752,33549
2026-05-28T02:00:00+00:00,646.67,647.01,644.0,644.91,3150.93,2026-05-28T02:59:59.999000+00:00,2033470.39905,26453
2026-05-28T03:00:00+00:00,644.91,645.67,636.76,637.81,17259.522,2026-05-28T03:59:59.999000+00:00,11051455.79766,91983
2026-05-28T04:00:00+00:00,637.81,637.91,633.11,636.59,15645.911,2026-05-28T04:59:59.999000+00:00,9943948.36497,70621
2026-05-28T05:00:00+00:00,636.6,636.6,632.99,634.7,6681.177,2026-05-28T05:59:59.999000+00:00,4241408.73492,45335
2026-05-28T06:00:00+00:00,634.7,635.27,631.47,634.03,7780.098,2026-05-28T06:59:59.999000+00:00,4928133.82451,39176
2026-05-28T07:00:00+00:00,634.04,636.7,633.63,634.98,7504.294,2026-05-28T07:59:59.999000+00:00,4767078.23007,30466
2026-05-28T08:00:00+00:00,634.99,635.36,633.65,634.74,4469.875,2026-05-28T08:59:59.999000+00:00,2836673.11035,25379
2026-05-28T09:00:00+00:00,634.74,635.28,632.3,634.25,6795.113,2026-05-28T09:59:59.999000+00:00,4303358.98112,29727
2026-05-28T10:00:00+00:00,634.25,635.13,632.59,633.42,5409.716,2026-05-28T10:59:59.999000+00:00,3430337.76302,22973
2026-05-28T11:00:00+00:00,633.42,633.59,631.35,632.9,5915.538,2026-05-28T11:59:59.999000+00:00,3741384.69919,30097
2026-05-28T12:00:00+00:00,632.9,633.54,630.42,633.16,5661.179,2026-05-28T12:59:59.999000+00:00,3577726.74326,34655
2026-05-28T13:00:00+00:00,633.15,633.8,629.36,631.45,7891.517,2026-05-28T13:59:59.999000+00:00,4981029.52943,46894
2026-05-28T14:00:00+00:00,631.45,636.66,628.22,635.21,10275.415,2026-05-28T14:59:59.999000+00:00,6504440.88618,70048
2026-05-28T15:00:00+00:00,635.21,635.9,631.47,634.79,5794.953,2026-05-28T15:59:59.999000+00:00,3674093.4663,43840
2026-05-28T16:00:00+00:00,634.79,640.61,633.45,640.23,8468.177,2026-05-28T16:59:59.999000+00:00,5402041.29376,48315
2026-05-28T17:00:00+00:00,640.24,641.9,639.0,640.21,5508.127,2026-05-28T17:59:59.999000+00:00,3526696.40072,35088
2026-05-28T18:00:00+00:00,640.22,642.59,640.14,641.83,2643.742,2026-05-28T18:59:59.999000+00:00,1696208.7702,25624
2026-05-28T19:00:00+00:00,641.84,641.98,639.71,639.71,1896.972,2026-05-28T19:59:59.999000+00:00,1215283.28637,18073
2026-05-28T20:00:00+00:00,639.72,641.52,638.44,640.92,2290.501,2026-05-28T20:59:59.999000+00:00,1466349.484,16671
2026-05-28T21:00:00+00:00,640.93,642.53,640.59,641.88,2160.82,2026-05-28T21:59:59.999000+00:00,1387145.72561,15601
2026-05-28T22:00:00+00:00,641.89,642.43,638.46,638.87,1881.431,2026-05-28T22:59:59.999000+00:00,1203596.2442,15739
2026-05-28T23:00:00+00:00,638.87,639.79,637.56,638.24,3402.203,2026-05-28T23:59:59.999000+00:00,2173138.6407,13777
2026-05-29T00:00:00+00:00,638.23,639.47,638.23,638.49,2752.769,2026-05-29T00:59:59.999000+00:00,1758715.6125,22789
2026-05-29T01:00:00+00:00,638.5,639.22,635.78,636.96,2224.797,2026-05-29T01:59:59.999000+00:00,1417483.19216,18528
2026-05-29T02:00:00+00:00,636.97,637.53,633.79,634.27,3354.625,2026-05-29T02:59:59.999000+00:00,2131364.88684,23135
2026-05-29T03:00:00+00:00,634.27,636.78,634.27,635.61,2484.846,2026-05-29T03:59:59.999000+00:00,1579632.24899,17481
2026-05-29T04:00:00+00:00,635.6,636.75,634.56,636.57,2955.211,2026-05-29T04:59:59.999000+00:00,1879002.40498,18439
2026-05-29T05:00:00+00:00,636.57,638.49,636.4,638.44,3739.956,2026-05-29T05:59:59.999000+00:00,2383569.26902,17433
2026-05-29T06:00:00+00:00,638.43,639.49,637.48,638.16,4565.996,2026-05-29T06:59:59.999000+00:00,2914194.98383,19172
2026-05-29T07:00:00+00:00,638.17,638.56,635.82,637.04,7305.062,2026-05-29T07:59:59.999000+00:00,4653081.33914,24095
2026-05-29T08:00:00+00:00,637.04,638.27,636.68,636.75,3024.807,2026-05-29T08:59:59.999000+00:00,1928327.55039,20600
2026-05-29T09:00:00+00:00,636.75,640.95,636.71,640.73,5717.114,2026-05-29T09:59:59.999000+00:00,3654557.74176,24699
2026-05-29T10:00:00+00:00,640.73,641.19,638.98,639.13,4637.029,2026-05-29T10:59:59.999000+00:00,2969241.30864,22183
2026-05-29T11:00:00+00:00,639.13,639.34,635.25,637.14,3455.81,2026-05-29T11:59:59.999000+00:00,2203466.93673,25448
2026-05-29T12:00:00+00:00,637.14,637.17,635.2,635.91,2799.425,2026-05-29T12:59:59.999000+00:00,1780674.06022,26544
2026-05-29T13:00:00+00:00,635.91,636.79,634.01,635.58,6162.533,2026-05-29T13:59:59.999000+00:00,3915780.01945,44057
2026-05-29T14:00:00+00:00,635.58,636.83,630.86,634.9,11820.038,2026-05-29T14:59:59.999000+00:00,7493575.32427,71751
2026-05-29T15:00:00+00:00,634.91,643.04,634.45,639.74,13874.095,2026-05-29T15:59:59.999000+00:00,8879444.86601,84623
2026-05-29T16:00:00+00:00,639.75,644.08,638.16,644.0,11092.212,2026-05-29T16:59:59.999000+00:00,7118311.86869,57304
2026-05-29T17:00:00+00:00,644.01,645.0,641.95,642.42,6554.289,2026-05-29T17:59:59.999000+00:00,4219343.9294,46474
2026-05-29T18:00:00+00:00,642.43,643.0,638.32,639.64,4498.26,2026-05-29T18:59:59.999000+00:00,2883748.70718,34242
2026-05-29T19:00:00+00:00,639.65,642.93,639.17,641.45,3007.155,2026-05-29T19:59:59.999000+00:00,1928970.5536,26206
2026-05-29T20:00:00+00:00,641.46,643.33,641.45,642.21,2565.297,2026-05-29T20:59:59.999000+00:00,1648092.0246,14261
2026-05-29T21:00:00+00:00,642.21,643.87,641.48,641.73,2410.816,2026-05-29T21:59:59.999000+00:00,1549392.182,15798
2026-05-29T22:00:00+00:00,641.73,643.5,641.66,642.8,1906.324,2026-05-29T22:59:59.999000+00:00,1224749.65437,12861
2026-05-29T23:00:00+00:00,642.79,643.38,641.36,643.1,2346.797,2026-05-29T23:59:59.999000+00:00,1507495.14532,14162
2026-05-30T00:00:00+00:00,643.11,647.36,642.66,646.89,9524.458,2026-05-30T00:59:59.999000+00:00,6150181.31657,25050
2026-05-30T01:00:00+00:00,646.89,653.73,646.17,653.24,11845.799,2026-05-30T01:59:59.999000+00:00,7689705.88013,36281
2026-05-30T02:00:00+00:00,653.25,658.67,651.99,658.01,25983.38,2026-05-30T02:59:59.999000+00:00,17033498.72523,79211
2026-05-30T03:00:00+00:00,658.02,661.01,657.03,658.19,12759.123,2026-05-30T03:59:59.999000+00:00,8409952.79748,47757
2026-05-30T04:00:00+00:00,658.2,660.62,656.52,658.91,8749.24,2026-05-30T04:59:59.999000+00:00,5762252.80611,57679
2026-05-30T05:00:00+00:00,658.91,666.84,658.4,666.43,14419.016,2026-05-30T05:59:59.999000+00:00,9557647.58478,56828
2026-05-30T06:00:00+00:00,666.43,668.94,665.09,667.54,16333.502,2026-05-30T06:59:59.999000+00:00,10896682.04037,62203
2026-05-30T07:00:00+00:00,667.54,674.25,667.02,672.92,17876.4,2026-05-30T07:59:59.999000+00:00,11996943.10326,78531
2026-05-30T08:00:00+00:00,672.93,675.47,669.5,673.3,12916.165,2026-05-30T08:59:59.999000+00:00,8684252.1788,52343
2026-05-30T09:00:00+00:00,673.31,677.34,670.68,674.77,10038.917,2026-05-30T09:59:59.999000+00:00,6761521.78215,46112
2026-05-30T10:00:00+00:00,674.78,676.01,674.2,675.19,6105.436,2026-05-30T10:59:59.999000+00:00,4120527.0781,22735
2026-05-30T11:00:00+00:00,675.18,675.18,669.97,673.82,11687.941,2026-05-30T11:59:59.999000+00:00,7853768.90866,40844
2026-05-30T12:00:00+00:00,673.82,674.07,671.72,673.13,4524.107,2026-05-30T12:59:59.999000+00:00,3045668.98625,20200
2026-05-30T13:00:00+00:00,673.13,674.93,671.11,674.86,5845.697,2026-05-30T13:59:59.999000+00:00,3934491.57873,29600
2026-05-30T14:00:00+00:00,674.87,687.58,674.3,686.67,36539.362,2026-05-30T14:59:59.999000+00:00,24955769.62125,121871
2026-05-30T15:00:00+00:00,686.67,695.0,685.32,694.53,35930.681,2026-05-30T15:59:59.999000+00:00,24797291.78977,124599
2026-05-30T16:00:00+00:00,694.53,710.38,694.4,708.57,53548.832,2026-05-30T16:59:59.999000+00:00,37638395.82404,185013
2026-05-30T17:00:00+00:00,708.56,717.22,700.43,713.09,48845.445,2026-05-30T17:59:59.999000+00:00,34619006.19184,198772
2026-05-30T18:00:00+00:00,713.09,717.0,708.89,716.55,20330.412,2026-05-30T18:59:59.999000+00:00,14480386.2689,97462
2026-05-30T19:00:00+00:00,716.56,724.56,712.61,721.12,71297.115,2026-05-30T19:59:59.999000+00:00,51313624.33577,199112
2026-05-30T20:00:00+00:00,721.13,723.67,717.83,719.65,53131.002,2026-05-30T20:59:59.999000+00:00,38262461.76577,100067
2026-05-30T21:00:00+00:00,719.65,729.0,717.74,719.35,46271.81,2026-05-30T21:59:59.999000+00:00,33385758.98331,95133
2026-05-30T22:00:00+00:00,719.35,720.06,707.31,715.97,22045.425,2026-05-30T22:59:59.999000+00:00,15733189.28139,97767
2026-05-30T23:00:00+00:00,715.97,720.4,715.81,718.74,9831.701,2026-05-30T23:59:59.999000+00:00,7061090.2058,68517
2026-05-31T00:00:00+00:00,718.74,727.37,718.74,723.32,19558.115,2026-05-31T00:59:59.999000+00:00,14161500.00734,119640
2026-05-31T01:00:00+00:00,723.32,729.69,722.47,728.14,18793.642,2026-05-31T01:59:59.999000+00:00,13655622.0342,97794
2026-05-31T02:00:00+00:00,728.14,743.57,727.27,739.89,47396.307,2026-05-31T02:59:59.999000+00:00,34912448.45362,200987
2026-05-31T03:00:00+00:00,739.88,745.74,734.7,740.03,27951.386,2026-05-31T03:59:59.999000+00:00,20672978.61747,130468
2026-05-31T04:00:00+00:00,740.02,742.28,731.29,734.32,18319.454,2026-05-31T04:59:59.999000+00:00,13485047.04191,119006
2026-05-31T05:00:00+00:00,734.32,741.33,732.23,737.47,13442.505,2026-05-31T05:59:59.999000+00:00,9918191.10364,80964
2026-05-31T06:00:00+00:00,737.47,737.57,731.85,735.94,17094.861,2026-05-31T06:59:59.999000+00:00,12567901.66793,89961
2026-05-31T07:00:00+00:00,735.94,735.94,716.67,719.71,35886.456,2026-05-31T07:59:59.999000+00:00,25979457.12452,157745
2026-05-31T08:00:00+00:00,719.71,725.23,718.78,723.41,16033.979,2026-05-31T08:59:59.999000+00:00,11579865.41399,72940
2026-05-31T09:00:00+00:00,723.42,725.44,717.56,720.04,12556.904,2026-05-31T09:59:59.999000+00:00,9067177.46122,75628
2026-05-31T10:00:00+00:00,720.04,724.39,719.39,721.06,9682.311,2026-05-31T10:59:59.999000+00:00,6991294.824,70397
2026-05-31T11:00:00+00:00,721.05,724.61,720.0,722.89,5745.385,2026-05-31T11:59:59.999000+00:00,4149698.31402,45786
2026-05-31T12:00:00+00:00,722.89,726.16,721.77,724.88,9188.735,2026-05-31T12:59:59.999000+00:00,6657511.07531,51257
2026-05-31T13:00:00+00:00,724.89,733.8,724.03,727.46,15363.148,2026-05-31T13:59:59.999000+00:00,11203467.21341,89598
2026-05-31T14:00:00+00:00,727.46,730.0,718.36,719.79,20013.354,2026-05-31T14:59:59.999000+00:00,14469504.45793,102183
2026-05-31T15:00:00+00:00,719.79,725.0,719.38,720.84,8609.066,2026-05-31T15:59:59.999000+00:00,6214063.30413,46967
2026-05-31T16:00:00+00:00,720.84,722.0,703.0,709.19,30004.128,2026-05-31T16:59:59.999000+00:00,21320113.83184,112881
2026-05-31T17:00:00+00:00,709.19,717.61,708.96,713.92,11116.678,2026-05-31T17:59:59.999000+00:00,7937134.83012,51564
2026-05-31T18:00:00+00:00,713.92,713.92,708.43,709.62,10507.819,2026-05-31T18:59:59.999000+00:00,7469740.3534,46921
2026-05-31T19:00:00+00:00,709.63,710.77,707.18,708.55,5790.24,2026-05-31T19:59:59.999000+00:00,4104441.6551,28113
2026-05-31T20:00:00+00:00,708.55,711.32,708.55,710.22,5803.308,2026-05-31T20:59:59.999000+00:00,4120488.67397,34904
2026-05-31T21:00:00+00:00,710.22,711.89,707.0,711.01,6273.48,2026-05-31T21:59:59.999000+00:00,4450409.63733,31175
2026-05-31T22:00:00+00:00,711.02,714.83,707.66,711.46,7695.841,2026-05-31T22:59:59.999000+00:00,5480499.88594,38306
2026-05-31T23:00:00+00:00,711.46,713.12,706.26,710.55,7338.63,2026-05-31T23:59:59.999000+00:00,5208056.3965,43987
2026-06-01T00:00:00+00:00,710.54,717.32,708.93,710.63,29105.51,2026-06-01T00:59:59.999000+00:00,20793339.25015,97472
2026-06-01T01:00:00+00:00,710.63,710.89,693.05,695.09,47977.626,2026-06-01T01:59:59.999000+00:00,33617618.82097,161468
2026-06-01T02:00:00+00:00,695.1,708.87,693.97,707.54,20850.722,2026-06-01T02:59:59.999000+00:00,14664414.65186,88056
2026-06-01T03:00:00+00:00,707.55,710.15,702.96,703.65,13764.893,2026-06-01T03:59:59.999000+00:00,9727369.25325,63227
2026-06-01T04:00:00+00:00,703.65,705.57,696.0,698.01,16725.351,2026-06-01T04:59:59.999000+00:00,11687403.58219,92236
2026-06-01T05:00:00+00:00,698.01,698.44,694.3,695.78,9020.714,2026-06-01T05:59:59.999000+00:00,6284386.22589,51083
2026-06-01T06:00:00+00:00,695.78,696.26,691.09,693.39,21323.943,2026-06-01T06:59:59.999000+00:00,14799031.12042,82560
2026-06-01T07:00:00+00:00,693.4,694.25,684.72,686.08,24125.391,2026-06-01T07:59:59.999000+00:00,16609274.10977,95489
2026-06-01T08:00:00+00:00,686.08,689.78,685.25,689.61,10912.673,2026-06-01T08:59:59.999000+00:00,7505147.93515,74259
2026-06-01T09:00:00+00:00,689.61,729.57,688.58,711.01,87825.457,2026-06-01T09:59:59.999000+00:00,62698430.58379,342032
2026-06-01T10:00:00+00:00,711.01,714.53,695.05,702.27,49420.42,2026-06-01T10:59:59.999000+00:00,34745046.23771,229605
2026-06-01T11:00:00+00:00,702.28,708.29,695.09,697.14,20847.708,2026-06-01T11:59:59.999000+00:00,14632337.32261,138147
2026-06-01T12:00:00+00:00,697.14,698.38,686.16,692.7,23548.991,2026-06-01T12:59:59.999000+00:00,16308091.18148,148790
2026-06-01T13:00:00+00:00,692.71,693.19,679.3,686.7,31962.241,2026-06-01T13:59:59.999000+00:00,21939189.66128,175390
2026-06-01T14:00:00+00:00,686.71,686.74,674.51,678.58,23904.407,2026-06-01T14:59:59.999000+00:00,16250942.59481,148421
2026-06-01T15:00:00+00:00,678.59,685.5,677.23,677.58,15760.334,2026-06-01T15:59:59.999000+00:00,10730799.18295,84110
2026-06-01T16:00:00+00:00,677.59,685.93,674.07,684.66,14820.431,2026-06-01T16:59:59.999000+00:00,10085794.06418,79787
2026-06-01T17:00:00+00:00,684.66,689.39,683.6,687.69,14717.025,2026-06-01T17:59:59.999000+00:00,10101846.64834,65210
2026-06-01T18:00:00+00:00,687.69,695.68,686.48,691.28,14434.614,2026-06-01T18:59:59.999000+00:00,10000321.81472,67076
2026-06-01T19:00:00+00:00,691.29,696.33,690.68,696.15,6111.513,2026-06-01T19:59:59.999000+00:00,4244150.62623,43035
2026-06-01T20:00:00+00:00,696.14,701.73,694.82,695.81,12304.099,2026-06-01T20:59:59.999000+00:00,8592441.79877,56241
2026-06-01T21:00:00+00:00,695.82,695.92,689.1,690.09,12453.69,2026-06-01T21:59:59.999000+00:00,8615963.60568,45129
2026-06-01T22:00:00+00:00,690.09,694.5,688.42,693.52,8349.245,2026-06-01T22:59:59.999000+00:00,5772428.22979,34281
2026-06-01T23:00:00+00:00,693.53,695.94,692.15,693.1,3075.528,2026-06-01T23:59:59.999000+00:00,2134726.83829,21937
2026-06-02T00:00:00+00:00,693.1,693.97,690.01,690.47,5964.701,2026-06-02T00:59:59.999000+00:00,4125029.48295,47010
2026-06-02T01:00:00+00:00,690.48,692.43,684.5,684.81,7434.745,2026-06-02T01:59:59.999000+00:00,5111441.68796,67932
2026-06-02T02:00:00+00:00,684.82,693.3,681.18,691.12,17230.742,2026-06-02T02:59:59.999000+00:00,11832692.2574,100823
2026-06-02T03:00:00+00:00,691.13,695.51,690.11,693.68,7352.91,2026-06-02T03:59:59.999000+00:00,5100796.66524,58267
2026-06-02T04:00:00+00:00,693.68,694.24,686.0,686.61,9613.466,2026-06-02T04:59:59.999000+00:00,6623342.12795,69741
2026-06-02T05:00:00+00:00,686.61,689.08,683.16,683.74,6482.114,2026-06-02T05:59:59.999000+00:00,4444093.58795,62171
2026-06-02T06:00:00+00:00,683.74,685.39,680.47,683.3,8813.342,2026-06-02T06:59:59.999000+00:00,6022185.2942,64719
2026-06-02T07:00:00+00:00,683.31,686.39,680.54,681.84,8335.776,2026-06-02T07:59:59.999000+00:00,5694636.70945,58881
2026-06-02T08:00:00+00:00,681.84,685.57,680.75,681.81,6129.649,2026-06-02T08:59:59.999000+00:00,4186432.81725,45682
2026-06-02T09:00:00+00:00,681.82,682.34,676.09,677.77,15926.033,2026-06-02T09:59:59.999000+00:00,10804107.26278,85632
2026-06-02T10:00:00+00:00,677.77,681.15,675.58,680.11,8478.129,2026-06-02T10:59:59.999000+00:00,5751604.82286,61429
2026-06-02T11:00:00+00:00,680.12,680.18,676.73,678.13,6630.375,2026-06-02T11:59:59.999000+00:00,4499539.87048,44992
2026-06-02T12:00:00+00:00,678.13,680.21,675.05,676.12,10507.614,2026-06-02T12:59:59.999000+00:00,7116502.38192,57104
2026-06-02T13:00:00+00:00,676.12,676.97,671.72,674.72,16530.859,2026-06-02T13:59:59.999000+00:00,11156236.60153,110100
2026-06-02T14:00:00+00:00,674.73,677.5,666.67,673.35,27174.848,2026-06-02T14:59:59.999000+00:00,18283140.08144,151171
2026-06-02T15:00:00+00:00,673.36,673.51,658.0,663.13,38112.735,2026-06-02T15:59:59.999000+00:00,25336560.26132,165731
2026-06-02T16:00:00+00:00,663.14,671.5,660.5,663.95,14395.13,2026-06-02T16:59:59.999000+00:00,9608351.0999,90205
2026-06-02T17:00:00+00:00,663.95,667.43,663.38,666.38,10879.126,2026-06-02T17:59:59.999000+00:00,7243837.41066,42542
2026-06-02T18:00:00+00:00,666.38,667.59,659.15,659.76,13136.112,2026-06-02T18:59:59.999000+00:00,8713791.2512,43198
2026-06-02T19:00:00+00:00,659.76,662.23,652.36,660.31,12545.936,2026-06-02T19:59:59.999000+00:00,8244563.02045,59579
2026-06-02T20:00:00+00:00,660.31,662.88,656.19,661.6,6024.03,2026-06-02T20:59:59.999000+00:00,3975505.90341,33165
2026-06-02T21:00:00+00:00,661.61,663.45,658.88,659.81,9403.993,2026-06-02T21:59:59.999000+00:00,6219447.65122,28407
2026-06-02T22:00:00+00:00,659.8,659.8,642.47,648.39,24461.097,2026-06-02T22:59:59.999000+00:00,15918096.16969,93596
2026-06-02T23:00:00+00:00,648.39,651.86,645.26,650.69,18573.878,2026-06-02T23:59:59.999000+00:00,12045281.69907,75476
2026-06-03T00:00:00+00:00,650.7,657.51,650.22,654.63,11520.21,2026-06-03T00:59:59.999000+00:00,7538702.75587,72222
2026-06-03T01:00:00+00:00,654.63,655.0,646.61,649.97,20527.582,2026-06-03T01:59:59.999000+00:00,13356041.2744,69054
2026-06-03T02:00:00+00:00,649.98,650.49,644.04,644.77,14952.097,2026-06-03T02:59:59.999000+00:00,9669968.33486,51694
2026-06-03T03:00:00+00:00,644.78,646.71,630.35,633.99,29370.222,2026-06-03T03:59:59.999000+00:00,18734126.17599,110159
2026-06-03T04:00:00+00:00,633.97,640.11,632.81,636.66,18020.121,2026-06-03T04:59:59.999000+00:00,11460299.42709,99408
2026-06-03T05:00:00+00:00,636.67,646.3,636.02,645.99,20929.44,2026-06-03T05:59:59.999000+00:00,13443558.77204,87647
2026-06-03T06:00:00+00:00,646.0,646.78,640.34,640.63,7045.676,2026-06-03T06:59:59.999000+00:00,4542132.92554,54050
2026-06-03T07:00:00+00:00,640.64,645.34,640.11,644.1,6121.829,2026-06-03T07:59:59.999000+00:00,3939630.5255,35607
2026-06-03T08:00:00+00:00,644.1,645.9,640.91,644.7,5398.884,2026-06-03T08:59:59.999000+00:00,3473673.42745,36142
2026-06-03T09:00:00+00:00,644.7,646.06,638.81,641.84,7009.915,2026-06-03T09:59:59.999000+00:00,4502880.05806,49657
2026-06-03T10:00:00+00:00,641.84,646.01,640.9,641.7,5371.914,2026-06-03T10:59:59.999000+00:00,3453686.66113,44771
2026-06-03T11:00:00+00:00,641.7,645.0,637.04,637.38,9225.307,2026-06-03T11:59:59.999000+00:00,5910809.77399,57070
2026-06-03T12:00:00+00:00,637.38,637.53,633.12,635.43,13516.348,2026-06-03T12:59:59.999000+00:00,8586237.46836,68395
2026-06-03T13:00:00+00:00,635.43,637.24,630.05,633.11,12653.366,2026-06-03T13:59:59.999000+00:00,8012945.77039,81384
2026-06-03T14:00:00+00:00,633.11,637.64,630.18,637.02,8149.294,2026-06-03T14:59:59.999000+00:00,5163118.10778,53685
2026-06-03T15:00:00+00:00,637.04,639.31,632.85,632.99,7974.219,2026-06-03T15:59:59.999000+00:00,5070753.70499,46848
2026-06-03T16:00:00+00:00,633.0,633.6,620.0,628.25,26014.288,2026-06-03T16:59:59.999000+00:00,16264423.13733,107236
2026-06-03T17:00:00+00:00,628.26,629.33,623.8,627.16,8781.307,2026-06-03T17:59:59.999000+00:00,5500911.77654,46831
2026-06-03T18:00:00+00:00,627.16,629.0,625.23,628.13,3931.318,2026-06-03T18:59:59.999000+00:00,2465424.17763,28072
2026-06-03T19:00:00+00:00,628.13,628.98,621.74,622.77,7868.897,2026-06-03T19:59:59.999000+00:00,4917953.07903,41868
2026-06-03T20:00:00+00:00,622.77,625.78,616.21,619.8,16410.68,2026-06-03T20:59:59.999000+00:00,10180509.23596,61658
2026-06-03T21:00:00+00:00,619.8,629.63,618.88,629.43,14405.889,2026-06-03T21:59:59.999000+00:00,9009967.51474,46836
2026-06-03T22:00:00+00:00,629.44,630.0,625.83,627.43,16222.802,2026-06-03T22:59:59.999000+00:00,10193498.82137,48146
2026-06-03T23:00:00+00:00,627.43,627.94,620.32,620.63,9491.838,2026-06-03T23:59:59.999000+00:00,5919029.40622,45650
2026-06-04T00:00:00+00:00,620.63,624.57,612.93,616.23,18380.52,2026-06-04T00:59:59.999000+00:00,11345309.3629,123421
2026-06-04T01:00:00+00:00,616.23,617.72,599.14,602.49,47294.911,2026-06-04T01:59:59.999000+00:00,28665860.18468,159769
2026-06-04T02:00:00+00:00,602.5,609.99,590.46,608.05,48303.274,2026-06-04T02:59:59.999000+00:00,29026279.42428,198965
2026-06-04T03:00:00+00:00,608.05,621.4,608.04,618.99,18063.028,2026-06-04T03:59:59.999000+00:00,11140271.50196,111959
2026-06-04T04:00:00+00:00,618.99,621.36,613.87,614.63,10211.687,2026-06-04T04:59:59.999000+00:00,6303283.65979,70099
2026-06-04T05:00:00+00:00,614.63,614.63,600.61,604.23,73980.682,2026-06-04T05:59:59.999000+00:00,44736017.71074,142162
2026-06-04T06:00:00+00:00,604.24,610.98,603.49,605.4,11243.987,2026-06-04T06:59:59.999000+00:00,6823599.06816,73058
2026-06-04T07:00:00+00:00,605.4,605.84,599.22,600.2,19246.776,2026-06-04T07:59:59.999000+00:00,11590003.32463,95344
2026-06-04T08:00:00+00:00,600.2,603.7,596.45,602.28,10079.18,2026-06-04T08:59:59.999000+00:00,6048576.56009,84603
2026-06-04T09:00:00+00:00,602.29,602.48,591.16,597.99,17195.49,2026-06-04T09:59:59.999000+00:00,10235429.32602,115706
2026-06-04T10:00:00+00:00,597.99,598.09,588.1,590.47,18887.637,2026-06-04T10:59:59.999000+00:00,11177704.77323,104176
2026-06-04T11:00:00+00:00,590.48,595.52,588.95,595.3,12611.737,2026-06-04T11:59:59.999000+00:00,7466355.33753,89290
2026-06-04T12:00:00+00:00,595.31,604.98,593.94,603.55,14518.418,2026-06-04T12:59:59.999000+00:00,8712494.91992,102094
2026-06-04T13:00:00+00:00,603.56,606.04,597.01,604.81,12780.278,2026-06-04T13:59:59.999000+00:00,7694480.13505,94189
2026-06-04T14:00:00+00:00,604.82,606.56,602.17,604.75,12557.308,2026-06-04T14:59:59.999000+00:00,7591310.49708,73539
2026-06-04T15:00:00+00:00,604.74,609.5,603.85,606.4,10729.259,2026-06-04T15:59:59.999000+00:00,6503308.66792,56827
2026-06-04T16:00:00+00:00,606.4,607.46,603.03,603.74,10994.111,2026-06-04T16:59:59.999000+00:00,6658510.58901,37128
2026-06-04T17:00:00+00:00,603.73,605.37,599.31,604.54,6651.581,2026-06-04T17:59:59.999000+00:00,4007082.9359,36204
2026-06-04T18:00:00+00:00,604.54,610.35,602.87,609.17,5099.781,2026-06-04T18:59:59.999000+00:00,3099528.84774,30317
2026-06-04T19:00:00+00:00,609.17,610.19,605.15,606.35,2597.667,2026-06-04T19:59:59.999000+00:00,1578875.01438,19680
2026-06-04T20:00:00+00:00,606.35,606.56,603.1,605.42,2684.951,2026-06-04T20:59:59.999000+00:00,1624104.03954,20293
2026-06-04T21:00:00+00:00,605.42,607.59,597.99,599.29,7755.48,2026-06-04T21:59:59.999000+00:00,4670308.12975,38263
2026-06-04T22:00:00+00:00,599.29,603.71,598.15,603.0,5477.928,2026-06-04T22:59:59.999000+00:00,3289227.94952,35365
2026-06-04T23:00:00+00:00,602.97,605.32,599.16,604.53,4086.094,2026-06-04T23:59:59.999000+00:00,2461918.98798,23690
2026-06-05T00:00:00+00:00,604.5,608.0,601.72,602.09,7177.332,2026-06-05T00:59:59.999000+00:00,4345044.57712,52082
2026-06-05T01:00:00+00:00,602.09,602.99,595.75,602.47,8235.02,2026-06-05T01:59:59.999000+00:00,4937420.77456,58229
2026-06-05T02:00:00+00:00,602.47,603.12,594.56,595.92,9098.769,2026-06-05T02:59:59.999000+00:00,5447606.70222,70968
2026-06-05T03:00:00+00:00,595.95,598.0,591.4,595.76,17604.833,2026-06-05T03:59:59.999000+00:00,10468030.54857,104902
2026-06-05T04:00:00+00:00,595.76,602.74,593.47,602.01,16393.805,2026-06-05T04:59:59.999000+00:00,9793842.88535,88780
2026-06-05T05:00:00+00:00,602.02,602.85,583.27,584.55,26109.986,2026-06-05T05:59:59.999000+00:00,15421611.22107,155664
2026-06-05T06:00:00+00:00,584.55,585.42,570.61,580.62,52962.803,2026-06-05T06:59:59.999000+00:00,30593250.16129,245692
2026-06-05T07:00:00+00:00,580.62,593.56,574.36,593.26,27976.015,2026-06-05T07:59:59.999000+00:00,16352579.02721,161383
2026-06-05T08:00:00+00:00,593.26,593.26,585.6,587.02,10783.034,2026-06-05T08:59:59.999000+00:00,6340549.26766,78807
2026-06-05T09:00:00+00:00,587.02,597.0,586.68,596.14,11893.822,2026-06-05T09:59:59.999000+00:00,7052079.01586,69078
2026-06-05T10:00:00+00:00,596.14,596.72,590.88,592.89,7426.394,2026-06-05T10:59:59.999000+00:00,4403556.76148,61369
2026-06-05T11:00:00+00:00,592.89,595.51,589.37,590.11,9080.901,2026-06-05T11:59:59.999000+00:00,5375185.97271,67128
2026-06-05T12:00:00+00:00,590.12,593.75,586.74,591.15,16505.212,2026-06-05T12:59:59.999000+00:00,9738343.68234,69223
2026-06-05T13:00:00+00:00,591.16,596.27,580.58,581.02,17282.295,2026-06-05T13:59:59.999000+00:00,10208891.48839,78951
2026-06-05T14:00:00+00:00,581.02,589.96,580.0,582.93,24271.971,2026-06-05T14:59:59.999000+00:00,14202367.55776,130670
2026-06-05T15:00:00+00:00,582.94,583.93,574.66,578.75,29111.598,2026-06-05T15:59:59.999000+00:00,16855460.82688,132085
2026-06-05T16:00:00+00:00,578.75,583.0,567.79,577.76,100817.633,2026-06-05T16:59:59.999000+00:00,57903937.80856,231832
2026-06-05T17:00:00+00:00,577.76,579.96,572.73,576.06,13599.092,2026-06-05T17:59:59.999000+00:00,7831289.75845,52290
2026-06-05T18:00:00+00:00,576.09,576.9,560.83,561.32,35231.746,2026-06-05T18:59:59.999000+00:00,20002556.49358,80275
2026-06-05T19:00:00+00:00,561.32,570.0,556.46,567.33,27872.222,2026-06-05T19:59:59.999000+00:00,15643722.28783,98906
2026-06-05T20:00:00+00:00,567.28,578.37,563.19,577.54,12872.822,2026-06-05T20:59:59.999000+00:00,7374201.27277,57650
2026-06-05T21:00:00+00:00,577.53,579.4,575.65,576.5,13318.714,2026-06-05T21:59:59.999000+00:00,7691647.1595,37271
2026-06-05T22:00:00+00:00,576.5,578.1,572.23,577.01,18470.745,2026-06-05T22:59:59.999000+00:00,10639943.23072,36425
2026-06-05T23:00:00+00:00,577.01,578.0,566.89,572.22,20741.271,2026-06-05T23:59:59.999000+00:00,11909154.2611,37028
2026-06-06T00:00:00+00:00,572.17,577.8,571.99,576.52,12610.792,2026-06-06T00:59:59.999000+00:00,7270071.19081,43592
2026-06-06T01:00:00+00:00,576.52,579.7,574.57,576.4,19109.922,2026-06-06T01:59:59.999000+00:00,11030871.29624,46163
2026-06-06T02:00:00+00:00,576.39,579.0,573.65,576.4,19832.74,2026-06-06T02:59:59.999000+00:00,11430669.06008,55647
2026-06-06T03:00:00+00:00,576.41,576.82,570.6,573.13,8924.167,2026-06-06T03:59:59.999000+00:00,5123792.29956,54381
2026-06-06T04:00:00+00:00,573.13,575.67,559.68,565.47,20625.621,2026-06-06T04:59:59.999000+00:00,11644491.60826,144336
2026-06-06T05:00:00+00:00,565.47,576.89,560.41,576.28,14502.955,2026-06-06T05:59:59.999000+00:00,8251334.87605,115234
2026-06-06T06:00:00+00:00,576.27,579.09,574.8,576.39,22140.385,2026-06-06T06:59:59.999000+00:00,12772660.2208,61110
2026-06-06T07:00:00+00:00,576.39,581.58,575.9,579.06,15575.801,2026-06-06T07:59:59.999000+00:00,9006636.04187,50123
2026-06-06T08:00:00+00:00,579.06,584.43,578.0,580.78,6495.908,2026-06-06T08:59:59.999000+00:00,3776955.80565,41820
2026-06-06T09:00:00+00:00,580.79,582.62,575.0,576.55,7235.734,2026-06-06T09:59:59.999000+00:00,4183757.81356,46028
2026-06-06T10:00:00+00:00,576.55,576.57,571.05,573.81,17131.733,2026-06-06T10:59:59.999000+00:00,9833229.69012,69014
2026-06-06T11:00:00+00:00,573.8,576.69,573.37,574.06,7736.105,2026-06-06T11:59:59.999000+00:00,4447831.27323,40875
2026-06-06T12:00:00+00:00,574.07,577.4,571.89,575.91,5963.982,2026-06-06T12:59:59.999000+00:00,3426636.84061,38995
2026-06-06T13:00:00+00:00,575.91,577.2,573.19,574.49,6537.79,2026-06-06T13:59:59.999000+00:00,3761920.61327,36309
2026-06-06T14:00:00+00:00,574.5,577.2,574.03,574.95,5664.941,2026-06-06T14:59:59.999000+00:00,3263423.10283,26191
2026-06-06T15:00:00+00:00,574.95,576.87,571.04,575.86,5683.404,2026-06-06T15:59:59.999000+00:00,3262746.03937,30628
2026-06-06T16:00:00+00:00,575.86,577.66,571.25,574.11,7438.343,2026-06-06T16:59:59.999000+00:00,4272463.60329,30292
2026-06-06T17:00:00+00:00,574.12,575.32,572.66,573.92,4356.598,2026-06-06T17:59:59.999000+00:00,2499922.23904,25512
2026-06-06T18:00:00+00:00,573.92,576.08,573.06,574.38,2410.229,2026-06-06T18:59:59.999000+00:00,1384339.17221,12266
2026-06-06T19:00:00+00:00,574.37,576.01,573.48,573.73,3221.19,2026-06-06T19:59:59.999000+00:00,1850318.01327,13548
2026-06-06T20:00:00+00:00,573.74,575.61,572.65,574.8,3257.067,2026-06-06T20:59:59.999000+00:00,1870162.69303,12810
2026-06-06T21:00:00+00:00,574.81,576.86,574.56,575.02,1971.547,2026-06-06T21:59:59.999000+00:00,1134875.99975,11295
2026-06-06T22:00:00+00:00,575.01,575.01,570.93,572.46,4040.901,2026-06-06T22:59:59.999000+00:00,2313735.21564,20214
2026-06-06T23:00:00+00:00,572.46,575.5,572.16,574.53,3722.668,2026-06-06T23:59:59.999000+00:00,2138478.40505,12903
2026-06-07T00:00:00+00:00,574.54,576.1,573.9,574.13,4566.595,2026-06-07T00:59:59.999000+00:00,2625625.91519,20507
2026-06-07T01:00:00+00:00,574.14,581.64,573.6,579.74,19320.52,2026-06-07T01:59:59.999000+00:00,11162209.60844,65998
2026-06-07T02:00:00+00:00,579.73,581.28,577.0,579.08,8265.839,2026-06-07T02:59:59.999000+00:00,4789687.11793,40320
2026-06-07T03:00:00+00:00,579.08,581.34,578.0,581.1,3817.049,2026-06-07T03:59:59.999000+00:00,2213343.45412,33886
2026-06-07T04:00:00+00:00,581.09,582.95,578.0,582.79,6438.264,2026-06-07T04:59:59.999000+00:00,3740128.52566,33183
2026-06-07T05:00:00+00:00,582.79,587.0,581.65,585.24,15959.061,2026-06-07T05:59:59.999000+00:00,9335053.86723,56988
2026-06-07T06:00:00+00:00,585.24,589.0,583.85,588.4,11341.396,2026-06-07T06:59:59.999000+00:00,6657942.36691,46664
2026-06-07T07:00:00+00:00,588.4,590.0,587.33,589.67,6330.935,2026-06-07T07:59:59.999000+00:00,3729191.85398,31929
2026-06-07T08:00:00+00:00,589.67,599.0,587.45,597.94,15790.879,2026-06-07T08:59:59.999000+00:00,9353537.0132,46593
2026-06-07T09:00:00+00:00,597.94,598.24,592.0,592.94,8499.454,2026-06-07T09:59:59.999000+00:00,5060185.57769,41952
2026-06-07T10:00:00+00:00,592.95,594.0,590.04,592.82,6731.516,2026-06-07T10:59:59.999000+00:00,3984498.02632,35242
2026-06-07T11:00:00+00:00,592.82,595.48,592.48,593.38,4790.134,2026-06-07T11:59:59.999000+00:00,2844433.87145,27471
2026-06-07T12:00:00+00:00,593.37,593.99,585.73,588.51,13356.85,2026-06-07T12:59:59.999000+00:00,7865212.14561,50411
2026-06-07T13:00:00+00:00,588.51,589.88,587.0,588.89,4585.182,2026-06-07T13:59:59.999000+00:00,2695626.66999,24347
2026-06-07T14:00:00+00:00,588.89,593.91,588.67,591.4,5370.88,2026-06-07T14:59:59.999000+00:00,3175727.0736,29943
2026-06-07T15:00:00+00:00,591.4,593.16,589.08,591.52,5310.96,2026-06-07T15:59:59.999000+00:00,3139948.14727,25974
2026-06-07T16:00:00+00:00,591.53,595.28,590.04,594.05,5442.74,2026-06-07T16:59:59.999000+00:00,3228403.96387,21147
2026-06-07T17:00:00+00:00,594.06,597.39,593.56,596.14,3506.591,2026-06-07T17:59:59.999000+00:00,2089988.29576,14736
2026-06-07T18:00:00+00:00,596.16,597.65,594.88,595.1,1619.632,2026-06-07T18:59:59.999000+00:00,966027.97257,9840
2026-06-07T19:00:00+00:00,595.11,595.4,586.7,588.62,7149.261,2026-06-07T19:59:59.999000+00:00,4217326.31465,28134
2026-06-07T20:00:00+00:00,588.64,594.55,587.8,593.92,3859.871,2026-06-07T20:59:59.999000+00:00,2282693.21923,13550
2026-06-07T21:00:00+00:00,593.92,595.1,592.44,594.08,2114.588,2026-06-07T21:59:59.999000+00:00,1255420.76888,10398
2026-06-07T22:00:00+00:00,594.09,610.54,592.93,603.45,21554.285,2026-06-07T22:59:59.999000+00:00,13022096.477,61676
2026-06-07T23:00:00+00:00,603.36,605.99,602.88,604.44,7121.88,2026-06-07T23:59:59.999000+00:00,4304073.13783,21675
2026-06-08T00:00:00+00:00,604.44,608.39,603.0,605.65,7292.648,2026-06-08T00:59:59.999000+00:00,4419792.96216,38030
2026-06-08T01:00:00+00:00,605.65,605.92,599.0,604.04,5783.484,2026-06-08T01:59:59.999000+00:00,3481110.14836,40792
2026-06-08T02:00:00+00:00,604.05,604.47,601.45,601.93,3223.282,2026-06-08T02:59:59.999000+00:00,1942893.65701,22811
2026-06-08T03:00:00+00:00,601.92,604.41,601.01,603.35,2348.288,2026-06-08T03:59:59.999000+00:00,1415393.52833,17900
2026-06-08T04:00:00+00:00,603.36,603.7,596.0,596.4,6493.418,2026-06-08T04:59:59.999000+00:00,3885391.34248,37638
2026-06-08T05:00:00+00:00,596.41,597.36,591.55,595.12,6226.674,2026-06-08T05:59:59.999000+00:00,3699096.87993,35317
2026-06-08T06:00:00+00:00,595.12,597.54,594.86,595.88,5250.665,2026-06-08T06:59:59.999000+00:00,3130324.199,36035
2026-06-08T07:00:00+00:00,595.89,597.57,593.58,596.39,6961.08,2026-06-08T07:59:59.999000+00:00,4148538.32062,46299
2026-06-08T08:00:00+00:00,596.4,596.44,593.43,595.33,5122.891,2026-06-08T08:59:59.999000+00:00,3046943.69253,41567
2026-06-08T09:00:00+00:00,595.33,601.0,595.27,599.72,7089.155,2026-06-08T09:59:59.999000+00:00,4242480.33381,47812
2026-06-08T10:00:00+00:00,599.72,600.02,596.86,598.02,4059.521,2026-06-08T10:59:59.999000+00:00,2429577.81291,28004
2026-06-08T11:00:00+00:00,598.02,604.39,597.09,602.29,5979.227,2026-06-08T11:59:59.999000+00:00,3595685.59869,41673
2026-06-08T12:00:00+00:00,602.29,603.59,597.86,603.36,7471.719,2026-06-08T12:59:59.999000+00:00,4488096.78504,43535
2026-06-08T13:00:00+00:00,603.38,603.6,598.2,600.34,9166.896,2026-06-08T13:59:59.999000+00:00,5509639.9396,56762
2026-06-08T14:00:00+00:00,600.35,603.48,599.49,603.29,5770.866,2026-06-08T14:59:59.999000+00:00,3470381.50268,23848
2026-06-08T15:00:00+00:00,603.29,606.28,603.21,604.2,7552.279,2026-06-08T15:59:59.999000+00:00,4567357.8293,25533
2026-06-08T16:00:00+00:00,604.21,607.75,603.33,603.84,4133.447,2026-06-08T16:59:59.999000+00:00,2502912.84946,17335
2026-06-08T17:00:00+00:00,603.85,607.99,602.38,607.95,3831.349,2026-06-08T17:59:59.999000+00:00,2317137.82798,14378
2026-06-08T18:00:00+00:00,607.95,609.98,606.61,607.77,5409.863,2026-06-08T18:59:59.999000+00:00,3293134.82169,17124
2026-06-08T19:00:00+00:00,607.76,608.6,606.35,607.66,2308.146,2026-06-08T19:59:59.999000+00:00,1402464.50557,11947
2026-06-08T20:00:00+00:00,607.67,608.19,605.48,606.83,1786.031,2026-06-08T20:59:59.999000+00:00,1083059.47641,9053
2026-06-08T21:00:00+00:00,606.83,610.44,606.63,607.6,2894.178,2026-06-08T21:59:59.999000+00:00,1763318.73142,12153
2026-06-08T22:00:00+00:00,607.59,607.59,604.24,606.27,2297.501,2026-06-08T22:59:59.999000+00:00,1391927.3479,11171
2026-06-08T23:00:00+00:00,606.3,607.54,601.09,601.86,3022.898,2026-06-08T23:59:59.999000+00:00,1824124.42275,12599
2026-06-09T00:00:00+00:00,601.86,602.92,593.1,595.72,10253.258,2026-06-09T00:59:59.999000+00:00,6121127.43286,46833
2026-06-09T01:00:00+00:00,595.72,599.02,594.84,597.69,4160.447,2026-06-09T01:59:59.999000+00:00,2484630.75,26686
2026-06-09T02:00:00+00:00,597.69,598.34,594.59,598.32,3453.276,2026-06-09T02:59:59.999000+00:00,2060300.91648,19181
2026-06-09T03:00:00+00:00,598.32,599.96,597.35,599.14,4210.245,2026-06-09T03:59:59.999000+00:00,2521251.74216,17695
2026-06-09T04:00:00+00:00,599.14,603.25,596.5,602.4,4959.328,2026-06-09T04:59:59.999000+00:00,2978375.79492,31267
2026-06-09T05:00:00+00:00,602.41,605.68,600.64,603.54,4351.209,2026-06-09T05:59:59.999000+00:00,2626106.39327,26475
2026-06-09T06:00:00+00:00,603.55,605.2,602.81,604.04,3625.314,2026-06-09T06:59:59.999000+00:00,2189405.01769,18571
2026-06-09T07:00:00+00:00,604.04,605.0,601.15,604.23,6961.752,2026-06-09T07:59:59.999000+00:00,4202567.30501,29761
2026-06-09T08:00:00+00:00,604.24,604.58,601.24,601.95,4081.935,2026-06-09T08:59:59.999000+00:00,2459702.86579,27700
2026-06-09T09:00:00+00:00,601.94,603.74,599.46,600.19,4416.256,2026-06-09T09:59:59.999000+00:00,2654879.27538,31117
2026-06-09T10:00:00+00:00,600.19,601.09,597.05,600.09,4955.379,2026-06-09T10:59:59.999000+00:00,2969357.63173,33735
2026-06-09T11:00:00+00:00,600.08,600.23,596.22,596.94,5236.143,2026-06-09T11:59:59.999000+00:00,3129619.68091,31869
2026-06-09T12:00:00+00:00,596.93,599.68,596.1,597.46,6945.041,2026-06-09T12:59:59.999000+00:00,4152520.72234,39246
2026-06-09T13:00:00+00:00,597.46,598.51,593.43,594.58,8779.7,2026-06-09T13:59:59.999000+00:00,5226855.29004,54733
2026-06-09T14:00:00+00:00,594.58,595.5,584.63,588.79,14919.23,2026-06-09T14:59:59.999000+00:00,8783202.73883,96523
2026-06-09T15:00:00+00:00,588.8,591.58,586.04,586.91,7890.546,2026-06-09T15:59:59.999000+00:00,4645072.11995,44631
2026-06-09T16:00:00+00:00,586.91,589.53,583.84,588.6,10721.041,2026-06-09T16:59:59.999000+00:00,6288637.93548,61746
2026-06-09T17:00:00+00:00,588.61,593.26,588.44,591.65,6167.06,2026-06-09T17:59:59.999000+00:00,3648156.87373,37758
2026-06-09T18:00:00+00:00,591.65,595.15,591.25,594.34,3292.087,2026-06-09T18:59:59.999000+00:00,1954285.796,27480
2026-06-09T19:00:00+00:00,594.34,596.97,593.36,596.76,3690.354,2026-06-09T19:59:59.999000+00:00,2196333.47452,29951
2026-06-09T20:00:00+00:00,596.76,598.62,596.06,597.04,2454.203,2026-06-09T20:59:59.999000+00:00,1465485.59538,18568
2026-06-09T21:00:00+00:00,597.04,597.39,594.04,594.56,2731.966,2026-06-09T21:59:59.999000+00:00,1626666.85227,20902
2026-06-09T22:00:00+00:00,594.56,596.02,592.44,592.89,2512.87,2026-06-09T22:59:59.999000+00:00,1492923.7859,22129
2026-06-09T23:00:00+00:00,592.88,593.96,590.9,593.44,3868.085,2026-06-09T23:59:59.999000+00:00,2292605.45975,24916
2026-06-10T00:00:00+00:00,593.44,594.83,590.03,593.43,4191.966,2026-06-10T00:59:59.999000+00:00,2485117.7658,31350
2026-06-10T01:00:00+00:00,593.43,594.23,590.62,591.76,2952.233,2026-06-10T01:59:59.999000+00:00,1748907.57893,32650
2026-06-10T02:00:00+00:00,591.77,592.77,586.48,586.86,4615.666,2026-06-10T02:59:59.999000+00:00,2716919.34617,30032
2026-06-10T03:00:00+00:00,586.85,589.33,586.52,587.87,2497.383,2026-06-10T03:59:59.999000+00:00,1467875.01138,21089
2026-06-10T04:00:00+00:00,587.88,588.24,584.15,585.39,4612.596,2026-06-10T04:59:59.999000+00:00,2704637.76825,23143
2026-06-10T05:00:00+00:00,585.39,586.83,583.58,585.52,5544.872,2026-06-10T05:59:59.999000+00:00,3244442.21213,28035
2026-06-10T06:00:00+00:00,585.53,586.79,583.99,586.1,6187.952,2026-06-10T06:59:59.999000+00:00,3623785.96267,37236
2026-06-10T07:00:00+00:00,586.1,589.46,585.86,588.63,3930.983,2026-06-10T07:59:59.999000+00:00,2312206.32257,22791
2026-06-10T08:00:00+00:00,588.63,588.64,583.96,584.68,4414.356,2026-06-10T08:59:59.999000+00:00,2586501.01946,30940
2026-06-10T09:00:00+00:00,584.69,585.56,581.26,584.89,5412.589,2026-06-10T09:59:59.999000+00:00,3159690.8427,35856
2026-06-10T10:00:00+00:00,584.89,585.82,583.0,584.49,2798.142,2026-06-10T10:59:59.999000+00:00,1634874.63934,18327
2026-06-10T11:00:00+00:00,584.5,584.93,580.68,583.0,6007.418,2026-06-10T11:59:59.999000+00:00,3499315.26482,33487
2026-06-10T12:00:00+00:00,583.01,591.32,582.4,589.0,7449.608,2026-06-10T12:59:59.999000+00:00,4375962.95888,42474
2026-06-10T13:00:00+00:00,589.01,596.63,587.68,592.87,8888.926,2026-06-10T13:59:59.999000+00:00,5268694.86965,50032
2026-06-10T14:00:00+00:00,592.88,594.36,590.42,592.99,5021.477,2026-06-10T14:59:59.999000+00:00,2973831.94345,39286
2026-06-10T15:00:00+00:00,593.0,598.52,591.3,596.9,9136.195,2026-06-10T15:59:59.999000+00:00,5437285.80953,57578
2026-06-10T16:00:00+00:00,596.9,597.16,590.75,592.45,5389.124,2026-06-10T16:59:59.999000+00:00,3201665.30037,30155
2026-06-10T17:00:00+00:00,592.48,594.02,587.58,590.1,6085.064,2026-06-10T17:59:59.999000+00:00,3591069.34678,40398
2026-06-10T18:00:00+00:00,590.1,590.8,587.05,589.84,2543.365,2026-06-10T18:59:59.999000+00:00,1498284.56298,19328
2026-06-10T19:00:00+00:00,589.84,590.52,587.15,588.06,2598.04,2026-06-10T19:59:59.999000+00:00,1529346.04282,16788
2026-06-10T20:00:00+00:00,588.05,589.22,586.24,587.25,3583.476,2026-06-10T20:59:59.999000+00:00,2105505.91758,15134
2026-06-10T21:00:00+00:00,587.23,587.23,582.1,583.35,4635.12,2026-06-10T21:59:59.999000+00:00,2711789.61778,20164
2026-06-10T22:00:00+00:00,583.35,585.96,582.31,584.0,3409.445,2026-06-10T22:59:59.999000+00:00,1991733.27646,18007
2026-06-10T23:00:00+00:00,584.01,587.18,582.86,586.53,2940.006,2026-06-10T23:59:59.999000+00:00,1720807.00641,15825
2026-06-11T00:00:00+00:00,586.51,590.0,586.51,589.02,2519.615,2026-06-11T00:59:59.999000+00:00,1483096.54929,19262
2026-06-11T01:00:00+00:00,589.04,594.2,589.04,593.01,3956.463,2026-06-11T01:59:59.999000+00:00,2343019.79998,27286
2026-06-11T02:00:00+00:00,593.02,593.25,589.51,592.35,3700.234,2026-06-11T02:59:59.999000+00:00,2187694.50695,23702
2026-06-11T03:00:00+00:00,592.36,597.75,591.43,596.43,6778.777,2026-06-11T03:59:59.999000+00:00,4033517.31272,31985
2026-06-11T04:00:00+00:00,596.43,596.57,594.04,595.14,4571.761,2026-06-11T04:59:59.999000+00:00,2721460.32788,32615
2026-06-11T05:00:00+00:00,595.14,595.7,593.72,594.35,4579.745,2026-06-11T05:59:59.999000+00:00,2724173.22716,26668
2026-06-11T06:00:00+00:00,594.35,597.63,594.0,596.08,3478.289,2026-06-11T06:59:59.999000+00:00,2074080.95532,22816
2026-06-11T07:00:00+00:00,596.09,598.26,595.11,598.21,3219.63,2026-06-11T07:59:59.999000+00:00,1920268.14991,17807
2026-06-11T08:00:00+00:00,598.21,603.77,598.15,601.2,11637.765,2026-06-11T08:59:59.999000+00:00,7000646.41178,41169
2026-06-11T09:00:00+00:00,601.2,601.51,598.8,600.57,4094.615,2026-06-11T09:59:59.999000+00:00,2457048.63513,22461
2026-06-11T10:00:00+00:00,600.58,600.83,598.5,599.86,5730.153,2026-06-11T10:59:59.999000+00:00,3435667.38403,28083
2026-06-11T11:00:00+00:00,599.86,602.74,598.5,600.63,4743.227,2026-06-11T11:59:59.999000+00:00,2848771.28201,25756
2026-06-11T12:00:00+00:00,600.64,601.08,597.28,599.88,6923.989,2026-06-11T12:59:59.999000+00:00,4148752.29879,41538
2026-06-11T13:00:00+00:00,599.88,602.99,598.22,601.64,4408.499,2026-06-11T13:59:59.999000+00:00,2647664.37548,26762
2026-06-11T14:00:00+00:00,601.65,602.2,598.04,598.85,3888.624,2026-06-11T14:59:59.999000+00:00,2333251.1379,26965
2026-06-11T15:00:00+00:00,598.84,600.0,597.2,598.48,4278.553,2026-06-11T15:59:59.999000+00:00,2560762.96793,29963
2026-06-11T16:00:00+00:00,598.48,600.52,598.0,598.39,3947.074,2026-06-11T16:59:59.999000+00:00,2365328.1559,18932
2026-06-11T17:00:00+00:00,598.39,606.0,596.03,605.82,12343.012,2026-06-11T17:59:59.999000+00:00,7421686.2424,44803
2026-06-11T18:00:00+00:00,605.77,607.33,603.33,604.67,3852.249,2026-06-11T18:59:59.999000+00:00,2331809.10217,22504
2026-06-11T19:00:00+00:00,604.67,606.57,602.66,604.46,5158.555,2026-06-11T19:59:59.999000+00:00,3117468.36487,17618
2026-06-11T20:00:00+00:00,604.44,604.68,600.8,602.5,2696.736,2026-06-11T20:59:59.999000+00:00,1624231.16589,13349
2026-06-11T21:00:00+00:00,602.5,604.91,602.5,603.28,3757.339,2026-06-11T21:59:59.999000+00:00,2269602.82079,11381
2026-06-11T22:00:00+00:00,603.29,604.9,603.18,603.5,1598.726,2026-06-11T22:59:59.999000+00:00,965670.11104,8966
2026-06-11T23:00:00+00:00,603.51,606.32,602.3,605.76,3942.299,2026-06-11T23:59:59.999000+00:00,2381872.34111,11802
2026-06-12T00:00:00+00:00,605.77,606.0,603.77,604.19,2970.362,2026-06-12T00:59:59.999000+00:00,1796895.02439,17009
2026-06-12T01:00:00+00:00,604.2,604.2,601.22,601.8,2328.301,2026-06-12T01:59:59.999000+00:00,1403286.85933,15579
2026-06-12T02:00:00+00:00,601.8,606.15,601.8,604.8,5357.388,2026-06-12T02:59:59.999000+00:00,3235742.92412,22131
2026-06-12T03:00:00+00:00,604.79,604.84,602.07,602.24,3446.3,2026-06-12T03:59:59.999000+00:00,2078191.20982,16615
2026-06-12T04:00:00+00:00,602.24,604.9,601.79,603.53,4026.965,2026-06-12T04:59:59.999000+00:00,2428726.44228,19302
2026-06-12T05:00:00+00:00,603.54,603.67,600.47,600.61,2801.628,2026-06-12T05:59:59.999000+00:00,1685616.61793,15550
2026-06-12T06:00:00+00:00,600.6,601.95,596.58,598.15,5056.863,2026-06-12T06:59:59.999000+00:00,3027439.12473,27177
2026-06-12T07:00:00+00:00,598.16,601.41,598.11,599.82,4888.443,2026-06-12T07:59:59.999000+00:00,2930798.0768,22536
2026-06-12T08:00:00+00:00,599.83,606.0,599.78,605.23,5240.886,2026-06-12T08:59:59.999000+00:00,3163861.50388,26959
2026-06-12T09:00:00+00:00,605.23,607.94,604.5,606.96,4680.722,2026-06-12T09:59:59.999000+00:00,2838188.36238,27098
2026-06-12T10:00:00+00:00,606.96,607.83,604.56,605.98,3301.277,2026-06-12T10:59:59.999000+00:00,2000318.39596,22699
2026-06-12T11:00:00+00:00,605.99,608.68,605.89,606.65,5340.86,2026-06-12T11:59:59.999000+00:00,3244372.97914,26036
2026-06-12T12:00:00+00:00,606.64,606.64,604.87,606.36,5257.553,2026-06-12T12:59:59.999000+00:00,3185634.55247,26659
2026-06-12T13:00:00+00:00,606.37,607.33,603.48,605.29,5616.089,2026-06-12T13:59:59.999000+00:00,3401074.25987,31762
2026-06-12T14:00:00+00:00,605.3,610.19,604.93,609.54,8846.308,2026-06-12T14:59:59.999000+00:00,5379462.54964,44105
2026-06-12T15:00:00+00:00,609.54,613.39,605.03,605.34,15771.959,2026-06-12T15:59:59.999000+00:00,9622302.4927,65901
2026-06-12T16:00:00+00:00,605.34,609.04,604.7,608.51,4625.638,2026-06-12T16:59:59.999000+00:00,2809417.89795,31978
2026-06-12T17:00:00+00:00,608.52,609.47,605.83,606.87,2874.278,2026-06-12T17:59:59.999000+00:00,1745214.411,22309
2026-06-12T18:00:00+00:00,606.87,607.95,605.59,605.86,2659.111,2026-06-12T18:59:59.999000+00:00,1612897.64707,18137
2026-06-12T19:00:00+00:00,605.85,606.55,602.74,603.45,2711.527,2026-06-12T19:59:59.999000+00:00,1640256.10135,19761
2026-06-12T20:00:00+00:00,603.46,604.61,602.74,602.85,1907.453,2026-06-12T20:59:59.999000+00:00,1151495.97501,13555
2026-06-12T21:00:00+00:00,602.84,604.52,602.33,603.56,2092.796,2026-06-12T21:59:59.999000+00:00,1263535.81718,10363
2026-06-12T22:00:00+00:00,603.57,604.08,602.38,602.97,1764.038,2026-06-12T22:59:59.999000+00:00,1063533.38438,11847
2026-06-12T23:00:00+00:00,602.97,604.02,602.11,603.83,1769.582,2026-06-12T23:59:59.999000+00:00,1067637.93743,10702
2026-06-13T00:00:00+00:00,603.84,605.27,603.42,604.88,2261.272,2026-06-13T00:59:59.999000+00:00,1366995.51723,14523
2026-06-13T01:00:00+00:00,604.89,606.27,603.83,606.08,1651.112,2026-06-13T01:59:59.999000+00:00,999111.1163,12153
2026-06-13T02:00:00+00:00,606.09,606.15,603.33,603.72,3198.626,2026-06-13T02:59:59.999000+00:00,1934329.33252,13129
2026-06-13T03:00:00+00:00,603.72,604.62,599.33,600.37,11330.855,2026-06-13T03:59:59.999000+00:00,6819932.13908,21499
2026-06-13T04:00:00+00:00,600.37,601.27,599.5,599.55,3869.357,2026-06-13T04:59:59.999000+00:00,2323178.93752,15708
2026-06-13T05:00:00+00:00,599.56,600.6,599.48,600.56,3064.593,2026-06-13T05:59:59.999000+00:00,1839031.50477,16682
2026-06-13T06:00:00+00:00,600.56,602.93,600.41,602.7,4201.673,2026-06-13T06:59:59.999000+00:00,2527656.76136,17809
2026-06-13T07:00:00+00:00,602.71,604.0,601.85,603.27,2179.231,2026-06-13T07:59:59.999000+00:00,1313955.07218,14759
2026-06-13T08:00:00+00:00,603.28,604.5,602.72,603.88,3498.012,2026-06-13T08:59:59.999000+00:00,2112117.13108,32403
2026-06-13T09:00:00+00:00,603.88,604.3,603.07,603.77,3757.141,2026-06-13T09:59:59.999000+00:00,2268142.68125,34473
2026-06-13T10:00:00+00:00,603.78,605.62,603.58,604.97,1863.182,2026-06-13T10:59:59.999000+00:00,1126947.90498,16439
2026-06-13T11:00:00+00:00,604.97,607.49,604.83,606.67,2621.935,2026-06-13T11:59:59.999000+00:00,1590021.55396,18393
2026-06-13T12:00:00+00:00,606.67,609.0,606.16,608.9,5598.02,2026-06-13T12:59:59.999000+00:00,3400757.93574,21593
2026-06-13T13:00:00+00:00,608.91,610.16,608.01,608.61,5023.707,2026-06-13T13:59:59.999000+00:00,3060305.91532,23035
2026-06-13T14:00:00+00:00,608.61,610.57,607.87,610.45,3730.709,2026-06-13T14:59:59.999000+00:00,2272078.09212,19742
2026-06-13T15:00:00+00:00,610.46,611.08,609.35,610.37,2597.504,2026-06-13T15:59:59.999000+00:00,1585176.74843,19957
2026-06-13T16:00:00+00:00,610.38,610.49,607.49,608.9,2921.867,2026-06-13T16:59:59.999000+00:00,1778757.70855,22743
2026-06-13T17:00:00+00:00,608.91,609.24,606.69,607.09,1984.364,2026-06-13T17:59:59.999000+00:00,1206483.62528,14973
2026-06-13T18:00:00+00:00,607.09,608.69,607.09,607.81,709.304,2026-06-13T18:59:59.999000+00:00,431283.28303,7936
2026-06-13T19:00:00+00:00,607.81,608.79,607.35,608.48,877.877,2026-06-13T19:59:59.999000+00:00,533823.88945,6487
2026-06-13T20:00:00+00:00,608.49,609.47,607.68,608.99,1018.195,2026-06-13T20:59:59.999000+00:00,619798.15587,6010
2026-06-13T21:00:00+00:00,608.99,612.33,608.6,609.77,2521.059,2026-06-13T21:59:59.999000+00:00,1538095.28376,15087
2026-06-13T22:00:00+00:00,609.78,609.87,608.42,609.09,1437.295,2026-06-13T22:59:59.999000+00:00,875349.44431,12158
2026-06-13T23:00:00+00:00,609.08,610.76,608.8,609.65,1574.263,2026-06-13T23:59:59.999000+00:00,959671.72089,11635
2026-06-14T00:00:00+00:00,609.66,610.13,608.88,609.47,1331.438,2026-06-14T00:59:59.999000+00:00,811449.49793,9913
2026-06-14T01:00:00+00:00,609.47,611.01,609.0,609.26,2482.222,2026-06-14T01:59:59.999000+00:00,1514215.18555,12749
2026-06-14T02:00:00+00:00,609.26,610.62,609.08,609.33,1774.651,2026-06-14T02:59:59.999000+00:00,1081993.87191,9019
2026-06-14T03:00:00+00:00,609.33,610.21,608.51,610.04,2868.001,2026-06-14T03:59:59.999000+00:00,1747230.52389,9713
2026-06-14T04:00:00+00:00,610.04,610.21,608.0,608.81,3743.107,2026-06-14T04:59:59.999000+00:00,2279368.96307,10447
2026-06-14T05:00:00+00:00,608.82,610.16,608.7,610.15,2975.207,2026-06-14T05:59:59.999000+00:00,1812841.87121,11597
2026-06-14T06:00:00+00:00,610.14,612.1,610.14,611.32,2218.754,2026-06-14T06:59:59.999000+00:00,1355926.29563,17127
2026-06-14T07:00:00+00:00,611.31,611.61,609.8,610.31,3248.748,2026-06-14T07:59:59.999000+00:00,1983971.01086,16429
2026-06-14T08:00:00+00:00,610.32,611.63,610.13,610.54,2147.507,2026-06-14T08:59:59.999000+00:00,1311664.26769,13226
2026-06-14T09:00:00+00:00,610.54,612.98,609.73,611.86,4484.276,2026-06-14T09:59:59.999000+00:00,2741409.4894,15435
2026-06-14T10:00:00+00:00,611.87,613.03,610.9,611.09,4477.128,2026-06-14T10:59:59.999000+00:00,2739799.97111,13089
2026-06-14T11:00:00+00:00,611.09,612.9,611.09,612.26,3309.89,2026-06-14T11:59:59.999000+00:00,2026704.1426,13188
2026-06-14T12:00:00+00:00,612.26,612.5,610.01,611.26,7754.359,2026-06-14T12:59:59.999000+00:00,4739673.94082,18843
2026-06-14T13:00:00+00:00,611.26,612.16,611.1,611.31,6213.0,2026-06-14T13:59:59.999000+00:00,3799373.929,15757
2026-06-14T14:00:00+00:00,611.31,611.83,605.34,605.85,11146.852,2026-06-14T14:59:59.999000+00:00,6787026.0246,42708
2026-06-14T15:00:00+00:00,605.85,608.38,605.73,608.15,6191.044,2026-06-14T15:59:59.999000+00:00,3757777.13593,28205
2026-06-14T16:00:00+00:00,608.16,608.76,606.0,606.2,4319.321,2026-06-14T16:59:59.999000+00:00,2625193.29118,27554
2026-06-14T17:00:00+00:00,606.2,607.63,604.0,604.19,4045.542,2026-06-14T17:59:59.999000+00:00,2450123.09315,30142
2026-06-14T18:00:00+00:00,604.2,605.49,603.57,604.4,4702.116,2026-06-14T18:59:59.999000+00:00,2842639.49525,20647
2026-06-14T19:00:00+00:00,604.39,604.95,602.88,603.28,4326.182,2026-06-14T19:59:59.999000+00:00,2612328.96813,22371
2026-06-14T20:00:00+00:00,603.27,605.86,602.79,604.92,2435.715,2026-06-14T20:59:59.999000+00:00,1471312.56343,19910
2026-06-14T21:00:00+00:00,604.92,617.24,604.73,614.58,14779.085,2026-06-14T21:59:59.999000+00:00,9053330.55704,56677
2026-06-14T22:00:00+00:00,614.59,616.57,611.68,614.11,16503.997,2026-06-14T22:59:59.999000+00:00,10125642.71217,60432
2026-06-14T23:00:00+00:00,614.11,616.92,612.76,616.79,4549.469,2026-06-14T23:59:59.999000+00:00,2799621.8143,30415
2026-06-15T00:00:00+00:00,616.79,618.08,614.7,615.51,5805.464,2026-06-15T00:59:59.999000+00:00,3578765.00495,29810
2026-06-15T01:00:00+00:00,615.51,616.13,613.08,613.56,4810.278,2026-06-15T01:59:59.999000+00:00,2955793.80069,24224
2026-06-15T02:00:00+00:00,613.56,616.81,612.66,615.62,2672.036,2026-06-15T02:59:59.999000+00:00,1644382.31429,19523
2026-06-15T03:00:00+00:00,615.62,618.3,615.3,617.83,3272.408,2026-06-15T03:59:59.999000+00:00,2019320.2327,20044
2026-06-15T04:00:00+00:00,617.84,617.99,615.97,616.67,3023.893,2026-06-15T04:59:59.999000+00:00,1865552.25781,16274
2026-06-15T05:00:00+00:00,616.68,618.29,616.0,617.64,5594.48,2026-06-15T05:59:59.999000+00:00,3450748.38983,17200
2026-06-15T06:00:00+00:00,617.64,619.0,616.5,617.44,5311.199,2026-06-15T06:59:59.999000+00:00,3281836.47454,21242
2026-06-15T07:00:00+00:00,617.44,617.66,615.49,615.58,4369.195,2026-06-15T07:59:59.999000+00:00,2693494.65432,19628
2026-06-15T08:00:00+00:00,615.59,617.15,615.32,616.13,2444.22,2026-06-15T08:59:59.999000+00:00,1506009.06313,13983
2026-06-15T09:00:00+00:00,616.14,616.22,612.74,614.23,5109.253,2026-06-15T09:59:59.999000+00:00,3140534.26333,32948
2026-06-15T10:00:00+00:00,614.24,618.42,614.14,617.53,4761.34,2026-06-15T10:59:59.999000+00:00,2932402.54965,29698
2026-06-15T11:00:00+00:00,617.53,622.88,616.53,620.65,13777.468,2026-06-15T11:59:59.999000+00:00,8551164.53845,63041
2026-06-15T12:00:00+00:00,620.65,624.5,619.34,624.5,9418.086,2026-06-15T12:59:59.999000+00:00,5852052.60965,46151
2026-06-15T13:00:00+00:00,624.5,632.9,623.52,626.33,31812.211,2026-06-15T13:59:59.999000+00:00,19987131.13438,121287
2026-06-15T14:00:00+00:00,626.33,629.35,625.37,627.9,9348.556,2026-06-15T14:59:59.999000+00:00,5861166.69631,54052
2026-06-15T15:00:00+00:00,627.91,630.28,624.26,629.07,18979.725,2026-06-15T15:59:59.999000+00:00,11897785.97771,87174
2026-06-15T16:00:00+00:00,629.07,629.68,627.2,627.71,8772.508,2026-06-15T16:59:59.999000+00:00,5511908.645,49292
2026-06-15T17:00:00+00:00,627.71,627.71,623.96,625.18,5777.82,2026-06-15T17:59:59.999000+00:00,3616232.51825,43886
2026-06-15T18:00:00+00:00,625.19,625.19,621.92,622.02,4376.446,2026-06-15T18:59:59.999000+00:00,2727464.71338,40199
2026-06-15T19:00:00+00:00,622.01,624.18,618.69,620.91,6926.054,2026-06-15T19:59:59.999000+00:00,4302207.43088,37799
2026-06-15T20:00:00+00:00,620.91,621.77,619.33,619.68,3327.616,2026-06-15T20:59:59.999000+00:00,2065389.14307,24435
2026-06-15T21:00:00+00:00,619.67,621.0,618.05,619.32,2669.503,2026-06-15T21:59:59.999000+00:00,1653390.37231,18389
2026-06-15T22:00:00+00:00,619.32,620.25,615.66,615.67,4813.536,2026-06-15T22:59:59.999000+00:00,2970460.07909,29240
2026-06-15T23:00:00+00:00,615.67,618.0,615.3,617.87,3364.347,2026-06-15T23:59:59.999000+00:00,2074211.66303,21615
2026-06-16T00:00:00+00:00,617.87,619.13,615.48,615.94,5167.777,2026-06-16T00:59:59.999000+00:00,3188550.37807,29952
2026-06-16T01:00:00+00:00,615.94,618.0,615.54,615.8,3582.804,2026-06-16T01:59:59.999000+00:00,2210308.45795,19494
2026-06-16T02:00:00+00:00,615.79,615.92,611.1,612.44,8520.74,2026-06-16T02:59:59.999000+00:00,5223501.15158,37506
2026-06-16T03:00:00+00:00,612.44,615.36,611.8,615.06,4869.397,2026-06-16T03:59:59.999000+00:00,2985742.66685,24058
2026-06-16T04:00:00+00:00,615.07,615.88,611.8,612.9,7012.989,2026-06-16T04:59:59.999000+00:00,4298505.22339,22777
2026-06-16T05:00:00+00:00,612.91,615.08,612.9,613.65,4430.334,2026-06-16T05:59:59.999000+00:00,2720380.01901,17379
2026-06-16T06:00:00+00:00,613.66,616.5,613.66,615.38,5816.952,2026-06-16T06:59:59.999000+00:00,3579314.71677,18265
2026-06-16T07:00:00+00:00,615.38,619.21,615.31,615.77,17125.616,2026-06-16T07:59:59.999000+00:00,10567076.91248,34951
2026-06-16T08:00:00+00:00,615.77,619.5,615.48,619.06,8839.632,2026-06-16T08:59:59.999000+00:00,5453584.76122,42921
2026-06-16T09:00:00+00:00,619.06,619.32,614.7,615.15,7144.441,2026-06-16T09:59:59.999000+00:00,4406976.93562,44324
2026-06-16T10:00:00+00:00,615.16,616.32,613.6,613.87,6862.066,2026-06-16T10:59:59.999000+00:00,4218381.596,38572
2026-06-16T11:00:00+00:00,613.87,614.83,613.3,614.28,6789.64,2026-06-16T11:59:59.999000+00:00,4168807.00791,32102
2026-06-16T12:00:00+00:00,614.29,617.94,613.36,614.54,9250.022,2026-06-16T12:59:59.999000+00:00,5690714.15512,53870
2026-06-16T13:00:00+00:00,614.54,614.59,601.33,606.35,42955.524,2026-06-16T13:59:59.999000+00:00,26130746.45265,133587
2026-06-16T14:00:00+00:00,606.36,608.15,602.3,605.72,16884.501,2026-06-16T14:59:59.999000+00:00,10216852.9697,82410
2026-06-16T15:00:00+00:00,605.72,607.93,604.98,606.47,4985.293,2026-06-16T15:59:59.999000+00:00,3022924.26187,48295
2026-06-16T16:00:00+00:00,606.48,608.0,604.05,604.26,6569.836,2026-06-16T16:59:59.999000+00:00,3980000.64106,42922
2026-06-16T17:00:00+00:00,604.27,608.74,604.01,607.94,4493.534,2026-06-16T17:59:59.999000+00:00,2720807.8009,33932
2026-06-16T18:00:00+00:00,607.94,610.76,607.17,607.98,3245.051,2026-06-16T18:59:59.999000+00:00,1974824.97132,27933
2026-06-16T19:00:00+00:00,607.97,608.12,605.97,607.05,4171.372,2026-06-16T19:59:59.999000+00:00,2532216.55395,30457
2026-06-16T20:00:00+00:00,607.06,608.93,606.42,608.32,2520.581,2026-06-16T20:59:59.999000+00:00,1532194.74192,19008
2026-06-16T21:00:00+00:00,608.32,608.55,606.04,607.28,2741.623,2026-06-16T21:59:59.999000+00:00,1664942.18018,21568
2026-06-16T22:00:00+00:00,607.29,608.0,605.28,606.15,3687.97,2026-06-16T22:59:59.999000+00:00,2236910.92715,28814
2026-06-16T23:00:00+00:00,606.16,607.18,604.56,604.94,4521.722,2026-06-16T23:59:59.999000+00:00,2737940.09351,25214
2026-06-17T00:00:00+00:00,604.94,606.54,604.73,605.09,4049.601,2026-06-17T00:59:59.999000+00:00,2452290.70644,30514
2026-06-17T01:00:00+00:00,605.09,607.79,603.1,607.49,3899.288,2026-06-17T01:59:59.999000+00:00,2359565.18829,31080
2026-06-17T02:00:00+00:00,607.5,608.4,604.19,605.23,4782.996,2026-06-17T02:59:59.999000+00:00,2900753.47385,30321
2026-06-17T03:00:00+00:00,605.23,605.71,604.0,604.77,3668.928,2026-06-17T03:59:59.999000+00:00,2218593.16975,27340
2026-06-17T04:00:00+00:00,604.78,609.4,604.3,607.59,6417.098,2026-06-17T04:59:59.999000+00:00,3896484.90599,37892
2026-06-17T05:00:00+00:00,607.59,609.7,606.52,607.89,4542.543,2026-06-17T05:59:59.999000+00:00,2762741.25618,28963
2026-06-17T06:00:00+00:00,607.89,608.31,605.55,607.15,4696.29,2026-06-17T06:59:59.999000+00:00,2850800.42732,29214
2026-06-17T07:00:00+00:00,607.15,607.95,605.02,606.62,6216.177,2026-06-17T07:59:59.999000+00:00,3769851.67673,29960
2026-06-17T08:00:00+00:00,606.63,606.69,601.42,602.43,7990.251,2026-06-17T08:59:59.999000+00:00,4821953.05926,36820
2026-06-17T09:00:00+00:00,602.42,603.21,600.9,601.38,5415.079,2026-06-17T09:59:59.999000+00:00,3260816.33112,30117
2026-06-17T10:00:00+00:00,601.38,603.14,600.99,602.05,3438.142,2026-06-17T10:59:59.999000+00:00,2070138.12795,22132
2026-06-17T11:00:00+00:00,602.05,604.86,600.9,604.07,5455.24,2026-06-17T11:59:59.999000+00:00,3292221.18011,28291
2026-06-17T12:00:00+00:00,604.07,609.6,603.74,609.47,11013.021,2026-06-17T12:59:59.999000+00:00,6685885.03352,55552
2026-06-17T13:00:00+00:00,609.48,612.5,608.5,608.59,15477.512,2026-06-17T13:59:59.999000+00:00,9445467.90092,73049
2026-06-17T14:00:00+00:00,608.59,608.59,601.01,601.6,26451.604,2026-06-17T14:59:59.999000+00:00,15999819.29268,87294
2026-06-17T15:00:00+00:00,601.61,606.27,601.61,605.55,5073.338,2026-06-17T15:59:59.999000+00:00,3063147.87363,37447
2026-06-17T16:00:00+00:00,605.56,609.4,602.35,605.69,9183.961,2026-06-17T16:59:59.999000+00:00,5565098.91422,44230
2026-06-17T17:00:00+00:00,605.69,609.19,605.05,608.66,3745.51,2026-06-17T17:59:59.999000+00:00,2272492.31017,27069
2026-06-17T18:00:00+00:00,608.67,609.75,600.39,607.76,10384.797,2026-06-17T18:59:59.999000+00:00,6287764.81605,52119
2026-06-17T19:00:00+00:00,607.77,609.39,597.03,598.62,13434.642,2026-06-17T19:59:59.999000+00:00,8070189.86941,52015
2026-06-17T20:00:00+00:00,598.6,601.02,597.6,600.86,5686.18,2026-06-17T20:59:59.999000+00:00,3405142.78267,17598
2026-06-17T21:00:00+00:00,600.86,602.0,599.09,599.45,2215.811,2026-06-17T21:59:59.999000+00:00,1331198.91274,13057
2026-06-17T22:00:00+00:00,599.45,601.11,595.11,599.52,4324.503,2026-06-17T22:59:59.999000+00:00,2588499.67358,21422
2026-06-17T23:00:00+00:00,599.52,602.29,599.48,601.63,1821.677,2026-06-17T23:59:59.999000+00:00,1095005.79453,12056
2026-06-18T00:00:00+00:00,601.63,603.35,601.36,602.32,3485.876,2026-06-18T00:59:59.999000+00:00,2100646.84018,26220
2026-06-18T01:00:00+00:00,602.33,604.31,600.66,601.72,2384.519,2026-06-18T01:59:59.999000+00:00,1436607.57386,20402
2026-06-18T02:00:00+00:00,601.73,603.47,600.74,601.8,4652.618,2026-06-18T02:59:59.999000+00:00,2801005.95632,23452
2026-06-18T03:00:00+00:00,601.81,602.02,596.25,596.6,7121.608,2026-06-18T03:59:59.999000+00:00,4260840.34498,35668
2026-06-18T04:00:00+00:00,596.6,597.04,590.75,591.23,10544.339,2026-06-18T04:59:59.999000+00:00,6251951.313,56095
2026-06-18T05:00:00+00:00,591.24,591.35,587.5,589.58,11594.667,2026-06-18T05:59:59.999000+00:00,6829009.57381,56644
2026-06-18T06:00:00+00:00,589.58,590.51,587.38,589.37,7059.724,2026-06-18T06:59:59.999000+00:00,4156097.4995,40836
2026-06-18T07:00:00+00:00,589.38,590.77,587.97,589.57,7251.356,2026-06-18T07:59:59.999000+00:00,4275446.66932,40668
2026-06-18T08:00:00+00:00,589.56,592.8,589.13,591.59,4427.17,2026-06-18T08:59:59.999000+00:00,2617352.24524,27672
2026-06-18T09:00:00+00:00,591.58,592.71,590.28,590.66,2307.893,2026-06-18T09:59:59.999000+00:00,1364997.14104,13948
2026-06-18T10:00:00+00:00,590.67,591.2,588.84,590.36,3579.292,2026-06-18T10:59:59.999000+00:00,2110074.45262,18610
2026-06-18T11:00:00+00:00,590.36,591.12,588.49,589.64,2770.87,2026-06-18T11:59:59.999000+00:00,1633907.03316,18146
2026-06-18T12:00:00+00:00,589.64,591.96,589.02,591.51,6095.473,2026-06-18T12:59:59.999000+00:00,3600076.47458,26105
2026-06-18T13:00:00+00:00,591.52,592.5,587.67,589.55,5272.913,2026-06-18T13:59:59.999000+00:00,3111646.85346,34853
2026-06-18T14:00:00+00:00,589.56,592.4,588.1,589.55,3811.957,2026-06-18T14:59:59.999000+00:00,2248697.67478,32008
2026-06-18T15:00:00+00:00,589.54,589.54,573.0,573.74,28972.473,2026-06-18T15:59:59.999000+00:00,16805166.85513,86306
2026-06-18T16:00:00+00:00,573.75,579.83,573.48,577.66,12013.715,2026-06-18T16:59:59.999000+00:00,6931021.65179,56031
2026-06-18T17:00:00+00:00,577.67,578.29,574.5,576.07,5597.307,2026-06-18T17:59:59.999000+00:00,3225897.95556,32602
2026-06-18T18:00:00+00:00,576.08,577.87,575.0,576.19,6065.077,2026-06-18T18:59:59.999000+00:00,3495220.51984,24799
2026-06-18T19:00:00+00:00,576.19,579.37,575.62,578.88,3761.011,2026-06-18T19:59:59.999000+00:00,2170781.8148,14414
2026-06-18T20:00:00+00:00,578.88,581.12,578.88,579.88,3152.192,2026-06-18T20:59:59.999000+00:00,1828503.32442,17669
2026-06-18T21:00:00+00:00,579.89,580.08,578.07,579.57,3137.54,2026-06-18T21:59:59.999000+00:00,1817823.08609,15898
2026-06-18T22:00:00+00:00,579.57,580.64,577.45,578.23,4260.999,2026-06-18T22:59:59.999000+00:00,2467005.74714,18446
2026-06-18T23:00:00+00:00,578.22,578.89,576.94,578.48,2248.223,2026-06-18T23:59:59.999000+00:00,1299452.68652,9097
2026-06-19T00:00:00+00:00,578.48,579.89,577.62,579.38,2661.672,2026-06-19T00:59:59.999000+00:00,1540872.0673,16380
2026-06-19T01:00:00+00:00,579.39,582.52,579.39,581.95,2999.775,2026-06-19T01:59:59.999000+00:00,1743830.28208,19674
2026-06-19T02:00:00+00:00,581.96,582.84,580.56,582.49,2646.896,2026-06-19T02:59:59.999000+00:00,1539546.6004,17661
2026-06-19T03:00:00+00:00,582.5,583.29,575.9,578.19,6380.178,2026-06-19T03:59:59.999000+00:00,3690448.90458,31849
2026-06-19T04:00:00+00:00,578.19,578.89,570.82,572.61,8363.381,2026-06-19T04:59:59.999000+00:00,4798318.33015,39191
2026-06-19T05:00:00+00:00,572.61,576.11,572.47,575.87,2280.633,2026-06-19T05:59:59.999000+00:00,1310684.35868,20148
2026-06-19T06:00:00+00:00,575.87,577.16,573.49,574.5,5113.429,2026-06-19T06:59:59.999000+00:00,2940912.06083,27201
2026-06-19T07:00:00+00:00,574.51,575.59,572.82,574.97,5594.452,2026-06-19T07:59:59.999000+00:00,3212319.58306,28370
2026-06-19T08:00:00+00:00,574.97,575.28,573.26,574.17,4771.961,2026-06-19T08:59:59.999000+00:00,2740021.90716,27427
2026-06-19T09:00:00+00:00,574.17,574.46,571.07,571.44,5475.482,2026-06-19T09:59:59.999000+00:00,3133241.53461,31181
2026-06-19T10:00:00+00:00,571.44,573.42,571.0,573.04,4164.732,2026-06-19T10:59:59.999000+00:00,2382339.38352,25524
2026-06-19T11:00:00+00:00,573.04,573.86,571.81,573.28,2797.88,2026-06-19T11:59:59.999000+00:00,1603076.13058,20318
2026-06-19T12:00:00+00:00,573.29,576.17,572.12,575.55,4986.353,2026-06-19T12:59:59.999000+00:00,2862894.7517,32059
2026-06-19T13:00:00+00:00,575.56,578.5,573.22,577.73,7096.902,2026-06-19T13:59:59.999000+00:00,4084828.98279,34671
2026-06-19T14:00:00+00:00,577.73,579.24,576.47,577.61,4494.793,2026-06-19T14:59:59.999000+00:00,2597223.21324,26028
2026-06-19T15:00:00+00:00,577.6,579.73,576.47,578.77,4777.955,2026-06-19T15:59:59.999000+00:00,2762953.70185,20821
2026-06-19T16:00:00+00:00,578.77,580.7,577.2,577.46,3956.177,2026-06-19T16:59:59.999000+00:00,2291360.02586,18955
2026-06-19T17:00:00+00:00,577.47,580.26,577.2,579.92,2277.959,2026-06-19T17:59:59.999000+00:00,1318140.75359,18617
2026-06-19T18:00:00+00:00,579.93,580.16,578.26,579.25,1000.851,2026-06-19T18:59:59.999000+00:00,579658.33693,18555
2026-06-19T19:00:00+00:00,579.25,582.0,577.87,579.93,2394.813,2026-06-19T19:59:59.999000+00:00,1388263.43667,19340
2026-06-19T20:00:00+00:00,579.94,581.86,578.97,581.7,3396.254,2026-06-19T20:59:59.999000+00:00,1969926.67956,14232
2026-06-19T21:00:00+00:00,581.7,582.47,579.86,580.14,1761.259,2026-06-19T21:59:59.999000+00:00,1023458.47532,10115
2026-06-19T22:00:00+00:00,580.13,581.5,579.83,580.57,1968.427,2026-06-19T22:59:59.999000+00:00,1143186.41307,5541
2026-06-19T23:00:00+00:00,580.57,582.4,580.08,581.42,2980.977,2026-06-19T23:59:59.999000+00:00,1731981.3347,8267
2026-06-20T00:00:00+00:00,581.41,582.75,580.7,580.91,5547.493,2026-06-20T00:59:59.999000+00:00,3227094.24358,24374
2026-06-20T01:00:00+00:00,580.91,581.77,580.42,581.25,4133.62,2026-06-20T01:59:59.999000+00:00,2402487.43996,20132
2026-06-20T02:00:00+00:00,581.25,581.48,580.13,580.18,2973.671,2026-06-20T02:59:59.999000+00:00,1726742.92021,10958
2026-06-20T03:00:00+00:00,580.19,581.1,580.12,580.6,2670.22,2026-06-20T03:59:59.999000+00:00,1550376.64617,7788
2026-06-20T04:00:00+00:00,580.6,581.2,580.24,581.0,5001.391,2026-06-20T04:59:59.999000+00:00,2904566.37334,16363
2026-06-20T05:00:00+00:00,581.0,584.2,580.87,582.83,10503.437,2026-06-20T05:59:59.999000+00:00,6120916.9765,30953
2026-06-20T06:00:00+00:00,582.83,588.5,582.83,587.25,5281.292,2026-06-20T06:59:59.999000+00:00,3097040.98179,23690
2026-06-20T07:00:00+00:00,587.25,589.43,585.27,587.69,3879.368,2026-06-20T07:59:59.999000+00:00,2279164.79512,22045
2026-06-20T08:00:00+00:00,587.7,587.87,585.38,585.67,4614.454,2026-06-20T08:59:59.999000+00:00,2704815.59026,15771
2026-06-20T09:00:00+00:00,585.68,588.3,585.61,587.81,4007.031,2026-06-20T09:59:59.999000+00:00,2352490.5644,17379
2026-06-20T10:00:00+00:00,587.81,587.92,585.68,586.98,2658.455,2026-06-20T10:59:59.999000+00:00,1559631.437,13416
2026-06-20T11:00:00+00:00,586.98,587.76,586.15,586.38,2964.67,2026-06-20T11:59:59.999000+00:00,1739959.38924,15090
2026-06-20T12:00:00+00:00,586.37,587.15,585.71,586.42,1931.269,2026-06-20T12:59:59.999000+00:00,1132503.7074,14405
2026-06-20T13:00:00+00:00,586.42,586.77,583.13,584.73,4301.904,2026-06-20T13:59:59.999000+00:00,2514794.628,20530
2026-06-20T14:00:00+00:00,584.73,588.27,582.0,586.04,6330.072,2026-06-20T14:59:59.999000+00:00,3700740.953,35297
2026-06-20T15:00:00+00:00,586.04,589.0,585.09,587.2,5669.861,2026-06-20T15:59:59.999000+00:00,3327688.1978,29594
2026-06-20T16:00:00+00:00,587.21,587.4,585.47,586.8,2356.798,2026-06-20T16:59:59.999000+00:00,1382338.03017,15884
2026-06-20T17:00:00+00:00,586.8,586.8,584.0,585.34,1648.486,2026-06-20T17:59:59.999000+00:00,964953.49347,13993
2026-06-20T18:00:00+00:00,585.34,587.04,585.3,585.37,1152.557,2026-06-20T18:59:59.999000+00:00,675441.88778,8280
2026-06-20T19:00:00+00:00,585.37,586.53,585.3,585.92,1086.004,2026-06-20T19:59:59.999000+00:00,636383.69247,9356
2026-06-20T20:00:00+00:00,585.92,586.55,585.0,586.39,1092.27,2026-06-20T20:59:59.999000+00:00,639734.53941,7973
2026-06-20T21:00:00+00:00,586.4,587.37,585.64,586.46,1027.673,2026-06-20T21:59:59.999000+00:00,602475.50973,9772
2026-06-20T22:00:00+00:00,586.46,588.5,585.99,587.91,2124.503,2026-06-20T22:59:59.999000+00:00,1248249.93862,14858
2026-06-20T23:00:00+00:00,587.91,588.5,587.38,588.03,1583.671,2026-06-20T23:59:59.999000+00:00,931263.41054,8365
2026-06-21T00:00:00+00:00,588.03,588.65,587.32,587.49,2336.639,2026-06-21T00:59:59.999000+00:00,1373768.7855,21607
2026-06-21T01:00:00+00:00,587.48,590.22,587.0,589.44,2145.182,2026-06-21T01:59:59.999000+00:00,1263303.36637,15143
2026-06-21T02:00:00+00:00,589.44,589.7,588.41,589.52,1499.512,2026-06-21T02:59:59.999000+00:00,883407.87099,10113
2026-06-21T03:00:00+00:00,589.53,591.0,589.02,590.36,4386.66,2026-06-21T03:59:59.999000+00:00,2587844.16419,20105
2026-06-21T04:00:00+00:00,590.37,590.86,589.1,589.24,3040.479,2026-06-21T04:59:59.999000+00:00,1793954.50913,14782
2026-06-21T05:00:00+00:00,589.24,590.63,588.81,589.76,1478.677,2026-06-21T05:59:59.999000+00:00,871794.12135,10126
2026-06-21T06:00:00+00:00,589.76,591.65,589.07,590.27,3073.473,2026-06-21T06:59:59.999000+00:00,1814658.35717,13225
2026-06-21T07:00:00+00:00,590.28,591.83,589.58,590.94,1834.521,2026-06-21T07:59:59.999000+00:00,1083515.42405,12545
2026-06-21T08:00:00+00:00,590.94,591.01,587.51,588.88,3718.675,2026-06-21T08:59:59.999000+00:00,2189950.56989,17942
2026-06-21T09:00:00+00:00,588.89,590.44,588.19,589.97,2337.992,2026-06-21T09:59:59.999000+00:00,1377796.7846,16734
2026-06-21T10:00:00+00:00,589.97,591.78,589.76,590.21,2133.017,2026-06-21T10:59:59.999000+00:00,1259270.66709,17158
2026-06-21T11:00:00+00:00,590.22,590.79,588.0,588.45,2413.046,2026-06-21T11:59:59.999000+00:00,1421389.64879,21399
2026-06-21T12:00:00+00:00,588.44,588.56,585.15,587.08,8919.259,2026-06-21T12:59:59.999000+00:00,5232266.68526,32087
2026-06-21T13:00:00+00:00,587.09,589.16,586.77,588.42,2358.935,2026-06-21T13:59:59.999000+00:00,1386692.22142,13158
2026-06-21T14:00:00+00:00,588.43,589.83,587.84,589.82,1923.123,2026-06-21T14:59:59.999000+00:00,1132399.76562,12036
2026-06-21T15:00:00+00:00,589.82,590.5,589.32,589.88,1969.77,2026-06-21T15:59:59.999000+00:00,1161939.60606,13100
2026-06-21T16:00:00+00:00,589.88,590.39,588.58,589.8,1650.267,2026-06-21T16:59:59.999000+00:00,972949.3671,16067
2026-06-21T17:00:00+00:00,589.8,591.44,589.74,590.86,1976.196,2026-06-21T17:59:59.999000+00:00,1167371.51076,14112
2026-06-21T18:00:00+00:00,590.85,591.78,589.14,591.68,1700.309,2026-06-21T18:59:59.999000+00:00,1004267.53688,13549
2026-06-21T19:00:00+00:00,591.68,592.56,591.33,591.85,1556.075,2026-06-21T19:59:59.999000+00:00,921282.6879,9022
2026-06-21T20:00:00+00:00,591.85,591.89,587.4,588.46,1672.693,2026-06-21T20:59:59.999000+00:00,986038.10857,12540
2026-06-21T21:00:00+00:00,588.48,588.66,585.14,587.68,2494.854,2026-06-21T21:59:59.999000+00:00,1463917.42321,19906
2026-06-21T22:00:00+00:00,587.67,588.9,585.58,587.49,3004.929,2026-06-21T22:59:59.999000+00:00,1764550.8087,20895
2026-06-21T23:00:00+00:00,587.5,587.5,583.6,584.23,3736.969,2026-06-21T23:59:59.999000+00:00,2187297.23631,27405
2026-06-22T00:00:00+00:00,584.23,589.43,584.07,587.88,3019.695,2026-06-22T00:59:59.999000+00:00,1771861.78121,36477
2026-06-22T01:00:00+00:00,587.88,596.31,587.11,594.51,10651.335,2026-06-22T01:59:59.999000+00:00,6318540.09565,54122
2026-06-22T02:00:00+00:00,594.52,594.72,591.32,591.33,5398.402,2026-06-22T02:59:59.999000+00:00,3202942.17743,22259
2026-06-22T03:00:00+00:00,591.32,592.7,589.07,590.05,3536.436,2026-06-22T03:59:59.999000+00:00,2089772.6794,21153
2026-06-22T04:00:00+00:00,590.05,590.67,589.31,590.57,3441.164,2026-06-22T04:59:59.999000+00:00,2030502.57722,20854
2026-06-22T05:00:00+00:00,590.56,592.99,590.11,592.99,2003.415,2026-06-22T05:59:59.999000+00:00,1184858.4996,16472
2026-06-22T06:00:00+00:00,593.0,594.12,590.46,590.82,3656.235,2026-06-22T06:59:59.999000+00:00,2164968.75462,22641
2026-06-22T07:00:00+00:00,590.83,595.03,590.59,593.96,5770.683,2026-06-22T07:59:59.999000+00:00,3426364.90179,28245
2026-06-22T08:00:00+00:00,593.97,594.9,592.41,593.18,2854.063,2026-06-22T08:59:59.999000+00:00,1694560.01289,21039
2026-06-22T09:00:00+00:00,593.18,593.66,592.38,593.12,2822.643,2026-06-22T09:59:59.999000+00:00,1673949.45547,17365
2026-06-22T10:00:00+00:00,593.11,593.33,591.23,592.07,2510.369,2026-06-22T10:59:59.999000+00:00,1486897.2151,16542
2026-06-22T11:00:00+00:00,592.07,598.0,591.88,597.17,6219.059,2026-06-22T11:59:59.999000+00:00,3703921.25098,30049
2026-06-22T12:00:00+00:00,597.17,601.0,597.17,600.63,7927.901,2026-06-22T12:59:59.999000+00:00,4751205.90277,35829
2026-06-22T13:00:00+00:00,600.64,602.31,599.21,602.1,6136.855,2026-06-22T13:59:59.999000+00:00,3686499.09997,40132
2026-06-22T14:00:00+00:00,602.11,602.3,596.12,597.96,11432.055,2026-06-22T14:59:59.999000+00:00,6839114.63515,51103
2026-06-22T15:00:00+00:00,597.95,599.38,595.5,596.25,4992.024,2026-06-22T15:59:59.999000+00:00,2984636.12965,34379
2026-06-22T16:00:00+00:00,596.25,596.43,592.58,594.79,4302.818,2026-06-22T16:59:59.999000+00:00,2557828.65327,31609
2026-06-22T17:00:00+00:00,594.79,595.73,593.01,595.44,2515.29,2026-06-22T17:59:59.999000+00:00,1495875.65568,15353
2026-06-22T18:00:00+00:00,595.44,597.0,593.17,593.35,2442.622,2026-06-22T18:59:59.999000+00:00,1455072.04988,14441
2026-06-22T19:00:00+00:00,593.34,593.96,590.23,592.29,4947.445,2026-06-22T19:59:59.999000+00:00,2927427.84312,25840
2026-06-22T20:00:00+00:00,592.29,593.15,589.92,591.56,2918.295,2026-06-22T20:59:59.999000+00:00,1726570.6687,13303
2026-06-22T21:00:00+00:00,591.56,592.07,589.17,591.17,1354.201,2026-06-22T21:59:59.999000+00:00,799975.88303,10357
2026-06-22T22:00:00+00:00,591.16,591.94,587.88,589.97,2716.246,2026-06-22T22:59:59.999000+00:00,1600504.01524,15549
2026-06-22T23:00:00+00:00,589.97,591.19,589.0,590.15,1862.379,2026-06-22T23:59:59.999000+00:00,1099151.40478,9438
2026-06-23T00:00:00+00:00,590.14,591.77,588.8,591.4,3291.913,2026-06-23T00:59:59.999000+00:00,1943262.23043,17580
2026-06-23T01:00:00+00:00,591.4,592.27,588.03,590.38,2804.639,2026-06-23T01:59:59.999000+00:00,1655894.14107,22783
2026-06-23T02:00:00+00:00,590.38,592.83,589.85,592.62,2578.666,2026-06-23T02:59:59.999000+00:00,1525347.45952,22049
2026-06-23T03:00:00+00:00,592.63,592.67,589.76,591.96,2973.224,2026-06-23T03:59:59.999000+00:00,1759017.06136,20455
2026-06-23T04:00:00+00:00,591.97,592.31,587.1,587.21,2560.556,2026-06-23T04:59:59.999000+00:00,1509334.69059,23766
2026-06-23T05:00:00+00:00,587.21,588.03,585.0,585.6,3695.872,2026-06-23T05:59:59.999000+00:00,2166715.15773,31310
2026-06-23T06:00:00+00:00,585.61,585.97,577.46,581.14,10166.262,2026-06-23T06:59:59.999000+00:00,5905304.55869,59008
2026-06-23T07:00:00+00:00,581.14,582.66,580.74,580.88,3828.884,2026-06-23T07:59:59.999000+00:00,2227367.31799,28473
2026-06-23T08:00:00+00:00,580.87,581.43,570.57,574.08,14856.344,2026-06-23T08:59:59.999000+00:00,8550627.12962,82883
2026-06-23T09:00:00+00:00,574.08,574.83,571.51,571.92,9033.779,2026-06-23T09:59:59.999000+00:00,5173417.98339,49104
2026-06-23T10:00:00+00:00,571.92,573.61,570.86,572.11,7952.015,2026-06-23T10:59:59.999000+00:00,4548718.4314,45682
2026-06-23T11:00:00+00:00,572.11,574.68,571.71,574.07,7108.936,2026-06-23T11:59:59.999000+00:00,4077574.80084,33663
2026-06-23T12:00:00+00:00,574.07,575.6,573.0,573.76,5043.462,2026-06-23T12:59:59.999000+00:00,2896628.99993,27850
2026-06-23T13:00:00+00:00,573.75,575.46,571.21,575.28,6484.265,2026-06-23T13:59:59.999000+00:00,3716762.18374,48930
2026-06-23T14:00:00+00:00,575.27,577.02,573.21,573.84,4879.017,2026-06-23T14:59:59.999000+00:00,2806529.75951,39037
2026-06-23T15:00:00+00:00,573.84,574.96,572.07,574.67,3133.828,2026-06-23T15:59:59.999000+00:00,1797035.90422,30559
2026-06-23T16:00:00+00:00,574.67,577.25,574.12,574.72,2958.17,2026-06-23T16:59:59.999000+00:00,1702795.48608,27392
2026-06-23T17:00:00+00:00,574.71,575.92,573.48,574.08,2498.201,2026-06-23T17:59:59.999000+00:00,1435227.65583,19369
2026-06-23T18:00:00+00:00,574.07,575.19,572.7,573.82,1908.633,2026-06-23T18:59:59.999000+00:00,1095462.33007,19599
2026-06-23T19:00:00+00:00,573.81,576.81,573.78,576.2,4047.805,2026-06-23T19:59:59.999000+00:00,2327929.90537,14770
2026-06-23T20:00:00+00:00,576.2,577.11,575.51,576.25,1485.504,2026-06-23T20:59:59.999000+00:00,856260.22832,9357
2026-06-23T21:00:00+00:00,576.25,577.83,576.09,577.0,2129.481,2026-06-23T21:59:59.999000+00:00,1228951.76166,15855
2026-06-23T22:00:00+00:00,577.01,578.4,576.48,577.99,1742.953,2026-06-23T22:59:59.999000+00:00,1006295.12092,12014
2026-06-23T23:00:00+00:00,577.98,579.24,576.6,578.08,1692.473,2026-06-23T23:59:59.999000+00:00,977729.9803,11257
2026-06-24T00:00:00+00:00,578.09,581.11,577.95,579.82,2631.981,2026-06-24T00:59:59.999000+00:00,1526000.25865,36031
2026-06-24T01:00:00+00:00,579.82,581.63,578.77,579.54,2489.814,2026-06-24T01:59:59.999000+00:00,1444413.77823,33573
2026-06-24T02:00:00+00:00,579.54,579.75,577.33,577.49,1521.066,2026-06-24T02:59:59.999000+00:00,879642.69014,17441
2026-06-24T03:00:00+00:00,577.48,578.59,575.38,577.85,1952.54,2026-06-24T03:59:59.999000+00:00,1126076.74228,20942
2026-06-24T04:00:00+00:00,577.85,578.81,574.24,577.45,2238.545,2026-06-24T04:59:59.999000+00:00,1290597.27108,21064
2026-06-24T05:00:00+00:00,577.46,581.4,577.24,579.93,1649.201,2026-06-24T05:59:59.999000+00:00,955885.73891,12035
2026-06-24T06:00:00+00:00,579.92,580.58,578.84,579.0,1356.045,2026-06-24T06:59:59.999000+00:00,785972.3426,11935
2026-06-24T07:00:00+00:00,579.0,579.17,576.3,576.92,3357.405,2026-06-24T07:59:59.999000+00:00,1939601.35923,25872
2026-06-24T08:00:00+00:00,576.93,578.13,576.53,577.88,3287.134,2026-06-24T08:59:59.999000+00:00,1897363.65936,28255
2026-06-24T09:00:00+00:00,577.89,577.89,576.07,577.01,2045.99,2026-06-24T09:59:59.999000+00:00,1180343.17171,19323
2026-06-24T10:00:00+00:00,577.0,577.05,575.22,575.52,3447.24,2026-06-24T10:59:59.999000+00:00,1985704.09352,19332
2026-06-24T11:00:00+00:00,575.53,582.21,573.84,579.79,5068.222,2026-06-24T11:59:59.999000+00:00,2925392.92494,32390
2026-06-24T12:00:00+00:00,579.79,580.33,576.54,576.75,4607.773,2026-06-24T12:59:59.999000+00:00,2667118.37265,26007
2026-06-24T13:00:00+00:00,576.75,576.97,568.29,570.11,15787.258,2026-06-24T13:59:59.999000+00:00,9016512.09257,81411
2026-06-24T14:00:00+00:00,570.14,571.76,567.59,570.45,9240.693,2026-06-24T14:59:59.999000+00:00,5265464.93816,59032
2026-06-24T15:00:00+00:00,570.46,570.46,561.02,561.41,13788.594,2026-06-24T15:59:59.999000+00:00,7793852.06438,69696
2026-06-24T16:00:00+00:00,561.4,563.79,552.0,554.75,24694.074,2026-06-24T16:59:59.999000+00:00,13769979.99331,92985
2026-06-24T17:00:00+00:00,554.74,557.15,546.6,549.04,26835.278,2026-06-24T17:59:59.999000+00:00,14802769.77457,119453
2026-06-24T18:00:00+00:00,549.05,556.0,548.14,553.59,8267.779,2026-06-24T18:59:59.999000+00:00,4571213.92271,54539
2026-06-24T19:00:00+00:00,553.6,555.61,552.25,555.57,3791.253,2026-06-24T19:59:59.999000+00:00,2100228.21974,23463
2026-06-24T20:00:00+00:00,555.57,564.61,554.67,563.2,10971.396,2026-06-24T20:59:59.999000+00:00,6159273.77862,44735
2026-06-24T21:00:00+00:00,563.22,564.24,559.94,564.21,3833.835,2026-06-24T21:59:59.999000+00:00,2155312.25803,17372
2026-06-24T22:00:00+00:00,564.21,566.26,562.92,563.35,4982.786,2026-06-24T22:59:59.999000+00:00,2812184.6876,16001
2026-06-24T23:00:00+00:00,563.35,565.0,562.73,564.67,3062.096,2026-06-24T23:59:59.999000+00:00,1727418.72801,12998
2026-06-25T00:00:00+00:00,564.66,565.98,563.09,564.05,3609.003,2026-06-25T00:59:59.999000+00:00,2038094.85145,47025
2026-06-25T01:00:00+00:00,564.05,566.76,563.48,566.21,2442.141,2026-06-25T01:59:59.999000+00:00,1380307.22927,27799
2026-06-25T02:00:00+00:00,566.2,567.11,565.32,565.82,3485.979,2026-06-25T02:59:59.999000+00:00,1973901.70906,26548
2026-06-25T03:00:00+00:00,565.81,566.91,564.56,565.79,2178.241,2026-06-25T03:59:59.999000+00:00,1232384.34409,22000
2026-06-25T04:00:00+00:00,565.78,568.96,563.79,568.46,2922.785,2026-06-25T04:59:59.999000+00:00,1654720.01902,18824
2026-06-25T05:00:00+00:00,568.46,571.18,567.98,570.19,9522.894,2026-06-25T05:59:59.999000+00:00,5427719.51369,40778
2026-06-25T06:00:00+00:00,570.19,572.72,570.18,571.3,4083.878,2026-06-25T06:59:59.999000+00:00,2333811.48185,26499
2026-06-25T07:00:00+00:00,571.31,572.06,569.88,570.47,3701.724,2026-06-25T07:59:59.999000+00:00,2112737.33615,28804
2026-06-25T08:00:00+00:00,570.47,570.61,568.99,569.56,4649.173,2026-06-25T08:59:59.999000+00:00,2648658.46835,19243
2026-06-25T09:00:00+00:00,569.56,570.29,568.31,568.68,5185.723,2026-06-25T09:59:59.999000+00:00,2951470.09746,23378
2026-06-25T10:00:00+00:00,568.67,568.87,562.44,563.7,5714.046,2026-06-25T10:59:59.999000+00:00,3234157.30418,31624
2026-06-25T11:00:00+00:00,563.71,564.25,560.46,562.7,5992.075,2026-06-25T11:59:59.999000+00:00,3369020.49488,33566
2026-06-25T12:00:00+00:00,562.71,566.9,561.07,563.06,6658.667,2026-06-25T12:59:59.999000+00:00,3754169.62646,40127
2026-06-25T13:00:00+00:00,563.06,568.58,540.6,542.2,29723.13,2026-06-25T13:59:59.999000+00:00,16443833.82305,141655
2026-06-25T14:00:00+00:00,542.2,559.47,542.2,553.16,30936.515,2026-06-25T14:59:59.999000+00:00,17079254.70599,146653
2026-06-25T15:00:00+00:00,553.16,554.56,548.24,554.04,9318.825,2026-06-25T15:59:59.999000+00:00,5141446.8724,65825
2026-06-25T16:00:00+00:00,554.04,557.35,552.46,554.17,4781.419,2026-06-25T16:59:59.999000+00:00,2652741.70499,42033
