open_time,open,high,low,close,volume,close_time,quote_volume,trades
2026-04-03T10:00:00+00:00,66859.58,66898.97,66674.72,66883.08,215.33139,2026-04-03T10:59:59.999000+00:00,14386863.8408494,75036
2026-04-03T11:00:00+00:00,66883.09,67057.42,66823.18,67017.44,215.91455,2026-04-03T11:59:59.999000+00:00,14454508.9743867,76742
2026-04-03T12:00:00+00:00,67017.43,67370.42,66646.36,66722.16,808.01051,2026-04-03T12:59:59.999000+00:00,54115822.8876222,157562
2026-04-03T13:00:00+00:00,66722.16,66735.62,66508.1,66672.0,554.93399,2026-04-03T13:59:59.999000+00:00,36981654.8806926,127436
2026-04-03T14:00:00+00:00,66671.99,66990.59,66634.0,66929.81,530.03077,2026-04-03T14:59:59.999000+00:00,35422476.1435293,103850
2026-04-03T15:00:00+00:00,66929.8,67028.37,66823.3,66827.15,465.79672,2026-04-03T15:59:59.999000+00:00,31158451.4968507,78884
2026-04-03T16:00:00+00:00,66827.15,67069.0,66827.14,67010.46,361.0645,2026-04-03T16:59:59.999000+00:00,24175580.0670441,67747
2026-04-03T17:00:00+00:00,67010.45,67067.0,66751.86,66855.01,378.12395,2026-04-03T17:59:59.999000+00:00,25298850.9090256,64720
2026-04-03T18:00:00+00:00,66855.0,66930.0,66786.12,66812.03,187.13591,2026-04-03T18:59:59.999000+00:00,12512991.277074,41096
2026-04-03T19:00:00+00:00,66812.04,66911.19,66774.02,66885.74,289.39585,2026-04-03T19:59:59.999000+00:00,19332643.9131965,37983
2026-04-03T20:00:00+00:00,66885.73,66919.61,66831.97,66831.98,141.97965,2026-04-03T20:59:59.999000+00:00,9496075.2973281,30452
2026-04-03T21:00:00+00:00,66831.97,66970.18,66827.6,66964.21,378.17654,2026-04-03T21:59:59.999000+00:00,25300686.3529888,35905
2026-04-03T22:00:00+00:00,66964.21,66970.17,66842.76,66888.76,287.42422,2026-04-03T22:59:59.999000+00:00,19230971.6456241,50198
2026-04-03T23:00:00+00:00,66888.76,66964.3,66826.13,66964.3,525.44687,2026-04-03T23:59:59.999000+00:00,35145171.6404963,41718
2026-04-04T00:00:00+00:00,66964.29,66968.28,66876.7,66893.39,159.1028,2026-04-04T00:59:59.999000+00:00,10646456.7809157,48299
2026-04-04T01:00:00+00:00,66893.4,66924.48,66827.22,66852.0,418.46364,2026-04-04T01:59:59.999000+00:00,27979725.7998668,50208
2026-04-04T02:00:00+00:00,66852.0,66919.41,66814.0,66844.83,138.81793,2026-04-04T02:59:59.999000+00:00,9278751.0044934,43550
2026-04-04T03:00:00+00:00,66844.84,66910.22,66830.23,66832.18,86.81929,2026-04-04T03:59:59.999000+00:00,5804843.5622113,41431
2026-04-04T04:00:00+00:00,66832.18,66876.32,66775.91,66860.73,180.50471,2026-04-04T04:59:59.999000+00:00,12065954.1423571,45240
2026-04-04T05:00:00+00:00,66860.73,66936.72,66844.14,66916.29,629.01422,2026-04-04T05:59:59.999000+00:00,42073019.1494836,61330
2026-04-04T06:00:00+00:00,66916.3,67049.94,66911.2,67013.24,254.32193,2026-04-04T06:59:59.999000+00:00,17030959.8373373,46718
2026-04-04T07:00:00+00:00,67013.25,67052.99,66943.34,67014.96,664.43952,2026-04-04T07:59:59.999000+00:00,44509173.9875815,45651
2026-04-04T08:00:00+00:00,67014.95,67057.42,66918.0,66940.0,398.19184,2026-04-04T08:59:59.999000+00:00,26679760.8705408,54863
2026-04-04T09:00:00+00:00,66940.0,66994.52,66918.0,66988.05,295.09328,2026-04-04T09:59:59.999000+00:00,19762296.7824632,45087
2026-04-04T10:00:00+00:00,66988.06,67167.0,66918.0,67167.0,290.85424,2026-04-04T10:59:59.999000+00:00,19499760.769257,53835
2026-04-04T11:00:00+00:00,67167.0,67232.72,67083.43,67156.93,363.18025,2026-04-04T11:59:59.999000+00:00,24390097.9139399,59827
2026-04-04T12:00:00+00:00,67156.93,67185.0,67060.56,67097.87,140.59027,2026-04-04T12:59:59.999000+00:00,9434241.455243,53433
2026-04-04T13:00:00+00:00,67097.87,67267.0,67082.41,67193.44,362.06124,2026-04-04T13:59:59.999000+00:00,24313128.7387356,63814
2026-04-04T14:00:00+00:00,67193.45,67223.51,67029.07,67215.24,369.07128,2026-04-04T14:59:59.999000+00:00,24783845.0230762,51789
2026-04-04T15:00:00+00:00,67215.24,67562.93,67177.39,67383.66,635.57272,2026-04-04T15:59:59.999000+00:00,42811516.8627011,118567
2026-04-04T16:00:00+00:00,67383.66,67520.85,67331.06,67366.68,294.26452,2026-04-04T16:59:59.999000+00:00,19839379.8167367,88918
2026-04-04T17:00:00+00:00,67366.68,67416.48,67292.0,67329.4,254.01236,2026-04-04T17:59:59.999000+00:00,17109581.7770476,61975
2026-04-04T18:00:00+00:00,67329.41,67380.98,67265.0,67295.47,120.36154,2026-04-04T18:59:59.999000+00:00,8102901.8491797,53003
2026-04-04T19:00:00+00:00,67295.47,67543.6,67275.0,67288.42,189.77457,2026-04-04T19:59:59.999000+00:00,12786944.7918861,82521
2026-04-04T20:00:00+00:00,67288.42,67295.81,67186.62,67268.4,186.97188,2026-04-04T20:59:59.999000+00:00,12575614.2014697,42773
2026-04-04T21:00:00+00:00,67268.4,67504.54,67215.0,67359.2,238.4254,2026-04-04T21:59:59.999000+00:00,16053722.6628571,44279
2026-04-04T22:00:00+00:00,67359.21,67470.93,67341.19,67399.92,306.3388,2026-04-04T22:59:59.999000+00:00,20652301.844314,56976
2026-04-04T23:00:00+00:00,67399.91,67399.99,67261.32,67300.42,397.2679,2026-04-04T23:59:59.999000+00:00,26748037.7995498,42092
2026-04-05T00:00:00+00:00,67300.42,67307.28,67168.08,67225.0,431.18676,2026-04-05T00:59:59.999000+00:00,28990651.219348,40291
2026-04-05T01:00:00+00:00,67225.0,67230.0,67080.0,67085.0,369.56535,2026-04-05T01:59:59.999000+00:00,24804947.4431311,46082
2026-04-05T02:00:00+00:00,67085.0,67174.92,66955.72,67170.16,252.42427,2026-04-05T02:59:59.999000+00:00,16929769.0185847,49683
2026-04-05T03:00:00+00:00,67170.17,67188.09,67089.33,67145.98,163.69484,2026-04-05T03:59:59.999000+00:00,10992361.1426611,25764
2026-04-05T04:00:00+00:00,67145.98,67188.51,67073.56,67101.65,92.89503,2026-04-05T04:59:59.999000+00:00,6235159.2983285,34134
2026-04-05T05:00:00+00:00,67101.65,67154.98,66888.0,66931.65,466.39184,2026-04-05T05:59:59.999000+00:00,31270743.1123511,46033
2026-04-05T06:00:00+00:00,66931.65,66940.0,66611.66,66802.24,728.34135,2026-04-05T06:59:59.999000+00:00,48639529.7040641,98296
2026-04-05T07:00:00+00:00,66802.24,66914.48,66715.43,66820.64,615.79892,2026-04-05T07:59:59.999000+00:00,41138481.353941,57160
2026-04-05T08:00:00+00:00,66820.64,66940.0,66819.42,66933.18,227.07394,2026-04-05T08:59:59.999000+00:00,15187012.4708883,47351
2026-04-05T09:00:00+00:00,66933.18,67048.64,66902.15,67035.15,293.93169,2026-04-05T09:59:59.999000+00:00,19689042.006267,56452
2026-04-05T10:00:00+00:00,67035.15,67150.0,66968.35,67046.01,288.35183,2026-04-05T10:59:59.999000+00:00,19328318.2413477,57526
2026-04-05T11:00:00+00:00,67046.01,67087.22,66973.67,66999.0,253.07128,2026-04-05T11:59:59.999000+00:00,16961671.816459,52253
2026-04-05T12:00:00+00:00,66998.99,66999.0,66680.57,66783.58,607.98096,2026-04-05T12:59:59.999000+00:00,40617469.2141262,104265
2026-04-05T13:00:00+00:00,66783.59,66918.03,66693.91,66890.7,361.31735,2026-04-05T13:59:59.999000+00:00,24140522.5560839,84725
2026-04-05T14:00:00+00:00,66890.7,66963.95,66820.54,66918.03,296.0396,2026-04-05T14:59:59.999000+00:00,19808174.307321,61303
2026-04-05T15:00:00+00:00,66918.03,67856.16,66829.02,67306.64,1471.0776,2026-04-05T15:59:59.999000+00:00,99178513.4980557,189283
2026-04-05T16:00:00+00:00,67306.65,67410.0,67173.4,67212.62,356.80623,2026-04-05T16:59:59.999000+00:00,24015394.9318926,96776
2026-04-05T17:00:00+00:00,67212.61,67402.0,67187.95,67373.64,168.11139,2026-04-05T17:59:59.999000+00:00,11313240.3597156,82775
2026-04-05T18:00:00+00:00,67373.64,67451.78,67281.38,67413.78,210.99631,2026-04-05T18:59:59.999000+00:00,14214726.9827902,66215
2026-04-05T19:00:00+00:00,67413.78,67560.45,67276.67,67361.01,229.64378,2026-04-05T19:59:59.999000+00:00,15481562.8970597,68409
2026-04-05T20:00:00+00:00,67361.01,67705.74,67332.66,67658.35,338.30366,2026-04-05T20:59:59.999000+00:00,22851976.1441571,83629
2026-04-05T21:00:00+00:00,67658.35,67682.42,67408.07,67553.43,435.91664,2026-04-05T21:59:59.999000+00:00,29440206.8512328,96936
2026-04-05T22:00:00+00:00,67553.44,68374.75,67347.05,68338.43,1201.92322,2026-04-05T22:59:59.999000+00:00,81583238.7192807,267569
2026-04-05T23:00:00+00:00,68338.43,69136.2,68266.13,69034.18,1872.62368,2026-04-05T23:59:59.999000+00:00,128849264.0343632,293347
2026-04-06T00:00:00+00:00,69034.18,69588.0,69034.18,69083.78,1917.91608,2026-04-06T00:59:59.999000+00:00,132927144.145972,331501
2026-04-06T01:00:00+00:00,69083.79,69139.63,68787.13,68810.18,991.41564,2026-04-06T01:59:59.999000+00:00,68307439.8303646,192471
2026-04-06T02:00:00+00:00,68810.17,69408.39,68776.61,69207.99,951.83494,2026-04-06T02:59:59.999000+00:00,65860917.6749251,249670
2026-04-06T03:00:00+00:00,69207.99,69259.06,69056.86,69123.69,641.74895,2026-04-06T03:59:59.999000+00:00,44378952.7001506,128990
2026-04-06T04:00:00+00:00,69123.69,69217.68,68980.36,69141.8,640.03746,2026-04-06T04:59:59.999000+00:00,44235476.6919671,109220
2026-04-06T05:00:00+00:00,69141.81,69247.0,69086.0,69199.31,664.48642,2026-04-06T05:59:59.999000+00:00,45965363.4945856,89949
2026-04-06T06:00:00+00:00,69199.31,69354.26,68806.53,68976.67,805.10068,2026-04-06T06:59:59.999000+00:00,55594348.358664,157904
2026-04-06T07:00:00+00:00,68976.67,69215.37,68821.07,69115.91,705.20265,2026-04-06T07:59:59.999000+00:00,48679863.1419562,128759
2026-04-06T08:00:00+00:00,69115.91,69347.85,69081.88,69224.63,514.80546,2026-04-06T08:59:59.999000+00:00,35635175.9765508,129541
2026-04-06T09:00:00+00:00,69224.63,70283.32,69214.46,69728.0,2395.68342,2026-04-06T09:59:59.999000+00:00,167315166.4005289,304883
2026-04-06T10:00:00+00:00,69728.01,69950.0,69708.13,69770.88,634.91449,2026-04-06T10:59:59.999000+00:00,44324229.7822467,146780
2026-04-06T11:00:00+00:00,69770.88,69770.96,69565.01,69614.91,453.63795,2026-04-06T11:59:59.999000+00:00,31600602.710473,117169
2026-04-06T12:00:00+00:00,69614.91,69635.87,69329.23,69366.75,601.7024,2026-04-06T12:59:59.999000+00:00,41803543.4723912,140090
2026-04-06T13:00:00+00:00,69366.76,69550.0,69235.09,69428.23,656.60844,2026-04-06T13:59:59.999000+00:00,45558882.7841267,258853
2026-04-06T14:00:00+00:00,69428.23,69809.99,69163.86,69654.38,1336.92282,2026-04-06T14:59:59.999000+00:00,92916180.7537037,395903
2026-04-06T15:00:00+00:00,69654.39,69973.25,69526.87,69968.87,814.13173,2026-04-06T15:59:59.999000+00:00,56796978.4453081,276253
2026-04-06T16:00:00+00:00,69968.87,70351.46,69782.11,69799.14,1291.21899,2026-04-06T16:59:59.999000+00:00,90435596.2701883,276616
2026-04-06T17:00:00+00:00,69799.14,69820.0,69282.02,69574.61,914.30002,2026-04-06T17:59:59.999000+00:00,63557824.9804597,288489
2026-04-06T18:00:00+00:00,69574.62,69967.78,69479.49,69888.97,537.79955,2026-04-06T18:59:59.999000+00:00,37514817.0706402,200370
2026-04-06T19:00:00+00:00,69888.97,69899.99,69583.33,69739.53,431.93913,2026-04-06T19:59:59.999000+00:00,30132056.8273974,126326
2026-04-06T20:00:00+00:00,69739.52,69974.08,69625.0,69826.01,372.95882,2026-04-06T20:59:59.999000+00:00,26043000.0295966,107988
2026-04-06T21:00:00+00:00,69826.0,69826.0,69423.09,69504.99,366.00988,2026-04-06T21:59:59.999000+00:00,25469651.5324533,87356
2026-04-06T22:00:00+00:00,69504.99,69581.92,68811.0,68811.0,578.82627,2026-04-06T22:59:59.999000+00:00,40059288.456725,173755
2026-04-06T23:00:00+00:00,68811.01,68912.97,68300.0,68853.66,1062.40825,2026-04-06T23:59:59.999000+00:00,72907671.5647879,276687
2026-04-07T00:00:00+00:00,68853.66,69128.2,68723.81,68775.7,908.20417,2026-04-07T00:59:59.999000+00:00,62535426.348671,251367
2026-04-07T01:00:00+00:00,68775.71,68900.63,68352.52,68400.01,682.14287,2026-04-07T01:59:59.999000+00:00,46843653.7933118,242786
2026-04-07T02:00:00+00:00,68400.01,68713.92,68273.34,68674.0,382.32486,2026-04-07T02:59:59.999000+00:00,26193720.0277783,171409
2026-04-07T03:00:00+00:00,68674.01,68800.94,68625.59,68779.21,449.64401,2026-04-07T03:59:59.999000+00:00,30905923.0632975,108798
2026-04-07T04:00:00+00:00,68779.2,68981.83,68540.84,68854.65,480.37449,2026-04-07T04:59:59.999000+00:00,33013647.9992481,118009
2026-04-07T05:00:00+00:00,68854.65,68866.0,68613.2,68669.0,546.70209,2026-04-07T05:59:59.999000+00:00,37569041.6845113,82157
2026-04-07T06:00:00+00:00,68669.0,68669.01,68443.0,68568.35,488.73987,2026-04-07T06:59:59.999000+00:00,33514162.9307166,80264
2026-04-07T07:00:00+00:00,68568.35,68703.72,68500.0,68624.61,307.81904,2026-04-07T07:59:59.999000+00:00,21118408.2936371,79878
2026-04-07T08:00:00+00:00,68624.6,68984.48,68603.6,68936.71,338.93457,2026-04-07T08:59:59.999000+00:00,23326977.9689465,122298
2026-04-07T09:00:00+00:00,68936.71,69247.9,68930.04,69150.05,436.92801,2026-04-07T09:59:59.999000+00:00,30194541.20457,120059
2026-04-07T10:00:00+00:00,69150.06,69199.87,68200.0,68237.93,899.01254,2026-04-07T10:59:59.999000+00:00,61685973.5781185,214675
2026-04-07T11:00:00+00:00,68237.93,68455.96,68071.96,68345.75,598.71022,2026-04-07T11:59:59.999000+00:00,40876226.3982597,145690
2026-04-07T12:00:00+00:00,68345.75,68599.13,68080.0,68392.18,738.67705,2026-04-07T12:59:59.999000+00:00,50465046.3417103,170920
2026-04-07T13:00:00+00:00,68392.19,68633.87,68198.12,68231.99,822.0611,2026-04-07T13:59:59.999000+00:00,56267085.2103956,193426
2026-04-07T14:00:00+00:00,68231.99,68258.26,67763.64,67860.48,1396.10082,2026-04-07T14:59:59.999000+00:00,94928280.6084962,300701
2026-04-07T15:00:00+00:00,67860.49,68268.6,67732.01,68168.1,1084.45539,2026-04-07T15:59:59.999000+00:00,73756197.3949877,212877
2026-04-07T16:00:00+00:00,68168.11,68454.23,68085.01,68229.99,654.26405,2026-04-07T16:59:59.999000+00:00,44660742.030238,189868
2026-04-07T17:00:00+00:00,68230.0,69000.0,68198.22,68705.81,1147.70463,2026-04-07T17:59:59.999000+00:00,78749716.2149234,183673
2026-04-07T18:00:00+00:00,68705.82,68773.24,68358.1,68442.53,630.41269,2026-04-07T18:59:59.999000+00:00,43220536.8378939,132017
2026-04-07T19:00:00+00:00,68442.52,69098.44,68358.1,69011.29,1385.03929,2026-04-07T19:59:59.999000+00:00,95205486.3321365,258140
2026-04-07T20:00:00+00:00,69011.29,69535.26,69011.29,69319.39,1097.55478,2026-04-07T20:59:59.999000+00:00,76092164.7444442,196904
2026-04-07T21:00:00+00:00,69319.39,70216.68,69311.84,69927.64,1742.03489,2026-04-07T21:59:59.999000+00:00,121646710.92636,271263
2026-04-07T22:00:00+00:00,69927.65,71528.0,69927.65,71514.09,2841.66596,2026-04-07T22:59:59.999000+00:00,201139060.1447952,484080
2026-04-07T23:00:00+00:00,71514.1,72761.0,71194.9,71924.22,3690.98922,2026-04-07T23:59:59.999000+00:00,265729125.7652495,540447
2026-04-08T00:00:00+00:00,71924.22,72110.65,71541.51,71710.19,1153.45069,2026-04-08T00:59:59.999000+00:00,82891585.016868,253574
2026-04-08T01:00:00+00:00,71710.19,71758.6,71452.68,71476.97,621.6206,2026-04-08T01:59:59.999000+00:00,44495839.9635139,134202
2026-04-08T02:00:00+00:00,71476.98,71727.01,71240.99,71364.94,1153.76247,2026-04-08T02:59:59.999000+00:00,82424661.4994492,141406
2026-04-08T03:00:00+00:00,71364.95,71479.97,71277.18,71287.39,441.23135,2026-04-08T03:59:59.999000+00:00,31484697.1190931,72060
2026-04-08T04:00:00+00:00,71287.39,71676.77,71287.38,71566.18,721.11279,2026-04-08T04:59:59.999000+00:00,51578505.239984,86939
2026-04-08T05:00:00+00:00,71566.66,71831.6,71560.0,71731.1,821.79755,2026-04-08T05:59:59.999000+00:00,58915453.8261952,93637
2026-04-08T06:00:00+00:00,71731.1,71941.42,71581.14,71732.69,811.19618,2026-04-08T06:59:59.999000+00:00,58236985.7740732,104409
2026-04-08T07:00:00+00:00,71732.7,71902.0,71573.04,71627.59,943.84918,2026-04-08T07:59:59.999000+00:00,67665254.5154802,102943
2026-04-08T08:00:00+00:00,71627.59,71831.08,71627.59,71800.0,501.15204,2026-04-08T08:59:59.999000+00:00,35952018.1411609,103512
2026-04-08T09:00:00+00:00,71799.99,71955.0,71588.75,71678.87,419.9995,2026-04-08T09:59:59.999000+00:00,30146289.5204426,82392
2026-04-08T10:00:00+00:00,71678.87,71790.0,71457.61,71476.98,514.219,2026-04-08T10:59:59.999000+00:00,36814034.8028998,79930
2026-04-08T11:00:00+00:00,71476.97,71739.67,71407.77,71675.12,779.27898,2026-04-08T11:59:59.999000+00:00,55772042.317842,111924
2026-04-08T12:00:00+00:00,71675.12,72181.81,71581.76,72071.95,1226.00544,2026-04-08T12:59:59.999000+00:00,88153457.0885858,178515
2026-04-08T13:00:00+00:00,72071.95,72857.0,71510.0,71600.01,2821.31683,2026-04-08T13:59:59.999000+00:00,203814663.5188735,477399
2026-04-08T14:00:00+00:00,71600.0,71751.42,70707.23,70912.88,1895.54834,2026-04-08T14:59:59.999000+00:00,134991889.4535169,403864
2026-04-08T15:00:00+00:00,70912.89,71349.05,70833.3,71310.0,873.16856,2026-04-08T15:59:59.999000+00:00,62084245.3344589,232188
2026-04-08T16:00:00+00:00,71309.99,71699.0,71250.93,71602.1,757.94566,2026-04-08T16:59:59.999000+00:00,54126352.6416386,194907
2026-04-08T17:00:00+00:00,71602.11,71963.94,71490.55,71888.19,682.09647,2026-04-08T17:59:59.999000+00:00,48942093.059753,214797
2026-04-08T18:00:00+00:00,71888.19,71888.2,71085.22,71099.63,703.75724,2026-04-08T18:59:59.999000+00:00,50294135.1837086,231142
2026-04-08T19:00:00+00:00,71099.63,71372.22,71019.0,71318.48,473.49397,2026-04-08T19:59:59.999000+00:00,33723179.0439972,139329
2026-04-08T20:00:00+00:00,71318.47,71481.7,71267.91,71372.93,226.24698,2026-04-08T20:59:59.999000+00:00,16152198.5735886,69395
2026-04-08T21:00:00+00:00,71372.94,71748.0,71330.86,71551.39,367.89907,2026-04-08T21:59:59.999000+00:00,26332237.3544051,92323
2026-04-08T22:00:00+00:00,71551.4,71571.6,71064.84,71064.84,374.67564,2026-04-08T22:59:59.999000+00:00,26707263.7106545,109207
2026-04-08T23:00:00+00:00,71064.84,71204.0,70901.89,71069.93,517.86174,2026-04-08T23:59:59.999000+00:00,36785105.351941,133994
2026-04-09T00:00:00+00:00,71069.93,71133.71,70650.0,70815.5,677.85142,2026-04-09T00:59:59.999000+00:00,48038062.7025354,169391
2026-04-09T01:00:00+00:00,70815.5,70956.7,70466.0,70928.89,495.03665,2026-04-09T01:59:59.999000+00:00,34985280.9537107,168131
2026-04-09T02:00:00+00:00,70928.9,71198.8,70816.36,71060.64,664.15391,2026-04-09T02:59:59.999000+00:00,47176321.805166,117526
2026-04-09T03:00:00+00:00,71060.64,71124.05,70845.27,70992.39,808.25356,2026-04-09T03:59:59.999000+00:00,57361048.1456543,96910
2026-04-09T04:00:00+00:00,70992.37,71006.13,70734.77,70782.0,304.15042,2026-04-09T04:59:59.999000+00:00,21558329.1466229,69255
2026-04-09T05:00:00+00:00,70781.99,71087.12,70689.38,70984.0,495.401,2026-04-09T05:59:59.999000+00:00,35145622.9257143,86786
2026-04-09T06:00:00+00:00,70983.99,71082.71,70809.94,71031.84,538.94746,2026-04-09T06:59:59.999000+00:00,38238214.5986332,102825
2026-04-09T07:00:00+00:00,71031.83,71116.0,70955.4,70982.01,922.88611,2026-04-09T07:59:59.999000+00:00,65541937.0601367,88429
2026-04-09T08:00:00+00:00,70982.01,71380.0,70865.42,71249.51,562.42694,2026-04-09T08:59:59.999000+00:00,40032815.0264475,102601
2026-04-09T09:00:00+00:00,71249.51,71575.0,71109.99,71534.68,512.0201,2026-04-09T09:59:59.999000+00:00,36525899.9651565,91222
2026-04-09T10:00:00+00:00,71534.69,71534.69,71276.44,71276.45,304.66693,2026-04-09T10:59:59.999000+00:00,21758827.012839,75633
2026-04-09T11:00:00+00:00,71276.45,71350.0,71038.5,71150.17,446.85377,2026-04-09T11:59:59.999000+00:00,31797614.6908135,79474
2026-04-09T12:00:00+00:00,71150.17,71328.79,71040.0,71279.63,382.04593,2026-04-09T12:59:59.999000+00:00,27196614.899006,116594
2026-04-09T13:00:00+00:00,71279.63,71355.24,70629.3,70801.98,696.59545,2026-04-09T13:59:59.999000+00:00,49413505.3080736,209315
2026-04-09T14:00:00+00:00,70801.97,71250.39,70522.77,71123.71,873.72309,2026-04-09T14:59:59.999000+00:00,61939752.8580019,233439
2026-04-09T15:00:00+00:00,71123.71,72358.0,70929.44,72141.99,2048.75279,2026-04-09T15:59:59.999000+00:00,147202932.6170406,432456
2026-04-09T16:00:00+00:00,72142.0,72399.0,71729.66,72080.87,1429.6831,2026-04-09T16:59:59.999000+00:00,103099259.9896421,294918
2026-04-09T17:00:00+00:00,72080.86,72550.0,72062.38,72347.49,1415.90923,2026-04-09T17:59:59.999000+00:00,102489029.1068433,256507
2026-04-09T18:00:00+00:00,72348.0,72380.7,71747.68,71888.69,560.32535,2026-04-09T18:59:59.999000+00:00,40309125.1829912,200612
2026-04-09T19:00:00+00:00,71888.69,72300.0,71750.0,72096.32,607.89039,2026-04-09T19:59:59.999000+00:00,43799445.7230091,158739
2026-04-09T20:00:00+00:00,72096.33,72458.31,71985.95,72413.97,497.89389,2026-04-09T20:59:59.999000+00:00,35987370.7831394,104156
2026-04-09T21:00:00+00:00,72413.96,72700.0,72142.79,72264.95,771.79321,2026-04-09T21:59:59.999000+00:00,55848504.818029,133227
2026-04-09T22:00:00+00:00,72264.96,73145.0,71945.94,71946.01,1345.32358,2026-04-09T22:59:59.999000+00:00,97745801.5121387,206639
2026-04-09T23:00:00+00:00,71946.01,72025.53,71585.25,71787.97,795.83731,2026-04-09T23:59:59.999000+00:00,57132499.1779912,178240
2026-04-10T00:00:00+00:00,71787.98,72028.4,71573.35,71963.03,967.9743,2026-04-10T00:59:59.999000+00:00,69540187.2231639,177343
2026-04-10T01:00:00+00:00,71963.04,72387.0,71673.48,72157.93,679.67117,2026-04-10T01:59:59.999000+00:00,48980349.6567239,183166
2026-04-10T02:00:00+00:00,72157.93,72291.04,71921.59,71965.36,515.54191,2026-04-10T02:59:59.999000+00:00,37165170.2664672,103906
2026-04-10T03:00:00+00:00,71965.36,72027.37,71813.73,71868.67,543.68867,2026-04-10T03:59:59.999000+00:00,39104360.7708734,93275
2026-04-10T04:00:00+00:00,71868.67,72212.84,71820.47,72117.29,734.17151,2026-04-10T04:59:59.999000+00:00,52802042.35379,87041
2026-04-10T05:00:00+00:00,72117.29,72267.89,72010.4,72127.84,408.69549,2026-04-10T05:59:59.999000+00:00,29483491.7756326,80470
2026-04-10T06:00:00+00:00,72127.84,72179.85,71792.01,71805.38,448.00931,2026-04-10T06:59:59.999000+00:00,32248992.0216722,97084
2026-04-10T07:00:00+00:00,71805.39,71837.59,71428.0,71481.85,702.39043,2026-04-10T07:59:59.999000+00:00,50331092.4686047,116111
2026-04-10T08:00:00+00:00,71481.85,71769.41,71426.15,71606.07,624.89096,2026-04-10T08:59:59.999000+00:00,44729277.5163778,93574
2026-04-10T09:00:00+00:00,71606.08,71873.0,71583.47,71787.41,281.02303,2026-04-10T09:59:59.999000+00:00,20163196.1263723,90003
2026-04-10T10:00:00+00:00,71787.41,71928.29,71711.6,71910.09,238.63388,2026-04-10T10:59:59.999000+00:00,17137722.7914998,59863
2026-04-10T11:00:00+00:00,71910.1,72261.93,71903.69,72127.59,421.17579,2026-04-10T11:59:59.999000+00:00,30389986.6723456,111534
2026-04-10T12:00:00+00:00,72127.59,72458.0,72007.5,72258.68,733.4245,2026-04-10T12:59:59.999000+00:00,52984821.155966,157927
2026-04-10T13:00:00+00:00,72258.69,72409.41,71899.51,72321.4,673.2668,2026-04-10T13:59:59.999000+00:00,48591633.9485061,175966
2026-04-10T14:00:00+00:00,72321.39,73155.58,72258.0,72909.0,2362.6198,2026-04-10T14:59:59.999000+00:00,172047313.7710065,364338
2026-04-10T15:00:00+00:00,72909.0,73289.96,72355.87,72460.51,1324.05053,2026-04-10T15:59:59.999000+00:00,96414125.3761869,257240
2026-04-10T16:00:00+00:00,72460.52,73069.4,72387.41,72992.33,733.09003,2026-04-10T16:59:59.999000+00:00,53317271.9031704,191787
2026-04-10T17:00:00+00:00,72992.32,73146.0,72802.96,73121.66,454.50524,2026-04-10T17:59:59.999000+00:00,33157027.6519644,129537
2026-04-10T18:00:00+00:00,73121.66,73159.81,72880.95,73107.07,597.01721,2026-04-10T18:59:59.999000+00:00,43583437.370255,118164
2026-04-10T19:00:00+00:00,73107.07,73264.76,72900.0,73236.11,713.54118,2026-04-10T19:59:59.999000+00:00,52137388.2977601,115349
2026-04-10T20:00:00+00:00,73236.11,73434.0,73051.97,73361.68,872.16866,2026-04-10T20:59:59.999000+00:00,63876843.3556579,137530
2026-04-10T21:00:00+00:00,73361.68,73364.47,72934.53,73190.67,654.89865,2026-04-10T21:59:59.999000+00:00,47869940.206939,97611
2026-04-10T22:00:00+00:00,73190.68,73244.03,72700.6,72877.0,798.3469,2026-04-10T22:59:59.999000+00:00,58284587.9668491,88020
2026-04-10T23:00:00+00:00,72877.01,72967.79,72791.96,72962.7,889.83693,2026-04-10T23:59:59.999000+00:00,64855375.4078782,49469
2026-04-11T00:00:00+00:00,72962.71,72962.71,72787.94,72828.42,801.54149,2026-04-11T00:59:59.999000+00:00,58402473.2731371,56493
2026-04-11T01:00:00+00:00,72828.42,72999.99,72670.0,72954.39,320.3002,2026-04-11T01:59:59.999000+00:00,23324296.6759933,59118
2026-04-11T02:00:00+00:00,72954.39,73094.89,72910.93,72966.57,288.43552,2026-04-11T02:59:59.999000+00:00,21056448.0531107,57560
2026-04-11T03:00:00+00:00,72966.58,73075.34,72814.42,72866.63,227.12944,2026-04-11T03:59:59.999000+00:00,16573618.0134006,44084
2026-04-11T04:00:00+00:00,72866.62,72954.28,72681.9,72806.08,298.14959,2026-04-11T04:59:59.999000+00:00,21704019.8294316,45783
2026-04-11T05:00:00+00:00,72806.08,72836.55,72679.08,72722.28,222.17067,2026-04-11T05:59:59.999000+00:00,16167949.1156153,36947
2026-04-11T06:00:00+00:00,72722.28,72771.32,72612.16,72762.0,590.44339,2026-04-11T06:59:59.999000+00:00,42920425.3772276,52977
2026-04-11T07:00:00+00:00,72762.01,72832.0,72672.56,72745.38,321.42327,2026-04-11T07:59:59.999000+00:00,23385628.5433212,44028
2026-04-11T08:00:00+00:00,72745.38,72799.57,72638.44,72664.17,263.67236,2026-04-11T08:59:59.999000+00:00,19174348.22322,29200
2026-04-11T09:00:00+00:00,72664.16,72908.0,72617.75,72907.11,306.96352,2026-04-11T09:59:59.999000+00:00,22337975.1195,51068
2026-04-11T10:00:00+00:00,72907.12,72915.95,72760.9,72843.71,224.83128,2026-04-11T10:59:59.999000+00:00,16375992.4904782,38211
2026-04-11T11:00:00+00:00,72843.7,72912.0,72826.37,72907.05,109.63598,2026-04-11T11:59:59.999000+00:00,7987816.3932615,29708
2026-04-11T12:00:00+00:00,72907.05,72982.4,72814.97,72940.49,180.21756,2026-04-11T12:59:59.999000+00:00,13139494.835785,38941
2026-04-11T13:00:00+00:00,72940.5,72940.5,72513.09,72658.07,493.97275,2026-04-11T13:59:59.999000+00:00,35904703.1549344,85293
2026-04-11T14:00:00+00:00,72658.07,72770.91,72609.27,72704.67,212.83973,2026-04-11T14:59:59.999000+00:00,15468936.7663368,45333
2026-04-11T15:00:00+00:00,72704.66,72896.03,72678.0,72858.17,246.74388,2026-04-11T15:59:59.999000+00:00,17957494.266229,58674
2026-04-11T16:00:00+00:00,72858.18,73204.74,72812.94,73034.33,656.04744,2026-04-11T16:59:59.999000+00:00,47861477.0419754,90094
2026-04-11T17:00:00+00:00,73034.34,73169.04,72942.06,73095.97,269.56328,2026-04-11T17:59:59.999000+00:00,19698687.6281837,59183
2026-04-11T18:00:00+00:00,73095.97,73726.13,73032.61,73547.89,856.65701,2026-04-11T18:59:59.999000+00:00,62942906.818033,147995
2026-04-11T19:00:00+00:00,73547.9,73790.0,73472.38,73687.15,595.037,2026-04-11T19:59:59.999000+00:00,43817627.3132422,120747
2026-04-11T20:00:00+00:00,73687.16,73689.97,73226.28,73290.43,395.49217,2026-04-11T20:59:59.999000+00:00,29040370.4771687,77222
2026-04-11T21:00:00+00:00,73290.43,73548.08,73200.48,73427.04,366.94025,2026-04-11T21:59:59.999000+00:00,26938813.4335471,66984
2026-04-11T22:00:00+00:00,73427.04,73574.0,73234.25,73376.01,431.15797,2026-04-11T22:59:59.999000+00:00,31636211.8701004,57637
2026-04-11T23:00:00+00:00,73376.01,73376.01,72907.4,73043.16,391.57799,2026-04-11T23:59:59.999000+00:00,28619398.9964374,78761
2026-04-12T00:00:00+00:00,73043.16,73117.32,72873.25,73079.96,390.45862,2026-04-12T00:59:59.999000+00:00,28508853.2221783,69036
2026-04-12T01:00:00+00:00,73079.96,73137.24,71310.0,71643.69,2072.10202,2026-04-12T01:59:59.999000+00:00,149195848.2831889,318005
2026-04-12T02:00:00+00:00,71643.69,71982.46,71352.47,71761.35,839.35622,2026-04-12T02:59:59.999000+00:00,60233975.9055189,192867
2026-04-12T03:00:00+00:00,71761.35,71861.33,71593.18,71593.19,790.20901,2026-04-12T03:59:59.999000+00:00,56670454.8605221,92149
2026-04-12T04:00:00+00:00,71593.18,71685.31,71444.68,71466.53,611.50691,2026-04-12T04:59:59.999000+00:00,43753760.5327903,70523
2026-04-12T05:00:00+00:00,71466.53,71781.0,71417.22,71710.2,667.76838,2026-04-12T05:59:59.999000+00:00,47848805.5307096,55434
2026-04-12T06:00:00+00:00,71710.19,71753.33,71633.77,71668.01,377.10612,2026-04-12T06:59:59.999000+00:00,27036333.7991816,32504
2026-04-12T07:00:00+00:00,71668.01,71747.31,71588.57,71665.0,313.33908,2026-04-12T07:59:59.999000+00:00,22456747.4717064,35465
2026-04-12T08:00:00+00:00,71664.99,71805.85,71595.0,71629.21,922.36362,2026-04-12T08:59:59.999000+00:00,66134158.5708839,42803
2026-04-12T09:00:00+00:00,71629.21,71633.01,71488.45,71531.94,372.12981,2026-04-12T09:59:59.999000+00:00,26628235.8571809,35976
2026-04-12T10:00:00+00:00,71531.95,71682.72,71357.76,71452.89,274.78665,2026-04-12T10:59:59.999000+00:00,19654281.2387854,46696
2026-04-12T11:00:00+00:00,71452.89,71556.12,71412.57,71468.55,211.53603,2026-04-12T11:59:59.999000+00:00,15120261.4066555,36286
2026-04-12T12:00:00+00:00,71468.54,71500.0,71077.44,71084.01,608.12473,2026-04-12T12:59:59.999000+00:00,43349064.637777,77183
2026-04-12T13:00:00+00:00,71084.01,71146.03,70866.82,70889.42,708.82478,2026-04-12T13:59:59.999000+00:00,50331220.2708717,132827
2026-04-12T14:00:00+00:00,70889.42,71092.78,70700.0,70748.34,541.94034,2026-04-12T14:59:59.999000+00:00,38419904.2271711,97857
2026-04-12T15:00:00+00:00,70748.34,70932.0,70604.07,70892.03,502.43194,2026-04-12T15:59:59.999000+00:00,35567537.6977996,71109
2026-04-12T16:00:00+00:00,70892.04,70959.51,70821.05,70936.27,259.94883,2026-04-12T16:59:59.999000+00:00,18431043.3342458,53254
2026-04-12T17:00:00+00:00,70936.27,71202.0,70900.0,71140.51,322.7326,2026-04-12T17:59:59.999000+00:00,22918451.8854123,58429
2026-04-12T18:00:00+00:00,71140.51,71214.08,71056.2,71137.64,176.22609,2026-04-12T18:59:59.999000+00:00,12535475.575244,42584
2026-04-12T19:00:00+00:00,71137.65,71222.58,71078.76,71084.18,233.07874,2026-04-12T19:59:59.999000+00:00,16579417.4685587,27123
2026-04-12T20:00:00+00:00,71084.18,71440.0,70956.83,71335.43,622.27061,2026-04-12T20:59:59.999000+00:00,44257083.9491937,63382
2026-04-12T21:00:00+00:00,71335.43,71452.0,71163.01,71364.02,234.93742,2026-04-12T21:59:59.999000+00:00,16749684.2750426,59364
2026-04-12T22:00:00+00:00,71364.03,71367.85,70505.88,70912.73,908.94869,2026-04-12T22:59:59.999000+00:00,64375857.0950725,249362
2026-04-12T23:00:00+00:00,70912.73,70912.73,70571.66,70740.98,510.34077,2026-04-12T23:59:59.999000+00:00,36069434.7209003,108561
2026-04-13T00:00:00+00:00,70741.56,71262.63,70615.3,71172.62,546.73984,2026-04-13T00:59:59.999000+00:00,38797142.7914749,136458
2026-04-13T01:00:00+00:00,71172.63,71227.28,71027.26,71197.64,720.27854,2026-04-13T01:59:59.999000+00:00,51228858.8398601,95936
2026-04-13T02:00:00+00:00,71197.64,71271.78,70986.71,71073.14,270.71272,2026-04-13T02:59:59.999000+00:00,19250817.3334658,81509
2026-04-13T03:00:00+00:00,71073.14,71155.42,70917.27,70976.0,348.9161,2026-04-13T03:59:59.999000+00:00,24783871.1231812,74724
2026-04-13T04:00:00+00:00,70975.99,71144.0,70854.29,70890.3,584.47308,2026-04-13T04:59:59.999000+00:00,41510696.3414808,69844
2026-04-13T05:00:00+00:00,70890.3,70920.0,70672.72,70878.82,533.46945,2026-04-13T05:59:59.999000+00:00,37786560.8043702,80364
2026-04-13T06:00:00+00:00,70878.82,71106.54,70878.82,71017.66,697.01918,2026-04-13T06:59:59.999000+00:00,49501225.7215433,63373
2026-04-13T07:00:00+00:00,71017.66,71067.91,70685.25,70813.88,859.13978,2026-04-13T07:59:59.999000+00:00,60824731.4347402,83453
2026-04-13T08:00:00+00:00,70813.88,70861.01,70566.99,70680.7,334.12518,2026-04-13T08:59:59.999000+00:00,23621406.8828568,78710
2026-04-13T09:00:00+00:00,70680.7,70910.68,70678.0,70792.88,250.58431,2026-04-13T09:59:59.999000+00:00,17733390.0369803,60867
2026-04-13T10:00:00+00:00,70792.89,70846.9,70688.28,70755.88,177.99631,2026-04-13T10:59:59.999000+00:00,12598093.1767469,58596
2026-04-13T11:00:00+00:00,70755.89,70997.12,70736.29,70929.68,260.33899,2026-04-13T11:59:59.999000+00:00,18454546.9874062,65407
2026-04-13T12:00:00+00:00,70929.68,71219.8,70758.5,71074.91,460.129,2026-04-13T12:59:59.999000+00:00,32655077.6110468,110238
2026-04-13T13:00:00+00:00,71074.92,71700.82,70818.57,71662.65,1544.74455,2026-04-13T13:59:59.999000+00:00,110124310.2427737,243613
2026-04-13T14:00:00+00:00,71662.65,72401.0,71375.24,72400.15,2098.23774,2026-04-13T14:59:59.999000+00:00,150677973.3246919,339547
2026-04-13T15:00:00+00:00,72400.15,72464.28,71652.65,71866.59,1342.3378,2026-04-13T15:59:59.999000+00:00,96570112.6006067,221524
2026-04-13T16:00:00+00:00,71866.59,72437.25,71679.8,72202.36,1514.19404,2026-04-13T16:59:59.999000+00:00,109287825.5068279,277423
2026-04-13T17:00:00+00:00,72202.37,72600.0,72069.01,72148.87,1653.64723,2026-04-13T17:59:59.999000+00:00,119621538.1658269,201060
2026-04-13T18:00:00+00:00,72148.87,72460.42,72053.78,72424.86,965.95939,2026-04-13T18:59:59.999000+00:00,69745605.1758175,145307
2026-04-13T19:00:00+00:00,72424.86,73480.0,72298.93,73322.82,2632.95065,2026-04-13T19:59:59.999000+00:00,192056753.4836054,295565
2026-04-13T20:00:00+00:00,73322.0,73394.37,73007.08,73149.36,1081.57049,2026-04-13T20:59:59.999000+00:00,79132258.0243946,169843
2026-04-13T21:00:00+00:00,73149.36,73368.08,73072.85,73179.71,387.90227,2026-04-13T21:59:59.999000+00:00,28394013.5299227,83076
2026-04-13T22:00:00+00:00,73179.71,74746.61,73172.01,74627.04,3298.60756,2026-04-13T22:59:59.999000+00:00,244623337.1897557,386662
2026-04-13T23:00:00+00:00,74627.04,74900.0,74405.64,74417.99,1666.14205,2026-04-13T23:59:59.999000+00:00,124390171.8547894,250440
2026-04-14T00:00:00+00:00,74418.0,74517.31,74102.39,74163.82,1276.45858,2026-04-14T00:59:59.999000+00:00,94827853.699114,153466
2026-04-14T01:00:00+00:00,74163.82,74431.0,73954.86,74386.02,1065.1631,2026-04-14T01:59:59.999000+00:00,79071306.0555248,121754
2026-04-14T02:00:00+00:00,74386.03,74579.32,74283.2,74330.98,598.05117,2026-04-14T02:59:59.999000+00:00,44506257.773537,99256
2026-04-14T03:00:00+00:00,74330.99,74496.9,74252.35,74444.43,646.36946,2026-04-14T03:59:59.999000+00:00,48059361.2165504,74844
2026-04-14T04:00:00+00:00,74444.44,74504.52,74351.55,74387.85,484.30563,2026-04-14T04:59:59.999000+00:00,36051201.1996385,69205
2026-04-14T05:00:00+00:00,74387.85,74434.41,74150.6,74210.11,838.40961,2026-04-14T05:59:59.999000+00:00,62291961.4671441,77455
2026-04-14T06:00:00+00:00,74210.12,74550.0,74210.12,74522.73,614.57152,2026-04-14T06:59:59.999000+00:00,45726221.6308916,84838
2026-04-14T07:00:00+00:00,74522.72,74924.64,74430.92,74546.0,1456.55359,2026-04-14T07:59:59.999000+00:00,108683345.0659559,170699
2026-04-14T08:00:00+00:00,74545.99,74910.0,74460.64,74750.0,938.29896,2026-04-14T08:59:59.999000+00:00,70072552.6214992,128477
2026-04-14T09:00:00+00:00,74750.0,74830.93,74435.12,74500.0,565.8647,2026-04-14T09:59:59.999000+00:00,42250800.5916566,99327
2026-04-14T10:00:00+00:00,74500.0,74617.92,74333.46,74350.01,540.18312,2026-04-14T10:59:59.999000+00:00,40215466.51116,86599
2026-04-14T11:00:00+00:00,74350.01,74450.63,74307.35,74376.52,653.35819,2026-04-14T11:59:59.999000+00:00,48598555.547963,85765
2026-04-14T12:00:00+00:00,74376.52,74485.06,74277.19,74452.0,513.51818,2026-04-14T12:59:59.999000+00:00,38184571.8413146,109433
2026-04-14T13:00:00+00:00,74452.0,75532.94,74407.74,75525.94,3246.78739,2026-04-14T13:59:59.999000+00:00,243807169.8852537,351589
2026-04-14T14:00:00+00:00,75525.94,76038.0,75013.61,75013.62,4357.56106,2026-04-14T14:59:59.999000+00:00,329235907.20463,566851
2026-04-14T15:00:00+00:00,75013.61,75441.99,74564.34,75317.07,1661.60412,2026-04-14T15:59:59.999000+00:00,124592979.1791482,307033
2026-04-14T16:00:00+00:00,75317.06,75688.0,74527.02,74652.2,1265.45725,2026-04-14T16:59:59.999000+00:00,95167311.840962,248783
2026-04-14T17:00:00+00:00,74652.2,74948.78,74244.63,74748.9,985.979,2026-04-14T17:59:59.999000+00:00,73563868.0752057,221985
2026-04-14T18:00:00+00:00,74748.89,74814.99,73795.47,74093.19,1613.97962,2026-04-14T18:59:59.999000+00:00,119744375.5721359,243360
2026-04-14T19:00:00+00:00,74093.18,74398.43,73882.79,74223.18,1054.69346,2026-04-14T19:59:59.999000+00:00,78250699.3322821,240060
2026-04-14T20:00:00+00:00,74223.3,74434.33,74015.53,74102.29,434.25271,2026-04-14T20:59:59.999000+00:00,32248935.2134369,100740
2026-04-14T21:00:00+00:00,74102.28,74320.44,73951.64,74277.15,381.06364,2026-04-14T21:59:59.999000+00:00,28241755.3442109,104965
2026-04-14T22:00:00+00:00,74277.16,74373.19,73806.09,74023.15,638.74603,2026-04-14T22:59:59.999000+00:00,47322019.9332938,157776
2026-04-14T23:00:00+00:00,74023.16,74232.83,74001.08,74131.55,701.71447,2026-04-14T23:59:59.999000+00:00,52014512.804711,129188
2026-04-15T00:00:00+00:00,74131.55,74677.19,74126.32,74568.36,874.99865,2026-04-15T00:59:59.999000+00:00,65206946.3226341,150796
2026-04-15T01:00:00+00:00,74568.37,74786.72,74500.0,74613.28,443.16738,2026-04-15T01:59:59.999000+00:00,33080056.455906,110116
2026-04-15T02:00:00+00:00,74613.28,74697.47,74188.0,74322.0,506.95652,2026-04-15T02:59:59.999000+00:00,37691627.5731393,92626
2026-04-15T03:00:00+00:00,74322.01,74372.84,74173.75,74345.97,317.62112,2026-04-15T03:59:59.999000+00:00,23590612.7605986,65850
2026-04-15T04:00:00+00:00,74345.98,74434.51,74261.47,74340.38,660.47305,2026-04-15T04:59:59.999000+00:00,49101689.3750841,67127
2026-04-15T05:00:00+00:00,74340.38,74434.0,73864.01,74021.5,542.04465,2026-04-15T05:59:59.999000+00:00,40150558.3199729,107823
2026-04-15T06:00:00+00:00,74021.5,74048.95,73855.49,73891.62,419.09008,2026-04-15T06:59:59.999000+00:00,30991146.4081319,78101
2026-04-15T07:00:00+00:00,73891.62,74016.67,73514.0,73730.43,1451.80452,2026-04-15T07:59:59.999000+00:00,107069346.4588638,159076
2026-04-15T08:00:00+00:00,73730.43,74181.9,73675.96,74110.51,532.83471,2026-04-15T08:59:59.999000+00:00,39420858.4290666,81706
2026-04-15T09:00:00+00:00,74110.52,74176.49,73909.49,74011.69,363.2179,2026-04-15T09:59:59.999000+00:00,26891047.149731,75537
2026-04-15T10:00:00+00:00,74011.7,74250.0,73789.5,73864.75,548.88747,2026-04-15T10:59:59.999000+00:00,40611098.8225602,128551
2026-04-15T11:00:00+00:00,73864.76,74256.44,73864.76,74201.78,444.7329,2026-04-15T11:59:59.999000+00:00,32936659.9829457,107095
2026-04-15T12:00:00+00:00,74201.78,74466.1,74051.64,74273.77,567.44529,2026-04-15T12:59:59.999000+00:00,42142119.766745,122795
2026-04-15T13:00:00+00:00,74273.77,74434.51,73817.23,74063.92,676.35905,2026-04-15T13:59:59.999000+00:00,50151206.6729847,214585
2026-04-15T14:00:00+00:00,74063.91,74506.84,73830.0,74151.81,757.76569,2026-04-15T14:59:59.999000+00:00,56232229.9786329,235845
2026-04-15T15:00:00+00:00,74151.81,74299.07,73580.85,73844.08,743.29132,2026-04-15T15:59:59.999000+00:00,54927663.6201075,213542
2026-04-15T16:00:00+00:00,73844.07,74176.0,73762.89,73941.09,547.84936,2026-04-15T16:59:59.999000+00:00,40537953.5883425,199240
2026-04-15T17:00:00+00:00,73941.09,74242.0,73915.48,74134.95,593.44252,2026-04-15T17:59:59.999000+00:00,43952346.9835537,144547
2026-04-15T18:00:00+00:00,74134.95,74399.75,74073.61,74390.29,407.09098,2026-04-15T18:59:59.999000+00:00,30221377.9020401,123107
2026-04-15T19:00:00+00:00,74390.29,75281.0,74355.46,75002.6,1179.99077,2026-04-15T19:59:59.999000+00:00,88355096.3373746,221273
2026-04-15T20:00:00+00:00,75002.6,75039.92,74512.06,74841.68,570.09892,2026-04-15T20:59:59.999000+00:00,42613440.1328257,152461
2026-04-15T21:00:00+00:00,74841.67,74855.16,74540.23,74743.1,310.66035,2026-04-15T21:59:59.999000+00:00,23208623.4154635,93303
2026-04-15T22:00:00+00:00,74743.1,75425.0,74740.02,74964.0,653.95001,2026-04-15T22:59:59.999000+00:00,49092404.0022511,143908
2026-04-15T23:00:00+00:00,74964.01,74964.01,74620.95,74809.99,311.26846,2026-04-15T23:59:59.999000+00:00,23272502.0780664,98782
2026-04-16T00:00:00+00:00,74809.99,74874.93,74451.49,74815.1,636.94865,2026-04-16T00:59:59.999000+00:00,47586343.7400296,113775
2026-04-16T01:00:00+00:00,74815.09,74815.09,74454.09,74657.66,240.65148,2026-04-16T01:59:59.999000+00:00,17958378.4593807,96837
2026-04-16T02:00:00+00:00,74657.67,75267.85,74601.27,74887.24,589.65615,2026-04-16T02:59:59.999000+00:00,44198272.6866973,154421
2026-04-16T03:00:00+00:00,74887.23,75159.26,74865.5,74888.21,470.71966,2026-04-16T03:59:59.999000+00:00,35301525.6265469,128264
2026-04-16T04:00:00+00:00,74888.21,75174.38,74728.0,74944.15,513.51186,2026-04-16T04:59:59.999000+00:00,38484583.1915083,121929
2026-04-16T05:00:00+00:00,74944.15,75139.82,74900.0,75043.48,359.01217,2026-04-16T05:59:59.999000+00:00,26942623.1348092,84505
2026-04-16T06:00:00+00:00,75043.47,75115.12,74853.72,75045.01,604.84284,2026-04-16T06:59:59.999000+00:00,45372964.7176577,82824
2026-04-16T07:00:00+00:00,75045.01,75082.78,74636.0,74707.03,708.0609,2026-04-16T07:59:59.999000+00:00,53015980.9169583,91556
2026-04-16T08:00:00+00:00,74707.02,74744.35,74500.0,74677.91,669.8621,2026-04-16T08:59:59.999000+00:00,49975725.5697379,107568
2026-04-16T09:00:00+00:00,74677.91,74901.5,74594.01,74594.02,316.26697,2026-04-16T09:59:59.999000+00:00,23639051.4094689,83622
2026-04-16T10:00:00+00:00,74594.02,74653.12,74277.34,74313.0,526.53069,2026-04-16T10:59:59.999000+00:00,39187367.0337267,116235
2026-04-16T11:00:00+00:00,74312.99,74663.27,74285.0,74574.79,1174.6136,2026-04-16T11:59:59.999000+00:00,87473085.2178041,89776
2026-04-16T12:00:00+00:00,74574.8,74872.0,74574.79,74624.0,529.55969,2026-04-16T12:59:59.999000+00:00,39541986.2346049,87567
2026-04-16T13:00:00+00:00,74624.01,75030.39,73309.85,73788.03,1828.93731,2026-04-16T13:59:59.999000+00:00,135699355.7921879,337317
2026-04-16T14:00:00+00:00,73788.03,74197.32,73426.94,73973.33,1331.31817,2026-04-16T14:59:59.999000+00:00,98214156.4711314,308871
2026-04-16T15:00:00+00:00,73973.33,74878.99,73934.44,74697.19,1520.20876,2026-04-16T15:59:59.999000+00:00,113151364.0552232,261654
2026-04-16T16:00:00+00:00,74697.2,74932.0,74063.0,74175.57,762.35705,2026-04-16T16:59:59.999000+00:00,56825461.6545819,236922
2026-04-16T17:00:00+00:00,74175.58,74438.31,73912.23,74343.25,751.1945,2026-04-16T17:59:59.999000+00:00,55718779.5035551,227675
2026-04-16T18:00:00+00:00,74343.25,75089.0,74240.0,75026.71,780.63438,2026-04-16T18:59:59.999000+00:00,58274767.1645487,202159
2026-04-16T19:00:00+00:00,75026.71,75410.71,74717.97,75342.99,1203.37407,2026-04-16T19:59:59.999000+00:00,90367138.4547212,226250
2026-04-16T20:00:00+00:00,75343.0,75534.76,75001.0,75223.47,661.71844,2026-04-16T20:59:59.999000+00:00,49814563.3008432,138253
2026-04-16T21:00:00+00:00,75223.48,75286.51,74789.5,74934.24,451.58433,2026-04-16T21:59:59.999000+00:00,33865947.1941593,103362
2026-04-16T22:00:00+00:00,74934.24,75117.0,74833.14,74867.92,232.35004,2026-04-16T22:59:59.999000+00:00,17416558.5817607,97909
2026-04-16T23:00:00+00:00,74867.92,75177.76,74840.92,75154.29,224.77396,2026-04-16T23:59:59.999000+00:00,16868143.6379683,82639
2026-04-17T00:00:00+00:00,75154.28,75154.77,74886.82,74944.98,796.37355,2026-04-17T00:59:59.999000+00:00,59698157.7692514,77612
2026-04-17T01:00:00+00:00,74944.99,75034.49,74569.99,74750.0,407.29847,2026-04-17T01:59:59.999000+00:00,30462248.4918277,76031
2026-04-17T02:00:00+00:00,74750.0,74802.98,74529.4,74700.0,235.53372,2026-04-17T02:59:59.999000+00:00,17583918.8990637,62651
2026-04-17T03:00:00+00:00,74700.0,74839.31,74606.12,74615.82,721.66261,2026-04-17T03:59:59.999000+00:00,53904653.6245627,74785
2026-04-17T04:00:00+00:00,74615.82,74871.11,74589.88,74791.39,213.9543,2026-04-17T04:59:59.999000+00:00,15990254.7468502,58728
2026-04-17T05:00:00+00:00,74791.39,74801.13,74555.12,74637.77,241.61979,2026-04-17T05:59:59.999000+00:00,18040487.8953583,66355
2026-04-17T06:00:00+00:00,74637.77,74950.0,74604.62,74938.52,276.57366,2026-04-17T06:59:59.999000+00:00,20686513.079232,68501
2026-04-17T07:00:00+00:00,74938.53,75089.51,74930.0,75074.77,607.34373,2026-04-17T07:59:59.999000+00:00,45545828.0957556,100165
2026-04-17T08:00:00+00:00,75074.76,75881.95,74993.24,75780.38,1494.62708,2026-04-17T08:59:59.999000+00:00,112706115.7416004,186424
2026-04-17T09:00:00+00:00,75780.38,76370.25,75518.78,75779.99,2004.70646,2026-04-17T09:59:59.999000+00:00,152170902.8029678,307912
2026-04-17T10:00:00+00:00,75779.99,75886.01,75095.93,75278.77,1050.31882,2026-04-17T10:59:59.999000+00:00,79211045.3791086,180728
2026-04-17T11:00:00+00:00,75278.77,75609.77,75246.65,75589.7,429.61331,2026-04-17T11:59:59.999000+00:00,32408053.1850884,110324
2026-04-17T12:00:00+00:00,75589.7,76265.82,75531.97,76233.05,1128.91448,2026-04-17T12:59:59.999000+00:00,85746581.0148411,283124
2026-04-17T13:00:00+00:00,76233.06,77417.61,76061.57,77340.12,5123.01639,2026-04-17T13:59:59.999000+00:00,393243741.6191717,811229
2026-04-17T14:00:00+00:00,77340.11,78052.49,77015.39,77886.77,3617.10048,2026-04-17T14:59:59.999000+00:00,280949012.5462597,574547
2026-04-17T15:00:00+00:00,77886.77,77999.0,77444.44,77785.02,1975.14451,2026-04-17T15:59:59.999000+00:00,153601428.2416916,442136
2026-04-17T16:00:00+00:00,77785.03,78333.0,77705.2,77857.14,1402.18359,2026-04-17T16:59:59.999000+00:00,109433612.7743748,306237
2026-04-17T17:00:00+00:00,77857.15,77917.77,77101.49,77520.59,1173.45635,2026-04-17T17:59:59.999000+00:00,90895802.1552623,330453
2026-04-17T18:00:00+00:00,77520.59,77565.63,77088.23,77159.89,637.39265,2026-04-17T18:59:59.999000+00:00,49230525.6649365,216645
2026-04-17T19:00:00+00:00,77159.88,77473.44,77000.0,77393.58,652.45495,2026-04-17T19:59:59.999000+00:00,50419934.3987372,199218
2026-04-17T20:00:00+00:00,77393.58,77611.68,77160.12,77337.64,357.23206,2026-04-17T20:59:59.999000+00:00,27644403.7031033,123576
2026-04-17T21:00:00+00:00,77337.64,77494.69,77278.72,77445.73,307.76412,2026-04-17T21:59:59.999000+00:00,23817562.6622985,88380
2026-04-17T22:00:00+00:00,77445.74,77510.0,77274.56,77301.25,474.88113,2026-04-17T22:59:59.999000+00:00,36762606.8222266,96266
2026-04-17T23:00:00+00:00,77301.25,77302.0,76911.0,77072.0,612.20073,2026-04-17T23:59:59.999000+00:00,47189817.5270999,89140
2026-04-18T00:00:00+00:00,77072.01,77258.55,76978.17,77168.0,324.03843,2026-04-18T00:59:59.999000+00:00,24997816.4473887,85562
2026-04-18T01:00:00+00:00,77168.22,77330.0,77115.77,77218.07,266.4299,2026-04-18T01:59:59.999000+00:00,20581769.7054036,66450
2026-04-18T02:00:00+00:00,77218.06,77420.08,77124.63,77292.52,268.04149,2026-04-18T02:59:59.999000+00:00,20716566.4454113,64695
2026-04-18T03:00:00+00:00,77292.53,77296.95,76962.67,77005.47,268.91717,2026-04-18T03:59:59.999000+00:00,20737826.2410849,65281
2026-04-18T04:00:00+00:00,77005.47,77162.08,76884.1,77100.74,370.07883,2026-04-18T04:59:59.999000+00:00,28502278.3618154,65996
2026-04-18T05:00:00+00:00,77100.73,77278.58,77100.73,77134.66,312.05483,2026-04-18T05:59:59.999000+00:00,24080732.0252527,46244
2026-04-18T06:00:00+00:00,77134.66,77217.0,77058.4,77136.01,168.72376,2026-04-18T06:59:59.999000+00:00,13013538.6874268,42869
2026-04-18T07:00:00+00:00,77136.01,77136.01,76890.0,76997.8,276.05173,2026-04-18T07:59:59.999000+00:00,21263545.1178759,48873
2026-04-18T08:00:00+00:00,76997.79,77048.0,76501.0,76738.63,773.24357,2026-04-18T08:59:59.999000+00:00,59307208.428316,138353
2026-04-18T09:00:00+00:00,76738.62,76738.63,76409.37,76599.89,462.93265,2026-04-18T09:59:59.999000+00:00,35447489.4094953,85663
2026-04-18T10:00:00+00:00,76599.89,76599.9,76132.32,76189.56,624.93038,2026-04-18T10:59:59.999000+00:00,47679453.5871603,117550
2026-04-18T11:00:00+00:00,76189.55,76189.56,75763.76,76039.05,809.07399,2026-04-18T11:59:59.999000+00:00,61480530.9354119,164616
2026-04-18T12:00:00+00:00,76039.06,76300.0,76039.05,76206.97,492.57948,2026-04-18T12:59:59.999000+00:00,37530289.2068946,116585
2026-04-18T13:00:00+00:00,76206.98,76212.7,75797.53,76122.87,456.87331,2026-04-18T13:59:59.999000+00:00,34751923.5891193,111565
2026-04-18T14:00:00+00:00,76122.88,76288.4,75959.68,76249.99,461.97289,2026-04-18T14:59:59.999000+00:00,35199675.4503032,79442
2026-04-18T15:00:00+00:00,76250.0,76363.75,76003.97,76167.34,261.12334,2026-04-18T15:59:59.999000+00:00,19893836.2711232,78885
2026-04-18T16:00:00+00:00,76167.33,76211.57,75691.03,75943.35,522.36094,2026-04-18T16:59:59.999000+00:00,39686080.2694452,119048
2026-04-18T17:00:00+00:00,75943.34,75958.23,75778.69,75828.51,256.05723,2026-04-18T17:59:59.999000+00:00,19428642.8633038,69071
2026-04-18T18:00:00+00:00,75828.51,75844.66,75445.16,75651.78,591.47146,2026-04-18T18:59:59.999000+00:00,44739784.7721042,123330
2026-04-18T19:00:00+00:00,75651.78,75796.32,75574.22,75649.85,194.3187,2026-04-18T19:59:59.999000+00:00,14703204.2019458,60169
2026-04-18T20:00:00+00:00,75649.86,75834.3,75608.44,75754.78,484.97143,2026-04-18T20:59:59.999000+00:00,36722266.1194227,58976
2026-04-18T21:00:00+00:00,75754.77,75839.1,75599.64,75821.34,197.94348,2026-04-18T21:59:59.999000+00:00,14991857.3603144,51776
2026-04-18T22:00:00+00:00,75821.35,75873.1,75608.89,75813.53,155.69572,2026-04-18T22:59:59.999000+00:00,11793631.8011001,45916
2026-04-18T23:00:00+00:00,75813.53,75891.64,75685.69,75691.76,141.95985,2026-04-18T23:59:59.999000+00:00,10758620.636888,34197
2026-04-19T00:00:00+00:00,75691.76,75847.42,75551.73,75693.01,297.06433,2026-04-19T00:59:59.999000+00:00,22476226.7396884,59507
2026-04-19T01:00:00+00:00,75693.0,75798.47,75457.11,75621.95,321.53516,2026-04-19T01:59:59.999000+00:00,24324467.4672173,59397
2026-04-19T02:00:00+00:00,75621.96,75722.21,75407.84,75496.0,212.48934,2026-04-19T02:59:59.999000+00:00,16052972.9457954,68980
2026-04-19T03:00:00+00:00,75496.01,75637.44,75357.0,75515.77,175.28804,2026-04-19T03:59:59.999000+00:00,13234380.4546228,60536
2026-04-19T04:00:00+00:00,75515.76,75782.63,75424.4,75664.62,294.60425,2026-04-19T04:59:59.999000+00:00,22275335.5311796,79047
2026-04-19T05:00:00+00:00,75664.62,75687.04,75516.39,75545.6,174.63786,2026-04-19T05:59:59.999000+00:00,13199461.8437409,36755
2026-04-19T06:00:00+00:00,75545.6,75545.6,75280.92,75400.09,385.31594,2026-04-19T06:59:59.999000+00:00,29061573.6805404,62106
2026-04-19T07:00:00+00:00,75400.09,75400.09,74867.72,75252.34,771.61495,2026-04-19T07:59:59.999000+00:00,57953703.5833059,132049
2026-04-19T08:00:00+00:00,75252.33,75299.99,75071.58,75257.6,333.58261,2026-04-19T08:59:59.999000+00:00,25087936.9228041,69342
2026-04-19T09:00:00+00:00,75257.59,75265.0,74921.74,75015.0,313.21615,2026-04-19T09:59:59.999000+00:00,23511815.3692992,76496
2026-04-19T10:00:00+00:00,75015.0,75243.02,74933.87,75222.45,323.18472,2026-04-19T10:59:59.999000+00:00,24263755.297757,71030
2026-04-19T11:00:00+00:00,75222.46,75641.99,75216.96,75604.11,418.71675,2026-04-19T11:59:59.999000+00:00,31592808.1007448,86822
2026-04-19T12:00:00+00:00,75604.11,75700.0,75432.07,75571.6,439.48255,2026-04-19T12:59:59.999000+00:00,33219721.826402,86720
2026-04-19T13:00:00+00:00,75571.61,76240.66,75552.44,75921.75,760.39543,2026-04-19T13:59:59.999000+00:00,57770795.9693466,137322
2026-04-19T14:00:00+00:00,75921.75,76147.01,75674.55,76024.01,621.24056,2026-04-19T14:59:59.999000+00:00,47161807.3300784,133537
2026-04-19T15:00:00+00:00,76024.02,76155.3,75401.44,75846.63,1097.76631,2026-04-19T15:59:59.999000+00:00,83206070.9261395,228217
2026-04-19T16:00:00+00:00,75846.63,75853.26,75311.11,75382.86,403.71917,2026-04-19T16:59:59.999000+00:00,30516513.7908438,158877
2026-04-19T17:00:00+00:00,75382.87,75382.87,74638.31,74791.26,795.68148,2026-04-19T17:59:59.999000+00:00,59721949.9953253,206340
2026-04-19T18:00:00+00:00,74791.27,74908.62,74608.0,74770.11,531.16281,2026-04-19T18:59:59.999000+00:00,39710505.8370942,174708
2026-04-19T19:00:00+00:00,74770.11,75071.61,74770.11,74965.47,306.83274,2026-04-19T19:59:59.999000+00:00,22997625.7515994,89875
2026-04-19T20:00:00+00:00,74965.46,74965.47,74427.53,74630.0,452.71123,2026-04-19T20:59:59.999000+00:00,33800781.4160016,124015
2026-04-19T21:00:00+00:00,74630.01,74810.0,74368.6,74425.15,383.54881,2026-04-19T21:59:59.999000+00:00,28618982.6948551,98465
2026-04-19T22:00:00+00:00,74425.16,74425.16,73762.9,74047.34,1140.3898,2026-04-19T22:59:59.999000+00:00,84438763.6523773,310048
2026-04-19T23:00:00+00:00,74047.34,74054.22,73790.0,73801.79,415.64133,2026-04-19T23:59:59.999000+00:00,30717413.3140325,129560
2026-04-20T00:00:00+00:00,73801.8,74360.43,73724.31,74280.01,787.93368,2026-04-20T00:59:59.999000+00:00,58410657.9298691,136744
2026-04-20T01:00:00+00:00,74280.01,74746.93,74214.67,74595.13,689.61016,2026-04-20T01:59:59.999000+00:00,51345070.0812842,110781
2026-04-20T02:00:00+00:00,74595.12,74627.99,74304.84,74410.01,739.68976,2026-04-20T02:59:59.999000+00:00,55081745.3964399,98256
2026-04-20T03:00:00+00:00,74410.01,74640.65,74359.04,74634.0,281.2031,2026-04-20T03:59:59.999000+00:00,20951459.8753797,64927
2026-04-20T04:00:00+00:00,74634.01,74637.43,74435.19,74567.64,333.76794,2026-04-20T04:59:59.999000+00:00,24873576.3750883,53779
2026-04-20T05:00:00+00:00,74567.63,74567.63,74095.18,74264.15,529.73957,2026-04-20T05:59:59.999000+00:00,39329887.7252001,83287
2026-04-20T06:00:00+00:00,74264.16,74894.11,74250.0,74786.59,441.3007,2026-04-20T06:59:59.999000+00:00,32915449.1019588,112325
2026-04-20T07:00:00+00:00,74786.59,75572.0,74670.86,74837.17,1175.74482,2026-04-20T07:59:59.999000+00:00,88264635.3329006,244518
2026-04-20T08:00:00+00:00,74837.18,74998.83,74619.41,74728.91,538.52852,2026-04-20T08:59:59.999000+00:00,40275645.8593449,133136
2026-04-20T09:00:00+00:00,74728.92,75233.0,74706.87,75062.77,502.56404,2026-04-20T09:59:59.999000+00:00,37703170.5418017,121361
2026-04-20T10:00:00+00:00,75062.77,75404.63,75003.63,75027.26,321.321,2026-04-20T10:59:59.999000+00:00,24174525.6786153,93438
2026-04-20T11:00:00+00:00,75027.26,75287.88,74957.51,75192.71,284.12016,2026-04-20T11:59:59.999000+00:00,21357193.9658204,98831
2026-04-20T12:00:00+00:00,75192.72,75650.0,75043.86,75289.9,698.85484,2026-04-20T12:59:59.999000+00:00,52664470.1471471,155433
2026-04-20T13:00:00+00:00,75289.91,75434.41,74859.11,75269.38,774.09093,2026-04-20T13:59:59.999000+00:00,58177270.7912811,282057
2026-04-20T14:00:00+00:00,75269.37,75766.74,74921.42,75034.79,1047.20928,2026-04-20T14:59:59.999000+00:00,78846852.8636842,353943
2026-04-20T15:00:00+00:00,75034.79,75772.72,74702.0,75716.77,1196.9526,2026-04-20T15:59:59.999000+00:00,90155304.6406071,332369
2026-04-20T16:00:00+00:00,75716.78,75723.99,75299.26,75338.74,630.71705,2026-04-20T16:59:59.999000+00:00,47578689.1636152,173683
2026-04-20T17:00:00+00:00,75338.75,75991.47,75289.92,75898.14,642.61045,2026-04-20T17:59:59.999000+00:00,48667033.9441378,186674
2026-04-20T18:00:00+00:00,75898.14,76453.19,75898.14,76423.69,1544.76303,2026-04-20T18:59:59.999000+00:00,117703316.1429527,215983
2026-04-20T19:00:00+00:00,76423.69,76486.67,76154.49,76296.96,1368.12243,2026-04-20T19:59:59.999000+00:00,104379780.6891181,134348
2026-04-20T20:00:00+00:00,76296.97,76558.62,76113.07,76276.17,1418.8575,2026-04-20T20:59:59.999000+00:00,108240634.7206062,135055
2026-04-20T21:00:00+00:00,76276.18,76357.2,75784.05,75954.71,523.28232,2026-04-20T21:59:59.999000+00:00,39768202.8729859,90993
2026-04-20T22:00:00+00:00,75954.72,76143.71,75904.39,75974.24,220.6417,2026-04-20T22:59:59.999000+00:00,16769477.7171147,78958
2026-04-20T23:00:00+00:00,75974.24,75974.24,75617.6,75840.97,301.78476,2026-04-20T23:59:59.999000+00:00,22869862.814122,72712
2026-04-21T00:00:00+00:00,75840.97,76099.19,75700.0,76092.45,428.95831,2026-04-21T00:59:59.999000+00:00,32565981.5053639,103117
2026-04-21T01:00:00+00:00,76092.46,76263.4,75866.01,75927.59,391.13593,2026-04-21T01:59:59.999000+00:00,29757307.2850665,113336
2026-04-21T02:00:00+00:00,75927.58,75932.7,75580.0,75581.33,536.09341,2026-04-21T02:59:59.999000+00:00,40596326.1201688,93225
2026-04-21T03:00:00+00:00,75581.33,75721.12,75474.77,75710.3,256.2515,2026-04-21T03:59:59.999000+00:00,19372287.822657,78598
2026-04-21T04:00:00+00:00,75710.31,75823.49,75600.0,75813.81,259.64273,2026-04-21T04:59:59.999000+00:00,19654552.9108487,58769
2026-04-21T05:00:00+00:00,75813.8,75981.1,75782.75,75802.0,321.53858,2026-04-21T05:59:59.999000+00:00,24398652.7209147,67388
2026-04-21T06:00:00+00:00,75802.0,76129.95,75703.85,75974.11,408.87339,2026-04-21T06:59:59.999000+00:00,31044545.9872267,77817
2026-04-21T07:00:00+00:00,75974.12,76300.0,75814.26,76084.34,1236.72448,2026-04-21T07:59:59.999000+00:00,94166083.8623053,124825
2026-04-21T08:00:00+00:00,76084.34,76927.57,76063.98,76507.21,915.23783,2026-04-21T08:59:59.999000+00:00,69990302.9539055,135113
2026-04-21T09:00:00+00:00,76507.21,76587.82,76155.0,76362.77,582.67237,2026-04-21T09:59:59.999000+00:00,44482538.7408761,113528
2026-04-21T10:00:00+00:00,76362.78,76866.55,76349.59,76746.41,536.34243,2026-04-21T10:59:59.999000+00:00,41074598.1930045,113101
2026-04-21T11:00:00+00:00,76746.41,76750.68,76342.0,76452.94,624.94284,2026-04-21T11:59:59.999000+00:00,47828779.3080028,127345
2026-04-21T12:00:00+00:00,76452.94,76528.11,75709.03,76009.46,1039.78515,2026-04-21T12:59:59.999000+00:00,79097465.4146139,180483
2026-04-21T13:00:00+00:00,76009.46,76179.75,75736.33,75899.98,686.08493,2026-04-21T13:59:59.999000+00:00,52122638.7540003,233313
2026-04-21T14:00:00+00:00,75899.98,76595.3,75625.28,75675.05,949.21411,2026-04-21T14:59:59.999000+00:00,72219829.9432165,295891
2026-04-21T15:00:00+00:00,75675.04,75979.78,75430.62,75834.65,923.86151,2026-04-21T15:59:59.999000+00:00,69935862.645627,267092
2026-04-21T16:00:00+00:00,75834.66,76190.72,75760.0,75781.18,496.33064,2026-04-21T16:59:59.999000+00:00,37697546.2711475,206126
2026-04-21T17:00:00+00:00,75781.19,75912.98,75052.64,75545.62,995.0846,2026-04-21T17:59:59.999000+00:00,75112405.1673129,307318
2026-04-21T18:00:00+00:00,75545.62,75668.24,75310.88,75610.21,456.47055,2026-04-21T18:59:59.999000+00:00,34470291.194889,169269
2026-04-21T19:00:00+00:00,75610.21,75919.5,74821.57,75023.43,954.2676,2026-04-21T19:59:59.999000+00:00,71843953.451397,264513
2026-04-21T20:00:00+00:00,75023.43,75859.56,74967.58,75698.51,797.25703,2026-04-21T20:59:59.999000+00:00,60166270.5306594,195853
2026-04-21T21:00:00+00:00,75698.51,75777.38,75431.62,75549.99,249.37655,2026-04-21T21:59:59.999000+00:00,18846154.8671801,61988
2026-04-21T22:00:00+00:00,75549.99,75650.04,75302.01,75650.04,389.29388,2026-04-21T22:59:59.999000+00:00,29380172.6916873,98014
2026-04-21T23:00:00+00:00,75650.03,76425.37,75622.0,76336.15,477.13097,2026-04-21T23:59:59.999000+00:00,36293724.2162397,130191
2026-04-22T00:00:00+00:00,76336.14,76500.0,76220.4,76370.45,496.92701,2026-04-22T00:59:59.999000+00:00,37934168.3553245,130804
2026-04-22T01:00:00+00:00,76370.46,76416.24,76132.95,76297.99,351.48706,2026-04-22T01:59:59.999000+00:00,26806468.6507957,103277
2026-04-22T02:00:00+00:00,76297.99,77645.35,76223.9,77604.71,1622.85639,2026-04-22T02:59:59.999000+00:00,125119091.6433396,307687
2026-04-22T03:00:00+00:00,77604.7,77733.11,77397.88,77521.48,956.6528,2026-04-22T03:59:59.999000+00:00,74188854.4990722,176604
2026-04-22T04:00:00+00:00,77521.47,77700.0,77364.25,77523.0,547.1578,2026-04-22T04:59:59.999000+00:00,42417869.7424019,106982
2026-04-22T05:00:00+00:00,77523.01,78452.18,77450.0,77994.93,2386.48879,2026-04-22T05:59:59.999000+00:00,186355412.84345,294579
2026-04-22T06:00:00+00:00,77994.92,78042.84,77900.0,78010.72,576.88586,2026-04-22T06:59:59.999000+00:00,44975855.9025714,101693
2026-04-22T07:00:00+00:00,78010.73,78111.0,77825.0,78012.79,880.5264,2026-04-22T07:59:59.999000+00:00,68665141.6380028,116185
2026-04-22T08:00:00+00:00,78012.78,78219.41,77941.59,78010.92,987.44812,2026-04-22T08:59:59.999000+00:00,77090928.9979256,106228
2026-04-22T09:00:00+00:00,78010.92,78184.7,77956.76,78001.95,415.39605,2026-04-22T09:59:59.999000+00:00,32425789.0467372,92010
2026-04-22T10:00:00+00:00,78001.96,78180.0,77951.17,78157.41,352.72131,2026-04-22T10:59:59.999000+00:00,27539555.084422,80870
2026-04-22T11:00:00+00:00,78157.41,78399.0,78102.0,78300.0,560.88264,2026-04-22T11:59:59.999000+00:00,43887686.1905922,118083
2026-04-22T12:00:00+00:00,78300.0,78508.18,78114.04,78236.05,952.94008,2026-04-22T12:59:59.999000+00:00,74645120.9013925,161891
2026-04-22T13:00:00+00:00,78236.05,78850.0,78162.64,78840.94,1253.18724,2026-04-22T13:59:59.999000+00:00,98433638.169169,324714
2026-04-22T14:00:00+00:00,78840.94,79174.68,78577.86,79045.75,1847.69509,2026-04-22T14:59:59.999000+00:00,145779896.8381026,334599
2026-04-22T15:00:00+00:00,79045.75,79400.0,78837.66,79272.9,1412.004,2026-04-22T15:59:59.999000+00:00,111714269.1197356,255135
2026-04-22T16:00:00+00:00,79272.91,79472.82,78632.37,78743.59,1010.97362,2026-04-22T16:59:59.999000+00:00,79885495.9485898,206544
2026-04-22T17:00:00+00:00,78743.6,79034.73,78705.71,78900.0,502.31388,2026-04-22T17:59:59.999000+00:00,39625068.0962497,140993
2026-04-22T18:00:00+00:00,78900.01,79163.66,78828.76,79022.39,322.94022,2026-04-22T18:59:59.999000+00:00,25505833.7108253,102422
2026-04-22T19:00:00+00:00,79022.4,79067.6,78706.81,78846.62,557.30668,2026-04-22T19:59:59.999000+00:00,43958642.8086063,156155
2026-04-22T20:00:00+00:00,78846.62,78915.84,78410.0,78436.68,436.66543,2026-04-22T20:59:59.999000+00:00,34323184.5495749,91528
2026-04-22T21:00:00+00:00,78436.69,78821.86,78425.0,78762.69,299.34545,2026-04-22T21:59:59.999000+00:00,23540743.8180129,55113
2026-04-22T22:00:00+00:00,78762.68,78824.0,78456.15,78607.95,294.6414,2026-04-22T22:59:59.999000+00:00,23165945.4536724,90903
2026-04-22T23:00:00+00:00,78607.95,78607.95,78155.83,78178.23,712.06893,2026-04-22T23:59:59.999000+00:00,55747423.5377677,102078
2026-04-23T00:00:00+00:00,78178.22,78574.44,77582.17,78424.29,1778.58027,2026-04-23T00:59:59.999000+00:00,138999107.59543,279249
2026-04-23T01:00:00+00:00,78424.3,78472.95,78057.5,78359.23,586.8685,2026-04-23T01:59:59.999000+00:00,45893631.5766466,123412
2026-04-23T02:00:00+00:00,78359.71,78359.72,77761.2,77939.92,508.32327,2026-04-23T02:59:59.999000+00:00,39662730.5444433,156981
2026-04-23T03:00:00+00:00,77939.91,78025.99,77453.43,77746.46,609.2036,2026-04-23T03:59:59.999000+00:00,47315423.2636752,144873
2026-04-23T04:00:00+00:00,77746.47,77949.09,77675.8,77920.09,305.0499,2026-04-23T04:59:59.999000+00:00,23743089.1123836,94558
2026-04-23T05:00:00+00:00,77920.09,78110.01,77750.0,78033.87,680.89298,2026-04-23T05:59:59.999000+00:00,53071245.8773604,84398
2026-04-23T06:00:00+00:00,78034.0,78339.35,78034.0,78211.43,433.12959,2026-04-23T06:59:59.999000+00:00,33878473.9084177,94817
2026-04-23T07:00:00+00:00,78211.43,78248.39,77981.88,78048.62,292.35484,2026-04-23T07:59:59.999000+00:00,22838712.1893861,93773
2026-04-23T08:00:00+00:00,78048.61,78175.52,77714.86,77858.35,1135.26875,2026-04-23T08:59:59.999000+00:00,88358730.6898688,124590
2026-04-23T09:00:00+00:00,77858.34,77860.8,77440.85,77655.34,772.05261,2026-04-23T09:59:59.999000+00:00,59917880.8794872,120860
2026-04-23T10:00:00+00:00,77655.35,77709.16,77174.01,77403.63,1129.48909,2026-04-23T10:59:59.999000+00:00,87362198.4481261,143778
2026-04-23T11:00:00+00:00,77403.63,77757.31,77365.57,77704.62,525.42671,2026-04-23T11:59:59.999000+00:00,40752905.4904242,99954
2026-04-23T12:00:00+00:00,77704.61,77870.54,77491.18,77870.53,636.21566,2026-04-23T12:59:59.999000+00:00,49448729.6918315,148629
2026-04-23T13:00:00+00:00,77870.54,77904.37,77379.92,77532.23,592.70115,2026-04-23T13:59:59.999000+00:00,45993667.2130759,188887
2026-04-23T14:00:00+00:00,77532.23,78201.53,77414.0,78180.77,926.52082,2026-04-23T14:59:59.999000+00:00,72131836.0884019,236529
2026-04-23T15:00:00+00:00,78180.78,78662.5,77983.25,78376.76,1008.45262,2026-04-23T15:59:59.999000+00:00,79031114.4108654,217635
2026-04-23T16:00:00+00:00,78376.77,78509.82,78030.0,78103.72,661.93618,2026-04-23T16:59:59.999000+00:00,51847518.7513535,150151
2026-04-23T17:00:00+00:00,78103.72,78184.85,76960.0,77769.21,1724.53866,2026-04-23T17:59:59.999000+00:00,133577665.7813651,397037
2026-04-23T18:00:00+00:00,77769.2,78146.75,77678.65,77678.65,731.06838,2026-04-23T18:59:59.999000+00:00,56984708.3742977,236759
2026-04-23T19:00:00+00:00,77678.65,77886.88,77592.92,77727.26,830.20485,2026-04-23T19:59:59.999000+00:00,64531354.5232589,153587
2026-04-23T20:00:00+00:00,77727.25,78050.0,77637.5,77886.97,391.74493,2026-04-23T20:59:59.999000+00:00,30491067.3690511,87377
2026-04-23T21:00:00+00:00,77886.97,78070.0,77800.0,77864.83,211.37751,2026-04-23T21:59:59.999000+00:00,16475991.6836719,46508
2026-04-23T22:00:00+00:00,77864.84,78331.0,77864.83,78235.3,271.3302,2026-04-23T22:59:59.999000+00:00,21209536.324005,88187
2026-04-23T23:00:00+00:00,78235.29,78298.01,78030.0,78257.48,228.06394,2026-04-23T23:59:59.999000+00:00,17832378.567419,59267
2026-04-24T00:00:00+00:00,78257.48,78490.83,78172.01,78417.22,451.37457,2026-04-24T00:59:59.999000+00:00,35380330.2434673,99845
2026-04-24T01:00:00+00:00,78417.22,78450.0,77952.16,78429.73,533.84795,2026-04-24T01:59:59.999000+00:00,41748504.370306,93322
2026-04-24T02:00:00+00:00,78429.73,78581.93,78067.17,78125.65,425.56297,2026-04-24T02:59:59.999000+00:00,33332434.3412987,93404
2026-04-24T03:00:00+00:00,78125.65,78178.4,77555.0,77737.85,639.95986,2026-04-24T03:59:59.999000+00:00,49769813.6620448,114627
2026-04-24T04:00:00+00:00,77737.84,77854.57,77482.49,77670.0,605.14416,2026-04-24T04:59:59.999000+00:00,47015427.8476967,78417
2026-04-24T05:00:00+00:00,77670.01,78057.65,77457.0,77953.48,423.6718,2026-04-24T05:59:59.999000+00:00,32920698.1269799,83095
2026-04-24T06:00:00+00:00,77953.48,77979.54,77761.2,77789.75,280.75336,2026-04-24T06:59:59.999000+00:00,21859966.5706503,62370
2026-04-24T07:00:00+00:00,77789.75,77855.67,77543.52,77644.6,696.90666,2026-04-24T07:59:59.999000+00:00,54135887.0621249,86274
2026-04-24T08:00:00+00:00,77644.59,78000.0,77550.73,77785.71,731.67499,2026-04-24T08:59:59.999000+00:00,56904329.3460344,89394
2026-04-24T09:00:00+00:00,77785.7,77804.23,77402.01,77527.69,621.09775,2026-04-24T09:59:59.999000+00:00,48149225.7431811,84081
2026-04-24T10:00:00+00:00,77527.7,77784.0,77444.95,77752.36,379.99202,2026-04-24T10:59:59.999000+00:00,29497095.9441839,77736
2026-04-24T11:00:00+00:00,77752.37,78372.58,77752.37,78240.26,1186.36064,2026-04-24T11:59:59.999000+00:00,92687431.5421209,209763
2026-04-24T12:00:00+00:00,78240.27,78345.15,78016.51,78275.66,579.40035,2026-04-24T12:59:59.999000+00:00,45315385.7512613,108735
2026-04-24T13:00:00+00:00,78275.65,78479.37,77913.27,78093.79,852.96848,2026-04-24T13:59:59.999000+00:00,66714401.5246427,205104
2026-04-24T14:00:00+00:00,78093.8,78093.8,77681.74,78037.64,755.72516,2026-04-24T14:59:59.999000+00:00,58877076.6865031,226111
2026-04-24T15:00:00+00:00,78037.65,78233.18,77577.22,78038.62,662.02033,2026-04-24T15:59:59.999000+00:00,51552119.3968116,201570
2026-04-24T16:00:00+00:00,78038.63,78060.29,77586.86,77777.28,525.06319,2026-04-24T16:59:59.999000+00:00,40836270.9053908,146805
2026-04-24T17:00:00+00:00,77776.76,77829.17,77489.6,77681.71,537.36482,2026-04-24T17:59:59.999000+00:00,41723141.3316499,120405
2026-04-24T18:00:00+00:00,77681.72,77717.08,77363.63,77618.24,321.31558,2026-04-24T18:59:59.999000+00:00,24916332.1956297,97045
2026-04-24T19:00:00+00:00,77618.25,77748.66,77532.46,77628.85,250.57895,2026-04-24T19:59:59.999000+00:00,19447918.7655794,89779
2026-04-24T20:00:00+00:00,77628.84,77757.14,77458.0,77718.31,376.29595,2026-04-24T20:59:59.999000+00:00,29204261.703314,59729
2026-04-24T21:00:00+00:00,77718.31,77756.15,77536.48,77536.48,322.69633,2026-04-24T21:59:59.999000+00:00,25047570.5308818,49716
2026-04-24T22:00:00+00:00,77536.49,77616.78,77264.08,77328.91,278.27896,2026-04-24T22:59:59.999000+00:00,21545475.6781463,69296
2026-04-24T23:00:00+00:00,77328.92,77456.87,77328.92,77437.13,237.08832,2026-04-24T23:59:59.999000+00:00,18351465.330297,35350
2026-04-25T00:00:00+00:00,77437.13,77502.99,77309.92,77456.88,429.63681,2026-04-25T00:59:59.999000+00:00,33253761.6420248,37459
2026-04-25T01:00:00+00:00,77456.88,77620.52,77440.8,77541.63,200.07888,2026-04-25T01:59:59.999000+00:00,15511757.5128966,40585
2026-04-25T02:00:00+00:00,77541.63,77644.04,77504.43,77607.8,171.0703,2026-04-25T02:59:59.999000+00:00,13272795.2608443,33149
2026-04-25T03:00:00+00:00,77607.8,77711.87,77550.27,77679.07,142.22205,2026-04-25T03:59:59.999000+00:00,11040623.1431173,37250
2026-04-25T04:00:00+00:00,77679.08,77691.23,77596.37,77619.05,275.21191,2026-04-25T04:59:59.999000+00:00,21365066.8920599,26537
2026-04-25T05:00:00+00:00,77619.05,77619.05,77485.51,77510.28,174.55862,2026-04-25T05:59:59.999000+00:00,13533405.727286,28686
2026-04-25T06:00:00+00:00,77510.27,77582.28,77489.35,77503.63,269.54814,2026-04-25T06:59:59.999000+00:00,20897429.3819242,25643
2026-04-25T07:00:00+00:00,77503.63,77566.26,77450.0,77501.19,174.69907,2026-04-25T07:59:59.999000+00:00,13539928.5468677,32102
2026-04-25T08:00:00+00:00,77501.19,77654.41,77491.36,77643.37,116.50084,2026-04-25T08:59:59.999000+00:00,9039307.2023026,25262
2026-04-25T09:00:00+00:00,77643.38,77779.65,77587.1,77714.55,144.65626,2026-04-25T09:59:59.999000+00:00,11237104.9371101,30408
2026-04-25T10:00:00+00:00,77714.56,77885.35,77714.55,77787.77,306.44644,2026-04-25T10:59:59.999000+00:00,23839159.3657583,33958
2026-04-25T11:00:00+00:00,77787.76,77787.77,77607.03,77682.3,185.59351,2026-04-25T11:59:59.999000+00:00,14419702.6432289,29717
2026-04-25T12:00:00+00:00,77682.29,77717.95,77550.61,77557.14,161.82067,2026-04-25T12:59:59.999000+00:00,12561156.9074757,35294
2026-04-25T13:00:00+00:00,77557.14,77710.91,77557.14,77691.69,161.65796,2026-04-25T13:59:59.999000+00:00,12551446.370189,23868
2026-04-25T14:00:00+00:00,77691.7,77752.54,77638.0,77656.75,202.75966,2026-04-25T14:59:59.999000+00:00,15754017.8571044,36444
2026-04-25T15:00:00+00:00,77656.74,77722.7,77299.89,77330.26,480.35839,2026-04-25T15:59:59.999000+00:00,37208847.0609539,51722
2026-04-25T16:00:00+00:00,77330.25,77454.31,77140.23,77397.27,471.60364,2026-04-25T16:59:59.999000+00:00,36479440.207375,67732
2026-04-25T17:00:00+00:00,77397.27,77407.03,77210.96,77245.77,151.09691,2026-04-25T17:59:59.999000+00:00,11683611.7801435,35281
2026-04-25T18:00:00+00:00,77245.78,77389.01,77216.29,77313.0,331.13304,2026-04-25T18:59:59.999000+00:00,25600920.1117205,35173
2026-04-25T19:00:00+00:00,77313.0,77343.81,77193.79,77330.01,293.84127,2026-04-25T19:59:59.999000+00:00,22715162.6939604,27660
2026-04-25T20:00:00+00:00,77330.0,77481.7,77311.05,77479.13,85.63447,2026-04-25T20:59:59.999000+00:00,6626990.7454181,23110
2026-04-25T21:00:00+00:00,77479.14,77530.0,77415.2,77525.84,150.55151,2026-04-25T21:59:59.999000+00:00,11667111.5388734,28415
2026-04-25T22:00:00+00:00,77525.83,77634.77,77498.81,77557.01,242.12513,2026-04-25T22:59:59.999000+00:00,18778275.3183511,29672
2026-04-25T23:00:00+00:00,77557.01,77650.0,77530.0,77625.0,362.30872,2026-04-25T23:59:59.999000+00:00,28106981.4981678,31415
2026-04-26T00:00:00+00:00,77625.0,77642.43,77445.94,77502.4,307.91239,2026-04-26T00:59:59.999000+00:00,23878196.3794864,33366
2026-04-26T01:00:00+00:00,77502.39,77572.81,77451.16,77461.16,130.56583,2026-04-26T01:59:59.999000+00:00,10121444.9421556,23817
2026-04-26T02:00:00+00:00,77461.16,77590.97,77452.07,77512.67,85.92459,2026-04-26T02:59:59.999000+00:00,6661406.7493903,23204
2026-04-26T03:00:00+00:00,77512.67,77541.96,77326.51,77400.21,146.77411,2026-04-26T03:59:59.999000+00:00,11365652.891231,32644
2026-04-26T04:00:00+00:00,77400.21,77814.43,77383.46,77774.29,227.07196,2026-04-26T04:59:59.999000+00:00,17626023.4092671,49643
2026-04-26T05:00:00+00:00,77774.29,78200.0,77719.77,77983.31,797.06637,2026-04-26T05:59:59.999000+00:00,62196715.6763158,116680
2026-04-26T06:00:00+00:00,77983.31,78045.0,77899.45,77999.04,206.01822,2026-04-26T06:59:59.999000+00:00,16066562.2397716,39649
2026-04-26T07:00:00+00:00,77999.04,78121.45,77968.36,78102.53,175.6113,2026-04-26T07:59:59.999000+00:00,13701319.0410942,29326
2026-04-26T08:00:00+00:00,78102.53,78210.0,78019.65,78032.59,265.96473,2026-04-26T08:59:59.999000+00:00,20770419.8805666,45356
2026-04-26T09:00:00+00:00,78032.59,78058.45,77926.59,77999.99,168.80014,2026-04-26T09:59:59.999000+00:00,13164185.5135738,40230
2026-04-26T10:00:00+00:00,78000.0,78050.19,77954.0,78002.43,153.3474,2026-04-26T10:59:59.999000+00:00,11962363.6969326,23874
2026-04-26T11:00:00+00:00,78002.43,78149.99,78002.42,78101.44,133.58626,2026-04-26T11:59:59.999000+00:00,10431184.365118,29657
2026-04-26T12:00:00+00:00,78101.43,78101.5,77770.0,77833.08,296.93614,2026-04-26T12:59:59.999000+00:00,23135108.8422102,39800
2026-04-26T13:00:00+00:00,77833.08,77996.69,77797.13,77977.79,254.46962,2026-04-26T13:59:59.999000+00:00,19822478.024255,43057
2026-04-26T14:00:00+00:00,77977.79,78173.15,77871.85,78095.66,401.66239,2026-04-26T14:59:59.999000+00:00,31352594.4138951,67921
2026-04-26T15:00:00+00:00,78095.65,78121.92,77988.89,78049.0,177.4742,2026-04-26T15:59:59.999000+00:00,13853669.7243441,39444
2026-04-26T16:00:00+00:00,78049.0,78086.47,77919.42,77919.43,198.96678,2026-04-26T16:59:59.999000+00:00,15524196.9811363,37768
2026-04-26T17:00:00+00:00,77919.43,78050.0,77850.0,78018.57,373.25532,2026-04-26T17:59:59.999000+00:00,29093014.9624504,39786
2026-04-26T18:00:00+00:00,78018.57,78346.89,77988.11,78283.96,421.27794,2026-04-26T18:59:59.999000+00:00,32938887.6792846,62598
2026-04-26T19:00:00+00:00,78283.97,78500.0,78013.76,78221.16,511.56,2026-04-26T19:59:59.999000+00:00,40025065.7029076,96380
2026-04-26T20:00:00+00:00,78221.17,78377.77,78158.04,78194.22,172.13709,2026-04-26T20:59:59.999000+00:00,13473618.4455656,42777
2026-04-26T21:00:00+00:00,78194.21,78961.0,77843.75,78417.41,977.34524,2026-04-26T21:59:59.999000+00:00,76608690.3821373,152690
2026-04-26T22:00:00+00:00,78417.41,78850.3,77953.26,78313.52,710.63176,2026-04-26T22:59:59.999000+00:00,55715643.5942825,208140
2026-04-26T23:00:00+00:00,78313.52,78901.63,78041.05,78657.55,669.20184,2026-04-26T23:59:59.999000+00:00,52503529.9474283,159164
2026-04-27T00:00:00+00:00,78657.55,79392.4,78400.03,79308.6,1271.22649,2026-04-27T00:59:59.999000+00:00,100266536.2422842,210963
2026-04-27T01:00:00+00:00,79309.0,79485.66,78730.71,79283.66,993.09217,2026-04-27T01:59:59.999000+00:00,78609390.9238608,226217
2026-04-27T02:00:00+00:00,79283.65,79304.0,79030.91,79130.01,381.22923,2026-04-27T02:59:59.999000+00:00,30169750.0676297,102648
2026-04-27T03:00:00+00:00,79130.01,79316.5,79077.81,79105.49,397.44839,2026-04-27T03:59:59.999000+00:00,31483892.5962083,87591
2026-04-27T04:00:00+00:00,79105.5,79160.0,78872.42,78924.22,417.67922,2026-04-27T04:59:59.999000+00:00,33010708.9194891,80371
2026-04-27T05:00:00+00:00,78924.21,78938.0,77562.63,77785.54,1805.78745,2026-04-27T05:59:59.999000+00:00,140975964.4149285,298475
2026-04-27T06:00:00+00:00,77785.55,77871.9,77465.05,77700.12,641.73182,2026-04-27T06:59:59.999000+00:00,49856671.4628575,105344
2026-04-27T07:00:00+00:00,77700.12,77734.79,77562.08,77606.6,743.19766,2026-04-27T07:59:59.999000+00:00,57722726.5135073,79787
2026-04-27T08:00:00+00:00,77606.59,77816.18,77553.23,77804.34,465.54163,2026-04-27T08:59:59.999000+00:00,36158906.2834393,68821
2026-04-27T09:00:00+00:00,77804.34,77980.0,77700.0,77900.01,578.50773,2026-04-27T09:59:59.999000+00:00,45038155.2132029,67088
2026-04-27T10:00:00+00:00,77900.01,77935.66,77792.46,77850.01,311.10764,2026-04-27T10:59:59.999000+00:00,24216923.4118161,42349
2026-04-27T11:00:00+00:00,77850.01,77885.46,77740.39,77844.26,252.77882,2026-04-27T11:59:59.999000+00:00,19669171.8171639,46354
2026-04-27T12:00:00+00:00,77844.25,77867.33,77620.0,77667.36,415.46743,2026-04-27T12:59:59.999000+00:00,32293679.0069401,87231
2026-04-27T13:00:00+00:00,77667.36,77966.8,77571.79,77746.74,762.7167,2026-04-27T13:59:59.999000+00:00,59285352.1862004,174210
2026-04-27T14:00:00+00:00,77746.74,78265.34,77680.0,77815.25,744.42829,2026-04-27T14:59:59.999000+00:00,58047837.1067641,187805
2026-04-27T15:00:00+00:00,77815.26,77827.17,76564.33,76793.09,1882.17067,2026-04-27T15:59:59.999000+00:00,144992953.5006117,355711
2026-04-27T16:00:00+00:00,76793.1,76868.01,76546.0,76618.59,809.46498,2026-04-27T16:59:59.999000+00:00,62095190.51747,161056
2026-04-27T17:00:00+00:00,76618.59,76990.43,76618.59,76743.24,874.80558,2026-04-27T17:59:59.999000+00:00,67173019.4121957,148517
2026-04-27T18:00:00+00:00,76743.23,76890.99,76668.52,76834.06,361.97331,2026-04-27T18:59:59.999000+00:00,27786386.6142384,82257
2026-04-27T19:00:00+00:00,76834.05,76894.7,76459.64,76878.07,598.68003,2026-04-27T19:59:59.999000+00:00,45903721.9124415,123137
2026-04-27T20:00:00+00:00,76878.23,77067.8,76844.16,76960.43,310.80766,2026-04-27T20:59:59.999000+00:00,23920970.1442154,67517
2026-04-27T21:00:00+00:00,76960.43,76981.53,76786.8,76786.81,223.94467,2026-04-27T21:59:59.999000+00:00,17218633.476209,59981
2026-04-27T22:00:00+00:00,76786.81,77082.78,76763.71,77066.42,364.86359,2026-04-27T22:59:59.999000+00:00,28080626.9754968,59100
2026-04-27T23:00:00+00:00,77066.42,77450.0,77018.56,77371.32,438.27302,2026-04-27T23:59:59.999000+00:00,33856381.3650216,60359
2026-04-28T00:00:00+00:00,77371.32,77478.0,77210.92,77379.62,327.26244,2026-04-28T00:59:59.999000+00:00,25310250.5288288,88055
2026-04-28T01:00:00+00:00,77379.62,77394.1,77038.1,77084.68,404.77602,2026-04-28T01:59:59.999000+00:00,31251762.7637143,72271
2026-04-28T02:00:00+00:00,77084.69,77227.03,76672.56,76890.93,437.7548,2026-04-28T02:59:59.999000+00:00,33687481.3488039,105486
2026-04-28T03:00:00+00:00,76890.92,76890.92,76672.0,76815.18,278.47081,2026-04-28T03:59:59.999000+00:00,21380416.9554849,66385
2026-04-28T04:00:00+00:00,76815.18,76950.0,76701.35,76888.08,274.86374,2026-04-28T04:59:59.999000+00:00,21114473.3267257,64000
2026-04-28T05:00:00+00:00,76888.08,77154.0,76811.01,76885.98,510.80129,2026-04-28T05:59:59.999000+00:00,39323087.4622852,80935
2026-04-28T06:00:00+00:00,76885.97,77027.91,76588.0,76720.0,465.05641,2026-04-28T06:59:59.999000+00:00,35717667.1647988,81428
2026-04-28T07:00:00+00:00,76720.01,76922.22,76424.9,76879.28,1631.99051,2026-04-28T07:59:59.999000+00:00,125275096.2577061,156070
2026-04-28T08:00:00+00:00,76879.28,77013.63,76741.12,76858.59,1043.07562,2026-04-28T08:59:59.999000+00:00,80217077.8386712,95582
2026-04-28T09:00:00+00:00,76858.59,76863.54,76495.91,76598.0,361.69239,2026-04-28T09:59:59.999000+00:00,27746998.6077972,76034
2026-04-28T10:00:00+00:00,76597.99,76692.19,76484.7,76618.35,418.24563,2026-04-28T10:59:59.999000+00:00,32030505.3486061,64268
2026-04-28T11:00:00+00:00,76618.35,76649.86,76130.1,76229.0,1019.71842,2026-04-28T11:59:59.999000+00:00,77817781.078839,150815
2026-04-28T12:00:00+00:00,76228.99,76421.94,76168.84,76372.05,652.01316,2026-04-28T12:59:59.999000+00:00,49736460.9060171,118362
2026-04-28T13:00:00+00:00,76372.04,76411.72,75924.98,76189.84,1288.525,2026-04-28T13:59:59.999000+00:00,98144621.7143475,197727
2026-04-28T14:00:00+00:00,76189.85,76199.99,75666.6,75949.99,1264.2758,2026-04-28T14:59:59.999000+00:00,95908641.0863384,248276
2026-04-28T15:00:00+00:00,75950.0,76085.42,75836.88,76066.38,571.95819,2026-04-28T15:59:59.999000+00:00,43465481.1749352,147410
2026-04-28T16:00:00+00:00,76066.37,76218.06,75881.28,76125.04,447.54534,2026-04-28T16:59:59.999000+00:00,34025084.5278967,117824
2026-04-28T17:00:00+00:00,76125.04,76262.63,75959.05,76187.3,337.12149,2026-04-28T17:59:59.999000+00:00,25664024.8174395,88142
2026-04-28T18:00:00+00:00,76187.3,76280.91,76137.86,76242.18,337.48355,2026-04-28T18:59:59.999000+00:00,25718473.9084115,73755
2026-04-28T19:00:00+00:00,76242.17,76380.83,76066.35,76330.97,259.65416,2026-04-28T19:59:59.999000+00:00,19796172.3608617,60525
2026-04-28T20:00:00+00:00,76330.97,76480.0,76323.71,76463.95,259.71578,2026-04-28T20:59:59.999000+00:00,19843199.4585084,53845
2026-04-28T21:00:00+00:00,76463.95,76481.3,76267.61,76357.15,281.17357,2026-04-28T21:59:59.999000+00:00,21477545.3939097,49090
2026-04-28T22:00:00+00:00,76357.15,76446.26,76218.0,76242.17,157.60986,2026-04-28T22:59:59.999000+00:00,12030079.6709393,51911
2026-04-28T23:00:00+00:00,76242.17,76370.0,76197.02,76342.77,179.93985,2026-04-28T23:59:59.999000+00:00,13730289.853155,44250
2026-04-29T00:00:00+00:00,76342.78,76557.97,76276.0,76512.0,636.88517,2026-04-29T00:59:59.999000+00:00,48665597.60029,70170
2026-04-29T01:00:00+00:00,76511.99,76668.02,76187.75,76571.0,371.48818,2026-04-29T01:59:59.999000+00:00,28395383.7707144,86941
2026-04-29T02:00:00+00:00,76571.0,76666.82,76402.72,76531.29,315.29662,2026-04-29T02:59:59.999000+00:00,24124805.1037399,61130
2026-04-29T03:00:00+00:00,76531.29,77127.62,76519.94,76994.78,568.25927,2026-04-29T03:59:59.999000+00:00,43688040.4880299,126002
2026-04-29T04:00:00+00:00,76994.77,77455.71,76880.0,77269.76,655.24397,2026-04-29T04:59:59.999000+00:00,50584234.259835,118055
2026-04-29T05:00:00+00:00,77269.76,77329.31,77198.07,77288.38,412.95649,2026-04-29T05:59:59.999000+00:00,31904881.1261478,72991
2026-04-29T06:00:00+00:00,77288.39,77337.57,76907.07,77031.06,974.38933,2026-04-29T06:59:59.999000+00:00,75097495.6998296,89999
2026-04-29T07:00:00+00:00,77031.07,77182.91,77031.06,77053.64,931.98531,2026-04-29T07:59:59.999000+00:00,71823640.8185772,67058
2026-04-29T08:00:00+00:00,77053.65,77148.79,76972.32,77046.32,539.09721,2026-04-29T08:59:59.999000+00:00,41531536.2220876,65869
2026-04-29T09:00:00+00:00,77046.31,77800.0,76972.32,77642.0,835.54071,2026-04-29T09:59:59.999000+00:00,64717488.3713181,128804
2026-04-29T10:00:00+00:00,77642.0,77904.93,77559.19,77619.61,790.81622,2026-04-29T10:59:59.999000+00:00,61465699.0963253,130604
2026-04-29T11:00:00+00:00,77619.62,77694.61,77485.81,77590.03,531.7514,2026-04-29T11:59:59.999000+00:00,41254142.850333,93726
2026-04-29T12:00:00+00:00,77590.04,77596.39,76850.0,77143.68,1776.35149,2026-04-29T12:59:59.999000+00:00,137220353.912218,165165
2026-04-29T13:00:00+00:00,77143.68,77240.0,76425.62,76783.43,1000.6949,2026-04-29T13:59:59.999000+00:00,76863480.2771353,244561
2026-04-29T14:00:00+00:00,76783.42,76927.69,76489.99,76570.0,1353.72071,2026-04-29T14:59:59.999000+00:00,103831096.0320672,211273
2026-04-29T15:00:00+00:00,76570.0,76634.61,75705.32,75924.25,1132.75734,2026-04-29T15:59:59.999000+00:00,86248554.826363,263826
2026-04-29T16:00:00+00:00,75924.24,76125.47,75696.13,75803.54,1021.10079,2026-04-29T16:59:59.999000+00:00,77472168.8628467,164211
2026-04-29T17:00:00+00:00,75803.55,76184.01,75803.55,76184.01,549.93434,2026-04-29T17:59:59.999000+00:00,41776178.898986,111894
2026-04-29T18:00:00+00:00,76184.0,76274.8,74937.52,75513.91,1926.88309,2026-04-29T18:59:59.999000+00:00,145067038.6684005,294876
2026-04-29T19:00:00+00:00,75513.92,75591.83,75302.31,75563.86,464.5754,2026-04-29T19:59:59.999000+00:00,35058390.2980008,119543
2026-04-29T20:00:00+00:00,75563.87,75857.32,75497.43,75676.79,575.31173,2026-04-29T20:59:59.999000+00:00,43526306.703035,129870
2026-04-29T21:00:00+00:00,75676.79,76088.9,75607.7,75933.93,363.06477,2026-04-29T21:59:59.999000+00:00,27548477.7373135,80429
2026-04-29T22:00:00+00:00,75933.94,76004.14,75818.14,75927.38,272.33397,2026-04-29T22:59:59.999000+00:00,20678748.535335,70314
2026-04-29T23:00:00+00:00,75927.38,75990.06,75692.33,75780.0,279.49181,2026-04-29T23:59:59.999000+00:00,21192118.1865993,65579
2026-04-30T00:00:00+00:00,75780.0,76344.61,75656.03,76248.74,562.71461,2026-04-30T00:59:59.999000+00:00,42778314.1358503,119534
2026-04-30T01:00:00+00:00,76248.76,76473.26,76178.73,76232.8,331.53653,2026-04-30T01:59:59.999000+00:00,25299016.0946949,107748
2026-04-30T02:00:00+00:00,76232.81,76351.04,75494.7,75704.74,537.06765,2026-04-30T02:59:59.999000+00:00,40740052.1099857,188003
2026-04-30T03:00:00+00:00,75704.74,75994.26,75659.85,75928.1,182.12647,2026-04-30T03:59:59.999000+00:00,13816312.2895181,86860
2026-04-30T04:00:00+00:00,75928.09,75963.92,75414.57,75497.0,426.96926,2026-04-30T04:59:59.999000+00:00,32282647.6446792,122194
2026-04-30T05:00:00+00:00,75497.01,75750.0,75323.65,75600.09,491.70915,2026-04-30T05:59:59.999000+00:00,37148606.2168342,104638
2026-04-30T06:00:00+00:00,75600.09,75867.9,75569.99,75753.53,372.15072,2026-04-30T06:59:59.999000+00:00,28173419.3639804,83435
2026-04-30T07:00:00+00:00,75753.54,76179.91,75718.5,76161.67,516.75183,2026-04-30T07:59:59.999000+00:00,39262218.400247,103696
2026-04-30T08:00:00+00:00,76161.67,76208.92,76019.57,76058.17,350.94571,2026-04-30T08:59:59.999000+00:00,26707017.3125824,72071
2026-04-30T09:00:00+00:00,76058.17,76339.38,76012.6,76097.19,445.01057,2026-04-30T09:59:59.999000+00:00,33881176.9937537,87648
2026-04-30T10:00:00+00:00,76097.19,76163.52,75974.93,76028.66,365.18719,2026-04-30T10:59:59.999000+00:00,27774328.2130932,73016
2026-04-30T11:00:00+00:00,76028.66,76244.36,75876.29,76059.43,550.88667,2026-04-30T11:59:59.999000+00:00,41892901.5352159,88122
2026-04-30T12:00:00+00:00,76059.42,76511.22,76042.75,76308.48,1520.57994,2026-04-30T12:59:59.999000+00:00,116079682.4565041,111086
2026-04-30T13:00:00+00:00,76308.48,76669.14,76116.2,76420.44,927.16622,2026-04-30T13:59:59.999000+00:00,70830646.5586727,241267
2026-04-30T14:00:00+00:00,76420.45,76597.51,76093.81,76301.24,683.75312,2026-04-30T14:59:59.999000+00:00,52215859.3039592,252622
2026-04-30T15:00:00+00:00,76301.25,76653.6,76163.16,76473.6,374.70038,2026-04-30T15:59:59.999000+00:00,28632991.658662,152110
2026-04-30T16:00:00+00:00,76473.6,76484.6,76228.27,76261.03,165.45041,2026-04-30T16:59:59.999000+00:00,12636560.0635636,80730
2026-04-30T17:00:00+00:00,76261.04,76328.71,76111.0,76250.01,273.82279,2026-04-30T17:59:59.999000+00:00,20864907.6741151,96503
2026-04-30T18:00:00+00:00,76250.0,76468.84,76204.4,76350.0,184.15567,2026-04-30T18:59:59.999000+00:00,14059987.7795101,87566
2026-04-30T19:00:00+00:00,76350.0,76514.8,76308.33,76412.8,307.53776,2026-04-30T19:59:59.999000+00:00,23510637.5522581,92951
2026-04-30T20:00:00+00:00,76412.8,76568.9,76318.31,76492.46,287.06721,2026-04-30T20:59:59.999000+00:00,21952377.4202581,70550
2026-04-30T21:00:00+00:00,76492.45,76535.42,76240.78,76241.78,183.08169,2026-04-30T21:59:59.999000+00:00,13985003.6584486,47338
2026-04-30T22:00:00+00:00,76241.77,76449.16,76206.02,76237.06,158.56535,2026-04-30T22:59:59.999000+00:00,12103139.7330138,55111
2026-04-30T23:00:00+00:00,76237.07,76380.2,76217.96,76346.57,182.87917,2026-04-30T23:59:59.999000+00:00,13956787.5197536,44681
2026-05-01T00:00:00+00:00,76346.58,76591.0,76320.42,76458.05,502.88844,2026-05-01T00:59:59.999000+00:00,38456380.7516217,68098
2026-05-01T01:00:00+00:00,76458.06,76776.21,76449.5,76686.13,486.84554,2026-05-01T01:59:59.999000+00:00,37299546.5556193,56395
2026-05-01T02:00:00+00:00,76686.12,76744.6,76533.74,76592.54,204.45438,2026-05-01T02:59:59.999000+00:00,15668983.9651796,47534
2026-05-01T03:00:00+00:00,76592.54,77453.74,76555.06,77131.08,1056.19913,2026-05-01T03:59:59.999000+00:00,81535203.7703037,160525
2026-05-01T04:00:00+00:00,77131.08,77206.38,76653.6,77042.44,995.75921,2026-05-01T04:59:59.999000+00:00,76701960.696507,82896
2026-05-01T05:00:00+00:00,77042.44,77184.96,77033.91,77165.98,283.75111,2026-05-01T05:59:59.999000+00:00,21881559.0747505,47678
2026-05-01T06:00:00+00:00,77165.99,77179.53,76882.0,76993.48,439.15205,2026-05-01T06:59:59.999000+00:00,33838972.1777153,76532
2026-05-01T07:00:00+00:00,76993.49,77140.36,76957.04,77130.54,633.7325,2026-05-01T07:59:59.999000+00:00,48823881.489803,76326
2026-05-01T08:00:00+00:00,77130.54,77500.0,77048.0,77377.47,697.73561,2026-05-01T08:59:59.999000+00:00,53949516.062227,79304
2026-05-01T09:00:00+00:00,77377.48,77391.99,77200.15,77268.55,355.16559,2026-05-01T09:59:59.999000+00:00,27457228.8450314,44736
2026-05-01T10:00:00+00:00,77268.56,77433.72,77146.48,77304.34,330.99244,2026-05-01T10:59:59.999000+00:00,25574894.5390983,49538
2026-05-01T11:00:00+00:00,77303.8,77600.0,77263.66,77463.98,584.3796,2026-05-01T11:59:59.999000+00:00,45230880.1368593,86070
2026-05-01T12:00:00+00:00,77463.98,78170.2,77408.73,77896.01,1392.97654,2026-05-01T12:59:59.999000+00:00,108487055.4618687,174978
2026-05-01T13:00:00+00:00,77896.01,78914.12,77896.0,78737.25,2354.33999,2026-05-01T13:59:59.999000+00:00,184653368.7927472,259691
2026-05-01T14:00:00+00:00,78737.26,78871.8,78051.86,78358.75,1970.70152,2026-05-01T14:59:59.999000+00:00,154660069.1508653,204523
2026-05-01T15:00:00+00:00,78358.74,78735.92,78176.06,78445.89,1013.17746,2026-05-01T15:59:59.999000+00:00,79504974.0609564,166414
2026-05-01T16:00:00+00:00,78445.88,78683.23,78167.53,78214.36,704.68666,2026-05-01T16:59:59.999000+00:00,55222103.9001196,145416
2026-05-01T17:00:00+00:00,78214.36,78584.61,78131.02,78552.94,489.31938,2026-05-01T17:59:59.999000+00:00,38317149.7528229,110372
2026-05-01T18:00:00+00:00,78552.93,78623.37,78375.53,78423.9,487.76487,2026-05-01T18:59:59.999000+00:00,38294331.2939142,96469
2026-05-01T19:00:00+00:00,78423.91,78540.0,78313.16,78360.0,512.65483,2026-05-01T19:59:59.999000+00:00,40193133.1817525,83198
2026-05-01T20:00:00+00:00,78360.01,78422.81,77752.0,77880.18,827.52759,2026-05-01T20:59:59.999000+00:00,64613710.1571338,96235
2026-05-01T21:00:00+00:00,77880.18,78200.0,77857.97,78199.99,485.72824,2026-05-01T21:59:59.999000+00:00,37918877.4310233,61822
2026-05-01T22:00:00+00:00,78200.0,78411.13,78144.7,78153.38,331.97786,2026-05-01T22:59:59.999000+00:00,25994553.0235424,52866
2026-05-01T23:00:00+00:00,78153.37,78249.6,78043.28,78231.13,173.55448,2026-05-01T23:59:59.999000+00:00,13559501.6481018,60842
2026-05-02T00:00:00+00:00,78231.13,78393.39,78166.48,78341.75,211.29374,2026-05-02T00:59:59.999000+00:00,16542173.5736707,55791
2026-05-02T01:00:00+00:00,78341.75,78441.31,78294.19,78355.0,400.98852,2026-05-02T01:59:59.999000+00:00,31413938.351539,49585
2026-05-02T02:00:00+00:00,78355.0,78513.7,78260.95,78353.93,283.69022,2026-05-02T02:59:59.999000+00:00,22231169.0162909,42871
2026-05-02T03:00:00+00:00,78353.93,78514.82,78237.25,78400.0,300.16391,2026-05-02T03:59:59.999000+00:00,23530891.9108637,45743
2026-05-02T04:00:00+00:00,78399.99,78448.99,78123.53,78175.5,411.85061,2026-05-02T04:59:59.999000+00:00,32238063.2978411,44379
2026-05-02T05:00:00+00:00,78175.5,78235.25,78040.0,78174.0,526.60294,2026-05-02T05:59:59.999000+00:00,41153101.7511252,39232
2026-05-02T06:00:00+00:00,78174.0,78363.21,78148.24,78327.8,366.5645,2026-05-02T06:59:59.999000+00:00,28671003.4761428,33235
2026-05-02T07:00:00+00:00,78327.8,78342.18,78207.2,78220.0,170.02066,2026-05-02T07:59:59.999000+00:00,13309281.9844708,24648
2026-05-02T08:00:00+00:00,78220.0,78356.51,78165.3,78315.37,204.83037,2026-05-02T08:59:59.999000+00:00,16036059.0896568,24831
2026-05-02T09:00:00+00:00,78315.36,78394.0,78220.0,78293.57,257.64077,2026-05-02T09:59:59.999000+00:00,20177009.767908,29926
2026-05-02T10:00:00+00:00,78293.57,78311.97,78225.22,78249.3,136.41815,2026-05-02T10:59:59.999000+00:00,10676182.603203,18765
2026-05-02T11:00:00+00:00,78249.31,78249.31,78094.43,78143.08,269.24301,2026-05-02T11:59:59.999000+00:00,21044675.0375687,26917
2026-05-02T12:00:00+00:00,78143.09,78262.37,78108.41,78211.24,182.77682,2026-05-02T12:59:59.999000+00:00,14290097.3912471,27343
2026-05-02T13:00:00+00:00,78211.24,78423.85,78211.24,78367.06,227.00487,2026-05-02T13:59:59.999000+00:00,17781233.364863,34447
2026-05-02T14:00:00+00:00,78367.06,78484.42,78309.84,78423.98,190.15931,2026-05-02T14:59:59.999000+00:00,14909943.3036185,42297
2026-05-02T15:00:00+00:00,78423.98,78487.68,78365.96,78487.67,126.14054,2026-05-02T15:59:59.999000+00:00,9891703.9247525,32871
2026-05-02T16:00:00+00:00,78487.67,78596.61,78430.07,78455.02,194.42514,2026-05-02T16:59:59.999000+00:00,15265447.5028902,51734
2026-05-02T17:00:00+00:00,78455.02,78485.53,78368.24,78398.02,213.39843,2026-05-02T17:59:59.999000+00:00,16737270.8253233,27902
2026-05-02T18:00:00+00:00,78398.03,78493.31,78310.54,78466.62,118.15969,2026-05-02T18:59:59.999000+00:00,9263022.8267736,34867
2026-05-02T19:00:00+00:00,78466.63,78521.68,78440.11,78486.0,182.05466,2026-05-02T19:59:59.999000+00:00,14284795.0586476,28004
2026-05-02T20:00:00+00:00,78486.23,78491.26,78418.32,78451.38,61.92886,2026-05-02T20:59:59.999000+00:00,4858068.8485173,23025
2026-05-02T21:00:00+00:00,78451.37,79199.48,78439.51,78719.78,734.53837,2026-05-02T21:59:59.999000+00:00,57942265.6933412,97532
2026-05-02T22:00:00+00:00,78719.78,78872.39,78610.46,78832.98,266.49012,2026-05-02T22:59:59.999000+00:00,20976559.3424831,64442
2026-05-02T23:00:00+00:00,78832.98,78832.98,78631.9,78686.85,114.49221,2026-05-02T23:59:59.999000+00:00,9014431.5066717,35756
2026-05-03T00:00:00+00:00,78686.84,78754.55,78490.61,78542.32,233.96416,2026-05-03T00:59:59.999000+00:00,18389373.8855559,50475
2026-05-03T01:00:00+00:00,78542.33,78542.33,78152.25,78240.83,391.01401,2026-05-03T01:59:59.999000+00:00,30616811.4144062,76400
2026-05-03T02:00:00+00:00,78240.84,78309.09,78108.75,78171.85,222.42918,2026-05-03T02:59:59.999000+00:00,17390454.0915506,47632
2026-05-03T03:00:00+00:00,78171.86,78217.59,78109.94,78203.08,200.3559,2026-05-03T03:59:59.999000+00:00,15657286.6628591,34358
2026-05-03T04:00:00+00:00,78203.07,78236.45,78120.0,78163.19,89.71363,2026-05-03T04:59:59.999000+00:00,7013664.5311464,28765
2026-05-03T05:00:00+00:00,78163.19,78260.75,78163.17,78249.42,98.09285,2026-05-03T05:59:59.999000+00:00,7673668.6526239,21368
2026-05-03T06:00:00+00:00,78249.41,78337.26,78084.08,78288.3,306.94233,2026-05-03T06:59:59.999000+00:00,23993932.357596,35888
2026-05-03T07:00:00+00:00,78288.3,78483.67,78288.29,78363.25,299.42086,2026-05-03T07:59:59.999000+00:00,23478481.7208286,45006
2026-05-03T08:00:00+00:00,78363.24,78505.92,78363.24,78387.86,102.01693,2026-05-03T08:59:59.999000+00:00,8002629.2022405,33227
2026-05-03T09:00:00+00:00,78387.87,78604.67,78354.53,78529.57,293.1321,2026-05-03T09:59:59.999000+00:00,23007106.6054675,44612
2026-05-03T10:00:00+00:00,78529.57,78534.4,78406.97,78408.01,140.79481,2026-05-03T10:59:59.999000+00:00,11045692.5832175,21933
2026-05-03T11:00:00+00:00,78408.01,78849.22,78380.0,78656.01,412.8313,2026-05-03T11:59:59.999000+00:00,32463282.4060025,51272
2026-05-03T12:00:00+00:00,78656.01,78878.77,78656.0,78747.09,294.28187,2026-05-03T12:59:59.999000+00:00,23180728.9792988,56563
2026-05-03T13:00:00+00:00,78747.09,78769.63,78586.99,78670.01,196.40341,2026-05-03T13:59:59.999000+00:00,15454116.874971,41759
2026-05-03T14:00:00+00:00,78670.01,78786.57,78608.7,78741.0,409.96615,2026-05-03T14:59:59.999000+00:00,32265348.0552562,56576
2026-05-03T15:00:00+00:00,78741.0,78815.19,78633.4,78668.36,237.20487,2026-05-03T15:59:59.999000+00:00,18675722.4441427,43092
2026-05-03T16:00:00+00:00,78668.36,78784.56,78600.0,78654.0,167.53902,2026-05-03T16:59:59.999000+00:00,13181272.9093631,44250
2026-05-03T17:00:00+00:00,78654.01,78822.83,78558.65,78725.76,357.9255,2026-05-03T17:59:59.999000+00:00,28153483.8770617,52110
2026-05-03T18:00:00+00:00,78725.76,78763.57,78631.61,78739.67,138.18974,2026-05-03T18:59:59.999000+00:00,10875031.0261944,32709
2026-05-03T19:00:00+00:00,78739.68,78853.32,78676.67,78760.32,252.60944,2026-05-03T19:59:59.999000+00:00,19887500.7818189,39278
2026-05-03T20:00:00+00:00,78760.32,79268.0,78732.04,78915.99,645.7979,2026-05-03T20:59:59.999000+00:00,51036893.8705236,92281
2026-05-03T21:00:00+00:00,78915.99,79056.59,78650.0,78831.59,357.48617,2026-05-03T21:59:59.999000+00:00,28193836.4548989,76810
2026-05-03T22:00:00+00:00,78831.6,79447.0,78831.6,79177.29,934.95879,2026-05-03T22:59:59.999000+00:00,74026964.5373802,187344
2026-05-03T23:00:00+00:00,79177.29,79287.82,78484.42,78568.57,642.72198,2026-05-03T23:59:59.999000+00:00,50631046.5272244,138766
2026-05-04T00:00:00+00:00,78568.58,78572.57,78288.88,78547.14,434.86007,2026-05-04T00:59:59.999000+00:00,34109856.7074657,124823
2026-05-04T01:00:00+00:00,78547.15,79848.84,78412.49,79769.43,1366.42153,2026-05-04T01:59:59.999000+00:00,108368475.5730271,210432
2026-05-04T02:00:00+00:00,79769.43,80420.9,79540.05,80173.3,2278.14954,2026-05-04T02:59:59.999000+00:00,182211034.8815555,311169
2026-05-04T03:00:00+00:00,80173.3,80458.0,79926.9,80316.31,1012.18218,2026-05-04T03:59:59.999000+00:00,81160285.1993266,151705
2026-05-04T04:00:00+00:00,80316.3,80635.51,80233.04,80332.06,1362.02834,2026-05-04T04:59:59.999000+00:00,109502414.3608939,175006
2026-05-04T05:00:00+00:00,80332.06,80395.96,79956.25,80027.26,746.81318,2026-05-04T05:59:59.999000+00:00,59862060.4370411,88298
2026-05-04T06:00:00+00:00,80027.26,80048.64,79500.0,79877.9,1103.73906,2026-05-04T06:59:59.999000+00:00,88095643.6571576,102725
2026-05-04T07:00:00+00:00,79877.91,79946.33,79672.0,79696.75,419.83178,2026-05-04T07:59:59.999000+00:00,33510680.9507263,80159
2026-05-04T08:00:00+00:00,79696.75,79800.0,79602.32,79708.3,435.36516,2026-05-04T08:59:59.999000+00:00,34704544.9090666,76411
2026-05-04T09:00:00+00:00,79708.3,79930.0,79647.87,79838.48,473.40316,2026-05-04T09:59:59.999000+00:00,37777177.3504062,61177
2026-05-04T10:00:00+00:00,79838.49,79880.0,78202.0,78940.26,4380.72428,2026-05-04T10:59:59.999000+00:00,344798749.4740965,410423
2026-05-04T11:00:00+00:00,78940.27,79124.83,78708.87,78793.67,699.54546,2026-05-04T11:59:59.999000+00:00,55214897.1188262,107580
2026-05-04T12:00:00+00:00,78793.67,79020.0,78718.55,78857.18,426.01688,2026-05-04T12:59:59.999000+00:00,33611587.0853386,92728
2026-05-04T13:00:00+00:00,78857.18,79124.83,78581.74,78790.0,725.07004,2026-05-04T13:59:59.999000+00:00,57190378.3070052,164745
2026-05-04T14:00:00+00:00,78790.01,80545.17,78500.0,80216.16,2308.42012,2026-05-04T14:59:59.999000+00:00,183972559.4643512,315262
2026-05-04T15:00:00+00:00,80216.15,80367.93,79320.28,80028.85,2458.63305,2026-05-04T15:59:59.999000+00:00,196312434.6473797,353923
2026-05-04T16:00:00+00:00,80028.85,80395.68,79619.33,80025.03,1492.78417,2026-05-04T16:59:59.999000+00:00,119556511.3056763,266595
2026-05-04T17:00:00+00:00,80025.03,80776.99,80021.5,80390.81,1080.11249,2026-05-04T17:59:59.999000+00:00,86879328.2048275,173544
2026-05-04T18:00:00+00:00,80390.8,80439.18,80035.32,80114.91,663.99913,2026-05-04T18:59:59.999000+00:00,53291448.2981996,108346
2026-05-04T19:00:00+00:00,80114.91,80138.0,79900.0,80053.31,505.59924,2026-05-04T19:59:59.999000+00:00,40453106.871172,100222
2026-05-04T20:00:00+00:00,80053.31,80154.12,79901.0,79936.7,459.51864,2026-05-04T20:59:59.999000+00:00,36758175.7589628,66701
2026-05-04T21:00:00+00:00,79936.7,80383.15,79936.7,80259.17,343.30642,2026-05-04T21:59:59.999000+00:00,27534211.8100096,65327
2026-05-04T22:00:00+00:00,80259.18,80397.19,80042.84,80067.23,272.35375,2026-05-04T22:59:59.999000+00:00,21855872.7062284,67690
2026-05-04T23:00:00+00:00,80067.22,80067.22,79744.91,79861.01,594.08368,2026-05-04T23:59:59.999000+00:00,47443415.4326989,59613
2026-05-05T00:00:00+00:00,79861.01,80183.33,79808.72,80170.66,425.73287,2026-05-05T00:59:59.999000+00:00,34055867.2181309,74650
2026-05-05T01:00:00+00:00,80170.66,80385.06,80080.76,80352.0,530.02962,2026-05-05T01:59:59.999000+00:00,42532891.6588289,71006
2026-05-05T02:00:00+00:00,80351.99,80900.0,80300.0,80554.68,768.44478,2026-05-05T02:59:59.999000+00:00,61954964.5099248,110825
2026-05-05T03:00:00+00:00,80554.69,81083.98,80457.93,80893.08,677.93372,2026-05-05T03:59:59.999000+00:00,54818614.9724442,121587
2026-05-05T04:00:00+00:00,80893.08,80982.59,80725.0,80902.44,528.94138,2026-05-05T04:59:59.999000+00:00,42768128.2886916,82146
2026-05-05T05:00:00+00:00,80902.44,81323.52,80830.06,80970.0,1011.38606,2026-05-05T05:59:59.999000+00:00,81979177.4405009,127042
2026-05-05T06:00:00+00:00,80969.99,81016.42,80800.0,80976.0,389.83367,2026-05-05T06:59:59.999000+00:00,31533232.4141621,70768
2026-05-05T07:00:00+00:00,80976.0,81136.59,80826.0,80855.59,1044.4323,2026-05-05T07:59:59.999000+00:00,84592961.089661,96499
2026-05-05T08:00:00+00:00,80855.59,80895.5,80723.2,80815.24,474.4579,2026-05-05T08:59:59.999000+00:00,38350565.1119542,50838
2026-05-05T09:00:00+00:00,80815.24,80815.24,80527.76,80586.02,865.34761,2026-05-05T09:59:59.999000+00:00,69783298.7494042,72120
2026-05-05T10:00:00+00:00,80586.02,80831.87,80530.82,80823.61,521.10422,2026-05-05T10:59:59.999000+00:00,42067489.824925,57062
2026-05-05T11:00:00+00:00,80823.61,81095.48,80780.0,81014.05,623.66253,2026-05-05T11:59:59.999000+00:00,50474282.6085902,75313
2026-05-05T12:00:00+00:00,81014.05,81329.61,80932.54,81279.41,607.82057,2026-05-05T12:59:59.999000+00:00,49355303.1428741,100289
2026-05-05T13:00:00+00:00,81279.4,81712.32,81196.0,81330.0,1771.4169,2026-05-05T13:59:59.999000+00:00,144361352.9460554,229845
2026-05-05T14:00:00+00:00,81330.0,81500.0,80939.87,81336.59,1282.91373,2026-05-05T14:59:59.999000+00:00,104201089.2470967,225570
2026-05-05T15:00:00+00:00,81336.59,81689.2,81235.0,81525.19,899.04049,2026-05-05T15:59:59.999000+00:00,73311097.6646412,147452
2026-05-05T16:00:00+00:00,81525.19,81615.33,81050.04,81285.75,707.45267,2026-05-05T16:59:59.999000+00:00,57489542.0042777,124974
2026-05-05T17:00:00+00:00,81285.75,81458.26,81185.02,81270.6,280.80669,2026-05-05T17:59:59.999000+00:00,22835946.0245999,75241
2026-05-05T18:00:00+00:00,81270.61,81599.0,81270.61,81515.0,427.56223,2026-05-05T18:59:59.999000+00:00,34840130.8145804,75961
2026-05-05T19:00:00+00:00,81515.0,81680.0,81407.58,81606.35,364.63717,2026-05-05T19:59:59.999000+00:00,29746413.0566376,71879
2026-05-05T20:00:00+00:00,81606.35,81770.0,81510.13,81646.38,724.67261,2026-05-05T20:59:59.999000+00:00,59174217.6786367,84797
2026-05-05T21:00:00+00:00,81646.39,81791.48,81305.27,81407.11,618.58873,2026-05-05T21:59:59.999000+00:00,50465353.7644697,99536
2026-05-05T22:00:00+00:00,81407.11,81600.0,80817.72,81111.27,921.88572,2026-05-05T22:59:59.999000+00:00,74829036.386462,156448
2026-05-05T23:00:00+00:00,81111.27,81222.03,80790.0,80905.52,479.07578,2026-05-05T23:59:59.999000+00:00,38798072.6133867,89082
2026-05-06T00:00:00+00:00,80905.53,81262.28,80731.14,81030.01,876.19915,2026-05-06T00:59:59.999000+00:00,70968679.4386151,110959
2026-05-06T01:00:00+00:00,81030.0,81534.23,80996.0,81439.34,803.82574,2026-05-06T01:59:59.999000+00:00,65366448.8333712,103569
2026-05-06T02:00:00+00:00,81439.34,81449.04,81047.01,81363.54,621.19491,2026-05-06T02:59:59.999000+00:00,50466176.1410706,78385
2026-05-06T03:00:00+00:00,81363.54,81760.84,81358.17,81581.69,710.52364,2026-05-06T03:59:59.999000+00:00,57939766.423936,109321
2026-05-06T04:00:00+00:00,81581.7,81649.99,81270.0,81331.1,575.6413,2026-05-06T04:59:59.999000+00:00,46902387.4113849,93124
2026-05-06T05:00:00+00:00,81331.1,81360.3,81060.0,81333.0,592.1865,2026-05-06T05:59:59.999000+00:00,48102689.9454803,84618
2026-05-06T06:00:00+00:00,81333.0,81516.9,81211.34,81476.71,524.1354,2026-05-06T06:59:59.999000+00:00,42655704.2149638,70575
2026-05-06T07:00:00+00:00,81476.71,81611.0,81307.81,81359.82,608.74333,2026-05-06T07:59:59.999000+00:00,49588869.0441816,87612
2026-05-06T08:00:00+00:00,81359.82,81986.0,81328.68,81945.66,1353.41416,2026-05-06T08:59:59.999000+00:00,110643623.9795944,156787
2026-05-06T09:00:00+00:00,81945.66,82060.0,81682.7,81997.0,1096.7335,2026-05-06T09:59:59.999000+00:00,89833586.8547738,130505
2026-05-06T10:00:00+00:00,81997.0,82390.0,81953.25,82290.04,1302.85091,2026-05-06T10:59:59.999000+00:00,107072448.783714,140037
2026-05-06T11:00:00+00:00,82290.03,82850.0,82261.6,82522.89,1435.93329,2026-05-06T11:59:59.999000+00:00,118605240.5147293,156288
2026-05-06T12:00:00+00:00,82522.88,82539.33,82164.61,82220.47,820.9281,2026-05-06T12:59:59.999000+00:00,67597251.0879828,128547
2026-05-06T13:00:00+00:00,82220.47,82220.47,81600.0,81670.89,1247.90169,2026-05-06T13:59:59.999000+00:00,102215660.2698548,256327
2026-05-06T14:00:00+00:00,81670.9,81980.72,81136.0,81526.73,1615.07708,2026-05-06T14:59:59.999000+00:00,131688079.3175765,263483
2026-05-06T15:00:00+00:00,81526.74,81823.0,81316.28,81704.25,824.75333,2026-05-06T15:59:59.999000+00:00,67297615.6214672,144650
2026-05-06T16:00:00+00:00,81704.25,81907.51,81431.16,81630.94,983.55485,2026-05-06T16:59:59.999000+00:00,80356406.8573912,121435
2026-05-06T17:00:00+00:00,81630.94,81709.32,81394.0,81452.63,417.39237,2026-05-06T17:59:59.999000+00:00,34026753.1315471,100728
2026-05-06T18:00:00+00:00,81452.63,81559.17,81271.06,81353.14,451.84587,2026-05-06T18:59:59.999000+00:00,36787845.6110014,92193
2026-05-06T19:00:00+00:00,81353.15,81522.41,81200.0,81464.87,517.12437,2026-05-06T19:59:59.999000+00:00,42074504.4411322,79252
2026-05-06T20:00:00+00:00,81464.86,81700.0,81302.35,81427.52,436.46876,2026-05-06T20:59:59.999000+00:00,35571219.9242229,74219
2026-05-06T21:00:00+00:00,81427.52,81618.77,81294.64,81539.16,310.38464,2026-05-06T21:59:59.999000+00:00,25293460.6543093,62102
2026-05-06T22:00:00+00:00,81539.16,81540.91,81240.0,81342.39,229.58883,2026-05-06T22:59:59.999000+00:00,18678662.4936221,68585
2026-05-06T23:00:00+00:00,81342.39,81447.3,81000.0,81447.01,442.37224,2026-05-06T23:59:59.999000+00:00,35917543.7653258,81406
2026-05-07T00:00:00+00:00,81447.01,81490.03,80980.0,81016.96,407.52958,2026-05-07T00:59:59.999000+00:00,33092870.0025378,109604
2026-05-07T01:00:00+00:00,81016.96,81284.67,80830.23,81167.8,565.39571,2026-05-07T01:59:59.999000+00:00,45845040.7095068,130591
2026-05-07T02:00:00+00:00,81167.79,81180.74,80883.54,81113.34,749.95215,2026-05-07T02:59:59.999000+00:00,60723443.0032292,93990
2026-05-07T03:00:00+00:00,81113.35,81113.35,80834.61,80834.91,345.29566,2026-05-07T03:59:59.999000+00:00,27957498.6675634,58782
2026-05-07T04:00:00+00:00,80834.92,80989.59,80725.09,80979.19,387.82747,2026-05-07T04:59:59.999000+00:00,31368135.83755,66132
2026-05-07T05:00:00+00:00,80979.19,81172.27,80974.06,81088.0,355.34634,2026-05-07T05:59:59.999000+00:00,28812521.9606502,55988
2026-05-07T06:00:00+00:00,81088.0,81443.21,80874.41,81438.61,613.68575,2026-05-07T06:59:59.999000+00:00,49811553.4820319,85859
2026-05-07T07:00:00+00:00,81438.62,81708.32,81390.3,81518.58,681.98013,2026-05-07T07:59:59.999000+00:00,55623212.0696069,102529
2026-05-07T08:00:00+00:00,81518.57,81590.0,81194.74,81231.24,647.38206,2026-05-07T08:59:59.999000+00:00,52689795.1720421,93066
2026-05-07T09:00:00+00:00,81231.25,81231.25,80852.33,80929.0,659.04219,2026-05-07T09:59:59.999000+00:00,53392652.7046613,85501
2026-05-07T10:00:00+00:00,80929.0,80997.0,80572.4,80850.75,690.56353,2026-05-07T10:59:59.999000+00:00,55803373.3472854,83111
2026-05-07T11:00:00+00:00,80850.76,81041.15,80786.5,80866.65,367.10915,2026-05-07T11:59:59.999000+00:00,29707434.741063,65573
2026-05-07T12:00:00+00:00,80866.65,81180.0,80846.87,81162.01,429.19223,2026-05-07T12:59:59.999000+00:00,34783045.59708,82974
2026-05-07T13:00:00+00:00,81162.0,81162.01,80260.98,80503.68,1211.56578,2026-05-07T13:59:59.999000+00:00,97696809.6661784,210688
2026-05-07T14:00:00+00:00,80503.69,80685.7,80046.0,80171.38,1538.09475,2026-05-07T14:59:59.999000+00:00,123596097.8996839,205689
2026-05-07T15:00:00+00:00,80171.37,80271.42,79699.52,79890.63,1647.8103,2026-05-07T15:59:59.999000+00:00,131759796.5705609,200568
2026-05-07T16:00:00+00:00,79890.0,80020.0,79646.79,79801.08,1424.92395,2026-05-07T16:59:59.999000+00:00,113717784.5930728,173107
2026-05-07T17:00:00+00:00,79801.08,80135.17,79500.0,80094.52,919.74045,2026-05-07T17:59:59.999000+00:00,73395449.1752707,150300
2026-05-07T18:00:00+00:00,80094.52,80269.06,80004.4,80200.59,527.27769,2026-05-07T18:59:59.999000+00:00,42268659.4042081,113138
2026-05-07T19:00:00+00:00,80200.6,80224.0,79934.3,80146.11,443.20216,2026-05-07T19:59:59.999000+00:00,35497789.7206518,92695
2026-05-07T20:00:00+00:00,80146.77,80371.23,79859.51,79879.99,400.51449,2026-05-07T20:59:59.999000+00:00,32088240.5800116,77187
2026-05-07T21:00:00+00:00,79880.0,79934.92,79660.0,79735.01,401.75461,2026-05-07T21:59:59.999000+00:00,32064986.4665729,69328
2026-05-07T22:00:00+00:00,79735.0,79990.0,79582.95,79919.01,495.14556,2026-05-07T22:59:59.999000+00:00,39517119.8338729,89161
2026-05-07T23:00:00+00:00,79919.0,80068.03,79871.98,80006.0,244.47169,2026-05-07T23:59:59.999000+00:00,19553070.8974419,44768
2026-05-08T00:00:00+00:00,80006.0,80142.84,79729.72,79831.99,958.06006,2026-05-08T00:59:59.999000+00:00,76636658.9620897,67626
2026-05-08T01:00:00+00:00,79831.98,79900.11,79612.63,79740.01,539.33838,2026-05-08T01:59:59.999000+00:00,43021133.112408,60400
2026-05-08T02:00:00+00:00,79740.01,79761.61,79316.99,79488.46,1066.54641,2026-05-08T02:59:59.999000+00:00,84774005.1984473,121413
2026-05-08T03:00:00+00:00,79488.47,79666.66,79181.48,79578.85,529.79179,2026-05-08T03:59:59.999000+00:00,42089636.5091253,95701
2026-05-08T04:00:00+00:00,79578.84,79748.0,79551.26,79655.23,317.73705,2026-05-08T04:59:59.999000+00:00,25310842.8548898,54761
2026-05-08T05:00:00+00:00,79655.22,79778.95,79600.0,79600.01,307.79364,2026-05-08T05:59:59.999000+00:00,24523168.0379827,45878
2026-05-08T06:00:00+00:00,79600.01,79654.0,79411.0,79525.76,792.09671,2026-05-08T06:59:59.999000+00:00,62997807.803982,79916
2026-05-08T07:00:00+00:00,79525.77,79727.0,79248.58,79682.4,992.93778,2026-05-08T07:59:59.999000+00:00,78897553.2149294,117321
2026-05-08T08:00:00+00:00,79682.4,79987.27,79666.05,79886.01,628.59636,2026-05-08T08:59:59.999000+00:00,50159551.0699193,63160
2026-05-08T09:00:00+00:00,79886.0,80061.17,79794.88,79872.72,481.81051,2026-05-08T09:59:59.999000+00:00,38509342.927229,57976
2026-05-08T10:00:00+00:00,79872.72,80278.92,79788.01,80212.56,650.80764,2026-05-08T10:59:59.999000+00:00,52119317.9902974,85293
2026-05-08T11:00:00+00:00,80212.55,80340.94,80127.54,80231.22,586.98252,2026-05-08T11:59:59.999000+00:00,47098999.4585,83205
2026-05-08T12:00:00+00:00,80231.22,80500.0,79966.14,80025.82,831.54339,2026-05-08T12:59:59.999000+00:00,66716136.1402844,108134
2026-05-08T13:00:00+00:00,80025.81,80095.99,79549.54,79647.8,1091.58342,2026-05-08T13:59:59.999000+00:00,87038288.8312259,186990
2026-05-08T14:00:00+00:00,79647.81,80441.79,79647.8,80150.97,1005.3745,2026-05-08T14:59:59.999000+00:00,80539283.6726126,232352
2026-05-08T15:00:00+00:00,80150.97,80200.0,79625.0,80142.14,812.90032,2026-05-08T15:59:59.999000+00:00,64987977.3154914,169828
2026-05-08T16:00:00+00:00,80142.13,80182.18,79741.3,79802.34,665.763,2026-05-08T16:59:59.999000+00:00,53212392.2280763,116614
2026-05-08T17:00:00+00:00,79802.35,80261.87,79738.75,80060.0,1502.98426,2026-05-08T17:59:59.999000+00:00,120404466.3077734,146947
2026-05-08T18:00:00+00:00,80060.0,80299.99,80059.99,80078.4,470.37331,2026-05-08T18:59:59.999000+00:00,37726970.1842474,103432
2026-05-08T19:00:00+00:00,80078.39,80181.66,79954.54,80179.94,408.77976,2026-05-08T19:59:59.999000+00:00,32730381.9530209,73140
2026-05-08T20:00:00+00:00,80180.0,80299.93,80089.76,80133.09,330.63666,2026-05-08T20:59:59.999000+00:00,26520818.6044115,53789
2026-05-08T21:00:00+00:00,80133.08,80264.0,80116.32,80263.99,269.62208,2026-05-08T21:59:59.999000+00:00,21622750.5009975,46676
2026-05-08T22:00:00+00:00,80264.0,80409.09,80238.42,80262.0,318.15524,2026-05-08T22:59:59.999000+00:00,25555757.0163684,52351
2026-05-08T23:00:00+00:00,80262.0,80299.27,80111.02,80193.17,441.0953,2026-05-08T23:59:59.999000+00:00,35372805.5229522,42469
2026-05-09T00:00:00+00:00,80193.18,80240.87,80129.85,80238.76,206.53644,2026-05-09T00:59:59.999000+00:00,16561246.0120294,38749
2026-05-09T01:00:00+00:00,80238.75,80446.58,80217.46,80327.75,266.81337,2026-05-09T01:59:59.999000+00:00,21435793.4595602,44427
2026-05-09T02:00:00+00:00,80327.75,80477.47,80327.75,80417.87,231.63268,2026-05-09T02:59:59.999000+00:00,18626864.2759484,46355
2026-05-09T03:00:00+00:00,80417.88,80550.67,80307.76,80383.95,388.12699,2026-05-09T03:59:59.999000+00:00,31214117.3835377,40049
2026-05-09T04:00:00+00:00,80383.96,80666.66,80373.55,80379.9,404.43634,2026-05-09T04:59:59.999000+00:00,32558245.0502436,58360
2026-05-09T05:00:00+00:00,80379.9,80480.49,80343.0,80379.49,360.73513,2026-05-09T05:59:59.999000+00:00,29001792.2405959,38150
2026-05-09T06:00:00+00:00,80379.5,80428.01,80201.6,80263.92,270.37474,2026-05-09T06:59:59.999000+00:00,21710521.8805569,43777
2026-05-09T07:00:00+00:00,80263.93,80309.05,80135.0,80228.89,445.94164,2026-05-09T07:59:59.999000+00:00,35772648.7510821,38220
2026-05-09T08:00:00+00:00,80228.88,80452.44,80220.0,80407.12,297.06841,2026-05-09T08:59:59.999000+00:00,23882258.0085007,32167
2026-05-09T09:00:00+00:00,80407.12,80415.83,80214.0,80242.53,211.41081,2026-05-09T09:59:59.999000+00:00,16972602.0151138,31591
2026-05-09T10:00:00+00:00,80242.54,80346.94,80166.26,80264.02,234.54075,2026-05-09T10:59:59.999000+00:00,18818878.398538,30009
2026-05-09T11:00:00+00:00,80264.01,80366.07,80256.95,80345.46,266.71827,2026-05-09T11:59:59.999000+00:00,21423368.078652,23343
2026-05-09T12:00:00+00:00,80345.47,80416.21,80274.03,80397.97,357.45715,2026-05-09T12:59:59.999000+00:00,28722681.1226735,32144
2026-05-09T13:00:00+00:00,80397.97,80422.0,80318.7,80391.18,341.73909,2026-05-09T13:59:59.999000+00:00,27466352.8819646,32401
2026-05-09T14:00:00+00:00,80391.18,80426.9,80254.71,80332.22,322.24573,2026-05-09T14:59:59.999000+00:00,25883852.0312398,43576
2026-05-09T15:00:00+00:00,80332.23,80600.0,80234.0,80527.92,418.47876,2026-05-09T15:59:59.999000+00:00,33656956.9251338,57952
2026-05-09T16:00:00+00:00,80527.92,80777.0,80487.4,80625.01,546.55445,2026-05-09T16:59:59.999000+00:00,44070919.9347547,74885
2026-05-09T17:00:00+00:00,80625.0,80928.56,80625.0,80812.7,430.13867,2026-05-09T17:59:59.999000+00:00,34753469.1654025,63613
2026-05-09T18:00:00+00:00,80812.69,81080.0,80787.39,80907.65,339.35386,2026-05-09T18:59:59.999000+00:00,27467377.3678934,50106
2026-05-09T19:00:00+00:00,80907.66,80958.0,80776.99,80938.53,217.80867,2026-05-09T19:59:59.999000+00:00,17614551.4714784,39052
2026-05-09T20:00:00+00:00,80938.53,80938.53,80744.98,80805.5,144.14004,2026-05-09T20:59:59.999000+00:00,11648951.7463869,30610
2026-05-09T21:00:00+00:00,80805.51,80896.0,80744.98,80780.83,149.85415,2026-05-09T21:59:59.999000+00:00,12108739.99185,33300
2026-05-09T22:00:00+00:00,80780.83,80823.24,80670.01,80782.38,199.54802,2026-05-09T22:59:59.999000+00:00,16114672.3733025,41222
2026-05-09T23:00:00+00:00,80782.38,80850.0,80621.88,80678.4,496.76761,2026-05-09T23:59:59.999000+00:00,40109365.4199813,38315
2026-05-10T00:00:00+00:00,80678.41,80770.51,80610.64,80680.04,346.27712,2026-05-10T00:59:59.999000+00:00,27938364.7570953,45375
2026-05-10T01:00:00+00:00,80680.03,80690.73,80572.77,80685.56,410.62072,2026-05-10T01:59:59.999000+00:00,33105508.2426113,43216
2026-05-10T02:00:00+00:00,80685.55,80790.0,80611.0,80777.42,290.59888,2026-05-10T02:59:59.999000+00:00,23451635.2167937,33816
2026-05-10T03:00:00+00:00,80777.42,80887.15,80709.59,80775.0,284.77121,2026-05-10T03:59:59.999000+00:00,23007404.0488843,32583
2026-05-10T04:00:00+00:00,80774.99,80840.0,80722.78,80759.93,253.45188,2026-05-10T04:59:59.999000+00:00,20473639.975586,33078
2026-05-10T05:00:00+00:00,80759.93,80816.52,80682.0,80700.77,372.73913,2026-05-10T05:59:59.999000+00:00,30101404.0920063,35968
2026-05-10T06:00:00+00:00,80700.76,80753.04,80658.97,80733.75,211.5502,2026-05-10T06:59:59.999000+00:00,17073438.6840972,35863
2026-05-10T07:00:00+00:00,80733.75,80827.14,80720.1,80736.03,400.67517,2026-05-10T07:59:59.999000+00:00,32362774.35034,32285
2026-05-10T08:00:00+00:00,80736.03,80909.65,80715.33,80830.33,252.36808,2026-05-10T08:59:59.999000+00:00,20396915.0055845,35473
2026-05-10T09:00:00+00:00,80830.34,80913.8,80756.53,80807.96,237.31778,2026-05-10T09:59:59.999000+00:00,19181961.0173351,33556
2026-05-10T10:00:00+00:00,80807.95,80883.48,80691.0,80873.79,279.49023,2026-05-10T10:59:59.999000+00:00,22578671.5416903,40473
2026-05-10T11:00:00+00:00,80873.8,80975.4,80750.0,80821.21,339.53296,2026-05-10T11:59:59.999000+00:00,27455513.6288291,42009
2026-05-10T12:00:00+00:00,80821.21,80950.0,80784.2,80927.72,235.68491,2026-05-10T12:59:59.999000+00:00,19065459.4387559,39859
2026-05-10T13:00:00+00:00,80927.71,81000.01,80865.44,80971.67,254.25083,2026-05-10T13:59:59.999000+00:00,20582051.9712769,45884
2026-05-10T14:00:00+00:00,80971.66,80999.36,80816.22,80990.11,372.4586,2026-05-10T14:59:59.999000+00:00,30145354.8445561,50898
2026-05-10T15:00:00+00:00,80990.11,81442.81,80936.0,81418.01,780.28503,2026-05-10T15:59:59.999000+00:00,63335108.1105378,112364
2026-05-10T16:00:00+00:00,81418.01,81500.0,81200.0,81378.25,595.22707,2026-05-10T16:59:59.999000+00:00,48432813.6804772,86414
2026-05-10T17:00:00+00:00,81378.25,81583.11,81220.0,81476.18,599.74468,2026-05-10T17:59:59.999000+00:00,48816561.8739407,90133
2026-05-10T18:00:00+00:00,81476.18,81493.11,81231.14,81271.96,268.90805,2026-05-10T18:59:59.999000+00:00,21879421.4964417,52194
2026-05-10T19:00:00+00:00,81271.96,81481.92,81148.0,81437.83,334.34752,2026-05-10T19:59:59.999000+00:00,27205027.8264855,55929
2026-05-10T20:00:00+00:00,81437.83,81459.66,80279.77,80734.88,1021.73969,2026-05-10T20:59:59.999000+00:00,82566209.4407914,188726
2026-05-10T21:00:00+00:00,80734.88,80944.44,80571.97,80720.47,691.73163,2026-05-10T21:59:59.999000+00:00,55893676.4791432,119158
2026-05-10T22:00:00+00:00,80720.47,82171.96,80666.66,82044.49,1804.86462,2026-05-10T22:59:59.999000+00:00,147314931.1519242,310109
2026-05-10T23:00:00+00:00,82044.49,82479.32,82044.49,82210.07,1395.68283,2026-05-10T23:59:59.999000+00:00,114859867.3882908,206245
2026-05-11T00:00:00+00:00,82210.07,82380.0,81280.0,81471.13,1294.00066,2026-05-11T00:59:59.999000+00:00,105810972.444801,209298
2026-05-11T01:00:00+00:00,81471.13,81744.85,81291.23,81501.72,495.92379,2026-05-11T01:59:59.999000+00:00,40425195.0910495,141118
2026-05-11T02:00:00+00:00,81501.73,81572.4,81117.64,81169.08,491.97068,2026-05-11T02:59:59.999000+00:00,39984280.4842264,120235
2026-05-11T03:00:00+00:00,81169.09,81188.97,80525.0,80736.01,857.95581,2026-05-11T03:59:59.999000+00:00,69259137.0321585,144136
2026-05-11T04:00:00+00:00,80736.0,80879.12,80639.99,80824.61,378.47076,2026-05-11T04:59:59.999000+00:00,30553280.4974916,65543
2026-05-11T05:00:00+00:00,80824.61,80981.8,80761.73,80832.33,423.68877,2026-05-11T05:59:59.999000+00:00,34257094.7538248,57249
2026-05-11T06:00:00+00:00,80832.34,81049.51,80762.0,80822.86,296.00491,2026-05-11T06:59:59.999000+00:00,23941029.9513342,59178
2026-05-11T07:00:00+00:00,80822.86,80840.3,80663.11,80740.4,496.93812,2026-05-11T07:59:59.999000+00:00,40129617.3839453,62219
2026-05-11T08:00:00+00:00,80740.4,80863.42,80621.87,80767.97,463.92135,2026-05-11T08:59:59.999000+00:00,37470322.1342501,67535
2026-05-11T09:00:00+00:00,80767.97,80997.63,80758.3,80966.57,330.83757,2026-05-11T09:59:59.999000+00:00,26767184.0894726,52736
2026-05-11T10:00:00+00:00,80966.58,81200.0,80940.0,80940.0,488.26383,2026-05-11T10:59:59.999000+00:00,39586282.883327,84856
2026-05-11T11:00:00+00:00,80940.0,81196.95,80900.0,81196.94,356.37085,2026-05-11T11:59:59.999000+00:00,28896558.0877311,66506
2026-05-11T12:00:00+00:00,81196.95,81356.46,81029.77,81054.65,485.8963,2026-05-11T12:59:59.999000+00:00,39445901.8788231,106655
2026-05-11T13:00:00+00:00,81054.65,81332.29,80739.63,81072.0,767.39683,2026-05-11T13:59:59.999000+00:00,62199096.1890349,180484
2026-05-11T14:00:00+00:00,81072.01,81252.72,80462.97,80953.38,767.64104,2026-05-11T14:59:59.999000+00:00,62029026.9408749,207388
2026-05-11T15:00:00+00:00,80953.39,81458.0,80826.02,81445.9,647.30001,2026-05-11T15:59:59.999000+00:00,52569627.7202375,155632
2026-05-11T16:00:00+00:00,81445.89,81910.35,81344.72,81575.85,1113.46844,2026-05-11T16:59:59.999000+00:00,90990645.9999455,177209
2026-05-11T17:00:00+00:00,81575.84,82071.77,81369.42,81941.09,565.28919,2026-05-11T17:59:59.999000+00:00,46241223.333616,130148
2026-05-11T18:00:00+00:00,81941.09,82137.26,81836.15,81858.96,536.09834,2026-05-11T18:59:59.999000+00:00,43957377.7758287,122807
2026-05-11T19:00:00+00:00,81858.97,82091.11,81739.09,81961.99,458.6097,2026-05-11T19:59:59.999000+00:00,37583434.9264652,99644
2026-05-11T20:00:00+00:00,81961.99,82078.91,81758.5,81821.02,322.40099,2026-05-11T20:59:59.999000+00:00,26415221.3273486,80962
2026-05-11T21:00:00+00:00,81821.03,81906.35,81600.0,81821.18,268.82965,2026-05-11T21:59:59.999000+00:00,21974056.1595074,71491
2026-05-11T22:00:00+00:00,81821.18,81969.99,81729.99,81833.92,366.43361,2026-05-11T22:59:59.999000+00:00,29984455.3474919,65303
2026-05-11T23:00:00+00:00,81833.92,81833.92,81596.31,81745.65,278.04936,2026-05-11T23:59:59.999000+00:00,22722648.4429698,48064
2026-05-12T00:00:00+00:00,81745.66,81788.0,81478.75,81545.2,419.66559,2026-05-12T00:59:59.999000+00:00,34237174.1454403,80560
2026-05-12T01:00:00+00:00,81545.2,81615.67,80714.28,81199.18,866.00547,2026-05-12T01:59:59.999000+00:00,70232184.6697516,171646
2026-05-12T02:00:00+00:00,81199.18,81332.29,81087.63,81249.93,386.77691,2026-05-12T02:59:59.999000+00:00,31406837.7854111,75315
2026-05-12T03:00:00+00:00,81249.93,81294.42,81024.41,81058.8,187.87319,2026-05-12T03:59:59.999000+00:00,15248041.3497108,60524
2026-05-12T04:00:00+00:00,81058.79,81303.99,81000.0,81240.01,398.28206,2026-05-12T04:59:59.999000+00:00,32329942.9890934,57096
2026-05-12T05:00:00+00:00,81240.01,81305.24,81181.56,81224.03,329.93857,2026-05-12T05:59:59.999000+00:00,26808069.4674166,54329
2026-05-12T06:00:00+00:00,81224.04,81300.0,81010.01,81022.44,448.36294,2026-05-12T06:59:59.999000+00:00,36392772.1674836,63088
2026-05-12T07:00:00+00:00,81022.44,81137.27,80800.77,80865.4,603.31882,2026-05-12T07:59:59.999000+00:00,48850496.9499929,94155
2026-05-12T08:00:00+00:00,80865.4,80964.13,80760.53,80843.31,478.61372,2026-05-12T08:59:59.999000+00:00,38709434.5877854,71518
2026-05-12T09:00:00+00:00,80843.3,80963.35,80720.0,80837.15,506.71585,2026-05-12T09:59:59.999000+00:00,40964908.7516419,75137
2026-05-12T10:00:00+00:00,80837.15,80848.27,80601.27,80666.37,487.71377,2026-05-12T10:59:59.999000+00:00,39370519.0344323,71502
2026-05-12T11:00:00+00:00,80666.38,80785.38,80496.57,80784.87,500.02112,2026-05-12T11:59:59.999000+00:00,40317804.1344314,76762
2026-05-12T12:00:00+00:00,80784.86,80999.0,80619.19,80881.26,585.87948,2026-05-12T12:59:59.999000+00:00,47353845.2866338,130158
2026-05-12T13:00:00+00:00,80881.25,80928.26,80397.07,80466.91,795.94705,2026-05-12T13:59:59.999000+00:00,64237911.8122357,174593
2026-05-12T14:00:00+00:00,80466.91,80888.01,80397.88,80540.0,865.59094,2026-05-12T14:59:59.999000+00:00,69783490.2307086,215218
2026-05-12T15:00:00+00:00,80540.0,80676.78,80188.65,80336.01,958.32005,2026-05-12T15:59:59.999000+00:00,77034621.1365757,190809
2026-05-12T16:00:00+00:00,80336.01,80435.99,79843.59,80000.01,1473.4545,2026-05-12T16:59:59.999000+00:00,118151504.7711914,170555
2026-05-12T17:00:00+00:00,80000.01,80593.06,79951.05,80527.69,486.64257,2026-05-12T17:59:59.999000+00:00,39093638.2185861,122455
2026-05-12T18:00:00+00:00,80527.69,80763.81,80430.0,80679.12,367.3581,2026-05-12T18:59:59.999000+00:00,29601094.3825639,89346
2026-05-12T19:00:00+00:00,80679.11,80874.42,80679.11,80834.64,346.22158,2026-05-12T19:59:59.999000+00:00,27967842.0292384,71477
2026-05-12T20:00:00+00:00,80835.3,80896.25,80642.85,80696.87,292.49967,2026-05-12T20:59:59.999000+00:00,23632767.922002,60010
2026-05-12T21:00:00+00:00,80696.87,80738.0,80497.0,80587.44,202.53849,2026-05-12T21:59:59.999000+00:00,16328208.4181601,56092
2026-05-12T22:00:00+00:00,80587.45,80791.94,80587.45,80656.43,151.10909,2026-05-12T22:59:59.999000+00:00,12191877.7538317,58382
2026-05-12T23:00:00+00:00,80656.44,80714.0,80439.91,80504.47,247.40723,2026-05-12T23:59:59.999000+00:00,19935179.4463583,54410
2026-05-13T00:00:00+00:00,80504.47,80768.95,80412.15,80718.0,230.81443,2026-05-13T00:59:59.999000+00:00,18606486.0787889,91105
2026-05-13T01:00:00+00:00,80718.0,81195.69,80683.12,81006.0,633.76198,2026-05-13T01:59:59.999000+00:00,51363104.9215102,121813
2026-05-13T02:00:00+00:00,81005.99,81281.66,80934.69,81050.0,333.93602,2026-05-13T02:59:59.999000+00:00,27073363.9935471,69413
2026-05-13T03:00:00+00:00,81050.0,81299.99,80976.27,81249.99,377.40594,2026-05-13T03:59:59.999000+00:00,30613275.6789892,51901
2026-05-13T04:00:00+00:00,81249.99,81281.07,81124.87,81231.96,253.70329,2026-05-13T04:59:59.999000+00:00,20602047.1102783,48875
2026-05-13T05:00:00+00:00,81231.96,81247.22,80999.99,81019.99,266.87053,2026-05-13T05:59:59.999000+00:00,21644839.4734514,42837
2026-05-13T06:00:00+00:00,81020.0,81160.36,80972.94,80980.05,499.1653,2026-05-13T06:59:59.999000+00:00,40461583.0991523,54498
2026-05-13T07:00:00+00:00,80980.06,81049.01,80889.12,81026.92,476.02435,2026-05-13T07:59:59.999000+00:00,38536754.0801906,52484
2026-05-13T08:00:00+00:00,81026.92,81200.0,80943.63,81196.57,372.92514,2026-05-13T08:59:59.999000+00:00,30238042.9781081,68614
2026-05-13T09:00:00+00:00,81196.57,81324.64,81137.77,81291.38,435.50222,2026-05-13T09:59:59.999000+00:00,35384048.8549718,64102
2026-05-13T10:00:00+00:00,81291.37,81298.5,80809.01,80809.01,364.76288,2026-05-13T10:59:59.999000+00:00,29553001.6048504,71918
2026-05-13T11:00:00+00:00,80809.01,80843.87,80494.98,80501.22,668.09274,2026-05-13T11:59:59.999000+00:00,53867443.4956381,101546
2026-05-13T12:00:00+00:00,80501.22,80592.65,79852.0,80202.78,1194.36751,2026-05-13T12:59:59.999000+00:00,95781621.7030989,196730
2026-05-13T13:00:00+00:00,80202.78,80345.45,79576.47,79656.01,1205.27854,2026-05-13T13:59:59.999000+00:00,96298956.6206803,214865
2026-05-13T14:00:00+00:00,79656.01,79898.0,79481.56,79756.01,942.38578,2026-05-13T14:59:59.999000+00:00,75108253.8739865,172164
2026-05-13T15:00:00+00:00,79756.02,79856.08,78807.22,78827.21,1731.43058,2026-05-13T15:59:59.999000+00:00,137204913.078348,220114
2026-05-13T16:00:00+00:00,78827.21,79222.22,78754.65,79108.39,1522.11383,2026-05-13T16:59:59.999000+00:00,120176827.8177289,181918
2026-05-13T17:00:00+00:00,79108.39,79556.36,79100.0,79514.97,611.40519,2026-05-13T17:59:59.999000+00:00,48490117.927458,92102
2026-05-13T18:00:00+00:00,79514.97,79800.0,79514.97,79598.15,747.58594,2026-05-13T18:59:59.999000+00:00,59574410.7972167,103014
2026-05-13T19:00:00+00:00,79598.15,79646.29,79400.0,79642.41,463.49581,2026-05-13T19:59:59.999000+00:00,36860911.5275944,78120
2026-05-13T20:00:00+00:00,79642.41,79760.0,79622.7,79698.95,225.22286,2026-05-13T20:59:59.999000+00:00,17946408.1773808,49988
2026-05-13T21:00:00+00:00,79698.95,79705.73,79340.39,79398.54,418.00056,2026-05-13T21:59:59.999000+00:00,33219202.3430505,67406
2026-05-13T22:00:00+00:00,79398.54,79470.0,79228.0,79428.46,338.28664,2026-05-13T22:59:59.999000+00:00,26845331.788562,71621
2026-05-13T23:00:00+00:00,79428.46,79499.01,79233.83,79313.61,497.51837,2026-05-13T23:59:59.999000+00:00,39478895.8442422,63422
2026-05-14T00:00:00+00:00,79313.61,79681.73,79308.0,79580.0,443.66772,2026-05-14T00:59:59.999000+00:00,35278540.1395545,80912
2026-05-14T01:00:00+00:00,79580.0,79681.73,79409.42,79604.6,369.48629,2026-05-14T01:59:59.999000+00:00,29403676.3458954,78900
2026-05-14T02:00:00+00:00,79604.61,79676.11,79222.22,79370.24,684.03959,2026-05-14T02:59:59.999000+00:00,54437936.6490468,84024
2026-05-14T03:00:00+00:00,79370.24,79460.0,78922.0,79044.85,712.36112,2026-05-14T03:59:59.999000+00:00,56419945.6467915,153490
2026-05-14T04:00:00+00:00,79044.86,79474.41,78982.06,79451.63,437.35487,2026-05-14T04:59:59.999000+00:00,34678525.5034308,74853
2026-05-14T05:00:00+00:00,79451.62,79998.0,79359.49,79809.16,850.16622,2026-05-14T05:59:59.999000+00:00,67714774.1526329,103063
2026-05-14T06:00:00+00:00,79809.15,79953.35,79769.12,79804.71,301.13354,2026-05-14T06:59:59.999000+00:00,24047929.7152209,63253
2026-05-14T07:00:00+00:00,79804.72,79937.59,79702.05,79745.98,480.32483,2026-05-14T07:59:59.999000+00:00,38349620.3578426,67783
2026-05-14T08:00:00+00:00,79745.99,79936.98,79644.44,79821.56,652.77033,2026-05-14T08:59:59.999000+00:00,52099204.8884906,84347
2026-05-14T09:00:00+00:00,79821.55,79905.99,79569.81,79635.52,445.75367,2026-05-14T09:59:59.999000+00:00,35535609.5007779,62776
2026-05-14T10:00:00+00:00,79635.53,79756.98,79409.42,79570.01,384.95969,2026-05-14T10:59:59.999000+00:00,30645095.9161374,73315
2026-05-14T11:00:00+00:00,79570.01,79600.0,79234.0,79258.27,362.97846,2026-05-14T11:59:59.999000+00:00,28814110.0706889,68466
2026-05-14T12:00:00+00:00,79258.27,79775.02,79230.31,79767.11,526.41242,2026-05-14T12:59:59.999000+00:00,41855480.8717399,89322
2026-05-14T13:00:00+00:00,79767.1,80059.71,79670.88,79701.73,1000.54213,2026-05-14T13:59:59.999000+00:00,79926514.0809476,205407
2026-05-14T14:00:00+00:00,79701.73,81020.0,79561.52,80964.85,1882.78042,2026-05-14T14:59:59.999000+00:00,151434781.95098,307144
2026-05-14T15:00:00+00:00,80964.84,81332.23,80816.08,81301.23,2292.36231,2026-05-14T15:59:59.999000+00:00,185816971.1588832,266567
2026-05-14T16:00:00+00:00,81301.22,81904.44,81080.25,81888.4,2732.81932,2026-05-14T16:59:59.999000+00:00,222638527.8465234,351316
2026-05-14T17:00:00+00:00,81888.4,82048.13,81271.0,81668.48,1967.47911,2026-05-14T17:59:59.999000+00:00,160760567.5346829,295375
2026-05-14T18:00:00+00:00,81668.49,81949.15,81440.38,81581.99,1012.7972,2026-05-14T18:59:59.999000+00:00,82758482.4253424,163151
2026-05-14T19:00:00+00:00,81582.0,81718.73,81330.12,81419.74,566.84044,2026-05-14T19:59:59.999000+00:00,46191505.049581,137675
2026-05-14T20:00:00+00:00,81419.75,81590.19,81166.22,81412.04,471.62836,2026-05-14T20:59:59.999000+00:00,38371322.5030413,104948
2026-05-14T21:00:00+00:00,81412.05,81526.08,81268.38,81396.61,292.07185,2026-05-14T21:59:59.999000+00:00,23777295.9205538,68678
2026-05-14T22:00:00+00:00,81396.61,81559.71,81335.48,81456.0,322.84736,2026-05-14T22:59:59.999000+00:00,26301613.7747878,55802
2026-05-14T23:00:00+00:00,81456.0,81456.0,81059.93,81089.99,534.29082,2026-05-14T23:59:59.999000+00:00,43398443.0152235,60479
2026-05-15T00:00:00+00:00,81090.0,81664.45,81068.52,81518.67,578.5498,2026-05-15T00:59:59.999000+00:00,47115389.1311064,134018
2026-05-15T01:00:00+00:00,81518.66,81612.73,81106.2,81131.01,538.82284,2026-05-15T01:59:59.999000+00:00,43884485.1246693,149647
2026-05-15T02:00:00+00:00,81131.0,81350.0,80750.0,81299.14,829.4016,2026-05-15T02:59:59.999000+00:00,67209227.2763639,181523
2026-05-15T03:00:00+00:00,81299.14,81340.81,80930.82,81059.15,506.95135,2026-05-15T03:59:59.999000+00:00,41122151.7438253,108329
2026-05-15T04:00:00+00:00,81059.15,81100.0,80709.09,80724.71,367.57246,2026-05-15T04:59:59.999000+00:00,29752838.1892509,80398
2026-05-15T05:00:00+00:00,80724.71,80882.45,80314.0,80360.01,1029.21412,2026-05-15T05:59:59.999000+00:00,82885459.9880031,165592
2026-05-15T06:00:00+00:00,80360.01,80644.5,80314.01,80580.0,815.53271,2026-05-15T06:59:59.999000+00:00,65637509.1714884,112700
2026-05-15T07:00:00+00:00,80580.0,81003.37,80559.88,80814.88,878.78211,2026-05-15T07:59:59.999000+00:00,71005396.835097,107092
2026-05-15T08:00:00+00:00,80814.88,80822.95,80415.84,80638.0,538.63644,2026-05-15T08:59:59.999000+00:00,43432901.0063637,101514
2026-05-15T09:00:00+00:00,80638.0,80670.51,80369.0,80489.8,471.66166,2026-05-15T09:59:59.999000+00:00,37968205.0864108,85279
2026-05-15T10:00:00+00:00,80489.81,80776.33,80407.6,80716.23,444.96934,2026-05-15T10:59:59.999000+00:00,35855602.6139303,87809
2026-05-15T11:00:00+00:00,80716.22,80750.56,80590.08,80628.53,250.99223,2026-05-15T11:59:59.999000+00:00,20242200.1410531,58288
2026-05-15T12:00:00+00:00,80628.52,80635.44,80340.83,80385.11,535.00082,2026-05-15T12:59:59.999000+00:00,43054726.5465231,93043
2026-05-15T13:00:00+00:00,80385.1,80385.11,78698.69,78758.59,3101.88518,2026-05-15T13:59:59.999000+00:00,246415084.7994464,455882
2026-05-15T14:00:00+00:00,78758.59,79353.32,78659.0,79150.37,1965.21031,2026-05-15T14:59:59.999000+00:00,155356231.3724261,384645
2026-05-15T15:00:00+00:00,79150.36,79369.36,79013.81,79150.27,606.4731,2026-05-15T15:59:59.999000+00:00,48024718.948651,179829
2026-05-15T16:00:00+00:00,79150.26,79382.3,79131.01,79294.31,514.78679,2026-05-15T16:59:59.999000+00:00,40791705.4313792,135622
2026-05-15T17:00:00+00:00,79294.31,79504.83,79224.0,79460.0,478.80422,2026-05-15T17:59:59.999000+00:00,38002781.4793883,106352
2026-05-15T18:00:00+00:00,79460.0,79561.94,79170.47,79284.0,544.01093,2026-05-15T18:59:59.999000+00:00,43159787.2386719,126000
2026-05-15T19:00:00+00:00,79284.01,79290.0,79051.0,79146.5,421.75884,2026-05-15T19:59:59.999000+00:00,33377816.3129792,103925
2026-05-15T20:00:00+00:00,79146.5,79217.07,79000.0,79123.12,224.44355,2026-05-15T20:59:59.999000+00:00,17758327.6420603,66660
2026-05-15T21:00:00+00:00,79123.13,79200.0,78911.42,78973.5,682.32127,2026-05-15T21:59:59.999000+00:00,53983152.8803235,71661
2026-05-15T22:00:00+00:00,78973.5,79145.44,78973.49,79107.38,347.86808,2026-05-15T22:59:59.999000+00:00,27507980.6407504,46035
2026-05-15T23:00:00+00:00,79107.38,79161.86,79077.96,79113.21,677.62104,2026-05-15T23:59:59.999000+00:00,53608994.7687066,42271
2026-05-16T00:00:00+00:00,79113.2,79227.77,79075.09,79111.92,314.0124,2026-05-16T00:59:59.999000+00:00,24859118.0651999,40385
2026-05-16T01:00:00+00:00,79111.92,79186.05,79010.0,79168.0,357.20294,2026-05-16T01:59:59.999000+00:00,28255996.4500658,53095
2026-05-16T02:00:00+00:00,79168.0,79211.77,79080.1,79155.54,208.30505,2026-05-16T02:59:59.999000+00:00,16486370.5460379,45575
2026-05-16T03:00:00+00:00,79155.55,79187.71,79059.77,79083.18,368.66241,2026-05-16T03:59:59.999000+00:00,29180664.8168698,33837
2026-05-16T04:00:00+00:00,79083.19,79129.71,78860.0,79035.26,321.76822,2026-05-16T04:59:59.999000+00:00,25426625.1386811,54989
2026-05-16T05:00:00+00:00,79035.25,79039.49,78933.63,79027.37,183.05543,2026-05-16T05:59:59.999000+00:00,14462418.9512317,37192
2026-05-16T06:00:00+00:00,79027.36,79047.94,78459.87,78648.0,632.26156,2026-05-16T06:59:59.999000+00:00,49776098.8992497,96343
2026-05-16T07:00:00+00:00,78648.0,78651.63,78066.0,78369.77,1267.74437,2026-05-16T07:59:59.999000+00:00,99339534.9962254,179779
2026-05-16T08:00:00+00:00,78369.78,78530.52,78334.21,78426.56,379.04319,2026-05-16T08:59:59.999000+00:00,29727192.57455,59519
2026-05-16T09:00:00+00:00,78426.55,78440.81,77906.1,78083.48,1104.4311,2026-05-16T09:59:59.999000+00:00,86256129.2924353,166456
2026-05-16T10:00:00+00:00,78083.47,78101.43,77640.0,77960.0,1759.70594,2026-05-16T10:59:59.999000+00:00,137039456.3498661,178080
2026-05-16T11:00:00+00:00,77959.99,78193.88,77959.99,78081.71,602.9198,2026-05-16T11:59:59.999000+00:00,47085567.6465381,61191
2026-05-16T12:00:00+00:00,78080.46,78133.38,77918.62,78007.23,791.53177,2026-05-16T12:59:59.999000+00:00,61774657.241827,62131
2026-05-16T13:00:00+00:00,78007.24,78014.6,77833.4,78014.6,830.86287,2026-05-16T13:59:59.999000+00:00,64749332.5101838,67260
2026-05-16T14:00:00+00:00,78014.6,78346.0,77895.2,78130.55,729.04785,2026-05-16T14:59:59.999000+00:00,56907723.6158008,88253
2026-05-16T15:00:00+00:00,78130.55,78285.0,78078.22,78238.67,332.91477,2026-05-16T15:59:59.999000+00:00,26026836.2998008,59644
2026-05-16T16:00:00+00:00,78238.68,78364.65,78119.72,78205.96,328.10255,2026-05-16T16:59:59.999000+00:00,25669848.2305783,66610
2026-05-16T17:00:00+00:00,78205.96,78320.41,78199.0,78201.5,350.20669,2026-05-16T17:59:59.999000+00:00,27411424.1699479,43734
2026-05-16T18:00:00+00:00,78201.5,78327.75,78142.99,78229.81,310.63405,2026-05-16T18:59:59.999000+00:00,24296351.0766688,39812
2026-05-16T19:00:00+00:00,78229.82,78314.69,78204.22,78259.66,271.10252,2026-05-16T19:59:59.999000+00:00,21220623.1417996,32869
2026-05-16T20:00:00+00:00,78259.67,78318.94,78201.42,78261.0,194.3429,2026-05-16T20:59:59.999000+00:00,15210842.1021951,30038
2026-05-16T21:00:00+00:00,78261.0,78308.33,78206.85,78265.73,237.27188,2026-05-16T21:59:59.999000+00:00,18570616.5924626,32471
2026-05-16T22:00:00+00:00,78265.73,78279.28,78171.02,78186.25,128.79242,2026-05-16T22:59:59.999000+00:00,10074259.8219831,33453
2026-05-16T23:00:00+00:00,78186.25,78267.46,78125.32,78148.05,128.93924,2026-05-16T23:59:59.999000+00:00,10082968.1286524,34945
2026-05-17T00:00:00+00:00,78148.05,78243.19,77812.0,77945.85,311.59646,2026-05-17T00:59:59.999000+00:00,24321558.3152455,60228
2026-05-17T01:00:00+00:00,77945.85,78114.0,77721.19,77725.71,516.53667,2026-05-17T01:59:59.999000+00:00,40235542.0633642,104058
2026-05-17T02:00:00+00:00,77725.72,77938.0,77725.71,77895.51,256.64293,2026-05-17T02:59:59.999000+00:00,19984815.5756637,56785
2026-05-17T03:00:00+00:00,77895.5,78079.3,77888.0,78028.88,200.15322,2026-05-17T03:59:59.999000+00:00,15611466.4268215,38416
2026-05-17T04:00:00+00:00,78028.88,78203.93,78003.35,78158.09,375.99093,2026-05-17T04:59:59.999000+00:00,29377929.4922603,40924
2026-05-17T05:00:00+00:00,78158.08,78323.96,78102.42,78121.41,258.98839,2026-05-17T05:59:59.999000+00:00,20250830.3015424,35295
2026-05-17T06:00:00+00:00,78121.41,78204.01,78017.0,78104.8,136.86954,2026-05-17T06:59:59.999000+00:00,10690320.4047192,30420
2026-05-17T07:00:00+00:00,78104.79,78208.69,78053.79,78180.01,180.24659,2026-05-17T07:59:59.999000+00:00,14083802.606048,33257
2026-05-17T08:00:00+00:00,78180.0,78200.91,78033.01,78089.8,117.37418,2026-05-17T08:59:59.999000+00:00,9167507.3184355,30308
2026-05-17T09:00:00+00:00,78089.8,78293.97,78073.52,78249.33,196.43485,2026-05-17T09:59:59.999000+00:00,15350723.6525897,33341
2026-05-17T10:00:00+00:00,78249.33,78599.99,78249.03,78465.99,564.92985,2026-05-17T10:59:59.999000+00:00,44316620.9476285,89164
2026-05-17T11:00:00+00:00,78465.99,78473.82,78289.0,78415.99,257.4445,2026-05-17T11:59:59.999000+00:00,20181943.0113538,56126
2026-05-17T12:00:00+00:00,78415.99,78550.0,78333.8,78364.83,254.43689,2026-05-17T12:59:59.999000+00:00,19956514.212671,48851
2026-05-17T13:00:00+00:00,78364.83,78364.83,78173.15,78202.91,260.27625,2026-05-17T13:59:59.999000+00:00,20369850.8752517,52075
2026-05-17T14:00:00+00:00,78202.91,78217.33,77850.0,78051.51,397.56893,2026-05-17T14:59:59.999000+00:00,31022076.6499171,87291
2026-05-17T15:00:00+00:00,78051.51,78119.42,77920.76,78051.41,203.63392,2026-05-17T15:59:59.999000+00:00,15890313.2377839,53234
2026-05-17T16:00:00+00:00,78051.42,78193.66,78025.23,78034.36,142.87987,2026-05-17T16:59:59.999000+00:00,11159950.6967552,43198
2026-05-17T17:00:00+00:00,78034.37,78092.44,77856.69,78089.98,296.4389,2026-05-17T17:59:59.999000+00:00,23114462.3220228,65457
2026-05-17T18:00:00+00:00,78089.99,78271.59,78014.33,78268.05,172.43416,2026-05-17T18:59:59.999000+00:00,13477316.9331785,53543
2026-05-17T19:00:00+00:00,78268.04,78468.46,78209.96,78415.3,225.32283,2026-05-17T19:59:59.999000+00:00,17646961.5876119,50245
2026-05-17T20:00:00+00:00,78415.29,78435.32,78248.8,78277.36,205.39109,2026-05-17T20:59:59.999000+00:00,16083638.9996239,39153
2026-05-17T21:00:00+00:00,78277.36,78485.36,78243.5,78405.72,293.90051,2026-05-17T21:59:59.999000+00:00,23036658.9477714,42847
2026-05-17T22:00:00+00:00,78405.72,78414.16,77830.0,77997.24,585.78673,2026-05-17T22:59:59.999000+00:00,45721027.0233793,137547
2026-05-17T23:00:00+00:00,77997.24,78008.18,76735.16,77457.67,2031.42401,2026-05-17T23:59:59.999000+00:00,157009650.043213,288670
2026-05-18T00:00:00+00:00,77457.67,77477.99,76916.6,77209.95,1062.83033,2026-05-18T00:59:59.999000+00:00,81984258.9321795,265358
2026-05-18T01:00:00+00:00,77209.95,77291.54,76744.95,77109.22,771.47833,2026-05-18T01:59:59.999000+00:00,59378288.4337542,213677
2026-05-18T02:00:00+00:00,77109.21,77222.03,76707.61,76835.41,544.67309,2026-05-18T02:59:59.999000+00:00,41930139.7189693,110571
2026-05-18T03:00:00+00:00,76835.41,77030.42,76817.14,76924.65,509.0298,2026-05-18T03:59:59.999000+00:00,39158676.1676958,92865
2026-05-18T04:00:00+00:00,76924.66,77069.77,76772.01,77038.49,354.48166,2026-05-18T04:59:59.999000+00:00,27275549.4044702,72035
2026-05-18T05:00:00+00:00,77038.49,77080.93,76884.33,76931.4,586.83852,2026-05-18T05:59:59.999000+00:00,45173542.2494691,79600
2026-05-18T06:00:00+00:00,76931.4,76967.8,76583.33,76912.52,621.71728,2026-05-18T06:59:59.999000+00:00,47743453.9173338,113678
2026-05-18T07:00:00+00:00,76912.53,77089.29,76771.53,77073.69,1139.6298,2026-05-18T07:59:59.999000+00:00,87747781.7559723,112705
2026-05-18T08:00:00+00:00,77073.69,77181.88,76890.34,77040.42,562.21651,2026-05-18T08:59:59.999000+00:00,43300512.8710953,92598
2026-05-18T09:00:00+00:00,77040.43,77048.14,76877.17,76933.16,365.74952,2026-05-18T09:59:59.999000+00:00,28143295.4420434,64042
2026-05-18T10:00:00+00:00,76933.17,76957.35,76716.99,76764.74,432.20236,2026-05-18T10:59:59.999000+00:00,33204222.8893796,67906
2026-05-18T11:00:00+00:00,76764.75,77403.48,76668.58,77285.83,692.38548,2026-05-18T11:59:59.999000+00:00,53361231.2373958,122789
2026-05-18T12:00:00+00:00,77285.83,77800.0,77275.96,77639.98,980.76582,2026-05-18T12:59:59.999000+00:00,76026432.2933448,185228
2026-05-18T13:00:00+00:00,77639.99,77639.99,76695.31,76937.7,1116.5633,2026-05-18T13:59:59.999000+00:00,86075888.8482891,265756
2026-05-18T14:00:00+00:00,76937.7,76954.25,76230.02,76393.65,2158.59337,2026-05-18T14:59:59.999000+00:00,165251866.2292101,343255
2026-05-18T15:00:00+00:00,76393.66,76485.29,76051.0,76409.46,1960.17489,2026-05-18T15:59:59.999000+00:00,149428008.1143902,299046
2026-05-18T16:00:00+00:00,76409.46,76665.68,76218.0,76410.01,1252.9383,2026-05-18T16:59:59.999000+00:00,95789833.0367202,217847
2026-05-18T17:00:00+00:00,76410.0,76757.21,76366.13,76706.39,450.87486,2026-05-18T17:59:59.999000+00:00,34549035.3046208,129138
2026-05-18T18:00:00+00:00,76706.38,76706.38,76144.24,76252.5,779.57136,2026-05-18T18:59:59.999000+00:00,59534820.0526275,148893
2026-05-18T19:00:00+00:00,76252.01,76995.0,76235.0,76928.0,812.47229,2026-05-18T19:59:59.999000+00:00,62305567.620232,223272
2026-05-18T20:00:00+00:00,76928.0,77182.14,76874.73,76909.92,463.85785,2026-05-18T20:59:59.999000+00:00,35724366.4839592,102387
2026-05-18T21:00:00+00:00,76909.92,77174.23,76800.0,77103.05,491.7356,2026-05-18T21:59:59.999000+00:00,37855530.1464339,84645
2026-05-18T22:00:00+00:00,77103.04,77222.79,76937.19,77078.22,359.68174,2026-05-18T22:59:59.999000+00:00,27725957.9576624,73858
2026-05-18T23:00:00+00:00,77078.22,77160.79,76948.8,77001.87,275.05472,2026-05-18T23:59:59.999000+00:00,21193772.7847227,48179
2026-05-19T00:00:00+00:00,77001.88,77414.62,76955.99,77140.87,556.43712,2026-05-19T00:59:59.999000+00:00,42925866.0935382,102605
2026-05-19T01:00:00+00:00,77140.86,77156.2,76667.0,76667.01,769.46148,2026-05-19T01:59:59.999000+00:00,59127312.0286029,128318
2026-05-19T02:00:00+00:00,76667.01,76997.33,76487.83,76617.47,469.02583,2026-05-19T02:59:59.999000+00:00,35997292.231605,116810
2026-05-19T03:00:00+00:00,76617.46,76867.23,76586.11,76787.11,211.83571,2026-05-19T03:59:59.999000+00:00,16261601.3668782,62060
2026-05-19T04:00:00+00:00,76787.1,76943.75,76700.0,76927.25,239.72033,2026-05-19T04:59:59.999000+00:00,18419385.4745937,67084
2026-05-19T05:00:00+00:00,76927.25,77000.0,76644.98,76911.24,392.43215,2026-05-19T05:59:59.999000+00:00,30153671.8826531,83908
2026-05-19T06:00:00+00:00,76911.25,77108.68,76886.13,77029.4,386.11356,2026-05-19T06:59:59.999000+00:00,29731962.8024673,74613
2026-05-19T07:00:00+00:00,77029.41,77278.57,76974.72,77233.69,490.1935,2026-05-19T07:59:59.999000+00:00,37830146.4388953,86744
2026-05-19T08:00:00+00:00,77233.68,77317.02,76972.96,77048.71,465.92336,2026-05-19T08:59:59.999000+00:00,35946317.5427735,89801
2026-05-19T09:00:00+00:00,77048.72,77074.05,76709.29,76818.8,385.08727,2026-05-19T09:59:59.999000+00:00,29596553.2709664,95544
2026-05-19T10:00:00+00:00,76818.8,77103.97,76704.0,77041.87,464.38738,2026-05-19T10:59:59.999000+00:00,35701773.2835163,98724
2026-05-19T11:00:00+00:00,77041.87,77076.53,76633.83,76714.62,430.29111,2026-05-19T11:59:59.999000+00:00,33085384.4505504,69612
2026-05-19T12:00:00+00:00,76714.61,76982.89,76650.06,76940.21,257.11004,2026-05-19T12:59:59.999000+00:00,19759037.985532,64711
2026-05-19T13:00:00+00:00,76940.2,77048.72,76596.0,76872.75,906.63403,2026-05-19T13:59:59.999000+00:00,69648421.1272935,212900
2026-05-19T14:00:00+00:00,76872.74,77023.75,76144.71,76392.43,1426.24149,2026-05-19T14:59:59.999000+00:00,109089303.9610486,268808
2026-05-19T15:00:00+00:00,76392.43,76675.76,76337.97,76521.23,773.78391,2026-05-19T15:59:59.999000+00:00,59211709.069674,140521
2026-05-19T16:00:00+00:00,76521.24,76911.0,76407.72,76894.59,568.91388,2026-05-19T16:59:59.999000+00:00,43609768.2532168,105964
2026-05-19T17:00:00+00:00,76894.59,77015.41,76759.39,76856.76,442.15826,2026-05-19T17:59:59.999000+00:00,34008306.1243081,98700
2026-05-19T18:00:00+00:00,76856.76,76947.2,76744.8,76803.28,282.19478,2026-05-19T18:59:59.999000+00:00,21685275.9136433,71312
2026-05-19T19:00:00+00:00,76803.28,77065.8,76765.14,76818.74,341.73224,2026-05-19T19:59:59.999000+00:00,26278650.7162641,84920
2026-05-19T20:00:00+00:00,76818.73,77040.24,76818.73,77022.23,147.68289,2026-05-19T20:59:59.999000+00:00,11363387.7918735,37733
2026-05-19T21:00:00+00:00,77022.22,77040.83,76973.76,76982.34,185.29058,2026-05-19T21:59:59.999000+00:00,14269813.8483126,35717
2026-05-19T22:00:00+00:00,76982.34,76982.34,76642.95,76712.21,233.07768,2026-05-19T22:59:59.999000+00:00,17893953.400091,69659
2026-05-19T23:00:00+00:00,76712.22,76980.07,76670.52,76834.36,199.1312,2026-05-19T23:59:59.999000+00:00,15309483.2495057,48353
2026-05-20T00:00:00+00:00,76834.36,76896.5,76516.74,76788.83,236.25061,2026-05-20T00:59:59.999000+00:00,18118602.8161591,103108
2026-05-20T01:00:00+00:00,76788.83,76922.46,76536.59,76820.98,358.53384,2026-05-20T01:59:59.999000+00:00,27514665.9339074,121947
2026-05-20T02:00:00+00:00,76820.98,76909.62,76600.0,76690.42,293.25018,2026-05-20T02:59:59.999000+00:00,22511689.900693,83504
2026-05-20T03:00:00+00:00,76690.42,76829.61,76604.99,76723.54,673.76637,2026-05-20T03:59:59.999000+00:00,51659442.7751386,67489
2026-05-20T04:00:00+00:00,76723.55,76836.82,76692.0,76780.37,365.31048,2026-05-20T04:59:59.999000+00:00,28048299.0734874,50216
2026-05-20T05:00:00+00:00,76780.37,77320.0,76780.37,77196.99,973.23466,2026-05-20T05:59:59.999000+00:00,75087108.9103383,114814
2026-05-20T06:00:00+00:00,77196.99,77422.0,77179.93,77414.11,528.12463,2026-05-20T06:59:59.999000+00:00,40817906.1144523,76182
2026-05-20T07:00:00+00:00,77414.1,77472.21,77241.13,77282.64,351.42212,2026-05-20T07:59:59.999000+00:00,27184942.7928222,63384
2026-05-20T08:00:00+00:00,77282.65,77635.52,77210.33,77458.04,548.89961,2026-05-20T08:59:59.999000+00:00,42504194.9141934,71184
2026-05-20T09:00:00+00:00,77458.05,77543.59,77365.94,77485.13,360.90275,2026-05-20T09:59:59.999000+00:00,27957195.3032465,54458
2026-05-20T10:00:00+00:00,77485.14,77663.0,77485.14,77517.45,409.79863,2026-05-20T10:59:59.999000+00:00,31795958.8506129,52231
2026-05-20T11:00:00+00:00,77517.46,77569.1,77328.2,77382.49,362.81092,2026-05-20T11:59:59.999000+00:00,28105656.8607325,45332
2026-05-20T12:00:00+00:00,77382.5,77748.05,77365.52,77617.26,377.41047,2026-05-20T12:59:59.999000+00:00,29273615.6116588,53326
2026-05-20T13:00:00+00:00,77617.26,77650.62,76968.05,77204.61,682.21238,2026-05-20T13:59:59.999000+00:00,52686387.519486,206393
2026-05-20T14:00:00+00:00,77204.61,77574.29,76891.61,77446.08,1202.39421,2026-05-20T14:59:59.999000+00:00,92958070.6846497,309680
2026-05-20T15:00:00+00:00,77446.01,77853.04,77300.0,77455.46,777.75101,2026-05-20T15:59:59.999000+00:00,60346333.2502221,202374
2026-05-20T16:00:00+00:00,77455.45,77557.0,77018.38,77338.6,407.4641,2026-05-20T16:59:59.999000+00:00,31482383.307917,161576
2026-05-20T17:00:00+00:00,77338.6,77713.66,77230.86,77568.95,501.34929,2026-05-20T17:59:59.999000+00:00,38869474.8528956,121665
2026-05-20T18:00:00+00:00,77568.95,77634.52,77398.63,77415.09,414.50917,2026-05-20T18:59:59.999000+00:00,32135060.877229,89589
2026-05-20T19:00:00+00:00,77415.09,77709.68,77350.71,77667.49,388.96569,2026-05-20T19:59:59.999000+00:00,30152795.8372189,92314
2026-05-20T20:00:00+00:00,77667.49,77760.0,77476.19,77720.01,357.7103,2026-05-20T20:59:59.999000+00:00,27778637.6500113,98182
2026-05-20T21:00:00+00:00,77720.01,77766.6,77500.0,77500.01,158.00627,2026-05-20T21:59:59.999000+00:00,12268334.7202966,55549
2026-05-20T22:00:00+00:00,77500.01,77504.69,77226.61,77504.69,367.95652,2026-05-20T22:59:59.999000+00:00,28478431.3561151,92956
2026-05-20T23:00:00+00:00,77504.69,77559.34,77386.93,77552.23,198.22886,2026-05-20T23:59:59.999000+00:00,15356081.5581514,50301
2026-05-21T00:00:00+00:00,77552.24,78071.42,77525.0,77967.09,547.83434,2026-05-21T00:59:59.999000+00:00,42610920.5323608,102859
2026-05-21T01:00:00+00:00,77967.09,78173.15,77800.0,77863.85,453.71737,2026-05-21T01:59:59.999000+00:00,35367923.4379255,108406
2026-05-21T02:00:00+00:00,77863.85,78100.0,77820.1,77955.78,820.7986,2026-05-21T02:59:59.999000+00:00,64030303.2546567,66846
2026-05-21T03:00:00+00:00,77955.78,78098.85,77908.0,78078.72,441.60659,2026-05-21T03:59:59.999000+00:00,34440855.6146364,45148
2026-05-21T04:00:00+00:00,78078.72,78180.01,77965.36,78035.8,365.79347,2026-05-21T04:59:59.999000+00:00,28546313.5368702,51539
2026-05-21T05:00:00+00:00,78035.8,78147.07,77714.94,77828.0,390.37362,2026-05-21T05:59:59.999000+00:00,30415346.7884126,65341
2026-05-21T06:00:00+00:00,77828.0,77873.15,77533.45,77622.14,317.41875,2026-05-21T06:59:59.999000+00:00,24665483.2671031,71236
2026-05-21T07:00:00+00:00,77622.14,77901.06,77521.0,77889.01,380.5065,2026-05-21T07:59:59.999000+00:00,29547564.5987294,85483
2026-05-21T08:00:00+00:00,77889.01,78200.0,77885.53,77924.63,493.4737,2026-05-21T08:59:59.999000+00:00,38501104.8556647,111254
2026-05-21T09:00:00+00:00,77924.63,77977.53,77633.02,77633.02,277.92731,2026-05-21T09:59:59.999000+00:00,21617293.9640802,57878
2026-05-21T10:00:00+00:00,77633.03,77678.01,77190.09,77198.08,783.43483,2026-05-21T10:59:59.999000+00:00,60627925.5177328,149767
2026-05-21T11:00:00+00:00,77198.09,77372.0,77147.15,77189.1,380.03818,2026-05-21T11:59:59.999000+00:00,29363239.5948107,79292
2026-05-21T12:00:00+00:00,77189.1,77363.32,77080.72,77278.53,382.67307,2026-05-21T12:59:59.999000+00:00,29551697.5436456,94328
2026-05-21T13:00:00+00:00,77278.52,77358.05,76719.47,77122.68,862.17497,2026-05-21T13:59:59.999000+00:00,66431826.9897685,216089
2026-05-21T14:00:00+00:00,77122.67,77240.82,76788.8,76984.61,697.95187,2026-05-21T14:59:59.999000+00:00,53761580.7014296,192835
2026-05-21T15:00:00+00:00,76984.61,77402.12,76900.0,77259.46,411.10449,2026-05-21T15:59:59.999000+00:00,31718178.6183363,132970
2026-05-21T16:00:00+00:00,77259.45,77344.01,77008.75,77207.93,404.33559,2026-05-21T16:59:59.999000+00:00,31204124.7301088,113607
2026-05-21T17:00:00+00:00,77207.92,78098.16,77181.83,77869.38,1291.96294,2026-05-21T17:59:59.999000+00:00,100383117.7411416,235690
2026-05-21T18:00:00+00:00,77869.38,77922.01,77230.0,77387.74,559.91554,2026-05-21T18:59:59.999000+00:00,43441777.9497551,168985
2026-05-21T19:00:00+00:00,77387.74,77802.51,77365.97,77690.56,437.10444,2026-05-21T19:59:59.999000+00:00,33913185.5764784,110132
2026-05-21T20:00:00+00:00,77690.56,77804.75,77647.75,77705.81,144.76199,2026-05-21T20:59:59.999000+00:00,11250921.1472564,53651
2026-05-21T21:00:00+00:00,77705.8,77813.35,77645.4,77672.29,182.97007,2026-05-21T21:59:59.999000+00:00,14226389.079458,51377
2026-05-21T22:00:00+00:00,77672.3,77750.61,77555.33,77628.0,130.38276,2026-05-21T22:59:59.999000+00:00,10125328.8271598,55511
2026-05-21T23:00:00+00:00,77628.01,77745.39,77534.43,77615.52,159.99742,2026-05-21T23:59:59.999000+00:00,12426293.360228,52922
2026-05-22T00:00:00+00:00,77615.52,77628.38,77369.49,77373.57,228.62269,2026-05-22T00:59:59.999000+00:00,17715270.987881,88734
2026-05-22T01:00:00+00:00,77373.57,77673.5,77327.28,77616.0,252.86608,2026-05-22T01:59:59.999000+00:00,19592030.9285808,69421
2026-05-22T02:00:00+00:00,77616.0,77728.01,77593.16,77673.36,244.81122,2026-05-22T02:59:59.999000+00:00,19013172.1605043,55697
2026-05-22T03:00:00+00:00,77673.37,77817.8,77673.36,77779.98,158.00162,2026-05-22T03:59:59.999000+00:00,12286557.4817551,48184
2026-05-22T04:00:00+00:00,77779.98,77900.0,77637.99,77655.42,475.76681,2026-05-22T04:59:59.999000+00:00,37001731.3014086,58370
2026-05-22T05:00:00+00:00,77655.43,77726.0,77454.56,77489.0,344.3172,2026-05-22T05:59:59.999000+00:00,26722034.0064139,61432
2026-05-22T06:00:00+00:00,77489.0,77525.85,77370.4,77423.41,542.83384,2026-05-22T06:59:59.999000+00:00,42047633.6655938,84906
2026-05-22T07:00:00+00:00,77423.41,77543.38,77288.77,77408.06,393.92568,2026-05-22T07:59:59.999000+00:00,30502166.9040777,78796
2026-05-22T08:00:00+00:00,77408.07,77535.0,77216.0,77267.38,509.65577,2026-05-22T08:59:59.999000+00:00,39442035.7042907,105792
2026-05-22T09:00:00+00:00,77267.39,77360.0,77200.0,77307.11,276.32946,2026-05-22T09:59:59.999000+00:00,21353007.1653226,56476
2026-05-22T10:00:00+00:00,77307.12,77363.01,77261.73,77312.0,275.0182,2026-05-22T10:59:59.999000+00:00,21262180.4596452,42585
2026-05-22T11:00:00+00:00,77311.99,77430.55,77184.45,77428.84,375.5311,2026-05-22T11:59:59.999000+00:00,29032400.2372827,62992
2026-05-22T12:00:00+00:00,77428.83,77584.94,77395.45,77533.9,317.41573,2026-05-22T12:59:59.999000+00:00,24594567.7096872,73499
2026-05-22T13:00:00+00:00,77533.91,77547.56,77130.99,77290.01,419.18989,2026-05-22T13:59:59.999000+00:00,32406247.8470876,133811
2026-05-22T14:00:00+00:00,77290.0,77290.0,76751.0,76774.23,1004.6619,2026-05-22T14:59:59.999000+00:00,77286080.3714562,171924
2026-05-22T15:00:00+00:00,76774.23,77030.64,76570.0,76790.59,872.56913,2026-05-22T15:59:59.999000+00:00,66990590.7476256,158966
2026-05-22T16:00:00+00:00,76790.6,77006.69,76767.0,76950.68,481.05047,2026-05-22T16:59:59.999000+00:00,37001034.5027344,105741
2026-05-22T17:00:00+00:00,76950.67,77093.72,76750.0,76750.0,322.37426,2026-05-22T17:59:59.999000+00:00,24801355.7907331,107245
2026-05-22T18:00:00+00:00,76750.01,76898.0,76101.0,76537.47,809.74159,2026-05-22T18:59:59.999000+00:00,61954775.1589657,160785
2026-05-22T19:00:00+00:00,76537.47,76590.68,75668.76,75860.44,1201.88912,2026-05-22T19:59:59.999000+00:00,91305184.2679573,268583
2026-05-22T20:00:00+00:00,75860.44,76080.95,75826.0,75984.47,415.32736,2026-05-22T20:59:59.999000+00:00,31539812.8325506,112130
2026-05-22T21:00:00+00:00,75984.47,76087.85,75926.2,75978.83,349.85112,2026-05-22T21:59:59.999000+00:00,26598067.1644651,68264
2026-05-22T22:00:00+00:00,75978.83,75978.84,75558.28,75737.52,473.52886,2026-05-22T22:59:59.999000+00:00,35872946.9734645,91382
2026-05-22T23:00:00+00:00,75737.53,75881.18,75359.18,75539.5,527.08224,2026-05-22T23:59:59.999000+00:00,39879576.5409758,105068
2026-05-23T00:00:00+00:00,75539.5,75635.59,75220.0,75352.64,828.38332,2026-05-23T00:59:59.999000+00:00,62464463.486472,177801
2026-05-23T01:00:00+00:00,75352.64,75500.0,75350.0,75489.84,466.00374,2026-05-23T01:59:59.999000+00:00,35157142.9495821,116362
2026-05-23T02:00:00+00:00,75489.83,75581.27,75417.56,75572.07,334.42834,2026-05-23T02:59:59.999000+00:00,25248800.7379006,48698
2026-05-23T03:00:00+00:00,75572.07,75664.62,75563.33,75635.22,267.29386,2026-05-23T03:59:59.999000+00:00,20211456.2074187,36530
2026-05-23T04:00:00+00:00,75635.22,75650.63,75507.01,75539.77,198.6031,2026-05-23T04:59:59.999000+00:00,15007666.2688025,34869
2026-05-23T05:00:00+00:00,75539.77,75562.4,75469.89,75482.68,267.20559,2026-05-23T05:59:59.999000+00:00,20175629.7247509,40164
2026-05-23T06:00:00+00:00,75482.68,75501.09,75394.54,75398.33,189.47214,2026-05-23T06:59:59.999000+00:00,14297067.3073173,36351
2026-05-23T07:00:00+00:00,75398.33,75443.44,74289.6,74609.36,2035.70931,2026-05-23T07:59:59.999000+00:00,152363030.689069,180109
2026-05-23T08:00:00+00:00,74609.37,74746.67,74303.56,74684.3,963.9472,2026-05-23T08:59:59.999000+00:00,71870536.652866,116134
2026-05-23T09:00:00+00:00,74684.29,74752.45,74624.5,74656.91,431.5071,2026-05-23T09:59:59.999000+00:00,32228434.6659344,44794
2026-05-23T10:00:00+00:00,74656.91,74797.01,74656.91,74705.0,625.72233,2026-05-23T10:59:59.999000+00:00,46774169.9057983,37440
2026-05-23T11:00:00+00:00,74705.0,74873.55,74704.99,74789.99,487.9196,2026-05-23T11:59:59.999000+00:00,36495428.1155355,30312
2026-05-23T12:00:00+00:00,74789.99,74798.41,74660.05,74753.93,570.81814,2026-05-23T12:59:59.999000+00:00,42660461.5087335,35012
2026-05-23T13:00:00+00:00,74753.94,75262.86,74753.93,75213.9,815.89889,2026-05-23T13:59:59.999000+00:00,61224194.7614783,98426
2026-05-23T14:00:00+00:00,75213.9,75726.3,75108.15,75537.72,922.06012,2026-05-23T14:59:59.999000+00:00,69513902.4231735,90365
2026-05-23T15:00:00+00:00,75537.73,75676.0,75405.4,75520.0,634.72295,2026-05-23T15:59:59.999000+00:00,47950918.2032751,72255
2026-05-23T16:00:00+00:00,75519.99,75638.62,75415.17,75444.7,411.95204,2026-05-23T16:59:59.999000+00:00,31104643.3032783,62849
2026-05-23T17:00:00+00:00,75444.71,75522.0,75371.72,75488.18,566.20129,2026-05-23T17:59:59.999000+00:00,42728055.0962179,55939
2026-05-23T18:00:00+00:00,75488.17,75986.24,75472.04,75845.82,429.21806,2026-05-23T18:59:59.999000+00:00,32535525.1740278,107879
2026-05-23T19:00:00+00:00,75845.82,76012.22,75780.9,75983.45,364.9012,2026-05-23T19:59:59.999000+00:00,27696028.1960317,68801
2026-05-23T20:00:00+00:00,75983.45,77300.0,75953.94,77287.58,1242.58285,2026-05-23T20:59:59.999000+00:00,95193275.4570245,239289
2026-05-23T21:00:00+00:00,77286.08,77404.18,76538.04,76804.99,1147.59506,2026-05-23T21:59:59.999000+00:00,88281100.9427488,197120
2026-05-23T22:00:00+00:00,76805.0,76885.0,76396.06,76584.45,464.30329,2026-05-23T22:59:59.999000+00:00,35571274.6424704,93641
2026-05-23T23:00:00+00:00,76584.45,76822.0,76538.36,76752.01,420.43862,2026-05-23T23:59:59.999000+00:00,32243399.3539089,82396
2026-05-24T00:00:00+00:00,76752.0,76930.65,76629.02,76835.16,392.54327,2026-05-24T00:59:59.999000+00:00,30137977.126974,73690
2026-05-24T01:00:00+00:00,76835.16,76921.45,76754.53,76890.04,225.24128,2026-05-24T01:59:59.999000+00:00,17310673.964813,46201
2026-05-24T02:00:00+00:00,76890.04,76968.04,76704.32,76830.0,185.87406,2026-05-24T02:59:59.999000+00:00,14283020.4342934,43212
2026-05-24T03:00:00+00:00,76830.01,77011.62,76738.5,76750.0,248.04543,2026-05-24T03:59:59.999000+00:00,19061261.5534541,49639
2026-05-24T04:00:00+00:00,76750.01,76858.26,76730.0,76786.5,163.64327,2026-05-24T04:59:59.999000+00:00,12566833.9033632,33663
2026-05-24T05:00:00+00:00,76786.5,76861.78,76651.59,76822.23,202.16815,2026-05-24T05:59:59.999000+00:00,15512314.4019523,33881
2026-05-24T06:00:00+00:00,76822.23,77065.94,76716.02,76987.58,257.8917,2026-05-24T06:59:59.999000+00:00,19821680.9037071,47296
2026-05-24T07:00:00+00:00,76987.58,77014.24,76786.2,76799.99,193.96514,2026-05-24T07:59:59.999000+00:00,14913431.1889159,41262
2026-05-24T08:00:00+00:00,76799.99,76861.77,76734.42,76830.69,226.94949,2026-05-24T08:59:59.999000+00:00,17430374.9393504,30043
2026-05-24T09:00:00+00:00,76830.69,77046.67,76821.86,77020.53,369.92973,2026-05-24T09:59:59.999000+00:00,28466383.4785398,36666
2026-05-24T10:00:00+00:00,77020.54,77543.15,76927.04,77190.74,863.69953,2026-05-24T10:59:59.999000+00:00,66715841.0561683,93970
2026-05-24T11:00:00+00:00,77190.73,77356.62,77190.73,77320.06,285.66801,2026-05-24T11:59:59.999000+00:00,22077847.4706477,59458
2026-05-24T12:00:00+00:00,77320.06,77325.72,77044.73,77118.73,271.94108,2026-05-24T12:59:59.999000+00:00,20972213.2031494,50132
2026-05-24T13:00:00+00:00,77118.72,77127.54,76688.89,76802.23,474.39799,2026-05-24T13:59:59.999000+00:00,36495191.5485099,81337
2026-05-24T14:00:00+00:00,76802.23,76840.01,76195.36,76465.16,837.87651,2026-05-24T14:59:59.999000+00:00,64078526.4907359,150450
2026-05-24T15:00:00+00:00,76465.15,76539.38,76362.78,76371.59,398.04105,2026-05-24T15:59:59.999000+00:00,30429160.2399224,47070
2026-05-24T16:00:00+00:00,76371.59,76734.3,76371.59,76671.7,359.46109,2026-05-24T16:59:59.999000+00:00,27528411.8873859,72220
2026-05-24T17:00:00+00:00,76671.69,76799.99,76566.15,76693.34,249.31214,2026-05-24T17:59:59.999000+00:00,19115928.060988,57462
2026-05-24T18:00:00+00:00,76693.34,76788.01,76596.0,76665.73,148.14196,2026-05-24T18:59:59.999000+00:00,11359895.5480424,45813
2026-05-24T19:00:00+00:00,76665.72,76783.51,76611.17,76773.34,125.12918,2026-05-24T19:59:59.999000+00:00,9597582.4982579,46271
2026-05-24T20:00:00+00:00,76773.33,76796.18,76596.37,76668.4,560.38206,2026-05-24T20:59:59.999000+00:00,42973785.7902034,71190
2026-05-24T21:00:00+00:00,76668.41,76748.12,76108.0,76151.14,497.80071,2026-05-24T21:59:59.999000+00:00,38002280.073718,117979
2026-05-24T22:00:00+00:00,76151.14,77012.01,76132.0,76803.99,543.11534,2026-05-24T22:59:59.999000+00:00,41677622.9993699,175332
2026-05-24T23:00:00+00:00,76803.99,77225.97,76803.99,77064.96,316.78339,2026-05-24T23:59:59.999000+00:00,24397278.8488537,108732
2026-05-25T00:00:00+00:00,77064.96,77288.0,77064.95,77153.01,281.30951,2026-05-25T00:59:59.999000+00:00,21709300.7681727,103947
2026-05-25T01:00:00+00:00,77153.01,77245.67,76914.25,76945.27,574.42489,2026-05-25T01:59:59.999000+00:00,44304603.6239198,131420
2026-05-25T02:00:00+00:00,76945.28,77485.0,76945.28,77108.77,313.96478,2026-05-25T02:59:59.999000+00:00,24248128.7640566,101687
2026-05-25T03:00:00+00:00,77108.77,77169.88,77002.3,77026.67,198.70522,2026-05-25T03:59:59.999000+00:00,15316604.5750667,62424
2026-05-25T04:00:00+00:00,77026.68,77450.0,76990.78,77391.07,251.77406,2026-05-25T04:59:59.999000+00:00,19441205.8997829,45353
2026-05-25T05:00:00+00:00,77391.07,77498.0,77324.0,77407.0,306.77798,2026-05-25T05:59:59.999000+00:00,23748457.5465358,48800
2026-05-25T06:00:00+00:00,77406.99,77650.0,77222.22,77419.87,413.85927,2026-05-25T06:59:59.999000+00:00,32046227.0546234,93661
2026-05-25T07:00:00+00:00,77419.87,77520.0,77184.62,77401.12,376.11814,2026-05-25T07:59:59.999000+00:00,29086230.1746575,84141
2026-05-25T08:00:00+00:00,77401.11,77469.64,77280.32,77456.94,352.6298,2026-05-25T08:59:59.999000+00:00,27276317.6381701,49698
2026-05-25T09:00:00+00:00,77456.94,77699.97,77425.17,77604.56,369.10396,2026-05-25T09:59:59.999000+00:00,28628495.6611514,79075
2026-05-25T10:00:00+00:00,77604.56,77681.37,77490.37,77545.65,283.53522,2026-05-25T10:59:59.999000+00:00,21994955.3496333,49843
2026-05-25T11:00:00+00:00,77545.65,77545.65,77333.33,77357.5,209.17805,2026-05-25T11:59:59.999000+00:00,16200216.2984966,46631
2026-05-25T12:00:00+00:00,77357.5,77440.46,77286.5,77367.98,261.28583,2026-05-25T12:59:59.999000+00:00,20213346.7937977,69269
2026-05-25T13:00:00+00:00,77367.98,77450.0,77286.5,77341.05,199.52985,2026-05-25T13:59:59.999000+00:00,15432746.394343,57006
2026-05-25T14:00:00+00:00,77341.05,77773.69,77304.84,77714.0,603.07815,2026-05-25T14:59:59.999000+00:00,46790940.5434147,107006
2026-05-25T15:00:00+00:00,77713.99,77905.52,77557.0,77628.82,499.50313,2026-05-25T15:59:59.999000+00:00,38814819.1155828,103031
2026-05-25T16:00:00+00:00,77628.82,77807.29,77508.88,77735.69,342.64397,2026-05-25T16:59:59.999000+00:00,26600598.5211752,69324
2026-05-25T17:00:00+00:00,77735.69,77804.48,77550.39,77564.01,278.21782,2026-05-25T17:59:59.999000+00:00,21607914.9983802,63509
2026-05-25T18:00:00+00:00,77564.0,77658.01,77543.38,77543.39,204.7646,2026-05-25T18:59:59.999000+00:00,15890748.6144169,51100
2026-05-25T19:00:00+00:00,77543.39,77543.39,77343.61,77441.86,295.53937,2026-05-25T19:59:59.999000+00:00,22886763.5154385,78449
2026-05-25T20:00:00+00:00,77441.85,77500.0,77220.0,77273.06,314.11527,2026-05-25T20:59:59.999000+00:00,24297770.6976909,75971
2026-05-25T21:00:00+00:00,77273.06,77396.08,77273.05,77367.03,183.92616,2026-05-25T21:59:59.999000+00:00,14222410.0199912,60991
2026-05-25T22:00:00+00:00,77367.03,77449.94,77019.82,77116.21,395.72227,2026-05-25T22:59:59.999000+00:00,30543975.9881967,94070
2026-05-25T23:00:00+00:00,77116.21,77367.44,77072.36,77322.01,162.61467,2026-05-25T23:59:59.999000+00:00,12565226.4409027,52103
2026-05-26T00:00:00+00:00,77322.01,77345.0,76575.49,76792.71,686.17714,2026-05-26T00:59:59.999000+00:00,52818594.7045704,132488
2026-05-26T01:00:00+00:00,76792.24,76888.01,76590.9,76756.98,342.05131,2026-05-26T01:59:59.999000+00:00,26245737.1758253,112352
2026-05-26T02:00:00+00:00,76756.98,76810.0,76512.98,76660.0,721.43857,2026-05-26T02:59:59.999000+00:00,55335740.0235469,84127
2026-05-26T03:00:00+00:00,76660.0,76705.71,76475.59,76664.01,396.14567,2026-05-26T03:59:59.999000+00:00,30337932.9430253,66530
2026-05-26T04:00:00+00:00,76664.0,76817.28,76606.79,76749.5,392.59093,2026-05-26T04:59:59.999000+00:00,30107455.6665059,48961
2026-05-26T05:00:00+00:00,76749.51,76989.23,76704.8,76930.01,556.0432,2026-05-26T05:59:59.999000+00:00,42739801.1988736,65633
2026-05-26T06:00:00+00:00,76930.0,77059.74,76775.0,76908.01,658.30833,2026-05-26T06:59:59.999000+00:00,50621372.92483,127846
2026-05-26T07:00:00+00:00,76908.0,76924.55,76603.73,76730.84,436.26184,2026-05-26T07:59:59.999000+00:00,33456074.5634389,80765
2026-05-26T08:00:00+00:00,76730.84,76852.01,76693.21,76726.37,246.06951,2026-05-26T08:59:59.999000+00:00,18892457.0750362,70967
2026-05-26T09:00:00+00:00,76726.37,76804.0,76649.79,76672.19,350.5237,2026-05-26T09:59:59.999000+00:00,26885747.6993271,71994
2026-05-26T10:00:00+00:00,76672.2,77621.75,76586.94,77430.0,897.13516,2026-05-26T10:59:59.999000+00:00,69289194.7642136,208510
2026-05-26T11:00:00+00:00,77430.0,77516.93,77174.94,77183.55,403.26795,2026-05-26T11:59:59.999000+00:00,31179316.7926931,85873
2026-05-26T12:00:00+00:00,77183.56,77232.52,76877.94,77132.5,402.68245,2026-05-26T12:59:59.999000+00:00,31024159.2702411,102481
2026-05-26T13:00:00+00:00,77132.51,77464.01,76691.88,77231.56,659.9668,2026-05-26T13:59:59.999000+00:00,50841357.0211185,197068
2026-05-26T14:00:00+00:00,77231.56,78080.0,76724.63,76908.01,2020.17697,2026-05-26T14:59:59.999000+00:00,156378447.3725092,397733
2026-05-26T15:00:00+00:00,76908.01,77012.0,76272.63,76518.1,1751.25838,2026-05-26T15:59:59.999000+00:00,134005578.2495919,316708
2026-05-26T16:00:00+00:00,76518.1,76710.01,76209.58,76558.0,2070.02098,2026-05-26T16:59:59.999000+00:00,158222896.8298957,239275
2026-05-26T17:00:00+00:00,76558.0,76649.91,75850.0,75935.08,1190.65802,2026-05-26T17:59:59.999000+00:00,90615285.3357908,288068
2026-05-26T18:00:00+00:00,75935.09,76273.66,75779.3,75840.55,846.30902,2026-05-26T18:59:59.999000+00:00,64334857.9793701,180058
2026-05-26T19:00:00+00:00,75840.55,76104.49,75805.23,76052.0,581.71052,2026-05-26T19:59:59.999000+00:00,44176285.1011807,153381
2026-05-26T20:00:00+00:00,76052.0,76180.0,75982.64,76106.86,324.41575,2026-05-26T20:59:59.999000+00:00,24683796.1540386,82812
2026-05-26T21:00:00+00:00,76106.86,76117.31,75850.0,75890.0,275.58323,2026-05-26T21:59:59.999000+00:00,20936982.3891198,68700
2026-05-26T22:00:00+00:00,75890.0,75998.94,75677.97,75749.02,428.12169,2026-05-26T22:59:59.999000+00:00,32450839.0257924,107093
2026-05-26T23:00:00+00:00,75749.02,75986.45,75749.02,75930.01,316.55917,2026-05-26T23:59:59.999000+00:00,24029407.4370566,71322
2026-05-27T00:00:00+00:00,75930.01,76089.7,75872.71,76085.01,780.41682,2026-05-27T00:59:59.999000+00:00,59286107.3030609,87492
2026-05-27T01:00:00+00:00,76085.0,76104.02,75824.0,75877.44,573.72878,2026-05-27T01:59:59.999000+00:00,43553582.9470007,82231
2026-05-27T02:00:00+00:00,75877.44,75890.59,75682.99,75879.0,437.25803,2026-05-27T02:59:59.999000+00:00,33143292.3014832,91572
2026-05-27T03:00:00+00:00,75879.01,75966.91,75607.62,75683.0,612.84746,2026-05-27T03:59:59.999000+00:00,46454498.0283423,89511
2026-05-27T04:00:00+00:00,75683.0,75706.77,75310.9,75579.01,817.05359,2026-05-27T04:59:59.999000+00:00,61705737.463268,132676
2026-05-27T05:00:00+00:00,75579.01,75739.36,75579.0,75697.99,490.56114,2026-05-27T05:59:59.999000+00:00,37117585.1396877,89802
2026-05-27T06:00:00+00:00,75697.99,75900.0,75690.01,75838.65,482.86494,2026-05-27T06:59:59.999000+00:00,36588629.3008478,86170
2026-05-27T07:00:00+00:00,75838.65,75980.0,75764.0,75977.17,433.92885,2026-05-27T07:59:59.999000+00:00,32931018.0101299,81501
2026-05-27T08:00:00+00:00,75977.16,76071.41,75843.02,75873.24,308.77238,2026-05-27T08:59:59.999000+00:00,23454360.4641797,81839
2026-05-27T09:00:00+00:00,75873.25,75978.01,75710.76,75912.6,294.26595,2026-05-27T09:59:59.999000+00:00,22321356.4851951,75837
2026-05-27T10:00:00+00:00,75912.61,76043.94,75880.0,75909.82,372.61961,2026-05-27T10:59:59.999000+00:00,28294614.2627101,91806
2026-05-27T11:00:00+00:00,75909.82,76029.24,75754.1,75769.18,316.01081,2026-05-27T11:59:59.999000+00:00,23985666.651694,81269
2026-05-27T12:00:00+00:00,75769.18,76174.15,75575.75,75688.0,621.24106,2026-05-27T12:59:59.999000+00:00,47106698.3780667,176734
2026-05-27T13:00:00+00:00,75688.01,75760.0,74866.18,75073.4,2200.23684,2026-05-27T13:59:59.999000+00:00,165248012.5126386,384667
2026-05-27T14:00:00+00:00,75073.4,75274.11,74758.33,75031.92,1567.20208,2026-05-27T14:59:59.999000+00:00,117556878.2089295,283717
2026-05-27T15:00:00+00:00,75031.92,75502.29,74983.77,75326.01,797.5234,2026-05-27T15:59:59.999000+00:00,60013079.9723912,196665
2026-05-27T16:00:00+00:00,75326.02,75408.01,75000.0,75304.01,632.49097,2026-05-27T16:59:59.999000+00:00,47539855.0723998,169946
2026-05-27T17:00:00+00:00,75304.01,75344.01,74685.58,74860.42,1103.99219,2026-05-27T17:59:59.999000+00:00,82780559.0675129,213261
2026-05-27T18:00:00+00:00,74860.42,75032.01,74663.45,75026.67,549.25309,2026-05-27T18:59:59.999000+00:00,41133341.3315058,158217
2026-05-27T19:00:00+00:00,75026.67,75105.17,74952.36,75066.08,879.80197,2026-05-27T19:59:59.999000+00:00,66015341.9002593,119564
2026-05-27T20:00:00+00:00,75066.09,75415.81,75056.25,75274.58,389.41476,2026-05-27T20:59:59.999000+00:00,29311153.5256039,85203
2026-05-27T21:00:00+00:00,75274.58,75274.58,74341.76,74473.01,653.21971,2026-05-27T21:59:59.999000+00:00,48792566.237369,196168
2026-05-27T22:00:00+00:00,74473.01,74775.5,74260.91,74418.13,624.64107,2026-05-27T22:59:59.999000+00:00,46542669.0858059,179560
2026-05-27T23:00:00+00:00,74418.12,74572.0,74243.99,74449.3,938.42933,2026-05-27T23:59:59.999000+00:00,69803659.2587423,131660
2026-05-28T00:00:00+00:00,74449.31,74580.0,74366.89,74570.66,476.29695,2026-05-28T00:59:59.999000+00:00,35482620.0670633,149905
2026-05-28T01:00:00+00:00,74570.67,74590.77,74156.0,74344.08,653.98384,2026-05-28T01:59:59.999000+00:00,48627823.5448795,240503
2026-05-28T02:00:00+00:00,74344.07,74400.0,74127.57,74287.42,717.91596,2026-05-28T02:59:59.999000+00:00,53334871.2750028,160530
2026-05-28T03:00:00+00:00,74287.43,74380.39,73060.59,73258.01,3879.74728,2026-05-28T03:59:59.999000+00:00,285009337.8886923,407020
2026-05-28T04:00:00+00:00,73258.0,73260.01,72728.85,73181.95,1588.42564,2026-05-28T04:59:59.999000+00:00,116008172.8539737,239372
2026-05-28T05:00:00+00:00,73181.95,73181.95,72908.67,72990.87,850.50171,2026-05-28T05:59:59.999000+00:00,62093990.0223576,132474
2026-05-28T06:00:00+00:00,72990.87,73213.11,72761.11,73202.7,1248.76931,2026-05-28T06:59:59.999000+00:00,91163266.9213739,123405
2026-05-28T07:00:00+00:00,73202.71,73512.14,73158.0,73498.0,1111.91354,2026-05-28T07:59:59.999000+00:00,81523469.1743515,118348
2026-05-28T08:00:00+00:00,73498.0,73500.0,73193.13,73325.88,567.79073,2026-05-28T08:59:59.999000+00:00,41635830.4146594,94211
2026-05-28T09:00:00+00:00,73325.88,73560.0,73261.6,73541.24,547.18862,2026-05-28T09:59:59.999000+00:00,40188554.9736259,77791
2026-05-28T10:00:00+00:00,73541.25,73616.0,73349.91,73400.01,495.53335,2026-05-28T10:59:59.999000+00:00,36408821.4688915,95978
2026-05-28T11:00:00+00:00,73400.01,73532.01,73319.36,73505.66,383.87102,2026-05-28T11:59:59.999000+00:00,28181444.0003467,111564
2026-05-28T12:00:00+00:00,73505.65,73580.75,73245.56,73518.01,454.53291,2026-05-28T12:59:59.999000+00:00,33382866.4896055,124740
2026-05-28T13:00:00+00:00,73518.01,73574.6,72771.64,73022.02,1277.58759,2026-05-28T13:59:59.999000+00:00,93312474.4223492,249841
2026-05-28T14:00:00+00:00,73022.01,73573.21,72582.82,73033.06,2189.6201,2026-05-28T14:59:59.999000+00:00,159826203.3286671,443474
2026-05-28T15:00:00+00:00,73033.06,73180.01,72700.0,72928.73,710.64433,2026-05-28T15:59:59.999000+00:00,51829355.4800955,206962
2026-05-28T16:00:00+00:00,72928.73,73440.67,72741.4,73440.67,821.59668,2026-05-28T16:59:59.999000+00:00,60120839.3906448,191923
2026-05-28T17:00:00+00:00,73440.66,73734.72,73316.31,73554.82,737.45631,2026-05-28T17:59:59.999000+00:00,54198343.5673595,134207
2026-05-28T18:00:00+00:00,73554.81,73749.69,73514.57,73652.88,517.48323,2026-05-28T18:59:59.999000+00:00,38105533.50111,107540
2026-05-28T19:00:00+00:00,73652.87,73652.88,73381.81,73419.32,447.75042,2026-05-28T19:59:59.999000+00:00,32902357.4899002,86751
2026-05-28T20:00:00+00:00,73419.31,73721.45,73241.48,73579.99,441.85746,2026-05-28T20:59:59.999000+00:00,32486156.3250877,88448
2026-05-28T21:00:00+00:00,73580.0,73926.22,73560.45,73817.31,386.07817,2026-05-28T21:59:59.999000+00:00,28475897.9151701,83825
2026-05-28T22:00:00+00:00,73817.31,73949.22,73448.55,73464.8,445.66881,2026-05-28T22:59:59.999000+00:00,32828057.885272,77340
2026-05-28T23:00:00+00:00,73464.8,73714.9,73464.79,73617.51,321.8063,2026-05-28T23:59:59.999000+00:00,23682237.1067949,53561
2026-05-29T00:00:00+00:00,73617.52,73854.77,73617.51,73716.37,592.13944,2026-05-29T00:59:59.999000+00:00,43670133.4063563,94346
2026-05-29T01:00:00+00:00,73716.37,73868.33,73463.52,73586.83,543.44041,2026-05-29T01:59:59.999000+00:00,40021646.4852056,95772
2026-05-29T02:00:00+00:00,73586.83,73646.68,73189.11,73225.06,716.13416,2026-05-29T02:59:59.999000+00:00,52637237.8755471,100736
2026-05-29T03:00:00+00:00,73225.07,73456.63,73225.07,73301.52,271.59006,2026-05-29T03:59:59.999000+00:00,19922074.6920832,71567
2026-05-29T04:00:00+00:00,73301.53,73508.97,73210.21,73507.69,462.74907,2026-05-29T04:59:59.999000+00:00,33960538.6684418,75976
2026-05-29T05:00:00+00:00,73507.68,73719.39,73500.0,73706.0,814.3098,2026-05-29T05:59:59.999000+00:00,59921822.5600343,82360
2026-05-29T06:00:00+00:00,73706.0,73939.19,73641.05,73786.32,283.07172,2026-05-29T06:59:59.999000+00:00,20878403.016619,74046
2026-05-29T07:00:00+00:00,73786.32,73830.01,73373.37,73528.56,1081.6764,2026-05-29T07:59:59.999000+00:00,79586103.4330146,105107
2026-05-29T08:00:00+00:00,73528.55,73835.58,73524.0,73653.4,690.03943,2026-05-29T08:59:59.999000+00:00,50891009.4304849,82509
2026-05-29T09:00:00+00:00,73653.4,73902.85,73649.58,73744.96,506.90617,2026-05-29T09:59:59.999000+00:00,37409568.3787349,63415
2026-05-29T10:00:00+00:00,73744.96,73749.53,73588.13,73634.64,583.75086,2026-05-29T10:59:59.999000+00:00,43004831.00566,62750
2026-05-29T11:00:00+00:00,73634.64,73700.41,73341.85,73487.98,417.09649,2026-05-29T11:59:59.999000+00:00,30669946.608587,79696
2026-05-29T12:00:00+00:00,73487.98,73487.98,73202.0,73295.73,419.42757,2026-05-29T12:59:59.999000+00:00,30756042.0948637,94880
2026-05-29T13:00:00+00:00,73295.73,73346.04,72900.46,73135.7,883.40251,2026-05-29T13:59:59.999000+00:00,64597124.4558618,189672
2026-05-29T14:00:00+00:00,73135.7,73198.17,72512.49,73096.85,1512.76179,2026-05-29T14:59:59.999000+00:00,110198605.660595,335446
2026-05-29T15:00:00+00:00,73096.84,74200.0,73008.98,73808.26,1809.3402,2026-05-29T15:59:59.999000+00:00,133394128.6490968,335006
2026-05-29T16:00:00+00:00,73808.25,74124.73,73565.73,74056.5,1160.72957,2026-05-29T16:59:59.999000+00:00,85794031.939016,185207
2026-05-29T17:00:00+00:00,74056.49,74514.1,73925.33,73980.94,2917.46541,2026-05-29T17:59:59.999000+00:00,216626235.3956129,196435
2026-05-29T18:00:00+00:00,73980.94,74065.29,73187.25,73374.52,1065.50146,2026-05-29T18:59:59.999000+00:00,78456616.4217045,172683
2026-05-29T19:00:00+00:00,73374.51,73727.95,73239.36,73520.28,453.16949,2026-05-29T19:59:59.999000+00:00,33296942.8418112,122626
2026-05-29T20:00:00+00:00,73520.29,73760.0,73514.0,73673.61,155.12213,2026-05-29T20:59:59.999000+00:00,11427106.1002887,76134
2026-05-29T21:00:00+00:00,73673.62,73844.0,73408.8,73409.27,412.83689,2026-05-29T21:59:59.999000+00:00,30393613.2407376,92336
2026-05-29T22:00:00+00:00,73409.27,73571.81,73379.79,73483.52,662.8477,2026-05-29T22:59:59.999000+00:00,48682037.6862403,56671
2026-05-29T23:00:00+00:00,73483.51,73510.0,73320.0,73460.78,271.23268,2026-05-29T23:59:59.999000+00:00,19910692.8598298,51942
2026-05-30T00:00:00+00:00,73460.78,73579.82,73408.62,73498.8,545.20652,2026-05-30T00:59:59.999000+00:00,40080939.1584904,53939
2026-05-30T01:00:00+00:00,73498.8,73663.08,73472.8,73657.9,386.87772,2026-05-30T01:59:59.999000+00:00,28472784.191261,54707
2026-05-30T02:00:00+00:00,73657.9,73786.7,73613.85,73786.69,268.52358,2026-05-30T02:59:59.999000+00:00,19791058.2418678,39971
2026-05-30T03:00:00+00:00,73786.7,73796.43,73524.01,73524.01,339.03494,2026-05-30T03:59:59.999000+00:00,24978981.3574808,45929
2026-05-30T04:00:00+00:00,73524.01,73575.0,73216.0,73402.84,466.81865,2026-05-30T04:59:59.999000+00:00,34238688.76238,94475
2026-05-30T05:00:00+00:00,73402.85,73635.0,73346.85,73604.99,464.14797,2026-05-30T05:59:59.999000+00:00,34135520.4252591,63465
2026-05-30T06:00:00+00:00,73604.99,73709.91,73530.0,73584.99,331.33867,2026-05-30T06:59:59.999000+00:00,24388814.0199394,52807
2026-05-30T07:00:00+00:00,73584.99,73588.2,73486.0,73548.6,225.56478,2026-05-30T07:59:59.999000+00:00,16589074.918608,34343
2026-05-30T08:00:00+00:00,73548.6,73567.59,73500.02,73530.07,274.14087,2026-05-30T08:59:59.999000+00:00,20157080.8871908,24108
2026-05-30T09:00:00+00:00,73530.07,73615.47,73503.07,73615.46,201.26346,2026-05-30T09:59:59.999000+00:00,14803606.2286803,27005
2026-05-30T10:00:00+00:00,73615.46,73680.75,73592.57,73655.85,283.9706,2026-05-30T10:59:59.999000+00:00,20911314.9676112,40401
2026-05-30T11:00:00+00:00,73655.85,73655.86,73564.62,73602.02,317.1037,2026-05-30T11:59:59.999000+00:00,23340005.417412,30422
2026-05-30T12:00:00+00:00,73602.01,73717.07,73594.4,73698.18,369.235,2026-05-30T12:59:59.999000+00:00,27198613.892359,34417
2026-05-30T13:00:00+00:00,73698.17,73837.06,73676.1,73829.31,249.39427,2026-05-30T13:59:59.999000+00:00,18395240.4420653,45263
2026-05-30T14:00:00+00:00,73829.31,74100.0,73820.91,73929.11,565.07041,2026-05-30T14:59:59.999000+00:00,41803345.9629781,98831
2026-05-30T15:00:00+00:00,73929.11,74042.88,73836.7,73930.14,301.39896,2026-05-30T15:59:59.999000+00:00,22279013.7884901,59078
2026-05-30T16:00:00+00:00,73930.13,73985.84,73880.1,73934.99,193.46997,2026-05-30T16:59:59.999000+00:00,14304758.7294627,48001
2026-05-30T17:00:00+00:00,73935.0,74047.26,73811.3,74020.07,308.74992,2026-05-30T17:59:59.999000+00:00,22834704.4590412,53446
2026-05-30T18:00:00+00:00,74020.06,74143.76,73945.0,74043.38,188.56655,2026-05-30T18:59:59.999000+00:00,13961944.371532,44503
2026-05-30T19:00:00+00:00,74043.39,74072.0,73971.3,74016.65,145.42131,2026-05-30T19:59:59.999000+00:00,10765230.8988695,36656
2026-05-30T20:00:00+00:00,74016.64,74016.65,73926.68,73979.84,104.9948,2026-05-30T20:59:59.999000+00:00,7765434.5306313,24779
2026-05-30T21:00:00+00:00,73979.85,74054.0,73929.07,73981.99,224.4707,2026-05-30T21:59:59.999000+00:00,16607182.0263693,33777
2026-05-30T22:00:00+00:00,73981.99,73982.0,73796.01,73883.3,391.66756,2026-05-30T22:59:59.999000+00:00,28938229.9455815,45614
2026-05-30T23:00:00+00:00,73883.3,73995.98,73781.3,73884.38,368.97818,2026-05-30T23:59:59.999000+00:00,27247818.4879599,38469
2026-05-31T00:00:00+00:00,73884.38,74041.72,73858.56,74038.2,241.35407,2026-05-31T00:59:59.999000+00:00,17845467.7732237,45440
2026-05-31T01:00:00+00:00,74038.2,74275.66,74028.64,74058.01,363.47802,2026-05-31T01:59:59.999000+00:00,26952225.6676368,65240
2026-05-31T02:00:00+00:00,74058.01,74243.94,73890.49,74090.84,304.8567,2026-05-31T02:59:59.999000+00:00,22571739.0501762,84535
2026-05-31T03:00:00+00:00,74090.84,74226.78,74074.05,74150.64,189.87382,2026-05-31T03:59:59.999000+00:00,14081126.1015463,49318
2026-05-31T04:00:00+00:00,74150.64,74221.33,74109.0,74178.4,194.38913,2026-05-31T04:59:59.999000+00:00,14417125.6885244,39128
2026-05-31T05:00:00+00:00,74178.41,74207.2,74055.16,74055.98,231.70947,2026-05-31T05:59:59.999000+00:00,17177475.8322982,34708
2026-05-31T06:00:00+00:00,74055.99,74109.39,73985.34,74054.87,141.21825,2026-05-31T06:59:59.999000+00:00,10455281.4072723,29223
2026-05-31T07:00:00+00:00,74054.86,74054.87,73836.0,73871.24,302.07421,2026-05-31T07:59:59.999000+00:00,22325378.5731105,46646
2026-05-31T08:00:00+00:00,73871.25,73980.0,73850.05,73937.61,348.32905,2026-05-31T08:59:59.999000+00:00,25745592.8538453,47904
2026-05-31T09:00:00+00:00,73937.62,74024.0,73813.44,73841.79,323.04158,2026-05-31T09:59:59.999000+00:00,23881941.2340125,47207
2026-05-31T10:00:00+00:00,73841.79,73900.0,73699.2,73900.0,400.29833,2026-05-31T10:59:59.999000+00:00,29542952.104201,48223
2026-05-31T11:00:00+00:00,73900.0,73972.0,73899.99,73937.79,178.9239,2026-05-31T11:59:59.999000+00:00,13228478.1988527,30621
2026-05-31T12:00:00+00:00,73937.63,73995.88,73874.0,73920.0,222.22652,2026-05-31T12:59:59.999000+00:00,16429107.8031339,39129
2026-05-31T13:00:00+00:00,73920.0,74023.99,73807.43,73872.8,178.44734,2026-05-31T13:59:59.999000+00:00,13190095.9302655,38610
2026-05-31T14:00:00+00:00,73872.8,73872.8,73483.05,73602.17,681.72491,2026-05-31T14:59:59.999000+00:00,50218468.7709845,127619
2026-05-31T15:00:00+00:00,73602.18,73775.79,73588.8,73655.21,266.93299,2026-05-31T15:59:59.999000+00:00,19665463.3312455,48254
2026-05-31T16:00:00+00:00,73655.2,73730.0,73400.0,73526.14,319.75425,2026-05-31T16:59:59.999000+00:00,23516463.1296031,77953
2026-05-31T17:00:00+00:00,73526.15,73734.0,73466.67,73709.44,195.46974,2026-05-31T17:59:59.999000+00:00,14391326.2883369,38175
2026-05-31T18:00:00+00:00,73709.43,73713.34,73585.49,73603.69,214.37074,2026-05-31T18:59:59.999000+00:00,15787385.3202977,39736
2026-05-31T19:00:00+00:00,73603.68,73649.93,73456.48,73563.42,255.80848,2026-05-31T19:59:59.999000+00:00,18814203.658083,44699
2026-05-31T20:00:00+00:00,73563.41,73760.0,73563.41,73739.66,381.5641,2026-05-31T20:59:59.999000+00:00,28106017.2594046,46998
2026-05-31T21:00:00+00:00,73739.67,73924.0,73626.67,73892.52,391.01047,2026-05-31T21:59:59.999000+00:00,28838999.4147379,82920
2026-05-31T22:00:00+00:00,73892.52,73997.56,73686.0,73944.62,284.29172,2026-05-31T22:59:59.999000+00:00,21010656.5972994,100294
2026-05-31T23:00:00+00:00,73944.62,74198.0,73500.0,73674.39,375.30928,2026-05-31T23:59:59.999000+00:00,27714560.6011053,110857
2026-06-01T00:00:00+00:00,73674.39,74092.0,73654.06,73885.0,366.4897,2026-06-01T00:59:59.999000+00:00,27071405.3522759,136828
2026-06-01T01:00:00+00:00,73885.01,73916.01,73278.02,73292.92,464.54265,2026-06-01T01:59:59.999000+00:00,34171272.174842,141536
2026-06-01T02:00:00+00:00,73292.92,73892.52,73222.0,73790.0,506.50025,2026-06-01T02:59:59.999000+00:00,37247035.06121,128800
2026-06-01T03:00:00+00:00,73789.99,74019.58,73735.47,73769.06,460.44243,2026-06-01T03:59:59.999000+00:00,34013358.4161211,110103
2026-06-01T04:00:00+00:00,73769.06,73841.37,73348.74,73536.01,335.64727,2026-06-01T04:59:59.999000+00:00,24690326.8670507,97271
2026-06-01T05:00:00+00:00,73536.01,73541.48,73328.32,73350.0,404.19791,2026-06-01T05:59:59.999000+00:00,29687644.7043746,70898
2026-06-01T06:00:00+00:00,73349.99,73368.0,72950.01,73135.74,740.28999,2026-06-01T06:59:59.999000+00:00,54162702.5191477,165991
2026-06-01T07:00:00+00:00,73135.75,73203.85,72704.0,72818.0,833.64063,2026-06-01T07:59:59.999000+00:00,60811124.2885491,185784
2026-06-01T08:00:00+00:00,72818.0,72921.38,72610.03,72902.65,751.49608,2026-06-01T08:59:59.999000+00:00,54688632.5865995,130363
2026-06-01T09:00:00+00:00,72902.64,73095.64,72600.0,72880.0,2061.2162,2026-06-01T09:59:59.999000+00:00,150219144.87784,131001
2026-06-01T10:00:00+00:00,72880.0,72900.73,72592.27,72748.88,482.4874,2026-06-01T10:59:59.999000+00:00,35096971.4249071,105176
2026-06-01T11:00:00+00:00,72748.88,72768.11,72290.0,72479.99,769.61036,2026-06-01T11:59:59.999000+00:00,55818087.2292777,128431
2026-06-01T12:00:00+00:00,72480.0,72610.0,71902.98,72221.73,1854.73885,2026-06-01T12:59:59.999000+00:00,133847701.4413609,294052
2026-06-01T13:00:00+00:00,72221.74,72243.52,71389.88,71711.89,3036.53496,2026-06-01T13:59:59.999000+00:00,217980751.3690481,500251
2026-06-01T14:00:00+00:00,71711.89,71887.6,71363.43,71567.91,2060.71568,2026-06-01T14:59:59.999000+00:00,147531675.0794909,391587
2026-06-01T15:00:00+00:00,71567.91,71677.55,71066.33,71129.62,1656.46415,2026-06-01T15:59:59.999000+00:00,118107380.7205908,322554
2026-06-01T16:00:00+00:00,71129.62,71599.95,70686.68,71564.01,2820.57409,2026-06-01T16:59:59.999000+00:00,200594260.0116499,291004
2026-06-01T17:00:00+00:00,71564.01,71800.73,71469.64,71646.01,999.45739,2026-06-01T17:59:59.999000+00:00,71588619.3002768,177311
2026-06-01T18:00:00+00:00,71646.0,71687.28,71382.0,71498.64,667.35668,2026-06-01T18:59:59.999000+00:00,47725748.6008127,128380
2026-06-01T19:00:00+00:00,71498.64,71666.0,71386.0,71595.24,432.84579,2026-06-01T19:59:59.999000+00:00,30960422.96155,118336
2026-06-01T20:00:00+00:00,71595.24,71690.0,71419.64,71446.0,273.2723,2026-06-01T20:59:59.999000+00:00,19561039.0480628,76533
2026-06-01T21:00:00+00:00,71445.99,71449.98,70941.95,71038.01,573.85796,2026-06-01T21:59:59.999000+00:00,40832830.0447817,135860
2026-06-01T22:00:00+00:00,71038.01,71460.0,70840.9,71408.0,770.63523,2026-06-01T22:59:59.999000+00:00,54832683.6237353,146370
2026-06-01T23:00:00+00:00,71407.99,71583.29,71225.29,71408.9,598.07789,2026-06-01T23:59:59.999000+00:00,42717520.9793223,123353
2026-06-02T00:00:00+00:00,71408.9,71408.9,71100.0,71289.23,677.70318,2026-06-02T00:59:59.999000+00:00,48290521.5882908,138047
2026-06-02T01:00:00+00:00,71289.24,71372.0,70607.57,70652.47,1034.85247,2026-06-02T01:59:59.999000+00:00,73544439.1092331,181337
2026-06-02T02:00:00+00:00,70652.47,70880.63,70111.0,70846.49,1320.1444,2026-06-02T02:59:59.999000+00:00,93038742.0040209,293161
2026-06-02T03:00:00+00:00,70846.48,71041.04,70806.0,70953.69,492.94753,2026-06-02T03:59:59.999000+00:00,34976376.5479678,128447
2026-06-02T04:00:00+00:00,70953.7,71048.0,70713.54,70810.0,489.36754,2026-06-02T04:59:59.999000+00:00,34699502.5425013,128104
2026-06-02T05:00:00+00:00,70810.0,70847.66,70267.79,70268.96,832.11781,2026-06-02T05:59:59.999000+00:00,58700936.7062979,190479
2026-06-02T06:00:00+00:00,70268.97,70442.0,69958.49,70106.31,1507.14949,2026-06-02T06:59:59.999000+00:00,105777563.2729369,207385
2026-06-02T07:00:00+00:00,70106.31,70275.86,69733.0,70118.42,1388.79813,2026-06-02T07:59:59.999000+00:00,97246150.716711,228069
2026-06-02T08:00:00+00:00,70118.42,70172.0,69705.3,69821.99,944.6499,2026-06-02T08:59:59.999000+00:00,66060436.699481,183520
2026-06-02T09:00:00+00:00,69822.0,69849.0,69324.65,69426.01,1499.21853,2026-06-02T09:59:59.999000+00:00,104249429.9132371,238137
2026-06-02T10:00:00+00:00,69426.01,69756.0,69336.98,69652.19,904.86792,2026-06-02T10:59:59.999000+00:00,62935960.0019436,171383
2026-06-02T11:00:00+00:00,69652.18,69659.47,69397.83,69461.72,417.59402,2026-06-02T11:59:59.999000+00:00,29029398.1144773,117474
2026-06-02T12:00:00+00:00,69461.73,69548.13,68989.61,69010.42,1382.26152,2026-06-02T12:59:59.999000+00:00,95697775.6294573,228331
2026-06-02T13:00:00+00:00,69010.41,69180.0,68757.03,68811.91,1762.82906,2026-06-02T13:59:59.999000+00:00,121564899.0384991,335259
2026-06-02T14:00:00+00:00,68809.93,68836.0,67617.85,68019.3,3845.79627,2026-06-02T14:59:59.999000+00:00,262216636.1735963,566846
2026-06-02T15:00:00+00:00,68019.3,68094.6,67076.0,67304.28,2543.79469,2026-06-02T15:59:59.999000+00:00,171706105.6375662,466661
2026-06-02T16:00:00+00:00,67304.29,68146.3,67228.45,67413.44,1789.92962,2026-06-02T16:59:59.999000+00:00,121267557.3208552,349789
2026-06-02T17:00:00+00:00,67413.44,67837.53,67378.0,67492.34,905.8915,2026-06-02T17:59:59.999000+00:00,61194529.8382817,241358
2026-06-02T18:00:00+00:00,67492.34,67661.7,67124.2,67341.99,926.14597,2026-06-02T18:59:59.999000+00:00,62413180.6634392,217090
2026-06-02T19:00:00+00:00,67341.99,67498.0,66432.0,67315.14,2333.17121,2026-06-02T19:59:59.999000+00:00,156173990.0889056,336468
2026-06-02T20:00:00+00:00,67315.14,67689.65,66911.2,67587.77,1637.61606,2026-06-02T20:59:59.999000+00:00,110197139.9406786,300495
2026-06-02T21:00:00+00:00,67587.78,67923.24,67412.0,67566.01,765.53933,2026-06-02T21:59:59.999000+00:00,51820125.8619651,206967
2026-06-02T22:00:00+00:00,67566.01,67566.01,66244.02,66385.2,1856.41667,2026-06-02T22:59:59.999000+00:00,124178434.0058242,413780
2026-06-02T23:00:00+00:00,66385.2,66868.62,66193.0,66760.83,1599.39304,2026-06-02T23:59:59.999000+00:00,106368746.5669608,382090
2026-06-03T00:00:00+00:00,66760.84,67204.15,66654.0,66938.01,1238.50805,2026-06-03T00:59:59.999000+00:00,82902530.9714382,290155
2026-06-03T01:00:00+00:00,66938.01,67050.0,66472.65,66920.0,973.29949,2026-06-03T01:59:59.999000+00:00,64973245.6121001,217198
2026-06-03T02:00:00+00:00,66920.0,66920.01,66586.17,66620.01,773.38787,2026-06-03T02:59:59.999000+00:00,51659618.7782372,173133
2026-06-03T03:00:00+00:00,66620.0,66653.67,65426.34,65849.9,2891.72624,2026-06-03T03:59:59.999000+00:00,190738588.5587971,395531
2026-06-03T04:00:00+00:00,65849.9,66623.44,65834.0,66465.98,1263.85794,2026-06-03T04:59:59.999000+00:00,83884380.6826057,267896
2026-06-03T05:00:00+00:00,66465.99,67398.28,66465.99,67330.01,1773.95829,2026-06-03T05:59:59.999000+00:00,118941770.992731,323804
2026-06-03T06:00:00+00:00,67330.0,67516.0,66962.95,66983.27,1658.04956,2026-06-03T06:59:59.999000+00:00,111530428.2884141,237693
2026-06-03T07:00:00+00:00,66983.27,67334.4,66872.01,67220.03,1003.46306,2026-06-03T07:59:59.999000+00:00,67424615.6409038,165029
2026-06-03T08:00:00+00:00,67220.03,67264.34,66974.0,67028.0,1273.47385,2026-06-03T08:59:59.999000+00:00,85463961.1803512,199455
2026-06-03T09:00:00+00:00,67028.01,67322.0,66656.48,67075.17,1438.06157,2026-06-03T09:59:59.999000+00:00,96299912.3715419,225394
2026-06-03T10:00:00+00:00,67075.18,67476.69,67068.51,67294.52,639.46259,2026-06-03T10:59:59.999000+00:00,43025500.9862962,192758
2026-06-03T11:00:00+00:00,67294.51,67366.82,67056.58,67067.37,489.69833,2026-06-03T11:59:59.999000+00:00,32917335.4534764,119472
2026-06-03T12:00:00+00:00,67067.37,67163.82,66782.65,67078.72,856.74966,2026-06-03T12:59:59.999000+00:00,57392812.7912255,221072
2026-06-03T13:00:00+00:00,67078.72,67244.62,66635.0,66906.01,1223.17247,2026-06-03T13:59:59.999000+00:00,81864754.8104316,405468
2026-06-03T14:00:00+00:00,66906.0,66990.66,66643.96,66864.95,936.44379,2026-06-03T14:59:59.999000+00:00,62556173.7199279,369189
2026-06-03T15:00:00+00:00,66864.95,66898.0,66076.0,66076.01,1521.34921,2026-06-03T15:59:59.999000+00:00,101047974.7527895,394917
2026-06-03T16:00:00+00:00,66076.01,66373.18,65555.0,66061.83,1633.14277,2026-06-03T16:59:59.999000+00:00,107644105.4082609,414723
2026-06-03T17:00:00+00:00,66061.83,66189.8,65704.8,65964.08,810.29365,2026-06-03T17:59:59.999000+00:00,53425313.1257178,262687
2026-06-03T18:00:00+00:00,65964.08,66161.24,65744.01,66036.57,600.59221,2026-06-03T18:59:59.999000+00:00,39617185.2437214,194078
2026-06-03T19:00:00+00:00,66036.56,66054.0,65251.0,65462.0,1198.70968,2026-06-03T19:59:59.999000+00:00,78715853.5602946,238378
2026-06-03T20:00:00+00:00,65461.99,65614.74,64766.0,65007.27,1892.05101,2026-06-03T20:59:59.999000+00:00,123226597.7311617,321737
2026-06-03T21:00:00+00:00,65007.27,65860.0,64960.87,65768.88,1254.10382,2026-06-03T21:59:59.999000+00:00,82204737.1910111,290913
2026-06-03T22:00:00+00:00,65768.89,65841.23,64778.15,64912.98,974.52056,2026-06-03T22:59:59.999000+00:00,63543702.2703344,383759
2026-06-03T23:00:00+00:00,64912.97,64979.99,64092.49,64142.75,1820.23083,2026-06-03T23:59:59.999000+00:00,117348881.7711745,371919
2026-06-04T00:00:00+00:00,64142.75,64428.0,63000.0,63344.97,3512.79677,2026-06-04T00:59:59.999000+00:00,223539486.9079594,657007
2026-06-04T01:00:00+00:00,63344.98,63500.0,62100.01,62178.1,4759.0413,2026-06-04T01:59:59.999000+00:00,298672788.9991739,774415
2026-06-04T02:00:00+00:00,62178.1,63622.7,61383.56,63231.99,6283.29826,2026-06-04T02:59:59.999000+00:00,393116900.0991397,644675
2026-06-04T03:00:00+00:00,63232.0,64540.3,63218.48,64363.49,2402.09774,2026-06-04T03:59:59.999000+00:00,153935920.3531126,334828
2026-06-04T04:00:00+00:00,64363.49,64764.32,64265.73,64399.99,1421.62502,2026-06-04T04:59:59.999000+00:00,91700026.1779737,245338
2026-06-04T05:00:00+00:00,64399.99,64400.0,63648.01,63955.47,1272.84935,2026-06-04T05:59:59.999000+00:00,81463803.943986,308518
2026-06-04T06:00:00+00:00,63955.48,64481.22,63892.0,64027.99,802.33437,2026-06-04T06:59:59.999000+00:00,51526089.2121948,220866
2026-06-04T07:00:00+00:00,64027.99,64062.81,63492.89,63603.15,1503.87893,2026-06-04T07:59:59.999000+00:00,95901942.4114931,261823
2026-06-04T08:00:00+00:00,63603.15,63904.63,63245.9,63629.99,1570.23316,2026-06-04T08:59:59.999000+00:00,99743799.4585865,389108
2026-06-04T09:00:00+00:00,63629.99,63644.0,62703.33,63266.0,2329.3282,2026-06-04T09:59:59.999000+00:00,146798441.3288654,483870
2026-06-04T10:00:00+00:00,63266.01,63276.0,62301.21,62420.0,3046.35677,2026-06-04T10:59:59.999000+00:00,190882975.3808069,469476
2026-06-04T11:00:00+00:00,62420.01,62833.82,62205.0,62545.99,1649.57305,2026-06-04T11:59:59.999000+00:00,103042591.4838542,356501
2026-06-04T12:00:00+00:00,62546.0,63966.48,62392.0,63766.82,1740.31399,2026-06-04T12:59:59.999000+00:00,110086882.337967,474573
2026-06-04T13:00:00+00:00,63766.82,64244.0,63068.41,64230.0,2087.69891,2026-06-04T13:59:59.999000+00:00,133110222.1278441,579230
2026-06-04T14:00:00+00:00,64230.0,64494.92,63785.33,63958.97,1314.7717,2026-06-04T14:59:59.999000+00:00,84348964.0149179,452636
2026-06-04T15:00:00+00:00,63958.97,64404.0,63691.7,63896.17,1043.20477,2026-06-04T15:59:59.999000+00:00,66779419.7153706,325242
2026-06-04T16:00:00+00:00,63896.16,63920.0,63456.0,63563.51,778.5809,2026-06-04T16:59:59.999000+00:00,49600682.1675266,273524
2026-06-04T17:00:00+00:00,63563.51,63722.0,62944.91,63540.97,1048.08269,2026-06-04T17:59:59.999000+00:00,66347416.377614,309779
2026-06-04T18:00:00+00:00,63540.96,64110.28,63149.76,63819.62,1198.01807,2026-06-04T18:59:59.999000+00:00,76376267.5309366,316109
2026-06-04T19:00:00+00:00,63819.62,64163.93,63544.0,63629.38,699.04403,2026-06-04T19:59:59.999000+00:00,44618234.6594989,255891
2026-06-04T20:00:00+00:00,63629.38,63653.2,63182.84,63638.4,753.64631,2026-06-04T20:59:59.999000+00:00,47801676.6891136,219302
2026-06-04T21:00:00+00:00,63638.4,63876.0,63106.04,63286.21,982.36997,2026-06-04T21:59:59.999000+00:00,62443470.6112118,220331
2026-06-04T22:00:00+00:00,63286.21,63772.0,63194.0,63735.43,816.54763,2026-06-04T22:59:59.999000+00:00,51772911.3560455,310645
2026-06-04T23:00:00+00:00,63735.42,63918.0,63376.0,63885.99,561.48382,2026-06-04T23:59:59.999000+00:00,35738820.1441904,174289
2026-06-05T00:00:00+00:00,63885.99,63978.0,63396.57,63426.72,799.55012,2026-06-05T00:59:59.999000+00:00,50959950.8159022,262504
2026-06-05T01:00:00+00:00,63426.73,63566.0,63052.0,63374.67,974.10885,2026-06-05T01:59:59.999000+00:00,61665732.6505729,309168
2026-06-05T02:00:00+00:00,63374.67,63436.0,62588.77,62617.72,1167.70132,2026-06-05T02:59:59.999000+00:00,73459108.1592093,339982
2026-06-05T03:00:00+00:00,62617.72,62888.0,62339.0,62730.0,1221.6378,2026-06-05T03:59:59.999000+00:00,76451218.5152758,314333
2026-06-05T04:00:00+00:00,62730.0,63646.0,62487.24,63615.23,1133.49083,2026-06-05T04:59:59.999000+00:00,71447182.0620554,311672
2026-06-05T05:00:00+00:00,63615.22,63688.0,62278.0,62329.35,1503.31179,2026-06-05T05:59:59.999000+00:00,94791318.9184154,371814
2026-06-05T06:00:00+00:00,62329.36,62634.53,61126.01,61946.57,5277.47749,2026-06-05T06:59:59.999000+00:00,326445236.0733746,937737
2026-06-05T07:00:00+00:00,61946.57,63116.0,61378.38,63115.99,2819.14343,2026-06-05T07:59:59.999000+00:00,175692660.0113954,649312
2026-06-05T08:00:00+00:00,63115.99,63120.98,62288.88,62454.64,1381.33567,2026-06-05T08:59:59.999000+00:00,86630721.7365742,301884
2026-06-05T09:00:00+00:00,62454.64,63259.9,62442.0,62860.09,970.2531,2026-06-05T09:59:59.999000+00:00,61037380.261062,314276
2026-06-05T10:00:00+00:00,62860.09,62931.81,62375.0,62536.87,753.84533,2026-06-05T10:59:59.999000+00:00,47205164.1111901,226776
2026-06-05T11:00:00+00:00,62536.87,62644.48,61964.98,61964.99,1191.72996,2026-06-05T11:59:59.999000+00:00,74237726.0478541,299452
2026-06-05T12:00:00+00:00,61964.99,62457.86,61620.47,61959.73,1931.26312,2026-06-05T12:59:59.999000+00:00,119791043.1920203,479356
2026-06-05T13:00:00+00:00,61959.72,62326.0,60732.35,60732.36,3644.72891,2026-06-05T13:59:59.999000+00:00,224509227.6424909,643094
2026-06-05T14:00:00+00:00,60732.36,61227.98,60334.97,60868.97,4753.25938,2026-06-05T14:59:59.999000+00:00,288847723.2492867,888916
2026-06-05T15:00:00+00:00,60868.98,61126.0,60000.0,60438.01,4471.76201,2026-06-05T15:59:59.999000+00:00,270181441.8664824,668473
2026-06-05T16:00:00+00:00,60438.0,61547.24,59786.0,61394.39,5595.70288,2026-06-05T16:59:59.999000+00:00,339070326.4246316,860286
2026-06-05T17:00:00+00:00,61394.38,61508.85,60660.0,60813.99,1735.74281,2026-06-05T17:59:59.999000+00:00,105839280.6139877,449980
2026-06-05T18:00:00+00:00,60814.0,60950.0,59141.0,59395.99,3853.37743,2026-06-05T18:59:59.999000+00:00,230774891.758648,650178
2026-06-05T19:00:00+00:00,59396.0,60459.41,59130.91,60300.24,2562.76919,2026-06-05T19:59:59.999000+00:00,152963862.6800727,720293
2026-06-05T20:00:00+00:00,60300.24,61787.01,59940.01,61620.01,2519.32621,2026-06-05T20:59:59.999000+00:00,153695098.6882511,535708
2026-06-05T21:00:00+00:00,61620.01,62000.0,61444.2,61670.38,1754.60125,2026-06-05T21:59:59.999000+00:00,108375209.9955407,345414
2026-06-05T22:00:00+00:00,61670.38,61966.0,61207.82,61584.49,1799.61028,2026-06-05T22:59:59.999000+00:00,110905267.4311594,446398
2026-06-05T23:00:00+00:00,61584.49,61776.0,60518.0,61056.47,1211.55891,2026-06-05T23:59:59.999000+00:00,74044977.5978751,331850
2026-06-06T00:00:00+00:00,61056.47,61530.05,61045.01,61273.29,769.28059,2026-06-06T00:59:59.999000+00:00,47157764.6074138,262884
2026-06-06T01:00:00+00:00,61273.29,61380.0,60954.36,61058.95,701.07746,2026-06-06T01:59:59.999000+00:00,42876204.4023413,201383
2026-06-06T02:00:00+00:00,61058.95,61176.0,60678.0,60951.64,778.33004,2026-06-06T02:59:59.999000+00:00,47425204.5874868,249099
2026-06-06T03:00:00+00:00,60951.63,60966.86,60520.0,60687.04,696.39105,2026-06-06T03:59:59.999000+00:00,42303050.0731768,259886
2026-06-06T04:00:00+00:00,60687.05,60866.0,59500.0,60101.27,2161.93035,2026-06-06T04:59:59.999000+00:00,129778892.4712642,559699
2026-06-06T05:00:00+00:00,60101.28,61062.0,59621.22,60942.38,2141.23088,2026-06-06T05:59:59.999000+00:00,129571417.7938775,489862
2026-06-06T06:00:00+00:00,60942.37,61276.95,60681.0,60786.96,2095.10137,2026-06-06T06:59:59.999000+00:00,127888304.3045568,355492
2026-06-06T07:00:00+00:00,60786.96,61229.17,60733.14,61004.95,664.31126,2026-06-06T07:59:59.999000+00:00,40517501.2628979,162044
2026-06-06T08:00:00+00:00,61004.95,61500.0,60884.0,61264.0,724.69988,2026-06-06T08:59:59.999000+00:00,44393604.9627166,195050
2026-06-06T09:00:00+00:00,61264.0,61322.0,60875.55,60981.24,580.05282,2026-06-06T09:59:59.999000+00:00,35469763.8874455,186268
2026-06-06T10:00:00+00:00,60981.24,60981.24,60198.0,60593.0,1404.76206,2026-06-06T10:59:59.999000+00:00,85037480.6370263,282578
2026-06-06T11:00:00+00:00,60593.0,60968.0,60552.95,60802.91,764.0429,2026-06-06T11:59:59.999000+00:00,46432391.541549,153771
2026-06-06T12:00:00+00:00,60802.9,61185.26,60641.2,61030.63,669.86406,2026-06-06T12:59:59.999000+00:00,40816040.7061799,182548
2026-06-06T13:00:00+00:00,61030.63,61100.0,60701.41,60801.2,565.41708,2026-06-06T13:59:59.999000+00:00,34418355.0550383,164634
2026-06-06T14:00:00+00:00,60801.2,61016.0,60768.0,60791.05,409.85585,2026-06-06T14:59:59.999000+00:00,24967186.0539172,161753
2026-06-06T15:00:00+00:00,60791.06,60929.2,60396.0,60784.0,646.3582,2026-06-06T15:59:59.999000+00:00,39215430.4573135,208625
2026-06-06T16:00:00+00:00,60784.01,60971.24,60466.56,60774.0,524.00441,2026-06-06T16:59:59.999000+00:00,31822003.0924498,156734
2026-06-06T17:00:00+00:00,60774.0,60844.0,60501.0,60576.2,599.85374,2026-06-06T17:59:59.999000+00:00,36390952.705869,131616
2026-06-06T18:00:00+00:00,60576.19,60754.74,60393.96,60637.21,975.00187,2026-06-06T18:59:59.999000+00:00,59028921.948745,152989
2026-06-06T19:00:00+00:00,60637.2,60786.0,60536.0,60600.01,348.13504,2026-06-06T19:59:59.999000+00:00,21117755.8294792,93283
2026-06-06T20:00:00+00:00,60600.0,60756.0,60522.0,60711.69,328.01265,2026-06-06T20:59:59.999000+00:00,19892131.6102574,93344
2026-06-06T21:00:00+00:00,60711.69,61000.0,60707.93,60751.21,311.33205,2026-06-06T21:59:59.999000+00:00,18946663.7301966,81069
2026-06-06T22:00:00+00:00,60751.22,60818.0,60429.09,60543.53,374.15284,2026-06-06T22:59:59.999000+00:00,22678856.7410832,129075
2026-06-06T23:00:00+00:00,60543.52,60942.75,60543.52,60884.62,562.39032,2026-06-06T23:59:59.999000+00:00,34180080.0059519,87188
2026-06-07T00:00:00+00:00,60884.62,60987.99,60746.0,60782.01,680.4546,2026-06-07T00:59:59.999000+00:00,41398475.6894941,116879
2026-06-07T01:00:00+00:00,60782.0,61664.13,60758.0,61479.75,1285.5692,2026-06-07T01:59:59.999000+00:00,78921951.655953,273041
2026-06-07T02:00:00+00:00,61479.75,61568.0,61184.0,61506.74,523.36778,2026-06-07T02:59:59.999000+00:00,32126534.2375831,166180
2026-06-07T03:00:00+00:00,61506.73,61778.33,61416.1,61701.07,469.79753,2026-06-07T03:59:59.999000+00:00,28938754.6200176,153448
2026-06-07T04:00:00+00:00,61701.06,61907.07,61482.46,61890.92,486.27163,2026-06-07T04:59:59.999000+00:00,30005048.559557,139984
2026-06-07T05:00:00+00:00,61890.92,62159.0,61647.0,61748.1,1139.66042,2026-06-07T05:59:59.999000+00:00,70486387.6568081,212941
2026-06-07T06:00:00+00:00,61748.11,62272.0,61619.4,62101.0,1749.1221,2026-06-07T06:59:59.999000+00:00,108477634.8072226,241732
2026-06-07T07:00:00+00:00,62101.01,62416.26,61983.46,62404.73,1528.1498,2026-06-07T07:59:59.999000+00:00,95053999.1458006,145369
2026-06-07T08:00:00+00:00,62404.72,62960.0,62259.37,62855.01,2005.84536,2026-06-07T08:59:59.999000+00:00,125515982.740815,239847
2026-06-07T09:00:00+00:00,62855.0,62900.0,62374.63,62530.0,1248.753,2026-06-07T09:59:59.999000+00:00,78244437.2522411,183125
2026-06-07T10:00:00+00:00,62530.0,62570.31,62298.39,62370.52,674.16526,2026-06-07T10:59:59.999000+00:00,42079981.7560912,161858
2026-06-07T11:00:00+00:00,62370.53,62754.45,62359.44,62621.96,794.29873,2026-06-07T11:59:59.999000+00:00,49719903.3295436,140528
2026-06-07T12:00:00+00:00,62621.97,62643.97,61577.12,61900.67,1957.0674,2026-06-07T12:59:59.999000+00:00,121327041.8496293,369382
2026-06-07T13:00:00+00:00,61900.66,61907.64,61649.12,61700.13,1146.18923,2026-06-07T13:59:59.999000+00:00,70781943.0863106,191481
2026-06-07T14:00:00+00:00,61700.14,62312.67,61696.98,61905.49,923.54392,2026-06-07T14:59:59.999000+00:00,57242663.2376573,209392
2026-06-07T15:00:00+00:00,61905.49,62219.92,61674.51,62093.99,527.33835,2026-06-07T15:59:59.999000+00:00,32663590.9865087,177488
2026-06-07T16:00:00+00:00,62093.99,62332.0,61966.0,62083.64,482.9603,2026-06-07T16:59:59.999000+00:00,30014811.5516567,165862
2026-06-07T17:00:00+00:00,62083.64,62330.0,62046.62,62160.01,573.97699,2026-06-07T17:59:59.999000+00:00,35729596.44383,138264
2026-06-07T18:00:00+00:00,62160.01,62296.0,62022.0,62030.14,373.61361,2026-06-07T18:59:59.999000+00:00,23232241.9188926,84383
2026-06-07T19:00:00+00:00,62030.15,62036.78,61184.0,61328.0,1046.65633,2026-06-07T19:59:59.999000+00:00,64344720.4281912,239211
2026-06-07T20:00:00+00:00,61327.99,61962.47,61217.17,61878.01,569.10903,2026-06-07T20:59:59.999000+00:00,35058253.4045612,145351
2026-06-07T21:00:00+00:00,61878.0,62017.71,61652.01,61778.41,374.19369,2026-06-07T21:59:59.999000+00:00,23121476.2877054,116992
2026-06-07T22:00:00+00:00,61778.42,64234.68,61728.11,62865.87,4892.75492,2026-06-07T22:59:59.999000+00:00,308953779.249916,514549
2026-06-07T23:00:00+00:00,62865.87,63444.11,62803.42,63332.01,1159.24525,2026-06-07T23:59:59.999000+00:00,73211562.917722,225174
2026-06-08T00:00:00+00:00,63332.01,63863.06,63138.37,63631.42,1255.61981,2026-06-08T00:59:59.999000+00:00,79789265.4682441,290444
2026-06-08T01:00:00+00:00,63631.43,63643.99,62720.86,63211.41,1129.10442,2026-06-08T01:59:59.999000+00:00,71231509.0440687,337355
2026-06-08T02:00:00+00:00,63211.41,63260.0,62918.0,63129.93,502.88284,2026-06-08T02:59:59.999000+00:00,31716610.8673722,178720
2026-06-08T03:00:00+00:00,63129.94,63458.0,62978.36,63130.12,427.85473,2026-06-08T03:59:59.999000+00:00,27038633.759634,144708
2026-06-08T04:00:00+00:00,63130.12,63171.1,62657.07,62684.61,553.63898,2026-06-08T04:59:59.999000+00:00,34807091.3206533,168596
2026-06-08T05:00:00+00:00,62684.61,62825.27,62408.0,62764.0,674.10723,2026-06-08T05:59:59.999000+00:00,42212859.3266401,205058
2026-06-08T06:00:00+00:00,62763.99,63144.0,62734.0,62988.03,629.53051,2026-06-08T06:59:59.999000+00:00,39651240.877561,179806
2026-06-08T07:00:00+00:00,62988.58,63350.0,62812.0,63283.99,976.9078,2026-06-08T07:59:59.999000+00:00,61684537.6303322,193066
2026-06-08T08:00:00+00:00,63284.0,63284.0,62992.01,63132.83,490.75057,2026-06-08T08:59:59.999000+00:00,30981265.2067274,161200
2026-06-08T09:00:00+00:00,63132.84,63577.86,63128.47,63502.0,706.93226,2026-06-08T09:59:59.999000+00:00,44805736.1364269,177936
2026-06-08T10:00:00+00:00,63501.99,63568.19,63096.88,63172.3,982.6729,2026-06-08T10:59:59.999000+00:00,62183375.7322961,155339
2026-06-08T11:00:00+00:00,63172.3,63873.08,63058.0,63479.61,1572.11873,2026-06-08T11:59:59.999000+00:00,99898294.1357859,235680
2026-06-08T12:00:00+00:00,63479.62,63933.18,62718.3,63872.0,2589.09295,2026-06-08T12:59:59.999000+00:00,163972599.7626911,363466
2026-06-08T13:00:00+00:00,63872.0,63943.56,63362.1,63758.0,1304.57724,2026-06-08T13:59:59.999000+00:00,83076885.8422598,350706
2026-06-08T14:00:00+00:00,63758.0,64077.57,63560.68,63964.08,1937.84618,2026-06-08T14:59:59.999000+00:00,123755240.6184823,310171
2026-06-08T15:00:00+00:00,63964.07,64200.0,63711.0,63774.48,2295.29096,2026-06-08T15:59:59.999000+00:00,146907022.1451796,292588
2026-06-08T16:00:00+00:00,63774.48,64046.86,63472.0,63532.01,873.93622,2026-06-08T16:59:59.999000+00:00,55729307.9401365,175875
2026-06-08T17:00:00+00:00,63532.01,63646.0,63268.01,63550.0,1044.76064,2026-06-08T17:59:59.999000+00:00,66243142.6350613,185947
2026-06-08T18:00:00+00:00,63549.99,63690.0,63339.98,63466.83,414.77155,2026-06-08T18:59:59.999000+00:00,26350288.6893733,132101
2026-06-08T19:00:00+00:00,63466.83,63596.0,63356.0,63372.01,379.67287,2026-06-08T19:59:59.999000+00:00,24098909.0699879,129151
2026-06-08T20:00:00+00:00,63372.01,63485.49,63160.31,63485.49,793.95609,2026-06-08T20:59:59.999000+00:00,50242774.0792968,108790
2026-06-08T21:00:00+00:00,63485.49,63850.0,63483.41,63728.96,413.19539,2026-06-08T21:59:59.999000+00:00,26325604.4774975,111960
2026-06-08T22:00:00+00:00,63728.96,63728.96,63210.0,63440.01,571.04903,2026-06-08T22:59:59.999000+00:00,36194432.8321143,141899
2026-06-08T23:00:00+00:00,63440.0,63594.0,62978.66,63085.99,533.11634,2026-06-08T23:59:59.999000+00:00,33666659.153398,157002
2026-06-09T00:00:00+00:00,63086.0,63184.0,62423.07,62562.0,1868.43384,2026-06-09T00:59:59.999000+00:00,117156447.4966534,276045
2026-06-09T01:00:00+00:00,62562.0,62879.1,62546.62,62764.01,752.22836,2026-06-09T01:59:59.999000+00:00,47191273.8054147,173486
2026-06-09T02:00:00+00:00,62764.0,62874.0,62544.11,62868.0,357.79841,2026-06-09T02:59:59.999000+00:00,22443215.2186721,138521
2026-06-09T03:00:00+00:00,62867.99,62979.94,62702.0,62875.17,780.82683,2026-06-09T03:59:59.999000+00:00,49074911.6321247,112714
2026-06-09T04:00:00+00:00,62875.18,63424.0,62748.0,63242.36,1115.32376,2026-06-09T04:59:59.999000+00:00,70366227.2438896,177848
2026-06-09T05:00:00+00:00,63242.36,63526.01,63120.24,63338.68,946.88593,2026-06-09T05:59:59.999000+00:00,59996385.9861273,161525
2026-06-09T06:00:00+00:00,63338.69,63506.0,63230.0,63300.0,975.96129,2026-06-09T06:59:59.999000+00:00,61841472.6815,108048
2026-06-09T07:00:00+00:00,63300.0,63443.6,63012.0,63198.44,669.83742,2026-06-09T07:59:59.999000+00:00,42331579.1610676,104007
2026-06-09T08:00:00+00:00,63198.44,63208.86,62769.52,62849.75,844.01531,2026-06-09T08:59:59.999000+00:00,53102853.4144529,128341
2026-06-09T09:00:00+00:00,62849.75,62944.43,62590.0,62715.37,709.2584,2026-06-09T09:59:59.999000+00:00,44513971.4649449,116227
2026-06-09T10:00:00+00:00,62715.37,62835.37,62596.0,62786.01,503.06926,2026-06-09T10:59:59.999000+00:00,31552774.8157747,113049
2026-06-09T11:00:00+00:00,62786.0,62818.0,62498.75,62711.12,472.29218,2026-06-09T11:59:59.999000+00:00,29572623.3084617,107433
2026-06-09T12:00:00+00:00,62711.12,62895.18,62421.24,62645.15,693.6037,2026-06-09T12:59:59.999000+00:00,43439962.0843947,144435
2026-06-09T13:00:00+00:00,62645.14,62738.0,62140.0,62273.61,1172.01624,2026-06-09T13:59:59.999000+00:00,73117403.687786,280196
2026-06-09T14:00:00+00:00,62273.62,62395.01,61148.07,61541.95,2741.42922,2026-06-09T14:59:59.999000+00:00,169097432.0247995,524581
2026-06-09T15:00:00+00:00,61541.95,61706.86,61037.0,61131.84,1576.3984,2026-06-09T15:59:59.999000+00:00,96762954.7683358,311324
2026-06-09T16:00:00+00:00,61131.85,61484.67,60780.0,61390.51,2117.17514,2026-06-09T16:59:59.999000+00:00,129319860.7457094,422755
2026-06-09T17:00:00+00:00,61390.51,61889.0,61390.51,61692.01,925.52892,2026-06-09T17:59:59.999000+00:00,57085314.9447514,231711
2026-06-09T18:00:00+00:00,61692.01,61964.0,61602.0,61792.01,528.51144,2026-06-09T18:59:59.999000+00:00,32643431.8758819,155907
2026-06-09T19:00:00+00:00,61792.0,62103.39,61722.0,62098.09,436.3094,2026-06-09T19:59:59.999000+00:00,27004993.9794459,152652
2026-06-09T20:00:00+00:00,62098.09,62272.0,61954.39,62160.0,406.81988,2026-06-09T20:59:59.999000+00:00,25259333.2909302,104463
2026-06-09T21:00:00+00:00,62159.99,62176.86,61698.0,61761.2,425.20913,2026-06-09T21:59:59.999000+00:00,26330479.8812483,98020
2026-06-09T22:00:00+00:00,61761.21,61976.0,61666.66,61717.5,276.69194,2026-06-09T22:59:59.999000+00:00,17102001.2062919,100574
2026-06-09T23:00:00+00:00,61717.5,61878.0,61556.0,61730.0,340.59519,2026-06-09T23:59:59.999000+00:00,21015144.4436818,103470
2026-06-10T00:00:00+00:00,61730.0,61930.0,61440.0,61923.16,538.2675,2026-06-10T00:59:59.999000+00:00,33215082.143719,149535
2026-06-10T01:00:00+00:00,61923.16,61974.7,61590.0,61714.0,336.41204,2026-06-10T01:59:59.999000+00:00,20788130.5120278,167866
2026-06-10T02:00:00+00:00,61714.0,61837.67,61235.29,61302.36,512.06602,2026-06-10T02:59:59.999000+00:00,31468001.7813057,160933
2026-06-10T03:00:00+00:00,61302.37,61594.0,61286.0,61549.64,334.76343,2026-06-10T03:59:59.999000+00:00,20574410.4002196,113873
2026-06-10T04:00:00+00:00,61549.64,61560.0,61182.65,61295.99,306.03442,2026-06-10T04:59:59.999000+00:00,18773363.3298502,109000
2026-06-10T05:00:00+00:00,61296.0,61400.01,61080.0,61361.17,464.90737,2026-06-10T05:59:59.999000+00:00,28464020.3926906,129241
2026-06-10T06:00:00+00:00,61361.17,61521.99,61145.5,61472.89,511.66925,2026-06-10T06:59:59.999000+00:00,31403231.0506515,113954
2026-06-10T07:00:00+00:00,61472.89,61813.34,61440.0,61687.56,937.80783,2026-06-10T07:59:59.999000+00:00,57843726.8581063,128325
2026-06-10T08:00:00+00:00,61687.56,61736.0,61168.0,61261.55,739.92297,2026-06-10T08:59:59.999000+00:00,45489944.6960505,164382
2026-06-10T09:00:00+00:00,61261.56,61421.46,60755.0,61334.94,906.84186,2026-06-10T09:59:59.999000+00:00,55419840.1206566,205181
2026-06-10T10:00:00+00:00,61334.95,61456.0,61151.4,61386.09,340.43647,2026-06-10T10:59:59.999000+00:00,20868132.903462,133306
2026-06-10T11:00:00+00:00,61386.09,61430.0,60867.19,61034.04,826.04256,2026-06-10T11:59:59.999000+00:00,50445689.4370563,232732
2026-06-10T12:00:00+00:00,61034.04,61950.0,60960.0,61564.01,1340.16125,2026-06-10T12:59:59.999000+00:00,82412266.1051837,289641
2026-06-10T13:00:00+00:00,61564.0,62446.0,61444.87,62146.42,1199.64944,2026-06-10T13:59:59.999000+00:00,74339559.2393842,343786
2026-06-10T14:00:00+00:00,62146.43,62258.01,61814.79,62195.99,902.47236,2026-06-10T14:59:59.999000+00:00,55954641.416171,320240
2026-06-10T15:00:00+00:00,62195.99,62857.99,61852.0,62639.23,1341.51604,2026-06-10T15:59:59.999000+00:00,83645759.2489136,381602
2026-06-10T16:00:00+00:00,62639.23,62646.0,61930.0,62219.33,748.11357,2026-06-10T16:59:59.999000+00:00,46596753.5954547,280990
2026-06-10T17:00:00+00:00,62219.33,62360.0,61654.54,61969.99,885.28682,2026-06-10T17:59:59.999000+00:00,54829915.7521847,264392
2026-06-10T18:00:00+00:00,61969.99,62162.9,61588.8,61882.0,641.1773,2026-06-10T18:59:59.999000+00:00,39656137.9477627,198788
2026-06-10T19:00:00+00:00,61881.99,62062.98,61673.79,61942.44,400.79146,2026-06-10T19:59:59.999000+00:00,24803678.8587654,155878
2026-06-10T20:00:00+00:00,61942.45,61949.21,61688.0,61805.51,307.34434,2026-06-10T20:59:59.999000+00:00,19004068.590218,122105
2026-06-10T21:00:00+00:00,61805.5,61805.51,61179.19,61356.18,571.34637,2026-06-10T21:59:59.999000+00:00,35143383.0121435,169289
2026-06-10T22:00:00+00:00,61356.18,61574.0,61104.24,61381.46,578.03926,2026-06-10T22:59:59.999000+00:00,35447831.3475945,192828
2026-06-10T23:00:00+00:00,61381.46,61604.0,61166.0,61510.99,327.64659,2026-06-10T23:59:59.999000+00:00,20123314.8498026,127819
2026-06-11T00:00:00+00:00,61510.99,61974.7,61510.99,61812.0,597.44488,2026-06-11T00:59:59.999000+00:00,36921271.5562759,162608
2026-06-11T01:00:00+00:00,61812.0,62378.0,61812.0,62206.01,839.43174,2026-06-11T01:59:59.999000+00:00,52129027.5805812,155164
2026-06-11T02:00:00+00:00,62206.01,62304.0,61944.19,62148.0,429.18601,2026-06-11T02:59:59.999000+00:00,26667696.3136717,123437
2026-06-11T03:00:00+00:00,62148.01,62848.0,62012.0,62689.48,986.08995,2026-06-11T03:59:59.999000+00:00,61599150.340482,168588
2026-06-11T04:00:00+00:00,62689.47,62854.0,62546.34,62726.86,589.32674,2026-06-11T04:59:59.999000+00:00,36935231.0845989,138831
2026-06-11T05:00:00+00:00,62726.85,62726.86,62556.84,62610.0,295.46093,2026-06-11T05:59:59.999000+00:00,18508352.9376934,96146
2026-06-11T06:00:00+00:00,62610.0,62997.53,62544.89,62772.0,1198.75098,2026-06-11T06:59:59.999000+00:00,75354270.1048025,135123
2026-06-11T07:00:00+00:00,62772.01,62842.92,62612.01,62719.39,399.47563,2026-06-11T07:59:59.999000+00:00,25049312.0887992,81303
2026-06-11T08:00:00+00:00,62719.39,63050.0,62719.38,62957.99,546.92925,2026-06-11T08:59:59.999000+00:00,34412021.5490892,82404
2026-06-11T09:00:00+00:00,62958.0,62989.97,62790.0,62927.49,401.22464,2026-06-11T09:59:59.999000+00:00,25231415.3981154,79248
2026-06-11T10:00:00+00:00,62927.49,63214.97,62789.62,63148.0,666.36315,2026-06-11T10:59:59.999000+00:00,41978178.5942818,110926
2026-06-11T11:00:00+00:00,63148.0,63257.21,63040.01,63108.0,563.58106,2026-06-11T11:59:59.999000+00:00,35591976.8870994,109845
2026-06-11T12:00:00+00:00,63108.01,63190.0,62500.0,63010.01,1835.01045,2026-06-11T12:59:59.999000+00:00,115322800.4651679,267581
2026-06-11T13:00:00+00:00,63010.0,63239.43,62677.84,63077.57,1087.23984,2026-06-11T13:59:59.999000+00:00,68446359.4352748,237108
2026-06-11T14:00:00+00:00,63077.71,63100.0,62732.6,62734.02,782.87001,2026-06-11T14:59:59.999000+00:00,49249103.4729404,223011
2026-06-11T15:00:00+00:00,62734.02,62887.88,62518.1,62749.44,633.18968,2026-06-11T15:59:59.999000+00:00,39708661.9675652,183221
2026-06-11T16:00:00+00:00,62749.44,62842.0,62548.79,62582.45,564.46406,2026-06-11T16:59:59.999000+00:00,35386530.0132641,125881
2026-06-11T17:00:00+00:00,62582.45,63655.83,62348.0,63644.19,1821.97042,2026-06-11T17:59:59.999000+00:00,114966411.4596682,304656
2026-06-11T18:00:00+00:00,63644.18,63788.0,63324.35,63461.12,793.20489,2026-06-11T18:59:59.999000+00:00,50385378.7062664,187481
2026-06-11T19:00:00+00:00,63461.12,63933.02,63390.0,63605.68,946.18552,2026-06-11T19:59:59.999000+00:00,60241615.891506,174753
2026-06-11T20:00:00+00:00,63605.69,63663.4,63270.0,63393.67,556.54606,2026-06-11T20:59:59.999000+00:00,35315529.067295,85690
2026-06-11T21:00:00+00:00,63393.67,63599.99,63393.66,63519.99,269.29173,2026-06-11T21:59:59.999000+00:00,17101060.5300903,69296
2026-06-11T22:00:00+00:00,63519.99,63670.0,63462.0,63500.01,226.24918,2026-06-11T22:59:59.999000+00:00,14383836.8678097,72346
2026-06-11T23:00:00+00:00,63500.0,63700.0,63362.0,63625.99,351.45962,2026-06-11T23:59:59.999000+00:00,22326674.1215466,72156
2026-06-12T00:00:00+00:00,63626.0,63810.01,63520.86,63648.8,1229.6005,2026-06-12T00:59:59.999000+00:00,78296999.5850611,105139
2026-06-12T01:00:00+00:00,63648.8,63648.8,63301.53,63426.2,745.50942,2026-06-12T01:59:59.999000+00:00,47273243.9189904,97368
2026-06-12T02:00:00+00:00,63426.21,63779.11,63426.2,63624.07,398.45121,2026-06-12T02:59:59.999000+00:00,25343229.01211,82101
2026-06-12T03:00:00+00:00,63624.07,63649.99,63357.7,63524.82,280.54894,2026-06-12T03:59:59.999000+00:00,17813977.5785497,66411
2026-06-12T04:00:00+00:00,63524.81,63863.98,63426.48,63700.0,742.01132,2026-06-12T04:59:59.999000+00:00,47276455.9425535,83403
2026-06-12T05:00:00+00:00,63700.0,63721.31,63310.0,63358.2,603.70673,2026-06-12T05:59:59.999000+00:00,38294345.9957732,96962
2026-06-12T06:00:00+00:00,63358.2,63411.5,62829.81,62980.45,1027.41759,2026-06-12T06:59:59.999000+00:00,64764243.8888818,140431
2026-06-12T07:00:00+00:00,62980.46,63211.74,62956.0,63100.8,852.55681,2026-06-12T07:59:59.999000+00:00,53757747.717813,117580
2026-06-12T08:00:00+00:00,63100.8,63615.84,63100.8,63470.81,600.81984,2026-06-12T08:59:59.999000+00:00,38093332.4669829,111909
2026-06-12T09:00:00+00:00,63470.81,63953.84,63438.0,63752.93,524.52211,2026-06-12T09:59:59.999000+00:00,33441384.1855803,125971
2026-06-12T10:00:00+00:00,63752.93,63852.0,63588.34,63702.01,872.53513,2026-06-12T10:59:59.999000+00:00,55601526.8327302,112577
2026-06-12T11:00:00+00:00,63702.01,63884.49,63684.44,63766.01,380.80932,2026-06-12T11:59:59.999000+00:00,24298889.7124694,101744
2026-06-12T12:00:00+00:00,63766.01,63775.0,63378.0,63465.51,515.59574,2026-06-12T12:59:59.999000+00:00,32757095.6710166,139597
2026-06-12T13:00:00+00:00,63465.52,63532.59,63045.29,63229.1,851.49099,2026-06-12T13:59:59.999000+00:00,53889572.570438,224729
2026-06-12T14:00:00+00:00,63229.1,64000.0,63190.0,63999.99,1065.08825,2026-06-12T14:59:59.999000+00:00,67753411.6474995,316830
2026-06-12T15:00:00+00:00,63999.99,64394.44,63551.9,63593.02,1669.96199,2026-06-12T15:59:59.999000+00:00,106975335.4036053,343557
2026-06-12T16:00:00+00:00,63593.02,63996.0,63510.16,63982.48,776.01025,2026-06-12T16:59:59.999000+00:00,49539246.3982593,226580
2026-06-12T17:00:00+00:00,63982.48,64111.1,63745.99,63865.44,456.29271,2026-06-12T17:59:59.999000+00:00,29154333.0315893,136089
2026-06-12T18:00:00+00:00,63865.45,63934.34,63686.0,63694.0,561.84193,2026-06-12T18:59:59.999000+00:00,35837353.5577718,129355
2026-06-12T19:00:00+00:00,63694.01,63830.93,63589.27,63589.27,462.65176,2026-06-12T19:59:59.999000+00:00,29469877.8917812,101591
2026-06-12T20:00:00+00:00,63589.28,63696.41,63400.0,63449.0,328.72463,2026-06-12T20:59:59.999000+00:00,20884642.3200166,95014
2026-06-12T21:00:00+00:00,63449.01,63624.62,63440.01,63472.0,330.50626,2026-06-12T21:59:59.999000+00:00,20994527.1538324,64100
2026-06-12T22:00:00+00:00,63471.99,63658.0,63471.99,63502.0,711.15075,2026-06-12T22:59:59.999000+00:00,45172674.9323371,76081
2026-06-12T23:00:00+00:00,63502.0,63580.01,63426.83,63580.01,409.24822,2026-06-12T23:59:59.999000+00:00,25978065.2639613,58933
2026-06-13T00:00:00+00:00,63580.0,63652.11,63507.39,63600.01,578.94188,2026-06-13T00:59:59.999000+00:00,36801720.469416,60854
2026-06-13T01:00:00+00:00,63600.01,63840.0,63600.01,63837.89,509.63359,2026-06-13T01:59:59.999000+00:00,32473805.4336982,65923
2026-06-13T02:00:00+00:00,63837.88,63837.89,63558.0,63646.01,450.79285,2026-06-13T02:59:59.999000+00:00,28705629.812031,56169
2026-06-13T03:00:00+00:00,63646.01,63720.88,63418.66,63532.0,268.55023,2026-06-13T03:59:59.999000+00:00,17069416.5392925,53464
2026-06-13T04:00:00+00:00,63532.0,63663.91,63484.0,63512.01,144.15296,2026-06-13T04:59:59.999000+00:00,9163425.3572997,42309
2026-06-13T05:00:00+00:00,63512.01,63596.0,63493.16,63584.03,658.62782,2026-06-13T05:59:59.999000+00:00,41861784.8868199,69594
2026-06-13T06:00:00+00:00,63584.03,63740.0,63550.51,63735.74,299.54013,2026-06-13T06:59:59.999000+00:00,19067836.7589338,42399
2026-06-13T07:00:00+00:00,63736.0,63883.47,63674.98,63846.0,436.97737,2026-06-13T07:59:59.999000+00:00,27877686.6958509,65554
2026-06-13T08:00:00+00:00,63845.99,63910.0,63766.18,63806.0,227.43934,2026-06-13T08:59:59.999000+00:00,14517575.9993179,50077
2026-06-13T09:00:00+00:00,63806.0,63867.65,63742.57,63743.12,301.95833,2026-06-13T09:59:59.999000+00:00,19263895.1070584,47455
2026-06-13T10:00:00+00:00,63743.13,63908.48,63726.57,63843.01,188.76787,2026-06-13T10:59:59.999000+00:00,12046390.1161171,50825
2026-06-13T11:00:00+00:00,63843.01,63984.53,63843.01,63971.28,479.05156,2026-06-13T11:59:59.999000+00:00,30624976.0800457,52612
2026-06-13T12:00:00+00:00,63971.28,64214.0,63921.33,64133.12,878.04841,2026-06-13T12:59:59.999000+00:00,56219033.4310435,73333
2026-06-13T13:00:00+00:00,64133.12,64245.88,64060.0,64102.69,499.73169,2026-06-13T13:59:59.999000+00:00,32064850.2537305,87468
2026-06-13T14:00:00+00:00,64102.61,64233.73,64090.09,64220.97,206.46033,2026-06-13T14:59:59.999000+00:00,13248784.9902797,54400
2026-06-13T15:00:00+00:00,64220.96,64350.0,64186.97,64296.15,584.92205,2026-06-13T15:59:59.999000+00:00,37596919.9238103,75246
2026-06-13T16:00:00+00:00,64296.15,64307.52,63920.05,64029.17,720.7481,2026-06-13T16:59:59.999000+00:00,46170392.3861442,115524
2026-06-13T17:00:00+00:00,64029.17,64120.0,63944.0,63971.19,301.75645,2026-06-13T17:59:59.999000+00:00,19324339.8187672,70427
2026-06-13T18:00:00+00:00,63971.2,64282.19,63971.19,64161.46,278.72154,2026-06-13T18:59:59.999000+00:00,17871283.3988854,56803
2026-06-13T19:00:00+00:00,64161.46,64333.62,64152.0,64296.59,308.7181,2026-06-13T19:59:59.999000+00:00,19827452.1537693,51650
2026-06-13T20:00:00+00:00,64296.59,64296.6,64226.83,64278.31,179.3189,2026-06-13T20:59:59.999000+00:00,11522212.6462792,38177
2026-06-13T21:00:00+00:00,64278.31,64762.77,64226.38,64471.04,552.39519,2026-06-13T21:59:59.999000+00:00,35610734.737562,90869
2026-06-13T22:00:00+00:00,64471.04,64556.0,64383.61,64456.47,316.2712,2026-06-13T22:59:59.999000+00:00,20391761.9535613,61500
2026-06-13T23:00:00+00:00,64456.46,64596.99,64382.42,64458.01,589.21574,2026-06-13T23:59:59.999000+00:00,37980141.5370796,56377
2026-06-14T00:00:00+00:00,64458.01,64579.03,64380.7,64565.0,595.05205,2026-06-14T00:59:59.999000+00:00,38360819.8281586,63329
2026-06-14T01:00:00+00:00,64565.01,64710.0,64507.25,64563.0,821.19702,2026-06-14T01:59:59.999000+00:00,53052668.572837,74962
2026-06-14T02:00:00+00:00,64563.0,64636.0,64476.01,64490.01,260.23317,2026-06-14T02:59:59.999000+00:00,16801813.1703128,40920
2026-06-14T03:00:00+00:00,64490.01,64545.4,64466.0,64545.3,155.67419,2026-06-14T03:59:59.999000+00:00,10041878.7165137,35537
2026-06-14T04:00:00+00:00,64545.3,64563.48,64325.61,64339.07,253.74802,2026-06-14T04:59:59.999000+00:00,16344828.7656715,39870
2026-06-14T05:00:00+00:00,64339.07,64411.2,64293.41,64338.0,429.46847,2026-06-14T05:59:59.999000+00:00,27638186.3056016,39743
2026-06-14T06:00:00+00:00,64338.0,64487.8,64232.12,64286.1,839.75348,2026-06-14T06:59:59.999000+00:00,54024331.0165145,77432
2026-06-14T07:00:00+00:00,64286.1,64445.95,64214.0,64429.39,256.82492,2026-06-14T07:59:59.999000+00:00,16517739.6561418,38351
2026-06-14T08:00:00+00:00,64429.39,64513.82,64392.0,64456.33,192.66954,2026-06-14T08:59:59.999000+00:00,12420567.9508623,34947
2026-06-14T09:00:00+00:00,64456.33,64617.99,64321.18,64616.0,237.3813,2026-06-14T09:59:59.999000+00:00,15298521.4871383,48596
2026-06-14T10:00:00+00:00,64616.0,64664.0,64498.01,64521.13,184.13016,2026-06-14T10:59:59.999000+00:00,11891057.7727489,41286
2026-06-14T11:00:00+00:00,64521.13,64641.9,64460.0,64546.0,228.11339,2026-06-14T11:59:59.999000+00:00,14730769.1181398,41163
2026-06-14T12:00:00+00:00,64546.01,64560.66,64295.06,64327.53,334.09454,2026-06-14T12:59:59.999000+00:00,21519597.6294215,51704
2026-06-14T13:00:00+00:00,64327.54,64398.14,64244.0,64317.99,308.61157,2026-06-14T13:59:59.999000+00:00,19849141.9385802,72148
2026-06-14T14:00:00+00:00,64318.0,64341.43,63866.66,63983.55,781.47067,2026-06-14T14:59:59.999000+00:00,50061740.3058094,122488
2026-06-14T15:00:00+00:00,63983.56,64153.75,63980.35,64025.07,366.74561,2026-06-14T15:59:59.999000+00:00,23501044.2526858,69486
2026-06-14T16:00:00+00:00,64025.06,64208.92,63936.0,63942.63,256.58722,2026-06-14T16:59:59.999000+00:00,16443305.8267027,65207
2026-06-14T17:00:00+00:00,63942.63,64019.38,63694.11,63732.64,617.57994,2026-06-14T17:59:59.999000+00:00,39443980.3827448,84100
2026-06-14T18:00:00+00:00,63732.65,63813.3,63678.83,63813.3,258.88821,2026-06-14T18:59:59.999000+00:00,16501211.6974664,58351
2026-06-14T19:00:00+00:00,63813.3,63861.86,63734.71,63802.0,107.594,2026-06-14T19:59:59.999000+00:00,6864829.7572355,41043
2026-06-14T20:00:00+00:00,63801.99,64092.4,63794.09,64008.64,243.2036,2026-06-14T20:59:59.999000+00:00,15558343.4033997,52955
2026-06-14T21:00:00+00:00,64008.64,65666.0,64007.24,65311.59,2955.01268,2026-06-14T21:59:59.999000+00:00,192087413.0033357,370664
2026-06-14T22:00:00+00:00,65311.59,65580.0,64946.12,65426.78,1554.15469,2026-06-14T22:59:59.999000+00:00,101390712.6822947,302247
2026-06-14T23:00:00+00:00,65426.78,65800.0,65256.21,65746.45,964.84531,2026-06-14T23:59:59.999000+00:00,63310036.023513,194372
2026-06-15T00:00:00+00:00,65746.45,65923.0,65480.69,65625.99,1043.52596,2026-06-15T00:59:59.999000+00:00,68550488.3655945,175233
2026-06-15T01:00:00+00:00,65626.0,65734.87,65354.0,65525.0,855.38843,2026-06-15T01:59:59.999000+00:00,56077183.1731682,137154
2026-06-15T02:00:00+00:00,65525.01,65775.15,65415.02,65472.01,587.73145,2026-06-15T02:59:59.999000+00:00,38539321.1023491,96638
2026-06-15T03:00:00+00:00,65472.01,65995.0,65422.83,65927.1,767.65798,2026-06-15T03:59:59.999000+00:00,50472455.6522554,123001
2026-06-15T04:00:00+00:00,65927.11,65927.11,65633.28,65644.01,564.25779,2026-06-15T04:59:59.999000+00:00,37082692.541488,79503
2026-06-15T05:00:00+00:00,65644.0,65872.0,65611.01,65858.01,477.26671,2026-06-15T05:59:59.999000+00:00,31355279.199311,66485
2026-06-15T06:00:00+00:00,65858.0,65967.27,65775.45,65812.01,365.24859,2026-06-15T06:59:59.999000+00:00,24056668.5451008,71717
2026-06-15T07:00:00+00:00,65812.01,66000.0,65628.45,65674.76,574.31747,2026-06-15T07:59:59.999000+00:00,37789088.5582918,95605
2026-06-15T08:00:00+00:00,65674.76,65800.0,65620.0,65662.01,363.0048,2026-06-15T08:59:59.999000+00:00,23845600.688985,68659
2026-06-15T09:00:00+00:00,65662.0,65779.5,65512.0,65596.86,344.30264,2026-06-15T09:59:59.999000+00:00,22599468.0120089,69955
2026-06-15T10:00:00+00:00,65596.86,65973.15,65584.37,65917.37,544.78922,2026-06-15T10:59:59.999000+00:00,35847453.9065295,79895
2026-06-15T11:00:00+00:00,65917.37,66385.12,65832.78,66233.9,1293.72734,2026-06-15T11:59:59.999000+00:00,85604358.2900905,225903
2026-06-15T12:00:00+00:00,66233.89,66600.91,66106.0,66563.49,987.26981,2026-06-15T12:59:59.999000+00:00,65495575.3076945,144746
2026-06-15T13:00:00+00:00,66563.48,66949.22,66412.0,66447.05,1919.26303,2026-06-15T13:59:59.999000+00:00,127974451.3802045,253336
2026-06-15T14:00:00+00:00,66447.06,66675.83,66251.58,66591.55,940.8464,2026-06-15T14:59:59.999000+00:00,62508954.4910549,154448
2026-06-15T15:00:00+00:00,66591.54,67292.15,66580.42,67292.14,1466.9579,2026-06-15T15:59:59.999000+00:00,98208951.2921767,199612
2026-06-15T16:00:00+00:00,67292.15,67292.15,67088.83,67157.99,1096.95936,2026-06-15T16:59:59.999000+00:00,73692256.8978754,179367
2026-06-15T17:00:00+00:00,67158.0,67158.0,66585.26,66851.79,1340.24388,2026-06-15T17:59:59.999000+00:00,89600781.3307497,167012
2026-06-15T18:00:00+00:00,66851.8,66933.86,66715.61,66766.12,590.69175,2026-06-15T18:59:59.999000+00:00,39476785.8369965,126652
2026-06-15T19:00:00+00:00,66766.13,66889.85,66348.0,66614.35,780.39583,2026-06-15T19:59:59.999000+00:00,52002002.9980801,169428
2026-06-15T20:00:00+00:00,66615.98,66681.3,66489.86,66519.98,339.47285,2026-06-15T20:59:59.999000+00:00,22597846.1750727,97772
2026-06-15T21:00:00+00:00,66519.99,66567.38,66314.34,66368.15,347.81382,2026-06-15T21:59:59.999000+00:00,23113606.0738044,92447
2026-06-15T22:00:00+00:00,66368.15,66476.64,66076.56,66206.34,520.15584,2026-06-15T22:59:59.999000+00:00,34466942.5859821,160615
2026-06-15T23:00:00+00:00,66206.34,66368.0,66116.59,66328.74,448.51217,2026-06-15T23:59:59.999000+00:00,29717028.1331099,105311
2026-06-16T00:00:00+00:00,66328.74,66463.26,66242.0,66250.0,457.62239,2026-06-16T00:59:59.999000+00:00,30368144.3279723,100700
2026-06-16T01:00:00+00:00,66250.0,66418.01,66248.93,66346.52,456.63949,2026-06-16T01:59:59.999000+00:00,30292274.6635634,82161
2026-06-16T02:00:00+00:00,66346.51,66367.69,65678.14,65741.99,964.73227,2026-06-16T02:59:59.999000+00:00,63645550.1481613,155977
2026-06-16T03:00:00+00:00,65742.0,66166.61,65650.0,66165.21,802.10485,2026-06-16T03:59:59.999000+00:00,52878277.7822753,94943
2026-06-16T04:00:00+00:00,66165.21,66301.83,65802.0,65840.09,694.50218,2026-06-16T04:59:59.999000+00:00,45830171.1991577,104123
2026-06-16T05:00:00+00:00,65840.1,66150.22,65840.09,66045.0,739.41945,2026-06-16T05:59:59.999000+00:00,48831353.4929189,81120
2026-06-16T06:00:00+00:00,66044.99,66572.99,66044.99,66446.0,556.56171,2026-06-16T06:59:59.999000+00:00,36941542.655127,89508
2026-06-16T07:00:00+00:00,66446.01,66527.23,66300.1,66372.0,385.79165,2026-06-16T07:59:59.999000+00:00,25609125.49548,83861
2026-06-16T08:00:00+00:00,66372.0,66992.0,66345.06,66899.61,688.96018,2026-06-16T08:59:59.999000+00:00,45900589.0557173,148871
2026-06-16T09:00:00+00:00,66899.61,66923.99,66474.74,66510.0,600.75927,2026-06-16T09:59:59.999000+00:00,40055348.3911887,129159
2026-06-16T10:00:00+00:00,66510.01,66778.0,66486.38,66514.0,387.22813,2026-06-16T10:59:59.999000+00:00,25793879.2500835,103524
2026-06-16T11:00:00+00:00,66514.01,66643.23,66368.36,66481.73,467.239,2026-06-16T11:59:59.999000+00:00,31048324.6988644,96607
2026-06-16T12:00:00+00:00,66481.73,66818.0,66368.0,66429.83,562.31913,2026-06-16T12:59:59.999000+00:00,37422119.9347635,182445
2026-06-16T13:00:00+00:00,66429.84,66463.13,65928.16,66052.0,1347.85119,2026-06-16T13:59:59.999000+00:00,89122781.6777411,244169
2026-06-16T14:00:00+00:00,66052.01,66265.8,65360.92,65654.9,1491.76291,2026-06-16T14:59:59.999000+00:00,98019160.9362389,314094
2026-06-16T15:00:00+00:00,65654.9,65999.78,65614.3,65859.76,788.81576,2026-06-16T15:59:59.999000+00:00,51903803.2084595,205643
2026-06-16T16:00:00+00:00,65859.76,65953.97,65706.0,65758.07,338.72091,2026-06-16T16:59:59.999000+00:00,22286813.6616696,122815
2026-06-16T17:00:00+00:00,65758.07,66011.47,65710.34,65978.79,383.38742,2026-06-16T17:59:59.999000+00:00,25241707.3096304,105857
2026-06-16T18:00:00+00:00,65978.78,66248.69,65802.0,65847.99,522.72648,2026-06-16T18:59:59.999000+00:00,34499667.1652404,130649
2026-06-16T19:00:00+00:00,65848.0,65848.0,65560.0,65675.88,617.37667,2026-06-16T19:59:59.999000+00:00,40546401.4141704,128248
2026-06-16T20:00:00+00:00,65675.89,65865.92,65592.0,65854.0,261.11445,2026-06-16T20:59:59.999000+00:00,17167553.6812014,70933
2026-06-16T21:00:00+00:00,65854.0,65938.0,65654.9,65776.97,351.42219,2026-06-16T21:59:59.999000+00:00,23121806.2102023,64306
2026-06-16T22:00:00+00:00,65776.97,65882.0,65680.0,65780.0,228.62751,2026-06-16T22:59:59.999000+00:00,15035759.6246278,63107
2026-06-16T23:00:00+00:00,65780.01,65834.19,65626.9,65675.01,206.37282,2026-06-16T23:59:59.999000+00:00,13563028.2673855,61809
2026-06-17T00:00:00+00:00,65675.02,65848.0,65675.02,65700.0,332.30374,2026-06-17T00:59:59.999000+00:00,21852975.9181903,74923
2026-06-17T01:00:00+00:00,65700.0,65956.56,65477.5,65940.0,549.42502,2026-06-17T01:59:59.999000+00:00,36101553.1184378,119047
2026-06-17T02:00:00+00:00,65940.0,66200.0,65788.0,65904.0,974.93815,2026-06-17T02:59:59.999000+00:00,64292532.8559727,119631
2026-06-17T03:00:00+00:00,65903.99,65904.0,65703.45,65851.99,563.57309,2026-06-17T03:59:59.999000+00:00,37087365.3231197,70220
2026-06-17T04:00:00+00:00,65852.0,66048.19,65788.31,65892.0,473.33682,2026-06-17T04:59:59.999000+00:00,31190416.5323119,56980
2026-06-17T05:00:00+00:00,65892.01,65978.0,65746.51,65836.3,536.04504,2026-06-17T05:59:59.999000+00:00,35291320.9824483,61396
2026-06-17T06:00:00+00:00,65836.3,65896.45,65582.63,65624.0,378.80773,2026-06-17T06:59:59.999000+00:00,24893605.0037727,67028
2026-06-17T07:00:00+00:00,65624.01,65710.0,65251.0,65539.5,697.28548,2026-06-17T07:59:59.999000+00:00,45655904.4076531,118679
2026-06-17T08:00:00+00:00,65539.51,65574.0,64833.07,64926.02,992.25057,2026-06-17T08:59:59.999000+00:00,64620596.4063261,143396
2026-06-17T09:00:00+00:00,64926.02,65076.76,64842.01,64909.44,859.97592,2026-06-17T09:59:59.999000+00:00,55856735.8459738,91669
2026-06-17T10:00:00+00:00,64909.44,64993.97,64768.0,64798.0,597.7384,2026-06-17T10:59:59.999000+00:00,38779654.588352,106385
2026-06-17T11:00:00+00:00,64798.0,64868.21,64565.0,64810.01,641.24645,2026-06-17T11:59:59.999000+00:00,41489679.6894926,142704
2026-06-17T12:00:00+00:00,64810.01,65108.0,64590.53,65040.88,557.73466,2026-06-17T12:59:59.999000+00:00,36151085.8489638,141626
2026-06-17T13:00:00+00:00,65040.88,65369.53,64850.0,65278.0,961.56723,2026-06-17T13:59:59.999000+00:00,62634372.9480319,188583
2026-06-17T14:00:00+00:00,65278.0,65461.38,64772.72,65101.45,799.61288,2026-06-17T14:59:59.999000+00:00,52118607.3029843,241637
2026-06-17T15:00:00+00:00,65101.45,65855.66,64987.74,65752.0,1172.17515,2026-06-17T15:59:59.999000+00:00,76797923.0946018,214464
2026-06-17T16:00:00+00:00,65751.99,66445.93,65722.0,65864.12,1421.90632,2026-06-17T16:59:59.999000+00:00,93837172.4639217,248191
2026-06-17T17:00:00+00:00,65864.13,66191.98,65800.0,66104.08,377.59846,2026-06-17T17:59:59.999000+00:00,24907311.6087753,137823
2026-06-17T18:00:00+00:00,66107.99,66107.99,64800.0,65516.0,2242.57142,2026-06-17T18:59:59.999000+00:00,146945357.0563741,526846
2026-06-17T19:00:00+00:00,65516.0,65666.0,63998.35,64301.85,2173.5643,2026-06-17T19:59:59.999000+00:00,140184616.6744506,514012
2026-06-17T20:00:00+00:00,64301.85,64488.96,64181.33,64434.36,504.85432,2026-06-17T20:59:59.999000+00:00,32483238.8547217,180344
2026-06-17T21:00:00+00:00,64434.36,64452.0,64142.0,64257.77,458.08471,2026-06-17T21:59:59.999000+00:00,29453765.5029272,119924
2026-06-17T22:00:00+00:00,64257.77,64434.84,63915.77,64300.01,492.23769,2026-06-17T22:59:59.999000+00:00,31601049.5481856,145409
2026-06-17T23:00:00+00:00,64300.01,64529.2,64248.0,64509.4,289.82054,2026-06-17T23:59:59.999000+00:00,18671706.5062463,102206
2026-06-18T00:00:00+00:00,64509.4,64702.0,64457.67,64468.01,396.7915,2026-06-18T00:59:59.999000+00:00,25629422.3774707,108439
2026-06-18T01:00:00+00:00,64468.01,64806.0,64466.3,64548.74,382.95414,2026-06-18T01:59:59.999000+00:00,24762548.0604364,106630
2026-06-18T02:00:00+00:00,64548.75,64776.66,64488.0,64689.5,323.93999,2026-06-18T02:59:59.999000+00:00,20950236.0642002,82799
2026-06-18T03:00:00+00:00,64689.5,64689.5,64267.86,64282.82,548.57792,2026-06-18T03:59:59.999000+00:00,35330803.2803792,93807
2026-06-18T04:00:00+00:00,64282.82,64347.09,63826.93,63883.41,831.20199,2026-06-18T04:59:59.999000+00:00,53201655.97615,175593
2026-06-18T05:00:00+00:00,63883.26,64020.0,63696.29,63994.0,597.91477,2026-06-18T05:59:59.999000+00:00,38185018.6843103,143720
2026-06-18T06:00:00+00:00,63994.0,64134.33,63850.0,64083.41,767.55142,2026-06-18T06:59:59.999000+00:00,49132177.1892351,97665
2026-06-18T07:00:00+00:00,64084.0,64510.5,64015.42,64510.44,524.85633,2026-06-18T07:59:59.999000+00:00,33739505.299454,97302
2026-06-18T08:00:00+00:00,64510.45,64646.75,64378.25,64399.92,714.20438,2026-06-18T08:59:59.999000+00:00,46073567.0185496,106080
2026-06-18T09:00:00+00:00,64399.93,64478.0,64196.14,64199.53,300.31875,2026-06-18T09:59:59.999000+00:00,19317405.3666245,84227
2026-06-18T10:00:00+00:00,64199.53,64223.79,63910.0,64078.61,445.57306,2026-06-18T10:59:59.999000+00:00,28529224.1233591,105015
2026-06-18T11:00:00+00:00,64078.61,64196.0,63878.14,63974.4,378.00473,2026-06-18T11:59:59.999000+00:00,24184804.4031889,94902
2026-06-18T12:00:00+00:00,63974.4,64402.01,63922.0,64378.07,417.60478,2026-06-18T12:59:59.999000+00:00,26791351.2300684,121658
2026-06-18T13:00:00+00:00,64378.06,64445.19,63800.0,63984.0,984.80789,2026-06-18T13:59:59.999000+00:00,63192454.4433236,226901
2026-06-18T14:00:00+00:00,63983.99,64203.66,63587.3,63816.61,998.41474,2026-06-18T14:59:59.999000+00:00,63762248.3157262,297660
2026-06-18T15:00:00+00:00,63816.61,63825.99,62293.76,62369.44,2793.66043,2026-06-18T15:59:59.999000+00:00,176099274.8599438,475039
2026-06-18T16:00:00+00:00,62369.43,62814.0,62349.42,62688.0,1271.71361,2026-06-18T16:59:59.999000+00:00,79655196.5726731,263533
2026-06-18T17:00:00+00:00,62688.0,62750.0,62272.07,62606.0,1003.68212,2026-06-18T17:59:59.999000+00:00,62761769.5582143,198226
2026-06-18T18:00:00+00:00,62606.0,62959.75,62580.01,62708.92,727.06223,2026-06-18T18:59:59.999000+00:00,45630435.9319168,179488
2026-06-18T19:00:00+00:00,62708.93,63008.33,62636.0,62950.79,577.63764,2026-06-18T19:59:59.999000+00:00,36313040.8535752,139167
2026-06-18T20:00:00+00:00,62950.79,63274.19,62950.79,63086.0,684.93429,2026-06-18T20:59:59.999000+00:00,43236575.6431631,136414
2026-06-18T21:00:00+00:00,63086.0,63121.81,62870.39,62971.32,466.34172,2026-06-18T21:59:59.999000+00:00,29374643.2860056,90438
2026-06-18T22:00:00+00:00,62971.32,62990.0,62742.0,62885.85,290.36064,2026-06-18T22:59:59.999000+00:00,18250197.9989177,66089
2026-06-18T23:00:00+00:00,62885.84,62985.12,62756.6,62958.01,507.48754,2026-06-18T23:59:59.999000+00:00,31911824.6555231,83139
2026-06-19T00:00:00+00:00,62958.01,63086.0,62840.0,63020.0,786.22825,2026-06-19T00:59:59.999000+00:00,49519737.2916232,88062
2026-06-19T01:00:00+00:00,63020.0,63100.0,62852.01,63021.86,542.43308,2026-06-19T01:59:59.999000+00:00,34164445.1947568,94953
2026-06-19T02:00:00+00:00,63021.86,63110.29,62893.71,63006.0,304.818,2026-06-19T02:59:59.999000+00:00,19202686.351474,70828
2026-06-19T03:00:00+00:00,63006.01,63029.64,62386.9,62773.51,835.4402,2026-06-19T03:59:59.999000+00:00,52360713.9195857,142753
2026-06-19T04:00:00+00:00,62773.52,62916.66,62409.55,62452.01,390.96231,2026-06-19T04:59:59.999000+00:00,24492367.8390417,118665
2026-06-19T05:00:00+00:00,62452.01,62744.92,62452.0,62739.2,361.83315,2026-06-19T05:59:59.999000+00:00,22661555.4101311,92897
2026-06-19T06:00:00+00:00,62739.2,62914.73,62728.0,62894.08,252.94439,2026-06-19T06:59:59.999000+00:00,15886968.3551939,75455
2026-06-19T07:00:00+00:00,62894.09,62917.32,62504.27,62629.99,636.21109,2026-06-19T07:59:59.999000+00:00,39848657.9534572,116470
2026-06-19T08:00:00+00:00,62630.0,62782.0,62533.33,62603.99,431.84041,2026-06-19T08:59:59.999000+00:00,27052055.7528588,83540
2026-06-19T09:00:00+00:00,62604.0,62654.0,62316.44,62390.0,921.6732,2026-06-19T09:59:59.999000+00:00,57538548.8681038,130175
2026-06-19T10:00:00+00:00,62390.01,62587.27,62383.76,62533.25,761.99981,2026-06-19T10:59:59.999000+00:00,47613535.8317821,119390
2026-06-19T11:00:00+00:00,62533.24,62684.0,62452.52,62626.0,1001.15104,2026-06-19T11:59:59.999000+00:00,62664706.5626201,90447
2026-06-19T12:00:00+00:00,62626.0,62872.99,62353.0,62830.01,630.52118,2026-06-19T12:59:59.999000+00:00,39470878.6262892,131646
2026-06-19T13:00:00+00:00,62830.01,63415.0,62666.0,63210.0,1078.35943,2026-06-19T13:59:59.999000+00:00,68006863.1617662,192948
2026-06-19T14:00:00+00:00,63210.0,63419.27,63010.0,63203.53,665.42698,2026-06-19T14:59:59.999000+00:00,42063454.5341505,197338
2026-06-19T15:00:00+00:00,63203.54,63283.86,63019.26,63214.01,527.206,2026-06-19T15:59:59.999000+00:00,33303084.7671576,156194
2026-06-19T16:00:00+00:00,63214.01,63387.8,62918.98,62971.99,1021.4111,2026-06-19T16:59:59.999000+00:00,64580449.1537565,164858
2026-06-19T17:00:00+00:00,62972.0,63263.49,62866.99,63198.01,840.75861,2026-06-19T17:59:59.999000+00:00,53035002.0411869,155816
2026-06-19T18:00:00+00:00,63198.0,63201.95,62991.37,63110.01,341.96414,2026-06-19T18:59:59.999000+00:00,21580970.2678126,90956
2026-06-19T19:00:00+00:00,63110.01,63140.0,62942.0,63021.6,283.46164,2026-06-19T19:59:59.999000+00:00,17868914.8655193,73876
2026-06-19T20:00:00+00:00,63021.6,63274.0,62958.59,63250.01,217.92541,2026-06-19T20:59:59.999000+00:00,13751344.7903329,69458
2026-06-19T21:00:00+00:00,63250.01,63275.64,63060.0,63075.98,181.69443,2026-06-19T21:59:59.999000+00:00,11476268.3180156,63376
2026-06-19T22:00:00+00:00,63075.99,63369.48,63048.0,63315.28,541.93138,2026-06-19T22:59:59.999000+00:00,34264142.0373609,65858
2026-06-19T23:00:00+00:00,63315.29,63666.0,63276.0,63543.91,689.22877,2026-06-19T23:59:59.999000+00:00,43695600.8813408,85959
2026-06-20T00:00:00+00:00,63543.9,63777.0,63470.0,63530.01,640.14667,2026-06-20T00:59:59.999000+00:00,40707663.092262,121182
2026-06-20T01:00:00+00:00,63530.01,63616.23,63404.0,63586.28,348.64849,2026-06-20T01:59:59.999000+00:00,22138186.578976,71942
2026-06-20T02:00:00+00:00,63586.27,63586.27,63336.01,63340.57,358.87789,2026-06-20T02:59:59.999000+00:00,22758448.1130513,68463
2026-06-20T03:00:00+00:00,63340.58,63510.0,63320.14,63476.79,268.88477,2026-06-20T03:59:59.999000+00:00,17054693.951565,51020
2026-06-20T04:00:00+00:00,63476.79,63613.59,63402.0,63583.53,228.62975,2026-06-20T04:59:59.999000+00:00,14521572.9929572,49082
2026-06-20T05:00:00+00:00,63583.53,63907.07,63543.46,63678.07,477.24749,2026-06-20T05:59:59.999000+00:00,30413530.5134248,100201
2026-06-20T06:00:00+00:00,63678.07,63761.99,63640.36,63744.61,191.88822,2026-06-20T06:59:59.999000+00:00,12224549.876621,48178
2026-06-20T07:00:00+00:00,63744.61,63800.0,63594.37,63655.21,448.4829,2026-06-20T07:59:59.999000+00:00,28584017.4218422,70422
2026-06-20T08:00:00+00:00,63655.21,63664.39,63392.41,63417.97,547.04803,2026-06-20T08:59:59.999000+00:00,34736903.252175,70209
2026-06-20T09:00:00+00:00,63417.98,63787.74,63417.98,63741.16,349.02093,2026-06-20T09:59:59.999000+00:00,22194344.7363052,69048
2026-06-20T10:00:00+00:00,63741.16,63777.5,63592.44,63674.7,270.1692,2026-06-20T10:59:59.999000+00:00,17206848.8384543,47278
2026-06-20T11:00:00+00:00,63674.71,63798.76,63620.74,63688.0,315.13807,2026-06-20T11:59:59.999000+00:00,20069649.986746,43646
2026-06-20T12:00:00+00:00,63688.0,63785.76,63537.99,63655.09,292.10361,2026-06-20T12:59:59.999000+00:00,18602225.5573676,54586
2026-06-20T13:00:00+00:00,63655.1,63655.1,63278.0,63397.78,412.69589,2026-06-20T13:59:59.999000+00:00,26175619.3135037,91173
2026-06-20T14:00:00+00:00,63397.77,64150.0,63184.21,63949.9,1101.98952,2026-06-20T14:59:59.999000+00:00,70157672.5216333,196432
2026-06-20T15:00:00+00:00,63949.9,64388.0,63836.0,64160.04,916.57166,2026-06-20T15:59:59.999000+00:00,58777200.8605939,198394
2026-06-20T16:00:00+00:00,64160.04,64167.26,63902.58,64034.31,403.42996,2026-06-20T16:59:59.999000+00:00,25825331.2458241,124149
2026-06-20T17:00:00+00:00,64034.31,64041.07,63730.21,63834.7,482.18112,2026-06-20T17:59:59.999000+00:00,30803826.4804345,127375
2026-06-20T18:00:00+00:00,63834.7,63928.4,63788.0,63805.89,119.99479,2026-06-20T18:59:59.999000+00:00,7661305.1342018,48309
2026-06-20T19:00:00+00:00,63805.9,63968.0,63798.0,63936.0,173.41555,2026-06-20T19:59:59.999000+00:00,11080948.5045358,54582
2026-06-20T20:00:00+00:00,63935.99,63981.09,63853.31,63925.99,210.00109,2026-06-20T20:59:59.999000+00:00,13424167.5769816,43754
2026-06-20T21:00:00+00:00,63926.0,64092.91,63918.29,64012.4,272.00511,2026-06-20T21:59:59.999000+00:00,17405324.2744647,70462
2026-06-20T22:00:00+00:00,64012.39,64350.0,63978.12,64272.01,446.43904,2026-06-20T22:59:59.999000+00:00,28667859.221182,99128
2026-06-20T23:00:00+00:00,64272.0,64336.91,64250.02,64298.01,247.09349,2026-06-20T23:59:59.999000+00:00,15885321.7106393,51066
2026-06-21T00:00:00+00:00,64298.01,64322.91,64237.31,64294.0,425.19081,2026-06-21T00:59:59.999000+00:00,27328722.2837201,42158
2026-06-21T01:00:00+00:00,64294.0,64323.68,64206.17,64248.0,486.06931,2026-06-21T01:59:59.999000+00:00,31227606.550246,50456
2026-06-21T02:00:00+00:00,64248.0,64275.12,64216.05,64241.25,230.0633,2026-06-21T02:59:59.999000+00:00,14780488.8937736,40822
2026-06-21T03:00:00+00:00,64241.26,64472.99,64234.0,64426.0,409.22163,2026-06-21T03:59:59.999000+00:00,26345662.7588172,73844
2026-06-21T04:00:00+00:00,64426.0,64588.0,64269.45,64276.12,379.39058,2026-06-21T04:59:59.999000+00:00,24451616.5527365,76698
2026-06-21T05:00:00+00:00,64276.12,64365.43,64225.6,64256.55,166.55047,2026-06-21T05:59:59.999000+00:00,10705100.2252579,44167
2026-06-21T06:00:00+00:00,64256.56,64323.99,64200.0,64303.46,142.55901,2026-06-21T06:59:59.999000+00:00,9162049.2166808,33110
2026-06-21T07:00:00+00:00,64303.47,64303.47,64173.08,64191.07,302.97907,2026-06-21T07:59:59.999000+00:00,19458367.9345215,38924
2026-06-21T08:00:00+00:00,64191.06,64228.0,63900.17,64014.0,328.07237,2026-06-21T08:59:59.999000+00:00,21010754.7676072,62260
2026-06-21T09:00:00+00:00,64014.0,64246.0,63961.28,64209.16,221.03822,2026-06-21T09:59:59.999000+00:00,14166363.3261565,50891
2026-06-21T10:00:00+00:00,64209.16,64408.0,64204.0,64365.99,286.23088,2026-06-21T10:59:59.999000+00:00,18411262.7387376,56345
2026-06-21T11:00:00+00:00,64366.0,64483.95,64112.01,64176.0,438.27788,2026-06-21T11:59:59.999000+00:00,28177934.5780544,109353
2026-06-21T12:00:00+00:00,64176.0,64235.13,63952.0,64200.0,359.32606,2026-06-21T12:59:59.999000+00:00,23020290.6317662,83105
2026-06-21T13:00:00+00:00,64200.0,64200.0,64020.01,64146.0,161.65202,2026-06-21T13:59:59.999000+00:00,10364927.2441836,53393
2026-06-21T14:00:00+00:00,64146.0,64154.0,64004.0,64145.97,189.32902,2026-06-21T14:59:59.999000+00:00,12129348.3390061,54464
2026-06-21T15:00:00+00:00,64145.97,64355.88,64120.0,64224.0,390.79222,2026-06-21T15:59:59.999000+00:00,25113334.3924454,70360
2026-06-21T16:00:00+00:00,64224.0,64254.38,64046.0,64145.31,236.79134,2026-06-21T16:59:59.999000+00:00,15191891.1517006,74742
2026-06-21T17:00:00+00:00,64145.32,64221.44,64080.0,64151.46,205.04149,2026-06-21T17:59:59.999000+00:00,13154792.192145,44315
2026-06-21T18:00:00+00:00,64151.47,64240.0,63933.47,64213.81,270.92869,2026-06-21T18:59:59.999000+00:00,17371302.8875856,83745
2026-06-21T19:00:00+00:00,64213.82,64298.84,64168.73,64207.12,189.28721,2026-06-21T19:59:59.999000+00:00,12155827.2057124,47493
2026-06-21T20:00:00+00:00,64207.13,64271.21,63700.0,63848.0,420.72845,2026-06-21T20:59:59.999000+00:00,26883641.1021237,86417
2026-06-21T21:00:00+00:00,63848.0,63969.59,63510.0,63808.01,752.88497,2026-06-21T21:59:59.999000+00:00,47984945.3635261,157591
2026-06-21T22:00:00+00:00,63808.0,63864.0,63575.04,63801.59,437.50041,2026-06-21T22:59:59.999000+00:00,27867595.4175395,144112
2026-06-21T23:00:00+00:00,63801.6,63801.6,63270.0,63311.99,604.75792,2026-06-21T23:59:59.999000+00:00,38398349.9821688,189529
2026-06-22T00:00:00+00:00,63312.0,64094.0,63312.0,63896.01,709.82748,2026-06-22T00:59:59.999000+00:00,45235372.6987009,193115
2026-06-22T01:00:00+00:00,63896.0,64823.52,63850.8,64606.0,1331.90666,2026-06-22T01:59:59.999000+00:00,85861106.4943287,281614
2026-06-22T02:00:00+00:00,64606.0,64663.99,64250.0,64257.99,370.38632,2026-06-22T02:59:59.999000+00:00,23886311.4688397,118103
2026-06-22T03:00:00+00:00,64258.0,64459.44,63894.98,63974.01,796.48727,2026-06-22T03:59:59.999000+00:00,51102437.169555,177126
2026-06-22T04:00:00+00:00,63974.01,64116.44,63868.41,64100.02,327.45142,2026-06-22T04:59:59.999000+00:00,20950323.1070671,108093
2026-06-22T05:00:00+00:00,64100.01,64344.17,64088.64,64247.74,1091.63692,2026-06-22T05:59:59.999000+00:00,70134349.3761017,90148
2026-06-22T06:00:00+00:00,64247.74,64326.0,63946.0,63989.95,416.9007,2026-06-22T06:59:59.999000+00:00,26715790.2239846,83718
2026-06-22T07:00:00+00:00,63989.96,64397.57,63968.23,64211.19,352.4108,2026-06-22T07:59:59.999000+00:00,22634570.098046,102279
2026-06-22T08:00:00+00:00,64211.2,64350.58,64044.0,64165.99,368.11506,2026-06-22T08:59:59.999000+00:00,23635362.3224733,98857
2026-06-22T09:00:00+00:00,64166.0,64256.2,64052.17,64145.39,200.06309,2026-06-22T09:59:59.999000+00:00,12832924.2432238,81031
2026-06-22T10:00:00+00:00,64145.4,64272.0,64065.18,64139.21,240.0862,2026-06-22T10:59:59.999000+00:00,15405322.4142975,68334
2026-06-22T11:00:00+00:00,64139.21,64768.46,64097.08,64657.22,1063.60877,2026-06-22T11:59:59.999000+00:00,68587022.4968654,197181
2026-06-22T12:00:00+00:00,64657.22,65222.45,64579.08,65149.57,1156.05989,2026-06-22T12:59:59.999000+00:00,75065076.6433621,216079
2026-06-22T13:00:00+00:00,65149.58,65589.76,64945.53,65578.0,1368.64481,2026-06-22T13:59:59.999000+00:00,89332310.3378239,291784
2026-06-22T14:00:00+00:00,65577.99,65622.83,64835.0,64980.39,1096.28772,2026-06-22T14:59:59.999000+00:00,71390228.4867296,264085
2026-06-22T15:00:00+00:00,64980.39,65146.0,64757.11,64836.95,593.12998,2026-06-22T15:59:59.999000+00:00,38550944.1907543,171125
2026-06-22T16:00:00+00:00,64836.95,64862.0,64519.0,64719.77,680.43904,2026-06-22T16:59:59.999000+00:00,44014493.6453255,172437
2026-06-22T17:00:00+00:00,64719.77,64769.98,64388.16,64602.0,523.74444,2026-06-22T17:59:59.999000+00:00,33804825.4637652,128027
2026-06-22T18:00:00+00:00,64602.0,64730.15,64311.0,64334.01,548.78709,2026-06-22T18:59:59.999000+00:00,35423274.2121622,119770
2026-06-22T19:00:00+00:00,64334.01,64499.28,64276.0,64472.0,579.92511,2026-06-22T19:59:59.999000+00:00,37335087.8042352,132093
2026-06-22T20:00:00+00:00,64472.51,64659.43,64356.95,64433.8,399.51938,2026-06-22T20:59:59.999000+00:00,25773074.6202785,76929
2026-06-22T21:00:00+00:00,64433.8,64480.0,64134.39,64320.57,263.4342,2026-06-22T21:59:59.999000+00:00,16935381.796253,74523
2026-06-22T22:00:00+00:00,64320.57,64396.45,63804.59,63971.12,510.07647,2026-06-22T22:59:59.999000+00:00,32658462.7655041,172831
2026-06-22T23:00:00+00:00,63971.13,64053.33,63877.61,64020.01,434.17969,2026-06-22T23:59:59.999000+00:00,27770505.0766686,102055
2026-06-23T00:00:00+00:00,64020.01,64162.02,63828.93,64154.99,679.20038,2026-06-23T00:59:59.999000+00:00,43474284.5725161,118491
2026-06-23T01:00:00+00:00,64154.99,64273.09,63893.33,64156.0,540.18098,2026-06-23T01:59:59.999000+00:00,34648395.563946,124343
2026-06-23T02:00:00+00:00,64156.0,64275.38,64042.01,64204.01,319.7542,2026-06-23T02:59:59.999000+00:00,20526056.6083264,87249
2026-06-23T03:00:00+00:00,64204.01,64204.01,63968.42,64065.35,236.76285,2026-06-23T03:59:59.999000+00:00,15161726.5129435,81917
2026-06-23T04:00:00+00:00,64065.34,64095.55,63612.62,63623.02,408.1299,2026-06-23T04:59:59.999000+00:00,26064118.4798181,96720
2026-06-23T05:00:00+00:00,63623.03,63728.0,63342.34,63400.0,850.99416,2026-06-23T05:59:59.999000+00:00,54017478.4332628,149121
2026-06-23T06:00:00+00:00,63400.0,63400.0,62568.9,62936.01,1620.65692,2026-06-23T06:59:59.999000+00:00,101990732.5381253,256650
2026-06-23T07:00:00+00:00,62936.01,63095.0,62872.0,62886.03,1074.96381,2026-06-23T07:59:59.999000+00:00,67697249.4650929,151861
2026-06-23T08:00:00+00:00,62886.04,62945.08,61938.0,62385.99,4988.90507,2026-06-23T08:59:59.999000+00:00,311004983.9310211,339405
2026-06-23T09:00:00+00:00,62386.0,62528.13,62350.44,62386.0,613.23414,2026-06-23T09:59:59.999000+00:00,38292861.8341263,108836
2026-06-23T10:00:00+00:00,62386.0,62586.0,62247.2,62328.01,387.47153,2026-06-23T10:59:59.999000+00:00,24169554.7405214,102104
2026-06-23T11:00:00+00:00,62328.01,62643.99,62328.0,62507.06,456.80185,2026-06-23T11:59:59.999000+00:00,28550962.1037149,113839
2026-06-23T12:00:00+00:00,62507.05,62558.0,62189.42,62256.6,873.94501,2026-06-23T12:59:59.999000+00:00,54508795.4134239,154190
2026-06-23T13:00:00+00:00,62256.61,62538.72,61960.0,62475.99,1294.09387,2026-06-23T13:59:59.999000+00:00,80567387.0039932,315624
2026-06-23T14:00:00+00:00,62476.0,62855.98,62406.25,62493.63,1302.27666,2026-06-23T14:59:59.999000+00:00,81529043.4292178,289302
2026-06-23T15:00:00+00:00,62493.63,62507.99,62198.0,62487.79,630.16435,2026-06-23T15:59:59.999000+00:00,39285509.8347362,187282
2026-06-23T16:00:00+00:00,62487.79,62846.0,62428.01,62558.0,728.22737,2026-06-23T16:59:59.999000+00:00,45625781.9244951,177635
2026-06-23T17:00:00+00:00,62558.0,62693.48,62327.95,62358.02,533.28034,2026-06-23T17:59:59.999000+00:00,33336320.300913,140095
2026-06-23T18:00:00+00:00,62358.03,62445.21,62104.7,62241.99,492.79838,2026-06-23T18:59:59.999000+00:00,30696538.5613879,123415
2026-06-23T19:00:00+00:00,62242.0,62480.0,62230.0,62388.49,707.45732,2026-06-23T19:59:59.999000+00:00,44110196.6212865,138899
2026-06-23T20:00:00+00:00,62388.49,62531.27,62380.25,62470.7,373.02429,2026-06-23T20:59:59.999000+00:00,23301565.3886433,86863
2026-06-23T21:00:00+00:00,62470.7,62658.93,62470.7,62599.77,367.76027,2026-06-23T21:59:59.999000+00:00,23008841.5745433,83258
2026-06-23T22:00:00+00:00,62599.77,62779.82,62526.0,62590.0,430.92568,2026-06-23T22:59:59.999000+00:00,26991513.5486152,107234
2026-06-23T23:00:00+00:00,62590.0,62799.99,62480.39,62734.57,311.98359,2026-06-23T23:59:59.999000+00:00,19533322.8655632,91857
2026-06-24T00:00:00+00:00,62734.57,63024.4,62733.29,63014.0,799.18478,2026-06-24T00:59:59.999000+00:00,50257377.1081087,126385
2026-06-24T01:00:00+00:00,63014.0,63119.45,62772.15,62932.19,599.06927,2026-06-24T01:59:59.999000+00:00,37717343.2644233,136982
2026-06-24T02:00:00+00:00,62932.19,63013.12,62606.09,62630.0,593.50541,2026-06-24T02:59:59.999000+00:00,37243072.4391913,124507
2026-06-24T03:00:00+00:00,62630.01,62830.0,62461.87,62729.78,770.64134,2026-06-24T03:59:59.999000+00:00,48285451.8056309,136887
2026-06-24T04:00:00+00:00,62729.78,62799.62,62525.49,62744.42,650.06924,2026-06-24T04:59:59.999000+00:00,40743892.4848036,100974
2026-06-24T05:00:00+00:00,62744.41,63073.44,62706.0,62890.0,366.0273,2026-06-24T05:59:59.999000+00:00,23016675.4625997,80735
2026-06-24T06:00:00+00:00,62889.99,62909.98,62728.73,62780.0,219.5109,2026-06-24T06:59:59.999000+00:00,13789231.8086225,61306
2026-06-24T07:00:00+00:00,62780.01,62844.0,62610.11,62657.99,589.75592,2026-06-24T07:59:59.999000+00:00,36988954.4224336,100614
2026-06-24T08:00:00+00:00,62658.0,62807.46,62605.28,62800.0,475.30761,2026-06-24T08:59:59.999000+00:00,29798205.1011108,78571
2026-06-24T09:00:00+00:00,62800.0,62800.01,62637.08,62681.7,493.71643,2026-06-24T09:59:59.999000+00:00,30970089.8411531,98629
2026-06-24T10:00:00+00:00,62681.7,62681.7,62412.05,62445.99,530.71886,2026-06-24T10:59:59.999000+00:00,33202742.4244735,107683
2026-06-24T11:00:00+00:00,62445.99,63239.06,62318.88,62921.19,815.18681,2026-06-24T11:59:59.999000+00:00,51105232.4222216,185767
2026-06-24T12:00:00+00:00,62921.19,62973.2,62585.2,62618.31,517.25346,2026-06-24T12:59:59.999000+00:00,32462007.7509896,138429
2026-06-24T13:00:00+00:00,62618.31,62628.75,61255.74,61338.01,2775.24015,2026-06-24T13:59:59.999000+00:00,171460989.1304488,555656
2026-06-24T14:00:00+00:00,61338.0,61456.0,60888.0,61113.1,2839.40106,2026-06-24T14:59:59.999000+00:00,173673001.9962649,428336
2026-06-24T15:00:00+00:00,61113.1,61150.13,60249.82,60250.0,3237.99155,2026-06-24T15:59:59.999000+00:00,196096750.8868212,385003
2026-06-24T16:00:00+00:00,60250.0,60678.1,59622.0,59850.0,4274.39737,2026-06-24T16:59:59.999000+00:00,256961396.5296164,480937
2026-06-24T17:00:00+00:00,59850.0,60057.18,59102.7,59404.0,3790.1806,2026-06-24T17:59:59.999000+00:00,225687231.7944502,583539
2026-06-24T18:00:00+00:00,59404.0,59930.0,59310.85,59599.99,1583.51728,2026-06-24T18:59:59.999000+00:00,94396964.9844506,393229
2026-06-24T19:00:00+00:00,59600.0,60000.0,59530.0,59958.3,1195.52715,2026-06-24T19:59:59.999000+00:00,71419019.6731363,259015
2026-06-24T20:00:00+00:00,59958.3,61208.48,59854.0,60956.0,1821.39287,2026-06-24T20:59:59.999000+00:00,110554024.5450643,393703
2026-06-24T21:00:00+00:00,60956.0,61144.63,60665.75,61110.0,801.00882,2026-06-24T21:59:59.999000+00:00,48752774.9189059,167542
2026-06-24T22:00:00+00:00,61109.99,61276.0,60802.66,60873.99,523.65642,2026-06-24T22:59:59.999000+00:00,31939802.770723,134255
2026-06-24T23:00:00+00:00,60874.0,61112.0,60830.01,61077.99,416.02483,2026-06-24T23:59:59.999000+00:00,25363580.742251,108847
2026-06-25T00:00:00+00:00,61078.0,61163.16,60726.77,60832.0,766.62145,2026-06-25T00:59:59.999000+00:00,46691482.8490103,159399
2026-06-25T01:00:00+00:00,60832.0,60988.0,60720.23,60928.0,615.84376,2026-06-25T01:59:59.999000+00:00,37488948.110786,123199
2026-06-25T02:00:00+00:00,60928.0,60966.0,60700.01,60799.08,580.03112,2026-06-25T02:59:59.999000+00:00,35286732.7843068,107838
2026-06-25T03:00:00+00:00,60799.08,60910.63,60684.94,60883.65,479.47033,2026-06-25T03:59:59.999000+00:00,29149873.9735193,97929
2026-06-25T04:00:00+00:00,60883.66,61410.0,60792.0,61357.63,536.03927,2026-06-25T04:59:59.999000+00:00,32726085.5268393,112120
2026-06-25T05:00:00+00:00,61357.63,61807.04,61280.0,61600.01,1223.4059,2026-06-25T05:59:59.999000+00:00,75352163.7431918,211271
2026-06-25T06:00:00+00:00,61600.02,61869.02,61600.01,61732.06,539.2877,2026-06-25T06:59:59.999000+00:00,33287442.6698337,123079
2026-06-25T07:00:00+00:00,61732.06,61962.4,61670.0,61911.04,937.71339,2026-06-25T07:59:59.999000+00:00,57971056.7077148,139142
2026-06-25T08:00:00+00:00,61911.03,61920.0,61684.87,61712.35,337.43778,2026-06-25T08:59:59.999000+00:00,20843781.7786506,69156
2026-06-25T09:00:00+00:00,61712.36,61792.0,61614.32,61739.29,327.48572,2026-06-25T09:59:59.999000+00:00,20215186.9965867,85587
2026-06-25T10:00:00+00:00,61739.29,61751.07,61257.79,61269.94,686.26895,2026-06-25T10:59:59.999000+00:00,42197734.7664403,100210
2026-06-25T11:00:00+00:00,61269.95,61422.52,61066.0,61282.01,605.95603,2026-06-25T11:59:59.999000+00:00,37119324.375578,142115
2026-06-25T12:00:00+00:00,61282.0,61761.35,61080.0,61244.01,1124.99959,2026-06-25T12:59:59.999000+00:00,69045797.515176,203749
2026-06-25T13:00:00+00:00,61244.01,61369.18,58115.01,58290.17,6396.00513,2026-06-25T13:59:59.999000+00:00,380024167.9366999,711570
2026-06-25T14:00:00+00:00,58291.7,60485.51,58291.7,59471.5,6002.27451,2026-06-25T14:59:59.999000+00:00,356352667.7429013,918698
2026-06-25T15:00:00+00:00,59471.49,59655.86,58874.85,59557.99,2456.01373,2026-06-25T15:59:59.999000+00:00,145520577.581268,571282
2026-06-25T16:00:00+00:00,59557.99,60067.0,59157.63,59312.64,1765.10919,2026-06-25T16:59:59.999000+00:00,105192081.350165,402710
