open_time,open,high,low,close,volume,close_time,quote_volume,trades
2026-04-24T06:00:00+00:00,2314.75,2316.87,2308.71,2309.2,5049.9538,2026-04-24T06:59:59.999000+00:00,11678413.907459,69542
2026-04-24T07:00:00+00:00,2309.21,2316.85,2308.48,2311.63,8194.8432,2026-04-24T07:59:59.999000+00:00,18953725.125587,68299
2026-04-24T08:00:00+00:00,2311.63,2322.99,2307.49,2315.24,11658.1971,2026-04-24T08:59:59.999000+00:00,27003768.717928,84426
2026-04-24T09:00:00+00:00,2315.24,2315.79,2303.74,2310.18,6774.4396,2026-04-24T09:59:59.999000+00:00,15639565.584456,97064
2026-04-24T10:00:00+00:00,2310.19,2319.06,2306.0,2316.02,4784.8663,2026-04-24T10:59:59.999000+00:00,11068033.225894,77546
2026-04-24T11:00:00+00:00,2316.01,2332.26,2316.01,2328.1,12651.4171,2026-04-24T11:59:59.999000+00:00,29443789.444393,181816
2026-04-24T12:00:00+00:00,2328.1,2331.85,2318.53,2325.25,9855.0136,2026-04-24T12:59:59.999000+00:00,22929271.843367,126499
2026-04-24T13:00:00+00:00,2325.26,2331.67,2310.99,2317.32,9015.9396,2026-04-24T13:59:59.999000+00:00,20930450.073579,197485
2026-04-24T14:00:00+00:00,2317.32,2318.4,2304.07,2313.41,13688.6377,2026-04-24T14:59:59.999000+00:00,31632659.009279,212058
2026-04-24T15:00:00+00:00,2313.42,2329.73,2301.61,2323.81,14252.1395,2026-04-24T15:59:59.999000+00:00,33003107.501246,179277
2026-04-24T16:00:00+00:00,2323.81,2324.23,2310.0,2316.67,6290.7827,2026-04-24T16:59:59.999000+00:00,14572709.842453,118035
2026-04-24T17:00:00+00:00,2316.66,2322.0,2308.82,2319.6,7562.0537,2026-04-24T17:59:59.999000+00:00,17513313.478317,104149
2026-04-24T18:00:00+00:00,2319.59,2321.41,2310.01,2319.92,5197.7671,2026-04-24T18:59:59.999000+00:00,12039834.031945,88320
2026-04-24T19:00:00+00:00,2319.93,2325.0,2319.22,2321.6,5615.6482,2026-04-24T19:59:59.999000+00:00,13037490.674645,77178
2026-04-24T20:00:00+00:00,2321.59,2328.16,2315.38,2326.47,6361.6058,2026-04-24T20:59:59.999000+00:00,14773239.923321,56557
2026-04-24T21:00:00+00:00,2326.47,2327.52,2312.6,2315.18,7039.3094,2026-04-24T21:59:59.999000+00:00,16325405.127599,51130
2026-04-24T22:00:00+00:00,2315.19,2316.17,2307.2,2311.92,6034.2204,2026-04-24T22:59:59.999000+00:00,13954873.179985,51155
2026-04-24T23:00:00+00:00,2311.93,2316.05,2311.93,2314.99,1451.7469,2026-04-24T23:59:59.999000+00:00,3359901.855125,22494
2026-04-25T00:00:00+00:00,2314.98,2316.05,2311.27,2316.04,1576.4557,2026-04-25T00:59:59.999000+00:00,3647302.712752,22909
2026-04-25T01:00:00+00:00,2316.04,2321.36,2315.46,2318.0,2215.4404,2026-04-25T01:59:59.999000+00:00,5136617.334033,26753
2026-04-25T02:00:00+00:00,2318.01,2319.27,2314.78,2317.4,2081.6226,2026-04-25T02:59:59.999000+00:00,4823503.969358,23455
2026-04-25T03:00:00+00:00,2317.41,2320.43,2315.12,2318.43,1765.5401,2026-04-25T03:59:59.999000+00:00,4091977.287534,20890
2026-04-25T04:00:00+00:00,2318.44,2319.01,2316.15,2316.79,1445.5685,2026-04-25T04:59:59.999000+00:00,3350009.13544,16422
2026-04-25T05:00:00+00:00,2316.8,2316.8,2313.3,2316.01,1473.4562,2026-04-25T05:59:59.999000+00:00,3410999.061997,21202
2026-04-25T06:00:00+00:00,2316.01,2317.64,2314.89,2316.01,1591.222,2026-04-25T06:59:59.999000+00:00,3685777.655199,18293
2026-04-25T07:00:00+00:00,2316.0,2318.81,2314.26,2316.48,1817.9079,2026-04-25T07:59:59.999000+00:00,4209873.511224,18729
2026-04-25T08:00:00+00:00,2316.48,2320.92,2315.92,2319.44,1641.0374,2026-04-25T08:59:59.999000+00:00,3805370.827837,21127
2026-04-25T09:00:00+00:00,2319.43,2323.21,2317.17,2319.12,4665.1404,2026-04-25T09:59:59.999000+00:00,10826108.335246,30835
2026-04-25T10:00:00+00:00,2319.11,2322.74,2318.93,2320.56,2081.2043,2026-04-25T10:59:59.999000+00:00,4829261.678815,21474
2026-04-25T11:00:00+00:00,2320.57,2320.57,2311.2,2313.64,3083.4151,2026-04-25T11:59:59.999000+00:00,7137571.55849,33012
2026-04-25T12:00:00+00:00,2313.65,2317.02,2311.88,2313.55,3479.1391,2026-04-25T12:59:59.999000+00:00,8051518.078635,29928
2026-04-25T13:00:00+00:00,2313.56,2317.88,2313.56,2316.25,2342.7918,2026-04-25T13:59:59.999000+00:00,5426850.319931,22641
2026-04-25T14:00:00+00:00,2316.25,2318.94,2315.27,2316.02,3122.024,2026-04-25T14:59:59.999000+00:00,7233835.829825,31127
2026-04-25T15:00:00+00:00,2316.03,2318.68,2303.0,2308.09,6697.5229,2026-04-25T15:59:59.999000+00:00,15480276.103062,49425
2026-04-25T16:00:00+00:00,2308.08,2311.03,2300.55,2309.53,10410.5762,2026-04-25T16:59:59.999000+00:00,24017898.230187,59426
2026-04-25T17:00:00+00:00,2309.54,2313.62,2307.34,2309.36,4362.4731,2026-04-25T17:59:59.999000+00:00,10078921.21477,32298
2026-04-25T18:00:00+00:00,2309.36,2313.98,2308.28,2311.55,2819.9631,2026-04-25T18:59:59.999000+00:00,6517399.117968,27493
2026-04-25T19:00:00+00:00,2311.55,2312.31,2307.12,2310.06,2083.6742,2026-04-25T19:59:59.999000+00:00,4813477.019973,24149
2026-04-25T20:00:00+00:00,2310.06,2313.21,2308.85,2313.2,1361.6127,2026-04-25T20:59:59.999000+00:00,3146616.449427,18552
2026-04-25T21:00:00+00:00,2313.21,2317.35,2312.86,2315.8,2432.5274,2026-04-25T21:59:59.999000+00:00,5632204.291749,29214
2026-04-25T22:00:00+00:00,2315.79,2320.42,2315.09,2317.75,1894.6646,2026-04-25T22:59:59.999000+00:00,4391644.635768,35129
2026-04-25T23:00:00+00:00,2317.76,2319.86,2316.92,2319.5,1694.2394,2026-04-25T23:59:59.999000+00:00,3928573.179323,24274
2026-04-26T00:00:00+00:00,2319.49,2320.06,2312.0,2315.37,2339.5759,2026-04-26T00:59:59.999000+00:00,5418698.137549,30136
2026-04-26T01:00:00+00:00,2315.37,2317.88,2313.48,2313.85,2629.4889,2026-04-26T01:59:59.999000+00:00,6089296.026052,27248
2026-04-26T02:00:00+00:00,2313.84,2318.4,2313.58,2315.15,1662.7268,2026-04-26T02:59:59.999000+00:00,3851278.475498,21543
2026-04-26T03:00:00+00:00,2315.15,2316.35,2306.72,2310.0,3380.9336,2026-04-26T03:59:59.999000+00:00,7814282.24988,29427
2026-04-26T04:00:00+00:00,2309.99,2319.76,2308.97,2317.74,2619.1557,2026-04-26T04:59:59.999000+00:00,6062443.049498,36119
2026-04-26T05:00:00+00:00,2317.73,2336.48,2317.57,2327.84,15716.8287,2026-04-26T05:59:59.999000+00:00,36617203.402359,106067
2026-04-26T06:00:00+00:00,2327.85,2333.27,2327.46,2329.99,4332.5642,2026-04-26T06:59:59.999000+00:00,10095712.982016,37923
2026-04-26T07:00:00+00:00,2330.0,2332.25,2328.58,2331.24,2312.7848,2026-04-26T07:59:59.999000+00:00,5388359.922392,23391
2026-04-26T08:00:00+00:00,2331.25,2337.68,2330.49,2332.38,4685.4608,2026-04-26T08:59:59.999000+00:00,10932576.787542,38741
2026-04-26T09:00:00+00:00,2332.37,2335.59,2329.66,2334.69,2480.1917,2026-04-26T09:59:59.999000+00:00,5784667.488918,27860
2026-04-26T10:00:00+00:00,2334.68,2336.32,2331.7,2332.95,2898.4361,2026-04-26T10:59:59.999000+00:00,6764149.170327,24275
2026-04-26T11:00:00+00:00,2332.95,2337.5,2332.75,2335.95,2047.1479,2026-04-26T11:59:59.999000+00:00,4780434.179429,31076
2026-04-26T12:00:00+00:00,2335.96,2336.4,2324.19,2328.89,4449.0366,2026-04-26T12:59:59.999000+00:00,10366846.459591,42719
2026-04-26T13:00:00+00:00,2328.9,2336.0,2328.11,2335.22,3739.8665,2026-04-26T13:59:59.999000+00:00,8721871.274,38320
2026-04-26T14:00:00+00:00,2335.21,2352.44,2333.64,2346.2,12976.6737,2026-04-26T14:59:59.999000+00:00,30442457.415223,115804
2026-04-26T15:00:00+00:00,2346.2,2348.93,2344.23,2348.05,3342.3038,2026-04-26T15:59:59.999000+00:00,7842481.159525,48223
2026-04-26T16:00:00+00:00,2348.06,2349.43,2342.91,2342.92,3916.7788,2026-04-26T16:59:59.999000+00:00,9189048.518635,38406
2026-04-26T17:00:00+00:00,2342.92,2349.99,2340.56,2349.43,3116.5593,2026-04-26T17:59:59.999000+00:00,7309884.622781,33911
2026-04-26T18:00:00+00:00,2349.42,2369.01,2347.42,2361.99,16174.0288,2026-04-26T18:59:59.999000+00:00,38178120.634114,118845
2026-04-26T19:00:00+00:00,2361.99,2376.35,2359.55,2367.4,11849.3869,2026-04-26T19:59:59.999000+00:00,28067192.040451,101992
2026-04-26T20:00:00+00:00,2367.4,2372.68,2362.5,2362.5,5233.9655,2026-04-26T20:59:59.999000+00:00,12390989.135828,52853
2026-04-26T21:00:00+00:00,2362.51,2370.33,2348.47,2364.34,11912.7111,2026-04-26T21:59:59.999000+00:00,28110085.630244,143488
2026-04-26T22:00:00+00:00,2364.34,2380.0,2353.53,2361.89,17014.5638,2026-04-26T22:59:59.999000+00:00,40254921.99557,200235
2026-04-26T23:00:00+00:00,2361.88,2378.61,2356.73,2369.44,13760.452,2026-04-26T23:59:59.999000+00:00,32566217.183271,139968
2026-04-27T00:00:00+00:00,2369.45,2392.0,2359.46,2390.76,13606.0492,2026-04-27T00:59:59.999000+00:00,32346838.029931,171230
2026-04-27T01:00:00+00:00,2390.56,2404.37,2377.56,2394.61,20709.3902,2026-04-27T01:59:59.999000+00:00,49552223.470776,258346
2026-04-27T02:00:00+00:00,2394.6,2397.0,2387.29,2392.16,6638.1362,2026-04-27T02:59:59.999000+00:00,15878831.952812,96707
2026-04-27T03:00:00+00:00,2392.16,2400.43,2390.57,2394.85,7687.0596,2026-04-27T03:59:59.999000+00:00,18422338.237139,93245
2026-04-27T04:00:00+00:00,2394.85,2396.05,2380.45,2382.84,8734.8051,2026-04-27T04:59:59.999000+00:00,20864073.159238,93519
2026-04-27T05:00:00+00:00,2382.84,2383.46,2319.31,2323.18,40068.4022,2026-04-27T05:59:59.999000+00:00,93815384.54664,376114
2026-04-27T06:00:00+00:00,2323.17,2329.13,2312.71,2321.0,13665.9319,2026-04-27T06:59:59.999000+00:00,31716990.997494,138211
2026-04-27T07:00:00+00:00,2321.01,2323.82,2315.0,2316.01,9210.5983,2026-04-27T07:59:59.999000+00:00,21358947.840886,96156
2026-04-27T08:00:00+00:00,2316.0,2319.68,2309.13,2319.68,12143.7223,2026-04-27T08:59:59.999000+00:00,28106041.679516,121528
2026-04-27T09:00:00+00:00,2319.68,2325.52,2315.59,2322.19,9530.396,2026-04-27T09:59:59.999000+00:00,22128162.479359,69984
2026-04-27T10:00:00+00:00,2322.19,2323.97,2318.87,2320.14,3965.4905,2026-04-27T10:59:59.999000+00:00,9203562.651761,48280
2026-04-27T11:00:00+00:00,2320.14,2322.84,2316.84,2320.39,3965.8978,2026-04-27T11:59:59.999000+00:00,9200413.334936,53152
2026-04-27T12:00:00+00:00,2320.39,2320.96,2312.59,2314.11,6575.7863,2026-04-27T12:59:59.999000+00:00,15231430.150715,78690
2026-04-27T13:00:00+00:00,2314.1,2320.76,2303.5,2312.28,17353.1698,2026-04-27T13:59:59.999000+00:00,40112763.358051,192303
2026-04-27T14:00:00+00:00,2312.28,2329.82,2308.69,2314.75,14991.1966,2026-04-27T14:59:59.999000+00:00,34760798.954899,216698
2026-04-27T15:00:00+00:00,2314.75,2315.16,2266.09,2275.07,46951.2579,2026-04-27T15:59:59.999000+00:00,107321556.466134,408324
2026-04-27T16:00:00+00:00,2275.07,2280.6,2270.04,2278.12,12121.634,2026-04-27T16:59:59.999000+00:00,27589677.884218,138456
2026-04-27T17:00:00+00:00,2278.13,2292.91,2278.12,2287.08,18597.6027,2026-04-27T17:59:59.999000+00:00,42530304.326395,125370
2026-04-27T18:00:00+00:00,2287.09,2292.09,2284.5,2288.75,7485.6492,2026-04-27T18:59:59.999000+00:00,17127927.712889,84717
2026-04-27T19:00:00+00:00,2288.75,2291.08,2274.98,2289.14,8112.4069,2026-04-27T19:59:59.999000+00:00,18527556.517823,100246
2026-04-27T20:00:00+00:00,2289.15,2296.36,2289.08,2291.7,5969.8812,2026-04-27T20:59:59.999000+00:00,13686974.951094,61474
2026-04-27T21:00:00+00:00,2291.69,2292.4,2287.0,2287.33,3065.7892,2026-04-27T21:59:59.999000+00:00,7019526.051008,42407
2026-04-27T22:00:00+00:00,2287.34,2295.7,2284.66,2294.36,4214.8302,2026-04-27T22:59:59.999000+00:00,9654707.05742,61918
2026-04-27T23:00:00+00:00,2294.36,2308.61,2291.16,2303.67,4998.7753,2026-04-27T23:59:59.999000+00:00,11496511.28962,65207
2026-04-28T00:00:00+00:00,2303.66,2310.88,2299.47,2306.77,5364.7887,2026-04-28T00:59:59.999000+00:00,12364342.032471,98072
2026-04-28T01:00:00+00:00,2306.76,2308.76,2297.78,2298.61,4184.5868,2026-04-28T01:59:59.999000+00:00,9640406.558293,84150
2026-04-28T02:00:00+00:00,2298.61,2301.01,2280.99,2289.11,7908.4528,2026-04-28T02:59:59.999000+00:00,18112963.90127,109584
2026-04-28T03:00:00+00:00,2289.1,2291.0,2282.39,2290.94,3711.4568,2026-04-28T03:59:59.999000+00:00,8484431.560959,63559
2026-04-28T04:00:00+00:00,2290.93,2294.6,2283.32,2288.57,5863.0448,2026-04-28T04:59:59.999000+00:00,13417193.564904,63018
2026-04-28T05:00:00+00:00,2288.58,2296.91,2286.71,2288.13,10496.1234,2026-04-28T05:59:59.999000+00:00,24053330.594932,83699
2026-04-28T06:00:00+00:00,2288.13,2291.0,2270.53,2277.63,10739.7381,2026-04-28T06:59:59.999000+00:00,24477899.627085,93026
2026-04-28T07:00:00+00:00,2277.63,2288.65,2270.65,2287.99,9917.5609,2026-04-28T07:59:59.999000+00:00,22614322.549655,95828
2026-04-28T08:00:00+00:00,2288.0,2291.64,2283.86,2287.07,6065.7122,2026-04-28T08:59:59.999000+00:00,13872433.428891,76988
2026-04-28T09:00:00+00:00,2287.07,2288.51,2276.67,2282.27,7654.6336,2026-04-28T09:59:59.999000+00:00,17474866.924548,71726
2026-04-28T10:00:00+00:00,2282.26,2287.63,2280.84,2284.51,6577.0773,2026-04-28T10:59:59.999000+00:00,15026318.501025,61954
2026-04-28T11:00:00+00:00,2284.51,2285.36,2270.36,2275.32,12432.169,2026-04-28T11:59:59.999000+00:00,28285016.284094,126257
2026-04-28T12:00:00+00:00,2275.32,2281.29,2271.59,2278.23,6214.5258,2026-04-28T12:59:59.999000+00:00,14147794.071534,127190
2026-04-28T13:00:00+00:00,2278.23,2286.2,2258.24,2276.36,19869.0293,2026-04-28T13:59:59.999000+00:00,45106423.529453,254178
2026-04-28T14:00:00+00:00,2276.37,2276.63,2261.0,2273.44,14378.6883,2026-04-28T14:59:59.999000+00:00,32611662.298895,231696
2026-04-28T15:00:00+00:00,2273.44,2280.61,2269.22,2279.76,9305.2019,2026-04-28T15:59:59.999000+00:00,21175128.429078,142869
2026-04-28T16:00:00+00:00,2279.76,2288.38,2274.38,2286.18,9159.1695,2026-04-28T16:59:59.999000+00:00,20893557.253435,121572
2026-04-28T17:00:00+00:00,2286.18,2293.38,2278.99,2290.73,8094.1521,2026-04-28T17:59:59.999000+00:00,18518283.646444,96590
2026-04-28T18:00:00+00:00,2290.73,2298.31,2287.9,2296.96,7249.1862,2026-04-28T18:59:59.999000+00:00,16622881.743672,78069
2026-04-28T19:00:00+00:00,2296.96,2305.55,2290.26,2301.96,8930.4107,2026-04-28T19:59:59.999000+00:00,20530409.660486,80146
2026-04-28T20:00:00+00:00,2301.96,2305.95,2295.52,2295.55,3554.3446,2026-04-28T20:59:59.999000+00:00,8173228.360793,49317
2026-04-28T21:00:00+00:00,2295.55,2297.2,2285.75,2290.12,5268.4565,2026-04-28T21:59:59.999000+00:00,12063071.835897,57801
2026-04-28T22:00:00+00:00,2290.12,2294.5,2285.48,2286.18,2436.7593,2026-04-28T22:59:59.999000+00:00,5580218.105435,42528
2026-04-28T23:00:00+00:00,2286.17,2290.18,2284.15,2289.42,2556.9515,2026-04-28T23:59:59.999000+00:00,5848446.045726,37175
2026-04-29T00:00:00+00:00,2289.42,2294.24,2285.38,2292.4,4053.3505,2026-04-29T00:59:59.999000+00:00,9279821.845952,58295
2026-04-29T01:00:00+00:00,2292.41,2297.3,2278.84,2292.45,10251.4496,2026-04-29T01:59:59.999000+00:00,23443079.336459,114974
2026-04-29T02:00:00+00:00,2292.45,2295.61,2284.68,2288.88,7158.8638,2026-04-29T02:59:59.999000+00:00,16393141.566788,69011
2026-04-29T03:00:00+00:00,2288.87,2316.36,2287.61,2311.52,18471.9819,2026-04-29T03:59:59.999000+00:00,42598171.832005,151805
2026-04-29T04:00:00+00:00,2311.53,2342.5,2309.33,2327.32,26313.9011,2026-04-29T04:59:59.999000+00:00,61268016.12757,193148
2026-04-29T05:00:00+00:00,2327.32,2333.22,2322.83,2329.19,12864.951,2026-04-29T05:59:59.999000+00:00,29950526.875718,97179
2026-04-29T06:00:00+00:00,2329.19,2336.64,2320.24,2324.58,9480.4591,2026-04-29T06:59:59.999000+00:00,22077549.493827,96317
2026-04-29T07:00:00+00:00,2324.59,2330.31,2321.7,2323.73,6478.9845,2026-04-29T07:59:59.999000+00:00,15065735.722331,70542
2026-04-29T08:00:00+00:00,2323.74,2329.03,2321.11,2325.33,4136.2641,2026-04-29T08:59:59.999000+00:00,9614154.348909,73135
2026-04-29T09:00:00+00:00,2325.33,2346.66,2322.74,2339.72,12808.4246,2026-04-29T09:59:59.999000+00:00,29933868.975413,151858
2026-04-29T10:00:00+00:00,2339.71,2346.95,2330.01,2333.68,9453.427,2026-04-29T10:59:59.999000+00:00,22119841.817866,135311
2026-04-29T11:00:00+00:00,2333.67,2336.0,2328.79,2331.74,8275.1971,2026-04-29T11:59:59.999000+00:00,19296595.638266,90848
2026-04-29T12:00:00+00:00,2331.74,2331.94,2307.4,2316.13,16486.429,2026-04-29T12:59:59.999000+00:00,38193973.867977,159996
2026-04-29T13:00:00+00:00,2316.13,2318.15,2289.94,2303.03,18372.5595,2026-04-29T13:59:59.999000+00:00,42304932.921606,264783
2026-04-29T14:00:00+00:00,2303.02,2308.29,2293.86,2299.39,14483.7704,2026-04-29T14:59:59.999000+00:00,33339448.933667,175228
2026-04-29T15:00:00+00:00,2299.4,2301.24,2263.1,2272.51,31727.41,2026-04-29T15:59:59.999000+00:00,72364429.336155,318219
2026-04-29T16:00:00+00:00,2272.5,2279.27,2263.35,2267.47,19698.2895,2026-04-29T16:59:59.999000+00:00,44742086.741803,162561
2026-04-29T17:00:00+00:00,2267.48,2283.33,2266.3,2283.12,11615.5567,2026-04-29T17:59:59.999000+00:00,26404079.715066,122493
2026-04-29T18:00:00+00:00,2283.12,2285.92,2220.36,2239.41,56466.6844,2026-04-29T18:59:59.999000+00:00,126479333.933164,496219
2026-04-29T19:00:00+00:00,2239.41,2242.44,2225.0,2233.7,17551.9858,2026-04-29T19:59:59.999000+00:00,39169401.818264,168237
2026-04-29T20:00:00+00:00,2233.69,2248.73,2230.49,2240.42,12588.2129,2026-04-29T20:59:59.999000+00:00,28199643.691372,181735
2026-04-29T21:00:00+00:00,2240.42,2264.8,2238.59,2253.13,15432.4606,2026-04-29T21:59:59.999000+00:00,34718756.109575,104357
2026-04-29T22:00:00+00:00,2253.14,2259.01,2250.19,2257.78,5462.7196,2026-04-29T22:59:59.999000+00:00,12319455.50342,64074
2026-04-29T23:00:00+00:00,2257.77,2260.3,2250.35,2252.9,5444.7688,2026-04-29T23:59:59.999000+00:00,12279197.37446,67967
2026-04-30T00:00:00+00:00,2252.9,2275.0,2249.47,2272.46,9779.8174,2026-04-30T00:59:59.999000+00:00,22141655.506948,144645
2026-04-30T01:00:00+00:00,2272.45,2279.0,2267.06,2269.35,8290.3738,2026-04-30T01:59:59.999000+00:00,18836980.791297,130100
2026-04-30T02:00:00+00:00,2269.36,2273.14,2236.36,2245.13,12671.6592,2026-04-30T02:59:59.999000+00:00,28524618.210631,238222
2026-04-30T03:00:00+00:00,2245.12,2256.82,2243.89,2253.24,5318.3681,2026-04-30T03:59:59.999000+00:00,11964701.503439,110353
2026-04-30T04:00:00+00:00,2253.24,2254.27,2236.89,2238.97,7758.4871,2026-04-30T04:59:59.999000+00:00,17403909.532237,130589
2026-04-30T05:00:00+00:00,2238.98,2248.31,2231.64,2242.76,8319.8981,2026-04-30T05:59:59.999000+00:00,18652838.511057,94948
2026-04-30T06:00:00+00:00,2242.76,2252.49,2241.86,2248.03,6064.2486,2026-04-30T06:59:59.999000+00:00,13625776.175311,86873
2026-04-30T07:00:00+00:00,2248.03,2262.23,2243.71,2260.31,11236.2376,2026-04-30T07:59:59.999000+00:00,25330994.976524,98880
2026-04-30T08:00:00+00:00,2260.31,2263.21,2255.27,2256.65,10003.379,2026-04-30T08:59:59.999000+00:00,22602023.957788,79575
2026-04-30T09:00:00+00:00,2256.65,2271.11,2256.0,2261.86,6145.3195,2026-04-30T09:59:59.999000+00:00,13913472.200728,110577
2026-04-30T10:00:00+00:00,2261.86,2265.74,2256.78,2262.01,5283.3923,2026-04-30T10:59:59.999000+00:00,11946560.074159,86166
2026-04-30T11:00:00+00:00,2262.0,2273.7,2252.07,2258.18,9303.8333,2026-04-30T11:59:59.999000+00:00,21049002.533717,120424
2026-04-30T12:00:00+00:00,2258.18,2271.07,2257.74,2265.45,6154.9815,2026-04-30T12:59:59.999000+00:00,13942362.409666,98707
2026-04-30T13:00:00+00:00,2265.46,2272.56,2254.74,2263.9,10742.9268,2026-04-30T13:59:59.999000+00:00,24331066.490877,202461
2026-04-30T14:00:00+00:00,2263.9,2271.07,2245.82,2262.01,14497.1911,2026-04-30T14:59:59.999000+00:00,32744719.281319,251086
2026-04-30T15:00:00+00:00,2262.0,2275.13,2257.65,2265.7,6476.8828,2026-04-30T15:59:59.999000+00:00,14675346.430504,150011
2026-04-30T16:00:00+00:00,2265.7,2267.16,2255.8,2257.24,3880.3064,2026-04-30T16:59:59.999000+00:00,8774748.605083,85788
2026-04-30T17:00:00+00:00,2257.24,2260.47,2251.62,2258.14,4889.144,2026-04-30T17:59:59.999000+00:00,11030896.036114,96321
2026-04-30T18:00:00+00:00,2258.13,2265.29,2254.55,2259.84,4110.2594,2026-04-30T18:59:59.999000+00:00,9287340.908803,81367
2026-04-30T19:00:00+00:00,2259.84,2267.09,2258.13,2261.99,4771.3788,2026-04-30T19:59:59.999000+00:00,10799501.900403,79601
2026-04-30T20:00:00+00:00,2261.98,2267.32,2260.56,2264.34,3286.6466,2026-04-30T20:59:59.999000+00:00,7441671.355185,60963
2026-04-30T21:00:00+00:00,2264.34,2264.65,2254.0,2256.29,3541.8404,2026-04-30T21:59:59.999000+00:00,8001860.863095,47760
2026-04-30T22:00:00+00:00,2256.29,2261.34,2252.42,2254.25,2399.1525,2026-04-30T22:59:59.999000+00:00,5415884.023078,35195
2026-04-30T23:00:00+00:00,2254.25,2259.01,2254.0,2257.51,2268.5533,2026-04-30T23:59:59.999000+00:00,5119957.393672,29225
2026-05-01T00:00:00+00:00,2257.51,2266.0,2257.21,2260.0,3813.1405,2026-05-01T00:59:59.999000+00:00,8627712.381192,51014
2026-05-01T01:00:00+00:00,2260.0,2270.56,2260.0,2267.75,4214.4302,2026-05-01T01:59:59.999000+00:00,9549735.564755,49604
2026-05-01T02:00:00+00:00,2267.75,2270.0,2265.0,2266.94,3090.6762,2026-05-01T02:59:59.999000+00:00,7006178.577368,33968
2026-05-01T03:00:00+00:00,2266.94,2295.0,2266.25,2282.87,15806.4467,2026-05-01T03:59:59.999000+00:00,36110105.401724,155253
2026-05-01T04:00:00+00:00,2282.87,2285.89,2277.56,2280.12,5118.5153,2026-05-01T04:59:59.999000+00:00,11677973.600724,56550
2026-05-01T05:00:00+00:00,2280.11,2286.75,2278.28,2283.26,3488.1717,2026-05-01T05:59:59.999000+00:00,7965859.176878,38601
2026-05-01T06:00:00+00:00,2283.26,2286.66,2272.09,2277.45,8129.9831,2026-05-01T06:59:59.999000+00:00,18529969.128715,67770
2026-05-01T07:00:00+00:00,2277.46,2281.1,2273.14,2279.48,6175.1967,2026-05-01T07:59:59.999000+00:00,14060321.683812,53771
2026-05-01T08:00:00+00:00,2279.5,2288.5,2277.44,2286.92,5887.1033,2026-05-01T08:59:59.999000+00:00,13451604.967416,64140
2026-05-01T09:00:00+00:00,2286.93,2287.1,2279.87,2282.07,3605.4989,2026-05-01T09:59:59.999000+00:00,8233855.307391,42714
2026-05-01T10:00:00+00:00,2282.08,2285.88,2277.06,2282.53,3877.8737,2026-05-01T10:59:59.999000+00:00,8847512.234642,38978
2026-05-01T11:00:00+00:00,2282.53,2293.0,2281.71,2286.45,5323.843,2026-05-01T11:59:59.999000+00:00,12174038.096949,54457
2026-05-01T12:00:00+00:00,2286.46,2311.49,2284.15,2301.36,21967.8914,2026-05-01T12:59:59.999000+00:00,50573376.565845,150184
2026-05-01T13:00:00+00:00,2301.37,2324.0,2301.37,2318.22,20286.2201,2026-05-01T13:59:59.999000+00:00,46936319.664339,171948
2026-05-01T14:00:00+00:00,2318.22,2325.28,2301.42,2308.04,20163.371,2026-05-01T14:59:59.999000+00:00,46632380.662782,147761
2026-05-01T15:00:00+00:00,2308.03,2316.74,2298.77,2307.64,12397.242,2026-05-01T15:59:59.999000+00:00,28603114.332753,116018
2026-05-01T16:00:00+00:00,2307.64,2314.21,2298.17,2301.94,14505.2002,2026-05-01T16:59:59.999000+00:00,33438937.953148,116501
2026-05-01T17:00:00+00:00,2301.95,2313.53,2298.71,2311.76,5191.8702,2026-05-01T17:59:59.999000+00:00,11975596.461247,74355
2026-05-01T18:00:00+00:00,2311.76,2312.5,2303.45,2304.76,3781.9625,2026-05-01T18:59:59.999000+00:00,8730223.914678,62971
2026-05-01T19:00:00+00:00,2304.77,2307.84,2302.2,2304.85,2921.4709,2026-05-01T19:59:59.999000+00:00,6734410.538348,47647
2026-05-01T20:00:00+00:00,2304.85,2305.86,2278.98,2285.19,9002.0365,2026-05-01T20:59:59.999000+00:00,20630735.11156,86913
2026-05-01T21:00:00+00:00,2285.18,2294.25,2283.58,2292.68,6643.5401,2026-05-01T21:59:59.999000+00:00,15204234.167134,56290
2026-05-01T22:00:00+00:00,2292.67,2299.35,2291.0,2293.5,3376.5372,2026-05-01T22:59:59.999000+00:00,7751481.408945,37874
2026-05-01T23:00:00+00:00,2293.5,2296.23,2289.0,2295.63,2314.3336,2026-05-01T23:59:59.999000+00:00,5305578.925571,30199
2026-05-02T00:00:00+00:00,2295.63,2299.3,2292.91,2297.6,2566.8116,2026-05-02T00:59:59.999000+00:00,5894218.676089,38705
2026-05-02T01:00:00+00:00,2297.59,2300.98,2295.88,2298.63,2462.3989,2026-05-02T01:59:59.999000+00:00,5659121.784686,41155
2026-05-02T02:00:00+00:00,2298.62,2308.34,2295.43,2303.31,3153.6124,2026-05-02T02:59:59.999000+00:00,7257383.416588,43106
2026-05-02T03:00:00+00:00,2303.31,2308.34,2301.01,2304.44,2768.5377,2026-05-02T03:59:59.999000+00:00,6380329.199383,42393
2026-05-02T04:00:00+00:00,2304.43,2304.91,2299.59,2301.26,2155.2825,2026-05-02T04:59:59.999000+00:00,4961203.255574,30246
2026-05-02T05:00:00+00:00,2301.26,2301.52,2296.62,2299.47,2997.2267,2026-05-02T05:59:59.999000+00:00,6891268.818862,30701
2026-05-02T06:00:00+00:00,2299.46,2306.35,2297.09,2305.58,2532.1671,2026-05-02T06:59:59.999000+00:00,5827241.702426,26533
2026-05-02T07:00:00+00:00,2305.59,2306.16,2301.01,2301.02,2421.6891,2026-05-02T07:59:59.999000+00:00,5578997.527862,28859
2026-05-02T08:00:00+00:00,2301.01,2304.44,2299.05,2303.35,1949.3397,2026-05-02T08:59:59.999000+00:00,4487920.044864,22182
2026-05-02T09:00:00+00:00,2303.34,2307.78,2303.34,2305.13,2145.8369,2026-05-02T09:59:59.999000+00:00,4947445.727797,25982
2026-05-02T10:00:00+00:00,2305.13,2305.96,2302.41,2303.54,2130.6777,2026-05-02T10:59:59.999000+00:00,4909556.020957,23534
2026-05-02T11:00:00+00:00,2303.54,2304.99,2300.25,2302.1,2172.6055,2026-05-02T11:59:59.999000+00:00,5002629.95283,28299
2026-05-02T12:00:00+00:00,2302.09,2305.92,2301.36,2303.52,2299.2395,2026-05-02T12:59:59.999000+00:00,5297467.424736,21098
2026-05-02T13:00:00+00:00,2303.53,2311.83,2303.53,2308.08,4502.6289,2026-05-02T13:59:59.999000+00:00,10395537.017353,34955
2026-05-02T14:00:00+00:00,2308.08,2308.59,2305.23,2306.69,2719.9575,2026-05-02T14:59:59.999000+00:00,6274288.457335,27018
2026-05-02T15:00:00+00:00,2306.69,2310.1,2305.32,2309.19,2150.0351,2026-05-02T15:59:59.999000+00:00,4961436.343028,24723
2026-05-02T16:00:00+00:00,2309.18,2313.98,2307.96,2309.31,3799.9258,2026-05-02T16:59:59.999000+00:00,8780550.147067,44837
2026-05-02T17:00:00+00:00,2309.31,2310.25,2305.69,2305.9,1534.3477,2026-05-02T17:59:59.999000+00:00,3540855.111711,18988
2026-05-02T18:00:00+00:00,2305.9,2311.57,2304.08,2310.3,3982.2935,2026-05-02T18:59:59.999000+00:00,9189869.28898,32021
2026-05-02T19:00:00+00:00,2310.31,2312.79,2309.17,2311.08,1676.5247,2026-05-02T19:59:59.999000+00:00,3874731.48183,22120
2026-05-02T20:00:00+00:00,2311.08,2311.84,2309.59,2311.58,1484.9442,2026-05-02T20:59:59.999000+00:00,3431236.349014,17201
2026-05-02T21:00:00+00:00,2311.59,2343.6,2310.79,2325.62,17150.5457,2026-05-02T21:59:59.999000+00:00,39938823.484936,122522
2026-05-02T22:00:00+00:00,2325.62,2328.36,2317.88,2327.0,8792.7486,2026-05-02T22:59:59.999000+00:00,20425945.489414,83985
2026-05-02T23:00:00+00:00,2326.99,2326.99,2313.98,2316.97,6039.0954,2026-05-02T23:59:59.999000+00:00,14006440.214567,39536
2026-05-03T00:00:00+00:00,2316.97,2317.69,2308.9,2313.98,5842.4001,2026-05-03T00:59:59.999000+00:00,13518598.938788,52869
2026-05-03T01:00:00+00:00,2313.98,2314.09,2303.43,2304.14,4580.8688,2026-05-03T01:59:59.999000+00:00,10567530.313774,55005
2026-05-03T02:00:00+00:00,2304.14,2306.83,2299.38,2303.41,4664.487,2026-05-03T02:59:59.999000+00:00,10738769.753996,47731
2026-05-03T03:00:00+00:00,2303.41,2304.0,2300.0,2301.9,4381.1239,2026-05-03T03:59:59.999000+00:00,10081814.895156,26893
2026-05-03T04:00:00+00:00,2301.9,2304.37,2297.59,2301.53,3019.3837,2026-05-03T04:59:59.999000+00:00,6948015.197258,31495
2026-05-03T05:00:00+00:00,2301.53,2305.56,2301.26,2304.11,1981.3304,2026-05-03T05:59:59.999000+00:00,4563842.05716,20414
2026-05-03T06:00:00+00:00,2304.11,2306.38,2299.69,2304.49,2420.7056,2026-05-03T06:59:59.999000+00:00,5572877.585607,22971
2026-05-03T07:00:00+00:00,2304.5,2314.01,2304.42,2309.28,3800.1125,2026-05-03T07:59:59.999000+00:00,8779211.553351,40847
2026-05-03T08:00:00+00:00,2309.28,2312.67,2307.65,2308.28,1870.384,2026-05-03T08:59:59.999000+00:00,4319921.63479,23838
2026-05-03T09:00:00+00:00,2308.29,2322.27,2307.49,2316.47,5985.3931,2026-05-03T09:59:59.999000+00:00,13859803.647712,45587
2026-05-03T10:00:00+00:00,2316.48,2316.73,2311.32,2311.54,2373.362,2026-05-03T10:59:59.999000+00:00,5490907.253259,28548
2026-05-03T11:00:00+00:00,2311.54,2327.5,2310.52,2319.63,7325.9867,2026-05-03T11:59:59.999000+00:00,16995843.667013,61959
2026-05-03T12:00:00+00:00,2319.63,2332.61,2319.63,2325.71,9087.0596,2026-05-03T12:59:59.999000+00:00,21142228.227957,62975
2026-05-03T13:00:00+00:00,2325.71,2328.74,2320.61,2322.21,3616.5298,2026-05-03T13:59:59.999000+00:00,8409337.143903,43870
2026-05-03T14:00:00+00:00,2322.22,2329.6,2321.19,2328.28,4002.7223,2026-05-03T14:59:59.999000+00:00,9307204.143237,43201
2026-05-03T15:00:00+00:00,2328.28,2333.91,2324.96,2328.44,4767.7814,2026-05-03T15:59:59.999000+00:00,11103725.078953,63762
2026-05-03T16:00:00+00:00,2328.45,2335.0,2322.38,2328.41,5781.0315,2026-05-03T16:59:59.999000+00:00,13464530.085886,57064
2026-05-03T17:00:00+00:00,2328.4,2335.35,2324.11,2331.85,5608.7603,2026-05-03T17:59:59.999000+00:00,13076803.829546,50546
2026-05-03T18:00:00+00:00,2331.85,2333.6,2328.29,2330.98,2263.6905,2026-05-03T18:59:59.999000+00:00,5276768.019343,25549
2026-05-03T19:00:00+00:00,2330.98,2337.87,2328.47,2335.59,5542.6512,2026-05-03T19:59:59.999000+00:00,12932723.507548,35223
2026-05-03T20:00:00+00:00,2335.6,2344.35,2328.28,2329.58,14443.5923,2026-05-03T20:59:59.999000+00:00,33750568.215449,84486
2026-05-03T21:00:00+00:00,2329.58,2334.18,2315.0,2324.27,8154.991,2026-05-03T21:59:59.999000+00:00,18960498.213043,82730
2026-05-03T22:00:00+00:00,2324.27,2356.92,2324.26,2343.89,25346.8292,2026-05-03T22:59:59.999000+00:00,59412933.445128,220945
2026-05-03T23:00:00+00:00,2343.89,2347.47,2319.96,2322.65,14213.2573,2026-05-03T23:59:59.999000+00:00,33095543.610222,145782
2026-05-04T00:00:00+00:00,2322.65,2322.65,2309.24,2319.0,12348.5699,2026-05-04T00:59:59.999000+00:00,28588847.782349,150880
2026-05-04T01:00:00+00:00,2319.0,2354.02,2312.98,2351.2,17681.8973,2026-05-04T01:59:59.999000+00:00,41289292.181931,210991
2026-05-04T02:00:00+00:00,2351.21,2387.99,2345.41,2374.73,52188.8767,2026-05-04T02:59:59.999000+00:00,123699652.629138,355785
2026-05-04T03:00:00+00:00,2374.73,2391.0,2371.74,2385.12,32108.6526,2026-05-04T03:59:59.999000+00:00,76495658.289063,165919
2026-05-04T04:00:00+00:00,2385.11,2398.93,2384.37,2390.12,21582.9297,2026-05-04T04:59:59.999000+00:00,51610856.778761,149521
2026-05-04T05:00:00+00:00,2390.12,2391.28,2375.26,2376.19,17415.0891,2026-05-04T05:59:59.999000+00:00,41469192.611906,91617
2026-05-04T06:00:00+00:00,2376.19,2378.42,2354.2,2368.41,20127.1919,2026-05-04T06:59:59.999000+00:00,47634290.731589,142172
2026-05-04T07:00:00+00:00,2368.41,2373.87,2362.51,2362.8,10295.3082,2026-05-04T07:59:59.999000+00:00,24381865.119449,83455
2026-05-04T08:00:00+00:00,2362.79,2365.11,2357.3,2360.04,9858.6313,2026-05-04T08:59:59.999000+00:00,23274061.387764,82224
2026-05-04T09:00:00+00:00,2360.04,2371.09,2358.04,2368.71,8607.635,2026-05-04T09:59:59.999000+00:00,20357503.062445,69426
2026-05-04T10:00:00+00:00,2368.72,2369.89,2314.25,2338.36,57424.2763,2026-05-04T10:59:59.999000+00:00,133952222.931562,514782
2026-05-04T11:00:00+00:00,2338.35,2343.62,2332.91,2337.59,9840.4895,2026-05-04T11:59:59.999000+00:00,23009705.57128,128130
2026-05-04T12:00:00+00:00,2337.59,2343.78,2333.04,2335.53,7733.1819,2026-05-04T12:59:59.999000+00:00,18084986.746888,100717
2026-05-04T13:00:00+00:00,2335.53,2344.53,2325.71,2336.53,17747.9741,2026-05-04T13:59:59.999000+00:00,41454333.018832,197771
2026-05-04T14:00:00+00:00,2336.53,2381.8,2327.47,2371.39,36557.2285,2026-05-04T14:59:59.999000+00:00,86186208.44978,349464
2026-05-04T15:00:00+00:00,2371.4,2374.38,2336.01,2350.1,41176.8086,2026-05-04T15:59:59.999000+00:00,96991391.516345,412884
2026-05-04T16:00:00+00:00,2350.11,2365.0,2336.63,2355.28,23191.6495,2026-05-04T16:59:59.999000+00:00,54564308.227674,284695
2026-05-04T17:00:00+00:00,2355.27,2379.52,2353.84,2370.09,18853.8244,2026-05-04T17:59:59.999000+00:00,44625505.702984,185438
2026-05-04T18:00:00+00:00,2370.1,2374.86,2357.02,2361.41,12397.3782,2026-05-04T18:59:59.999000+00:00,29332238.433585,121215
2026-05-04T19:00:00+00:00,2361.42,2364.35,2353.52,2356.52,7858.5921,2026-05-04T19:59:59.999000+00:00,18529862.749213,102046
2026-05-04T20:00:00+00:00,2356.52,2359.12,2347.77,2350.15,5105.1774,2026-05-04T20:59:59.999000+00:00,12011687.4367,60490
2026-05-04T21:00:00+00:00,2350.14,2364.59,2350.14,2360.89,3844.6345,2026-05-04T21:59:59.999000+00:00,9072093.703339,51359
2026-05-04T22:00:00+00:00,2360.89,2365.91,2353.95,2354.58,5172.5417,2026-05-04T22:59:59.999000+00:00,12208075.330446,67385
2026-05-04T23:00:00+00:00,2354.58,2354.58,2344.83,2347.16,3902.2601,2026-05-04T23:59:59.999000+00:00,9166909.673568,58727
2026-05-05T00:00:00+00:00,2347.17,2359.0,2344.93,2358.83,4815.8322,2026-05-05T00:59:59.999000+00:00,11331590.784614,69412
2026-05-05T01:00:00+00:00,2358.83,2364.49,2355.1,2361.82,4711.3265,2026-05-05T01:59:59.999000+00:00,11121699.825619,68872
2026-05-05T02:00:00+00:00,2361.81,2377.8,2359.1,2367.72,10448.2131,2026-05-05T02:59:59.999000+00:00,24755472.186877,113566
2026-05-05T03:00:00+00:00,2367.72,2389.38,2364.71,2382.43,23394.2819,2026-05-05T03:59:59.999000+00:00,55702588.615961,127659
2026-05-05T04:00:00+00:00,2382.43,2386.0,2376.04,2381.11,9427.6093,2026-05-05T04:59:59.999000+00:00,22449678.477391,90436
2026-05-05T05:00:00+00:00,2381.1,2390.74,2376.88,2380.19,13610.8116,2026-05-05T05:59:59.999000+00:00,32432193.92544,109240
2026-05-05T06:00:00+00:00,2380.19,2381.51,2367.35,2378.85,12310.887,2026-05-05T06:59:59.999000+00:00,29234708.869478,83700
2026-05-05T07:00:00+00:00,2378.84,2388.56,2375.81,2380.59,13689.6326,2026-05-05T07:59:59.999000+00:00,32619616.750952,88625
2026-05-05T08:00:00+00:00,2380.59,2384.62,2373.0,2376.81,7058.716,2026-05-05T08:59:59.999000+00:00,16790012.934584,40312
2026-05-05T09:00:00+00:00,2376.82,2376.96,2366.76,2369.6,6990.9907,2026-05-05T09:59:59.999000+00:00,16571396.184027,70137
2026-05-05T10:00:00+00:00,2369.6,2379.34,2367.3,2378.41,7091.045,2026-05-05T10:59:59.999000+00:00,16833660.79186,70773
2026-05-05T11:00:00+00:00,2378.42,2383.49,2372.95,2379.89,8240.2018,2026-05-05T11:59:59.999000+00:00,19604899.411668,80963
2026-05-05T12:00:00+00:00,2379.89,2390.47,2376.34,2388.52,11730.3656,2026-05-05T12:59:59.999000+00:00,27981264.526429,110081
2026-05-05T13:00:00+00:00,2388.52,2399.5,2383.5,2388.72,26443.457,2026-05-05T13:59:59.999000+00:00,63269321.599773,234322
2026-05-05T14:00:00+00:00,2388.71,2392.36,2369.17,2378.78,27223.1659,2026-05-05T14:59:59.999000+00:00,64802470.233797,227993
2026-05-05T15:00:00+00:00,2378.78,2387.93,2375.5,2381.31,13411.5215,2026-05-05T15:59:59.999000+00:00,31961423.757438,124330
2026-05-05T16:00:00+00:00,2381.3,2383.38,2361.0,2365.94,17932.1444,2026-05-05T16:59:59.999000+00:00,42539655.713011,142001
2026-05-05T17:00:00+00:00,2365.94,2369.92,2359.71,2362.8,9807.3024,2026-05-05T17:59:59.999000+00:00,23185455.582116,94401
2026-05-05T18:00:00+00:00,2362.81,2374.78,2362.81,2372.28,8710.1909,2026-05-05T18:59:59.999000+00:00,20645675.040162,80543
2026-05-05T19:00:00+00:00,2372.28,2376.73,2369.33,2371.94,4461.6351,2026-05-05T19:59:59.999000+00:00,10584200.205709,60554
2026-05-05T20:00:00+00:00,2371.94,2387.0,2371.21,2382.41,11866.1153,2026-05-05T20:59:59.999000+00:00,28263212.698933,94222
2026-05-05T21:00:00+00:00,2382.41,2388.54,2368.9,2375.43,9166.3706,2026-05-05T21:59:59.999000+00:00,21809211.142025,88775
2026-05-05T22:00:00+00:00,2375.43,2381.68,2354.34,2367.51,14184.5371,2026-05-05T22:59:59.999000+00:00,33583559.617026,150029
2026-05-05T23:00:00+00:00,2367.51,2369.75,2355.0,2360.77,9910.3777,2026-05-05T23:59:59.999000+00:00,23407580.235691,91244
2026-05-06T00:00:00+00:00,2360.76,2367.72,2355.0,2364.63,9670.6129,2026-05-06T00:59:59.999000+00:00,22834802.975321,109461
2026-05-06T01:00:00+00:00,2364.63,2376.99,2362.75,2373.19,8948.2743,2026-05-06T01:59:59.999000+00:00,21209589.819001,100033
2026-05-06T02:00:00+00:00,2373.2,2373.7,2360.0,2369.75,6539.2128,2026-05-06T02:59:59.999000+00:00,15478232.09313,76993
2026-05-06T03:00:00+00:00,2369.75,2380.87,2368.08,2376.8,7896.7032,2026-05-06T03:59:59.999000+00:00,18748524.375694,98493
2026-05-06T04:00:00+00:00,2376.81,2379.4,2361.25,2366.08,7910.6015,2026-05-06T04:59:59.999000+00:00,18751470.070606,86294
2026-05-06T05:00:00+00:00,2366.08,2366.99,2355.0,2365.03,11450.5782,2026-05-06T05:59:59.999000+00:00,27036603.876543,84949
2026-05-06T06:00:00+00:00,2365.03,2371.29,2361.0,2370.52,6311.3267,2026-05-06T06:59:59.999000+00:00,14937730.513247,66661
2026-05-06T07:00:00+00:00,2370.53,2375.0,2368.57,2371.74,7842.1661,2026-05-06T07:59:59.999000+00:00,18599076.086267,70017
2026-05-06T08:00:00+00:00,2371.74,2396.19,2369.16,2394.33,18454.838,2026-05-06T08:59:59.999000+00:00,43999120.930307,148166
2026-05-06T09:00:00+00:00,2394.32,2418.39,2384.8,2412.76,47718.3765,2026-05-06T09:59:59.999000+00:00,114631484.275057,233732
2026-05-06T10:00:00+00:00,2412.77,2414.43,2405.18,2410.2,17192.8972,2026-05-06T10:59:59.999000+00:00,41455795.978316,143476
2026-05-06T11:00:00+00:00,2410.2,2423.74,2408.34,2410.47,30434.9349,2026-05-06T11:59:59.999000+00:00,73532134.664622,169903
2026-05-06T12:00:00+00:00,2410.47,2413.59,2400.55,2405.11,22282.1291,2026-05-06T12:59:59.999000+00:00,53644965.180719,147419
2026-05-06T13:00:00+00:00,2405.11,2405.11,2365.01,2368.51,42551.5633,2026-05-06T13:59:59.999000+00:00,101390778.051011,344872
2026-05-06T14:00:00+00:00,2368.52,2373.29,2346.68,2359.23,51777.3181,2026-05-06T14:59:59.999000+00:00,122258343.501662,311886
2026-05-06T15:00:00+00:00,2359.23,2366.0,2354.98,2359.1,20851.531,2026-05-06T15:59:59.999000+00:00,49206761.804631,146458
2026-05-06T16:00:00+00:00,2359.1,2367.47,2350.56,2358.08,19002.5503,2026-05-06T16:59:59.999000+00:00,44816399.657427,129744
2026-05-06T17:00:00+00:00,2358.09,2360.99,2347.71,2349.7,13561.1973,2026-05-06T17:59:59.999000+00:00,31918742.560883,96686
2026-05-06T18:00:00+00:00,2349.71,2352.55,2338.0,2345.0,18017.0774,2026-05-06T18:59:59.999000+00:00,42266602.968897,122882
2026-05-06T19:00:00+00:00,2345.0,2350.0,2342.14,2348.5,9241.8552,2026-05-06T19:59:59.999000+00:00,21678726.722312,83528
2026-05-06T20:00:00+00:00,2348.49,2357.04,2345.23,2350.94,13484.2191,2026-05-06T20:59:59.999000+00:00,31690392.551422,76601
2026-05-06T21:00:00+00:00,2350.94,2357.45,2345.83,2354.52,10416.7586,2026-05-06T21:59:59.999000+00:00,24506773.181607,67639
2026-05-06T22:00:00+00:00,2354.52,2355.05,2344.99,2347.28,8076.5331,2026-05-06T22:59:59.999000+00:00,18973243.099295,74683
2026-05-06T23:00:00+00:00,2347.28,2351.34,2338.28,2350.84,11034.0613,2026-05-06T23:59:59.999000+00:00,25875333.477396,72049
2026-05-07T00:00:00+00:00,2350.84,2352.3,2329.05,2329.65,13622.3234,2026-05-07T00:59:59.999000+00:00,31884892.182448,118360
2026-05-07T01:00:00+00:00,2329.66,2335.0,2314.16,2327.41,18902.7493,2026-05-07T01:59:59.999000+00:00,43961311.679675,180864
2026-05-07T02:00:00+00:00,2327.4,2327.95,2313.89,2321.88,19439.1949,2026-05-07T02:59:59.999000+00:00,45081960.351704,138831
2026-05-07T03:00:00+00:00,2321.89,2326.2,2315.74,2322.39,11540.0497,2026-05-07T03:59:59.999000+00:00,26790197.65925,85355
2026-05-07T04:00:00+00:00,2322.39,2327.52,2317.8,2327.51,10417.5378,2026-05-07T04:59:59.999000+00:00,24212887.815417,74782
2026-05-07T05:00:00+00:00,2327.51,2333.97,2327.02,2331.08,10970.9192,2026-05-07T05:59:59.999000+00:00,25570754.10883,65947
2026-05-07T06:00:00+00:00,2331.08,2338.57,2320.0,2337.13,14009.3816,2026-05-07T06:59:59.999000+00:00,32631991.936881,98212
2026-05-07T07:00:00+00:00,2337.14,2346.89,2336.72,2344.59,16120.1713,2026-05-07T07:59:59.999000+00:00,37760729.029948,94255
2026-05-07T08:00:00+00:00,2344.59,2346.6,2332.0,2333.73,15120.5601,2026-05-07T08:59:59.999000+00:00,35357936.858311,102671
2026-05-07T09:00:00+00:00,2333.73,2337.11,2326.83,2329.05,13919.7483,2026-05-07T09:59:59.999000+00:00,32454248.676538,104368
2026-05-07T10:00:00+00:00,2329.04,2331.63,2317.35,2326.78,13596.4665,2026-05-07T10:59:59.999000+00:00,31616900.254854,105701
2026-05-07T11:00:00+00:00,2326.78,2331.59,2325.45,2329.94,11503.0069,2026-05-07T11:59:59.999000+00:00,26794425.912934,90125
2026-05-07T12:00:00+00:00,2329.94,2337.13,2329.04,2333.01,12385.8948,2026-05-07T12:59:59.999000+00:00,28899189.010609,98529
2026-05-07T13:00:00+00:00,2333.02,2333.02,2305.4,2314.32,39011.6686,2026-05-07T13:59:59.999000+00:00,90413045.704844,256523
2026-05-07T14:00:00+00:00,2314.32,2318.75,2289.51,2298.98,46781.2234,2026-05-07T14:59:59.999000+00:00,107731975.726178,283395
2026-05-07T15:00:00+00:00,2298.98,2304.52,2285.95,2294.82,31328.1654,2026-05-07T15:59:59.999000+00:00,71899374.920172,217316
2026-05-07T16:00:00+00:00,2294.82,2298.2,2285.37,2291.81,28001.1937,2026-05-07T16:59:59.999000+00:00,64185217.06831,191716
2026-05-07T17:00:00+00:00,2291.81,2301.25,2280.1,2299.6,28378.658,2026-05-07T17:59:59.999000+00:00,65018919.258456,194136
2026-05-07T18:00:00+00:00,2299.61,2304.0,2291.27,2296.19,23860.3486,2026-05-07T18:59:59.999000+00:00,54872377.831571,164723
2026-05-07T19:00:00+00:00,2296.18,2297.09,2287.88,2295.98,18517.2817,2026-05-07T19:59:59.999000+00:00,42462451.236357,137463
2026-05-07T20:00:00+00:00,2295.98,2302.57,2287.94,2289.1,34000.8584,2026-05-07T20:59:59.999000+00:00,77970274.857188,124019
2026-05-07T21:00:00+00:00,2289.1,2294.29,2281.29,2287.68,12799.0863,2026-05-07T21:59:59.999000+00:00,29297191.050552,81792
2026-05-07T22:00:00+00:00,2287.68,2290.24,2281.04,2287.03,16424.3429,2026-05-07T22:59:59.999000+00:00,37539429.39639,123660
2026-05-07T23:00:00+00:00,2287.03,2293.24,2286.11,2291.06,8871.107,2026-05-07T23:59:59.999000+00:00,20313256.078782,58340
2026-05-08T00:00:00+00:00,2291.06,2294.28,2283.66,2286.83,9997.2781,2026-05-08T00:59:59.999000+00:00,22894296.055707,73746
2026-05-08T01:00:00+00:00,2286.83,2289.31,2280.28,2285.06,10079.1981,2026-05-08T01:59:59.999000+00:00,23029855.69388,67196
2026-05-08T02:00:00+00:00,2285.06,2285.71,2268.0,2279.15,18687.3591,2026-05-08T02:59:59.999000+00:00,42540032.078177,140966
2026-05-08T03:00:00+00:00,2279.15,2281.6,2265.61,2278.76,15605.1908,2026-05-08T03:59:59.999000+00:00,35493602.805435,111373
2026-05-08T04:00:00+00:00,2278.77,2284.54,2276.5,2281.63,9647.4955,2026-05-08T04:59:59.999000+00:00,22002758.38809,58306
2026-05-08T05:00:00+00:00,2281.63,2284.0,2275.97,2275.97,11633.258,2026-05-08T05:59:59.999000+00:00,26526964.102944,61406
2026-05-08T06:00:00+00:00,2275.98,2278.5,2268.6,2275.22,31348.2699,2026-05-08T06:59:59.999000+00:00,71290150.719045,111376
2026-05-08T07:00:00+00:00,2275.23,2282.69,2267.15,2281.35,21264.4415,2026-05-08T07:59:59.999000+00:00,48391852.374115,108552
2026-05-08T08:00:00+00:00,2281.37,2289.13,2280.15,2283.56,17210.3914,2026-05-08T08:59:59.999000+00:00,39299093.121617,75456
2026-05-08T09:00:00+00:00,2283.56,2292.12,2280.35,2284.34,15015.7397,2026-05-08T09:59:59.999000+00:00,34324098.238632,77890
2026-05-08T10:00:00+00:00,2284.34,2290.96,2281.17,2287.94,15731.5078,2026-05-08T10:59:59.999000+00:00,35971017.464213,88939
2026-05-08T11:00:00+00:00,2287.95,2298.01,2287.95,2295.38,17761.4984,2026-05-08T11:59:59.999000+00:00,40711284.458272,100806
2026-05-08T12:00:00+00:00,2295.38,2302.0,2282.46,2284.53,16435.0408,2026-05-08T12:59:59.999000+00:00,37665433.475452,120238
2026-05-08T13:00:00+00:00,2284.53,2287.0,2269.96,2276.46,28468.8006,2026-05-08T13:59:59.999000+00:00,64817990.487031,210503
2026-05-08T14:00:00+00:00,2276.46,2292.66,2273.32,2285.72,25640.1037,2026-05-08T14:59:59.999000+00:00,58549124.903156,237121
2026-05-08T15:00:00+00:00,2285.72,2294.44,2274.94,2293.2,14657.397,2026-05-08T15:59:59.999000+00:00,33468941.669771,166821
2026-05-08T16:00:00+00:00,2293.2,2294.37,2286.42,2289.93,13453.9968,2026-05-08T16:59:59.999000+00:00,30812953.862334,113113
2026-05-08T17:00:00+00:00,2289.93,2315.63,2289.39,2304.86,23598.5736,2026-05-08T17:59:59.999000+00:00,54386695.884674,180787
2026-05-08T18:00:00+00:00,2304.87,2321.22,2304.87,2313.49,19654.0122,2026-05-08T18:59:59.999000+00:00,45508868.190232,123049
2026-05-08T19:00:00+00:00,2313.49,2320.36,2312.48,2316.05,19777.938,2026-05-08T19:59:59.999000+00:00,45811970.441366,90240
2026-05-08T20:00:00+00:00,2316.06,2317.0,2305.36,2306.65,26417.6209,2026-05-08T20:59:59.999000+00:00,61048867.47632,73232
2026-05-08T21:00:00+00:00,2306.64,2314.94,2304.21,2314.63,14078.5061,2026-05-08T21:59:59.999000+00:00,32519324.932045,63932
2026-05-08T22:00:00+00:00,2314.62,2319.15,2310.26,2310.98,12732.9721,2026-05-08T22:59:59.999000+00:00,29470879.39388,64876
2026-05-08T23:00:00+00:00,2310.98,2310.98,2303.19,2307.06,12138.5681,2026-05-08T23:59:59.999000+00:00,28003945.425697,48132
2026-05-09T00:00:00+00:00,2307.07,2312.03,2304.19,2308.55,11551.954,2026-05-09T00:59:59.999000+00:00,26669474.303596,50114
2026-05-09T01:00:00+00:00,2308.55,2318.45,2308.23,2314.22,10857.7767,2026-05-09T01:59:59.999000+00:00,25117545.608498,55141
2026-05-09T02:00:00+00:00,2314.23,2320.3,2313.8,2317.07,9468.173,2026-05-09T02:59:59.999000+00:00,21937423.195109,47781
2026-05-09T03:00:00+00:00,2317.07,2320.77,2312.6,2315.33,7290.8151,2026-05-09T03:59:59.999000+00:00,16886477.528564,41969
2026-05-09T04:00:00+00:00,2315.33,2325.33,2311.27,2312.35,27184.841,2026-05-09T04:59:59.999000+00:00,62972776.734262,85648
2026-05-09T05:00:00+00:00,2312.35,2318.29,2310.9,2314.82,5918.4334,2026-05-09T05:59:59.999000+00:00,13702168.424253,30901
2026-05-09T06:00:00+00:00,2314.82,2319.59,2312.95,2314.35,10307.9116,2026-05-09T06:59:59.999000+00:00,23876788.474309,47295
2026-05-09T07:00:00+00:00,2314.35,2318.56,2311.34,2314.69,8349.905,2026-05-09T07:59:59.999000+00:00,19333239.511916,35350
2026-05-09T08:00:00+00:00,2314.69,2320.53,2314.23,2317.16,8698.3308,2026-05-09T08:59:59.999000+00:00,20165312.908829,36899
2026-05-09T09:00:00+00:00,2317.16,2317.52,2311.37,2313.28,6746.958,2026-05-09T09:59:59.999000+00:00,15612745.058916,37116
2026-05-09T10:00:00+00:00,2313.28,2315.03,2310.24,2312.5,4778.5919,2026-05-09T10:59:59.999000+00:00,11050569.006121,26433
2026-05-09T11:00:00+00:00,2312.49,2315.56,2312.49,2314.57,5435.8473,2026-05-09T11:59:59.999000+00:00,12580557.532148,22168
2026-05-09T12:00:00+00:00,2314.56,2318.27,2313.24,2316.54,5219.3063,2026-05-09T12:59:59.999000+00:00,12087954.896899,32212
2026-05-09T13:00:00+00:00,2316.54,2316.55,2311.69,2314.34,4773.3348,2026-05-09T13:59:59.999000+00:00,11046590.658099,29425
2026-05-09T14:00:00+00:00,2314.34,2315.32,2305.21,2308.27,8247.0832,2026-05-09T14:59:59.999000+00:00,19041403.715866,68038
2026-05-09T15:00:00+00:00,2308.27,2317.64,2300.0,2317.63,12866.0555,2026-05-09T15:59:59.999000+00:00,29724522.868476,94092
2026-05-09T16:00:00+00:00,2317.64,2325.28,2315.29,2319.99,15466.0099,2026-05-09T16:59:59.999000+00:00,35889365.385526,96596
2026-05-09T17:00:00+00:00,2320.0,2333.61,2320.0,2329.45,21099.4922,2026-05-09T17:59:59.999000+00:00,49154150.827974,127927
2026-05-09T18:00:00+00:00,2329.46,2338.37,2328.8,2330.22,11248.546,2026-05-09T18:59:59.999000+00:00,26243194.104006,77663
2026-05-09T19:00:00+00:00,2330.23,2333.1,2326.54,2332.01,9103.6002,2026-05-09T19:59:59.999000+00:00,21208723.186788,47404
2026-05-09T20:00:00+00:00,2332.02,2332.81,2327.26,2329.18,5902.3618,2026-05-09T20:59:59.999000+00:00,13748495.155772,35696
2026-05-09T21:00:00+00:00,2329.17,2331.55,2328.62,2330.82,6093.5171,2026-05-09T21:59:59.999000+00:00,14198940.325291,35666
2026-05-09T22:00:00+00:00,2330.82,2333.47,2327.22,2329.89,6868.1251,2026-05-09T22:59:59.999000+00:00,16009045.702899,45450
2026-05-09T23:00:00+00:00,2329.89,2331.96,2324.7,2326.44,6954.1871,2026-05-09T23:59:59.999000+00:00,16184258.981752,41641
2026-05-10T00:00:00+00:00,2326.43,2329.71,2321.16,2323.89,7913.8234,2026-05-10T00:59:59.999000+00:00,18409453.610909,53781
2026-05-10T01:00:00+00:00,2323.9,2324.97,2318.33,2323.67,9455.7255,2026-05-10T01:59:59.999000+00:00,21952523.570871,58121
2026-05-10T02:00:00+00:00,2323.68,2328.0,2320.08,2327.94,7197.4856,2026-05-10T02:59:59.999000+00:00,16732924.421769,43573
2026-05-10T03:00:00+00:00,2327.94,2332.91,2323.7,2327.76,8711.1021,2026-05-10T03:59:59.999000+00:00,20282274.941701,56005
2026-05-10T04:00:00+00:00,2327.75,2330.98,2326.1,2328.27,7716.1343,2026-05-10T04:59:59.999000+00:00,17963303.60275,48677
2026-05-10T05:00:00+00:00,2328.28,2330.0,2326.51,2327.3,6244.9276,2026-05-10T05:59:59.999000+00:00,14540898.422262,41591
2026-05-10T06:00:00+00:00,2327.3,2330.75,2326.65,2329.3,6968.6838,2026-05-10T06:59:59.999000+00:00,16226772.532452,38220
2026-05-10T07:00:00+00:00,2329.31,2332.09,2327.36,2327.36,6034.6059,2026-05-10T07:59:59.999000+00:00,14056300.215619,33941
2026-05-10T08:00:00+00:00,2327.36,2331.83,2326.16,2330.15,7669.5007,2026-05-10T08:59:59.999000+00:00,17865537.954726,42701
2026-05-10T09:00:00+00:00,2330.16,2333.59,2326.92,2328.22,6313.071,2026-05-10T09:59:59.999000+00:00,14708702.368204,41172
2026-05-10T10:00:00+00:00,2328.23,2328.82,2323.38,2325.46,7346.5157,2026-05-10T10:59:59.999000+00:00,17083076.885694,52947
2026-05-10T11:00:00+00:00,2325.46,2327.42,2319.0,2322.58,7550.9118,2026-05-10T11:59:59.999000+00:00,17539401.661562,47837
2026-05-10T12:00:00+00:00,2322.59,2325.35,2320.87,2324.12,5841.8952,2026-05-10T12:59:59.999000+00:00,13573329.153314,38718
2026-05-10T13:00:00+00:00,2324.12,2331.99,2323.28,2329.8,11818.9659,2026-05-10T13:59:59.999000+00:00,27524007.2951,62292
2026-05-10T14:00:00+00:00,2329.8,2335.0,2326.94,2330.9,11780.7508,2026-05-10T14:59:59.999000+00:00,27449997.639329,60578
2026-05-10T15:00:00+00:00,2330.9,2351.66,2330.9,2347.56,22485.3656,2026-05-10T15:59:59.999000+00:00,52629896.685357,139374
2026-05-10T16:00:00+00:00,2347.56,2350.85,2340.11,2350.0,17749.1502,2026-05-10T16:59:59.999000+00:00,41671208.962374,96283
2026-05-10T17:00:00+00:00,2349.99,2368.0,2345.4,2364.1,114535.2366,2026-05-10T17:59:59.999000+00:00,269221554.925236,183246
2026-05-10T18:00:00+00:00,2364.11,2366.79,2356.63,2358.54,11161.528,2026-05-10T18:59:59.999000+00:00,26366068.025043,71144
2026-05-10T19:00:00+00:00,2358.53,2366.79,2351.25,2365.54,10978.6451,2026-05-10T19:59:59.999000+00:00,25927065.774518,81958
2026-05-10T20:00:00+00:00,2365.54,2369.86,2311.83,2328.76,30933.2806,2026-05-10T20:59:59.999000+00:00,72372904.47818,281087
2026-05-10T21:00:00+00:00,2328.76,2336.85,2324.02,2330.8,15363.9227,2026-05-10T21:59:59.999000+00:00,35820451.066678,156445
2026-05-10T22:00:00+00:00,2330.79,2377.64,2327.92,2373.78,33668.5341,2026-05-10T22:59:59.999000+00:00,79450204.614991,340618
2026-05-10T23:00:00+00:00,2373.78,2382.53,2367.95,2371.27,22683.1001,2026-05-10T23:59:59.999000+00:00,53910395.61924,202440
2026-05-11T00:00:00+00:00,2371.26,2374.92,2344.59,2352.35,19323.6984,2026-05-11T00:59:59.999000+00:00,45562327.160893,220691
2026-05-11T01:00:00+00:00,2352.36,2365.58,2345.33,2358.54,9293.8315,2026-05-11T01:59:59.999000+00:00,21915224.801515,155018
2026-05-11T02:00:00+00:00,2358.54,2360.79,2343.38,2345.39,9280.1867,2026-05-11T02:59:59.999000+00:00,21794583.385591,126011
2026-05-11T03:00:00+00:00,2345.4,2345.4,2320.01,2330.56,22426.555,2026-05-11T03:59:59.999000+00:00,52244002.231214,176953
2026-05-11T04:00:00+00:00,2330.56,2335.99,2326.66,2332.85,10862.7775,2026-05-11T04:59:59.999000+00:00,25329497.994669,81509
2026-05-11T05:00:00+00:00,2332.85,2340.49,2332.05,2335.3,9834.6659,2026-05-11T05:59:59.999000+00:00,22974822.67912,61644
2026-05-11T06:00:00+00:00,2335.29,2342.44,2330.05,2333.48,9215.668,2026-05-11T06:59:59.999000+00:00,21529577.845309,73859
2026-05-11T07:00:00+00:00,2333.49,2333.49,2328.25,2330.54,5396.1646,2026-05-11T07:59:59.999000+00:00,12575474.814441,56787
2026-05-11T08:00:00+00:00,2330.55,2334.66,2326.66,2330.48,7149.0202,2026-05-11T08:59:59.999000+00:00,16666158.853856,76466
2026-05-11T09:00:00+00:00,2330.48,2338.61,2330.26,2336.08,4110.1503,2026-05-11T09:59:59.999000+00:00,9599254.970512,57588
2026-05-11T10:00:00+00:00,2336.07,2339.9,2329.93,2329.94,5470.2846,2026-05-11T10:59:59.999000+00:00,12775754.036281,68891
2026-05-11T11:00:00+00:00,2329.93,2335.8,2327.43,2335.8,4609.631,2026-05-11T11:59:59.999000+00:00,10754554.443446,59745
2026-05-11T12:00:00+00:00,2335.8,2338.89,2328.79,2329.5,7140.9535,2026-05-11T12:59:59.999000+00:00,16663887.387665,92722
2026-05-11T13:00:00+00:00,2329.51,2332.86,2314.77,2322.32,15820.0073,2026-05-11T13:59:59.999000+00:00,36752625.322362,185730
2026-05-11T14:00:00+00:00,2322.31,2328.8,2304.0,2316.48,18307.6063,2026-05-11T14:59:59.999000+00:00,42391952.797077,225113
2026-05-11T15:00:00+00:00,2316.48,2335.6,2313.4,2333.48,13019.6586,2026-05-11T15:59:59.999000+00:00,30299587.697667,160383
2026-05-11T16:00:00+00:00,2333.48,2341.21,2327.38,2329.78,15011.5399,2026-05-11T16:59:59.999000+00:00,35063767.039356,172499
2026-05-11T17:00:00+00:00,2329.79,2343.83,2323.68,2336.71,10465.5371,2026-05-11T17:59:59.999000+00:00,24411851.681654,111209
2026-05-11T18:00:00+00:00,2336.71,2344.35,2334.55,2335.35,10798.4289,2026-05-11T18:59:59.999000+00:00,25271486.005265,94084
2026-05-11T19:00:00+00:00,2335.35,2344.0,2331.92,2340.43,7110.3587,2026-05-11T19:59:59.999000+00:00,16631705.812276,79377
2026-05-11T20:00:00+00:00,2340.44,2345.44,2336.27,2338.15,7593.5702,2026-05-11T20:59:59.999000+00:00,17768348.435772,78928
2026-05-11T21:00:00+00:00,2338.16,2342.49,2336.36,2340.71,5121.3253,2026-05-11T21:59:59.999000+00:00,11981546.882765,57670
2026-05-11T22:00:00+00:00,2340.71,2345.68,2336.63,2341.43,5867.5676,2026-05-11T22:59:59.999000+00:00,13738159.364784,69970
2026-05-11T23:00:00+00:00,2341.43,2342.23,2335.08,2339.87,3732.8681,2026-05-11T23:59:59.999000+00:00,8731912.609433,51746
2026-05-12T00:00:00+00:00,2339.88,2340.85,2332.13,2333.54,5083.8958,2026-05-12T00:59:59.999000+00:00,11873743.972033,68984
2026-05-12T01:00:00+00:00,2333.54,2335.66,2295.01,2311.41,27250.3484,2026-05-12T01:59:59.999000+00:00,62985980.881283,227497
2026-05-12T02:00:00+00:00,2311.4,2317.0,2307.2,2315.89,8716.197,2026-05-12T02:59:59.999000+00:00,20159087.834224,85533
2026-05-12T03:00:00+00:00,2315.89,2317.31,2307.2,2309.37,5742.0484,2026-05-12T03:59:59.999000+00:00,13276370.156972,60491
2026-05-12T04:00:00+00:00,2309.36,2314.49,2305.65,2310.92,5344.5111,2026-05-12T04:59:59.999000+00:00,12349072.341553,41814
2026-05-12T05:00:00+00:00,2310.92,2314.08,2309.74,2310.12,6159.8859,2026-05-12T05:59:59.999000+00:00,14240763.386333,35706
2026-05-12T06:00:00+00:00,2310.13,2313.84,2302.63,2303.89,8109.0135,2026-05-12T06:59:59.999000+00:00,18715669.763651,59751
2026-05-12T07:00:00+00:00,2303.9,2304.82,2291.63,2295.2,15768.3022,2026-05-12T07:59:59.999000+00:00,36246126.746321,95861
2026-05-12T08:00:00+00:00,2295.2,2296.27,2280.0,2288.01,25800.4316,2026-05-12T08:59:59.999000+00:00,59033653.747479,133264
2026-05-12T09:00:00+00:00,2288.0,2295.3,2281.1,2292.84,11101.2573,2026-05-12T09:59:59.999000+00:00,25386705.562598,84892
2026-05-12T10:00:00+00:00,2292.84,2293.88,2281.42,2286.2,14416.2819,2026-05-12T10:59:59.999000+00:00,32959155.622563,79412
2026-05-12T11:00:00+00:00,2286.21,2287.09,2278.57,2287.01,9074.8274,2026-05-12T11:59:59.999000+00:00,20722649.915559,102041
2026-05-12T12:00:00+00:00,2287.02,2294.01,2281.14,2288.97,10709.2451,2026-05-12T12:59:59.999000+00:00,24500353.252078,144585
2026-05-12T13:00:00+00:00,2288.97,2292.51,2268.88,2271.99,17980.8557,2026-05-12T13:59:59.999000+00:00,40993019.500853,229234
2026-05-12T14:00:00+00:00,2271.99,2281.89,2262.37,2269.18,18461.4051,2026-05-12T14:59:59.999000+00:00,41949082.044257,251894
2026-05-12T15:00:00+00:00,2269.18,2274.38,2256.67,2261.85,16513.7723,2026-05-12T15:59:59.999000+00:00,37378596.795315,203062
2026-05-12T16:00:00+00:00,2261.86,2271.24,2256.27,2263.83,11372.9998,2026-05-12T16:59:59.999000+00:00,25747857.65896,161576
2026-05-12T17:00:00+00:00,2263.83,2278.0,2263.83,2276.59,6397.2953,2026-05-12T17:59:59.999000+00:00,14541177.688252,97766
2026-05-12T18:00:00+00:00,2276.6,2284.6,2274.67,2279.3,6729.2104,2026-05-12T18:59:59.999000+00:00,15337931.065531,79823
2026-05-12T19:00:00+00:00,2279.31,2287.43,2279.15,2285.09,5237.4283,2026-05-12T19:59:59.999000+00:00,11963318.216944,69778
2026-05-12T20:00:00+00:00,2285.1,2287.39,2281.32,2285.04,3679.2957,2026-05-12T20:59:59.999000+00:00,8405377.047052,44593
2026-05-12T21:00:00+00:00,2285.05,2287.64,2282.81,2285.4,3407.4166,2026-05-12T21:59:59.999000+00:00,7787457.177838,43095
2026-05-12T22:00:00+00:00,2285.41,2291.37,2282.24,2282.34,4370.6133,2026-05-12T22:59:59.999000+00:00,9995778.507361,61260
2026-05-12T23:00:00+00:00,2282.34,2284.18,2273.88,2274.96,5554.5701,2026-05-12T23:59:59.999000+00:00,12656030.912454,58469
2026-05-13T00:00:00+00:00,2274.97,2286.79,2273.34,2281.56,4782.3535,2026-05-13T00:59:59.999000+00:00,10911891.254264,87489
2026-05-13T01:00:00+00:00,2281.56,2295.29,2280.99,2289.98,8336.9621,2026-05-13T01:59:59.999000+00:00,19094882.219633,118169
2026-05-13T02:00:00+00:00,2289.99,2299.89,2286.96,2293.99,6723.5922,2026-05-13T02:59:59.999000+00:00,15425271.314402,88675
2026-05-13T03:00:00+00:00,2293.99,2303.77,2292.44,2301.77,5786.8043,2026-05-13T03:59:59.999000+00:00,13301837.301082,76347
2026-05-13T04:00:00+00:00,2301.76,2309.0,2298.47,2306.67,5667.6991,2026-05-13T04:59:59.999000+00:00,13056613.997716,66128
2026-05-13T05:00:00+00:00,2306.68,2307.48,2295.63,2297.76,6007.4738,2026-05-13T05:59:59.999000+00:00,13826723.145033,47726
2026-05-13T06:00:00+00:00,2297.77,2305.13,2297.26,2301.84,4402.6754,2026-05-13T06:59:59.999000+00:00,10137685.860008,49011
2026-05-13T07:00:00+00:00,2301.84,2303.03,2296.95,2301.07,4164.7597,2026-05-13T07:59:59.999000+00:00,9577542.977442,41774
2026-05-13T08:00:00+00:00,2301.07,2316.96,2300.73,2316.64,11302.729,2026-05-13T08:59:59.999000+00:00,26103563.938316,88020
2026-05-13T09:00:00+00:00,2316.65,2323.36,2314.45,2321.19,12175.5618,2026-05-13T09:59:59.999000+00:00,28246576.721551,77088
2026-05-13T10:00:00+00:00,2321.18,2321.6,2305.55,2308.46,7214.562,2026-05-13T10:59:59.999000+00:00,16681091.635877,69442
2026-05-13T11:00:00+00:00,2308.46,2308.91,2299.0,2301.82,8961.8603,2026-05-13T11:59:59.999000+00:00,20639693.837158,99884
2026-05-13T12:00:00+00:00,2301.83,2307.54,2270.01,2284.35,21804.2465,2026-05-13T12:59:59.999000+00:00,49851597.662764,220286
2026-05-13T13:00:00+00:00,2284.35,2288.31,2258.51,2262.8,25468.6809,2026-05-13T13:59:59.999000+00:00,57825809.133501,201349
2026-05-13T14:00:00+00:00,2262.8,2270.97,2251.05,2267.39,23727.9378,2026-05-13T14:59:59.999000+00:00,53692991.956532,138193
2026-05-13T15:00:00+00:00,2267.39,2270.25,2234.13,2236.49,30418.8782,2026-05-13T15:59:59.999000+00:00,68427499.608908,178651
2026-05-13T16:00:00+00:00,2236.48,2253.35,2235.48,2250.75,23968.6256,2026-05-13T16:59:59.999000+00:00,53793061.211313,123038
2026-05-13T17:00:00+00:00,2250.75,2261.77,2250.75,2258.31,9344.9691,2026-05-13T17:59:59.999000+00:00,21091321.726852,70121
2026-05-13T18:00:00+00:00,2258.32,2268.49,2258.32,2259.68,14360.4409,2026-05-13T18:59:59.999000+00:00,32508952.326272,75000
2026-05-13T19:00:00+00:00,2259.67,2260.71,2250.56,2256.53,7585.2544,2026-05-13T19:59:59.999000+00:00,17108366.368051,59283
2026-05-13T20:00:00+00:00,2256.53,2264.46,2256.43,2263.75,4878.8697,2026-05-13T20:59:59.999000+00:00,11027543.276303,37703
2026-05-13T21:00:00+00:00,2263.76,2264.07,2253.7,2255.79,3683.1732,2026-05-13T21:59:59.999000+00:00,8313398.040208,39167
2026-05-13T22:00:00+00:00,2255.8,2260.55,2251.0,2259.6,4213.4589,2026-05-13T22:59:59.999000+00:00,9503010.512846,51535
2026-05-13T23:00:00+00:00,2259.59,2261.79,2254.83,2258.65,3474.1615,2026-05-13T23:59:59.999000+00:00,7847776.395846,41521
2026-05-14T00:00:00+00:00,2258.66,2269.37,2258.14,2266.58,6486.757,2026-05-14T00:59:59.999000+00:00,14696989.330866,76842
2026-05-14T01:00:00+00:00,2266.58,2269.37,2259.9,2264.91,4348.5964,2026-05-14T01:59:59.999000+00:00,9848223.714694,74245
2026-05-14T02:00:00+00:00,2264.9,2266.75,2247.71,2251.53,8195.2617,2026-05-14T02:59:59.999000+00:00,18516751.662768,77284
2026-05-14T03:00:00+00:00,2251.54,2255.0,2238.64,2242.14,9365.1462,2026-05-14T03:59:59.999000+00:00,21027677.670569,135947
2026-05-14T04:00:00+00:00,2242.14,2258.25,2239.54,2256.7,5139.3202,2026-05-14T04:59:59.999000+00:00,11573317.327876,63985
2026-05-14T05:00:00+00:00,2256.69,2273.71,2255.53,2268.44,10348.163,2026-05-14T05:59:59.999000+00:00,23435916.810265,95075
2026-05-14T06:00:00+00:00,2268.44,2275.2,2266.86,2267.71,8095.9777,2026-05-14T06:59:59.999000+00:00,18385282.6513,75696
2026-05-14T07:00:00+00:00,2267.72,2270.79,2263.88,2265.48,5020.0728,2026-05-14T07:59:59.999000+00:00,11384964.278469,51095
2026-05-14T08:00:00+00:00,2265.49,2270.99,2262.05,2266.36,7411.1537,2026-05-14T08:59:59.999000+00:00,16800379.580159,59227
2026-05-14T09:00:00+00:00,2266.35,2267.72,2252.76,2257.8,8310.4377,2026-05-14T09:59:59.999000+00:00,18784676.686169,76573
2026-05-14T10:00:00+00:00,2257.8,2265.51,2255.84,2262.14,7115.7591,2026-05-14T10:59:59.999000+00:00,16089879.473615,80787
2026-05-14T11:00:00+00:00,2262.13,2264.0,2252.53,2253.81,8187.7599,2026-05-14T11:59:59.999000+00:00,18479610.29347,72815
2026-05-14T12:00:00+00:00,2253.81,2263.24,2248.0,2261.48,8236.3744,2026-05-14T12:59:59.999000+00:00,18584335.954448,101965
2026-05-14T13:00:00+00:00,2261.48,2265.32,2248.43,2249.42,15476.0602,2026-05-14T13:59:59.999000+00:00,34937176.457468,200004
2026-05-14T14:00:00+00:00,2249.42,2289.0,2246.13,2286.99,22674.6006,2026-05-14T14:59:59.999000+00:00,51511942.651411,270672
2026-05-14T15:00:00+00:00,2287.0,2299.7,2280.63,2298.48,22364.7492,2026-05-14T15:59:59.999000+00:00,51206716.808978,204381
2026-05-14T16:00:00+00:00,2298.48,2318.66,2293.96,2316.36,28595.7539,2026-05-14T16:59:59.999000+00:00,65938238.550022,250073
2026-05-14T17:00:00+00:00,2316.35,2319.33,2296.57,2308.18,20630.7928,2026-05-14T17:59:59.999000+00:00,47621166.062352,245246
2026-05-14T18:00:00+00:00,2308.17,2316.78,2303.0,2309.63,11885.1714,2026-05-14T18:59:59.999000+00:00,27471219.692692,122356
2026-05-14T19:00:00+00:00,2309.64,2312.22,2297.5,2298.34,10168.4499,2026-05-14T19:59:59.999000+00:00,23420738.586001,105489
2026-05-14T20:00:00+00:00,2298.34,2301.43,2288.7,2298.08,8543.8195,2026-05-14T20:59:59.999000+00:00,19597729.074634,91649
2026-05-14T21:00:00+00:00,2298.08,2300.27,2290.0,2297.19,6869.1293,2026-05-14T21:59:59.999000+00:00,15769403.499381,61260
2026-05-14T22:00:00+00:00,2297.2,2301.67,2295.2,2298.16,4426.4912,2026-05-14T22:59:59.999000+00:00,10173315.044262,59129
2026-05-14T23:00:00+00:00,2298.16,2298.16,2280.18,2283.25,8785.0381,2026-05-14T23:59:59.999000+00:00,20113056.735551,78612
2026-05-15T00:00:00+00:00,2283.26,2300.29,2281.78,2291.39,9357.0866,2026-05-15T00:59:59.999000+00:00,21433842.813917,119172
2026-05-15T01:00:00+00:00,2291.39,2294.74,2274.06,2275.45,14053.4348,2026-05-15T01:59:59.999000+00:00,32093708.586177,129530
2026-05-15T02:00:00+00:00,2275.46,2279.26,2260.45,2276.37,21187.1974,2026-05-15T02:59:59.999000+00:00,48087551.787995,167740
2026-05-15T03:00:00+00:00,2276.37,2279.64,2267.98,2273.34,12349.3,2026-05-15T03:59:59.999000+00:00,28075451.625884,82915
2026-05-15T04:00:00+00:00,2273.35,2273.91,2262.74,2263.33,5390.7915,2026-05-15T04:59:59.999000+00:00,12227413.536069,72287
2026-05-15T05:00:00+00:00,2263.33,2267.0,2237.95,2245.41,25297.9003,2026-05-15T05:59:59.999000+00:00,56916319.260713,190274
2026-05-15T06:00:00+00:00,2245.4,2256.92,2243.8,2255.35,8254.6943,2026-05-15T06:59:59.999000+00:00,18582805.247382,97395
2026-05-15T07:00:00+00:00,2255.36,2271.64,2253.63,2265.11,11363.6377,2026-05-15T07:59:59.999000+00:00,25732894.796833,90084
2026-05-15T08:00:00+00:00,2265.11,2265.42,2250.0,2257.56,10928.0066,2026-05-15T08:59:59.999000+00:00,24668468.715352,109589
2026-05-15T09:00:00+00:00,2257.56,2260.0,2250.82,2254.5,5542.7633,2026-05-15T09:59:59.999000+00:00,12500424.172039,85415
2026-05-15T10:00:00+00:00,2254.5,2264.49,2252.35,2262.44,7868.504,2026-05-15T10:59:59.999000+00:00,17768064.679125,94920
2026-05-15T11:00:00+00:00,2262.44,2263.95,2257.26,2257.57,6432.378,2026-05-15T11:59:59.999000+00:00,14535738.693068,58824
2026-05-15T12:00:00+00:00,2257.56,2260.72,2251.14,2254.29,7355.9121,2026-05-15T12:59:59.999000+00:00,16591278.578965,92007
2026-05-15T13:00:00+00:00,2254.29,2254.29,2210.31,2213.68,42412.9939,2026-05-15T13:59:59.999000+00:00,94582856.39288,407955
2026-05-15T14:00:00+00:00,2213.69,2223.79,2205.11,2213.35,36623.717,2026-05-15T14:59:59.999000+00:00,81078949.202559,368852
2026-05-15T15:00:00+00:00,2213.35,2223.96,2209.79,2222.85,11937.2392,2026-05-15T15:59:59.999000+00:00,26467640.61299,180391
2026-05-15T16:00:00+00:00,2222.86,2231.11,2218.9,2224.59,11576.2953,2026-05-15T16:59:59.999000+00:00,25753772.490606,128623
2026-05-15T17:00:00+00:00,2224.59,2232.88,2224.26,2229.47,8834.4347,2026-05-15T17:59:59.999000+00:00,19685729.055962,93200
2026-05-15T18:00:00+00:00,2229.47,2232.86,2224.97,2228.36,6715.7959,2026-05-15T18:59:59.999000+00:00,14967878.560841,99202
2026-05-15T19:00:00+00:00,2228.35,2228.42,2222.27,2223.35,5728.0131,2026-05-15T19:59:59.999000+00:00,12744214.691978,83149
2026-05-15T20:00:00+00:00,2223.35,2226.13,2216.99,2220.14,6208.4965,2026-05-15T20:59:59.999000+00:00,13790929.908183,76649
2026-05-15T21:00:00+00:00,2220.13,2225.08,2215.0,2216.99,5279.6243,2026-05-15T21:59:59.999000+00:00,11720595.588888,63949
2026-05-15T22:00:00+00:00,2217.0,2225.01,2216.99,2224.18,5017.0896,2026-05-15T22:59:59.999000+00:00,11151116.037934,45113
2026-05-15T23:00:00+00:00,2224.18,2226.29,2222.88,2224.66,2821.2446,2026-05-15T23:59:59.999000+00:00,6276227.875978,40073
2026-05-16T00:00:00+00:00,2224.65,2231.51,2223.81,2227.0,3301.8064,2026-05-16T00:59:59.999000+00:00,7357569.464365,44128
2026-05-16T01:00:00+00:00,2226.99,2230.85,2223.53,2229.62,2980.2852,2026-05-16T01:59:59.999000+00:00,6637471.673097,50694
2026-05-16T02:00:00+00:00,2229.62,2231.5,2227.0,2229.91,2565.1592,2026-05-16T02:59:59.999000+00:00,5718943.893914,40202
2026-05-16T03:00:00+00:00,2229.91,2230.64,2227.11,2228.01,2329.581,2026-05-16T03:59:59.999000+00:00,5193681.864051,30319
2026-05-16T04:00:00+00:00,2228.0,2228.96,2218.35,2225.98,4171.0714,2026-05-16T04:59:59.999000+00:00,9275084.566939,46542
2026-05-16T05:00:00+00:00,2225.99,2227.13,2222.69,2225.37,2311.4552,2026-05-16T05:59:59.999000+00:00,5144305.631822,32976
2026-05-16T06:00:00+00:00,2225.38,2226.89,2209.7,2215.45,8055.167,2026-05-16T06:59:59.999000+00:00,17866106.51384,88357
2026-05-16T07:00:00+00:00,2215.46,2215.81,2182.0,2194.81,38322.888,2026-05-16T07:59:59.999000+00:00,84052736.349344,246083
2026-05-16T08:00:00+00:00,2194.81,2196.87,2192.01,2193.26,6028.1463,2026-05-16T08:59:59.999000+00:00,13229698.420452,55773
2026-05-16T09:00:00+00:00,2193.26,2193.85,2162.6,2173.57,27888.7843,2026-05-16T09:59:59.999000+00:00,60639159.614122,208851
2026-05-16T10:00:00+00:00,2173.57,2175.0,2162.55,2173.85,18882.4485,2026-05-16T10:59:59.999000+00:00,40978125.646955,126254
2026-05-16T11:00:00+00:00,2173.85,2181.0,2173.85,2176.1,13389.521,2026-05-16T11:59:59.999000+00:00,29163346.666814,64286
2026-05-16T12:00:00+00:00,2176.11,2179.26,2173.18,2176.5,8013.1897,2026-05-16T12:59:59.999000+00:00,17438601.999907,50242
2026-05-16T13:00:00+00:00,2176.5,2180.0,2172.3,2177.12,8775.7986,2026-05-16T13:59:59.999000+00:00,19097257.44511,58301
2026-05-16T14:00:00+00:00,2177.12,2188.16,2173.51,2179.93,11130.7609,2026-05-16T14:59:59.999000+00:00,24244076.969896,77598
2026-05-16T15:00:00+00:00,2179.92,2183.79,2176.9,2180.0,10245.234,2026-05-16T15:59:59.999000+00:00,22339180.343837,57395
2026-05-16T16:00:00+00:00,2180.0,2183.52,2170.5,2174.11,13727.5761,2026-05-16T16:59:59.999000+00:00,29874464.642068,70549
2026-05-16T17:00:00+00:00,2174.11,2180.79,2174.11,2178.91,3445.3575,2026-05-16T17:59:59.999000+00:00,7503786.854409,33672
2026-05-16T18:00:00+00:00,2178.91,2185.22,2176.36,2181.35,3877.5329,2026-05-16T18:59:59.999000+00:00,8453982.29217,32837
2026-05-16T19:00:00+00:00,2181.35,2182.77,2179.23,2179.57,2125.662,2026-05-16T19:59:59.999000+00:00,4635704.810076,24596
2026-05-16T20:00:00+00:00,2179.57,2182.9,2179.57,2181.45,1871.6178,2026-05-16T20:59:59.999000+00:00,4083090.881751,24351
2026-05-16T21:00:00+00:00,2181.45,2183.54,2180.94,2182.39,1877.715,2026-05-16T21:59:59.999000+00:00,4097707.718603,23733
2026-05-16T22:00:00+00:00,2182.39,2183.28,2179.77,2180.47,1852.3298,2026-05-16T22:59:59.999000+00:00,4040830.26645,27488
2026-05-16T23:00:00+00:00,2180.46,2183.03,2179.35,2180.77,2119.4883,2026-05-16T23:59:59.999000+00:00,4623032.537354,26656
2026-05-17T00:00:00+00:00,2180.77,2185.6,2174.08,2177.59,4798.1136,2026-05-17T00:59:59.999000+00:00,10460178.95651,50492
2026-05-17T01:00:00+00:00,2177.6,2183.6,2167.98,2169.18,9613.5951,2026-05-17T01:59:59.999000+00:00,20898683.200882,94540
2026-05-17T02:00:00+00:00,2169.17,2176.25,2169.17,2174.5,3805.4705,2026-05-17T02:59:59.999000+00:00,8271802.045779,54990
2026-05-17T03:00:00+00:00,2174.51,2184.5,2174.26,2181.7,4100.2657,2026-05-17T03:59:59.999000+00:00,8937846.780616,47463
2026-05-17T04:00:00+00:00,2181.71,2190.37,2181.14,2187.61,5607.1694,2026-05-17T04:59:59.999000+00:00,12261057.560826,50649
2026-05-17T05:00:00+00:00,2187.61,2195.0,2185.63,2185.91,4862.8971,2026-05-17T05:59:59.999000+00:00,10648988.403583,41021
2026-05-17T06:00:00+00:00,2185.91,2188.0,2181.7,2185.02,3780.4218,2026-05-17T06:59:59.999000+00:00,8258233.721032,39827
2026-05-17T07:00:00+00:00,2185.02,2188.49,2182.53,2186.64,3050.4999,2026-05-17T07:59:59.999000+00:00,6667758.417292,35967
2026-05-17T08:00:00+00:00,2186.63,2187.06,2183.12,2185.95,2632.7465,2026-05-17T08:59:59.999000+00:00,5752922.959386,26431
2026-05-17T09:00:00+00:00,2185.95,2191.38,2185.91,2190.23,2889.1747,2026-05-17T09:59:59.999000+00:00,6323634.619983,28662
2026-05-17T10:00:00+00:00,2190.22,2198.14,2190.22,2194.28,5616.8575,2026-05-17T10:59:59.999000+00:00,12325766.07812,69029
2026-05-17T11:00:00+00:00,2194.29,2194.72,2188.0,2192.0,4451.9991,2026-05-17T11:59:59.999000+00:00,9755960.717752,47135
2026-05-17T12:00:00+00:00,2192.0,2198.04,2191.34,2194.3,3964.1553,2026-05-17T12:59:59.999000+00:00,8701022.50975,42339
2026-05-17T13:00:00+00:00,2194.3,2194.93,2187.29,2192.12,4823.5227,2026-05-17T13:59:59.999000+00:00,10572034.542789,52269
2026-05-17T14:00:00+00:00,2192.12,2192.39,2178.39,2186.64,6752.4117,2026-05-17T14:59:59.999000+00:00,14755944.467207,89770
2026-05-17T15:00:00+00:00,2186.64,2188.84,2181.2,2186.51,3341.197,2026-05-17T15:59:59.999000+00:00,7302092.506304,53311
2026-05-17T16:00:00+00:00,2186.51,2189.12,2182.15,2182.51,2827.4053,2026-05-17T16:59:59.999000+00:00,6179687.147953,46473
2026-05-17T17:00:00+00:00,2182.52,2184.95,2176.63,2183.67,4289.4198,2026-05-17T17:59:59.999000+00:00,9352734.77309,66516
2026-05-17T18:00:00+00:00,2183.68,2188.5,2179.13,2188.49,2741.364,2026-05-17T18:59:59.999000+00:00,5988290.903038,43154
2026-05-17T19:00:00+00:00,2188.5,2193.62,2187.56,2192.53,2510.046,2026-05-17T19:59:59.999000+00:00,5499020.538265,40779
2026-05-17T20:00:00+00:00,2192.54,2193.68,2186.98,2189.55,2455.0533,2026-05-17T20:59:59.999000+00:00,5375976.972148,30449
2026-05-17T21:00:00+00:00,2189.55,2194.82,2187.24,2191.81,2300.4023,2026-05-17T21:59:59.999000+00:00,5041722.797868,32925
2026-05-17T22:00:00+00:00,2191.8,2191.8,2174.01,2179.69,11039.9188,2026-05-17T22:59:59.999000+00:00,24081133.628226,133844
2026-05-17T23:00:00+00:00,2179.7,2179.7,2091.48,2131.0,72862.7078,2026-05-17T23:59:59.999000+00:00,155164993.279398,420570
2026-05-18T00:00:00+00:00,2131.0,2132.0,2104.99,2115.46,33448.5802,2026-05-18T00:59:59.999000+00:00,70774701.887007,355197
2026-05-18T01:00:00+00:00,2115.47,2121.33,2106.5,2117.54,16339.63,2026-05-18T01:59:59.999000+00:00,34529646.350768,210620
2026-05-18T02:00:00+00:00,2117.54,2124.0,2112.78,2116.64,9170.8986,2026-05-18T02:59:59.999000+00:00,19434174.307072,109963
2026-05-18T03:00:00+00:00,2116.65,2123.91,2115.89,2118.44,7975.8225,2026-05-18T03:59:59.999000+00:00,16904724.175747,89269
2026-05-18T04:00:00+00:00,2118.44,2125.5,2114.24,2124.85,6837.7162,2026-05-18T04:59:59.999000+00:00,14489194.136955,74966
2026-05-18T05:00:00+00:00,2124.85,2125.83,2117.0,2118.25,6453.7777,2026-05-18T05:59:59.999000+00:00,13694366.088451,76384
2026-05-18T06:00:00+00:00,2118.25,2121.0,2110.0,2119.03,9048.749,2026-05-18T06:59:59.999000+00:00,19145377.616014,103638
2026-05-18T07:00:00+00:00,2119.04,2123.99,2112.07,2120.82,9795.7552,2026-05-18T07:59:59.999000+00:00,20760192.040713,85336
2026-05-18T08:00:00+00:00,2120.82,2124.05,2117.48,2121.57,6329.8802,2026-05-18T08:59:59.999000+00:00,13424391.20168,59918
2026-05-18T09:00:00+00:00,2121.57,2121.93,2116.03,2116.88,4262.8506,2026-05-18T09:59:59.999000+00:00,9029010.19535,46534
2026-05-18T10:00:00+00:00,2116.88,2117.59,2112.65,2114.55,6334.9378,2026-05-18T10:59:59.999000+00:00,13400294.588629,61079
2026-05-18T11:00:00+00:00,2114.56,2139.75,2110.5,2133.9,15910.7319,2026-05-18T11:59:59.999000+00:00,33844779.194565,151792
2026-05-18T12:00:00+00:00,2133.9,2157.24,2133.9,2151.01,25623.8435,2026-05-18T12:59:59.999000+00:00,55029775.087568,224058
2026-05-18T13:00:00+00:00,2151.02,2151.41,2120.25,2130.91,25177.8551,2026-05-18T13:59:59.999000+00:00,53733606.4677,300178
2026-05-18T14:00:00+00:00,2130.9,2130.9,2098.01,2110.32,31644.5594,2026-05-18T14:59:59.999000+00:00,66921429.034686,360052
2026-05-18T15:00:00+00:00,2110.32,2111.3,2093.77,2107.48,31279.2744,2026-05-18T15:59:59.999000+00:00,65745486.56711,310951
2026-05-18T16:00:00+00:00,2107.49,2111.19,2090.56,2097.71,18252.3444,2026-05-18T16:59:59.999000+00:00,38341096.842828,208067
2026-05-18T17:00:00+00:00,2097.71,2110.19,2095.33,2108.21,10461.8463,2026-05-18T17:59:59.999000+00:00,22031394.234017,133301
2026-05-18T18:00:00+00:00,2108.21,2109.12,2077.23,2081.32,29604.6277,2026-05-18T18:59:59.999000+00:00,61833168.590132,240798
2026-05-18T19:00:00+00:00,2081.31,2128.49,2079.64,2125.07,35288.4271,2026-05-18T19:59:59.999000+00:00,74442018.201941,374714
2026-05-18T20:00:00+00:00,2125.07,2131.03,2115.01,2117.61,10615.7607,2026-05-18T20:59:59.999000+00:00,22551268.556932,121850
2026-05-18T21:00:00+00:00,2117.62,2142.67,2114.59,2137.38,14324.1322,2026-05-18T21:59:59.999000+00:00,30532967.539433,135235
2026-05-18T22:00:00+00:00,2137.39,2142.57,2130.5,2135.74,12285.9181,2026-05-18T22:59:59.999000+00:00,26255628.547256,89872
2026-05-18T23:00:00+00:00,2135.73,2139.17,2127.75,2130.08,5410.4744,2026-05-18T23:59:59.999000+00:00,11541151.011703,58213
2026-05-19T00:00:00+00:00,2130.08,2146.95,2128.44,2135.88,7752.7733,2026-05-19T00:59:59.999000+00:00,16570928.616165,119518
2026-05-19T01:00:00+00:00,2135.88,2138.4,2123.71,2124.92,8258.8095,2026-05-19T01:59:59.999000+00:00,17590048.413004,147525
2026-05-19T02:00:00+00:00,2124.92,2135.67,2118.6,2123.31,7646.1533,2026-05-19T02:59:59.999000+00:00,16258655.610139,116903
2026-05-19T03:00:00+00:00,2123.3,2134.61,2122.06,2131.3,5007.2946,2026-05-19T03:59:59.999000+00:00,10664610.679894,71933
2026-05-19T04:00:00+00:00,2131.3,2136.65,2128.22,2133.88,4628.4393,2026-05-19T04:59:59.999000+00:00,9871687.752876,64420
2026-05-19T05:00:00+00:00,2133.88,2137.74,2123.61,2135.21,7384.8264,2026-05-19T05:59:59.999000+00:00,15746666.628301,73037
2026-05-19T06:00:00+00:00,2135.21,2140.31,2132.71,2137.52,5544.4231,2026-05-19T06:59:59.999000+00:00,11843699.029957,66096
2026-05-19T07:00:00+00:00,2137.52,2145.0,2135.29,2140.97,7115.4473,2026-05-19T07:59:59.999000+00:00,15228997.389074,74307
2026-05-19T08:00:00+00:00,2140.97,2141.4,2131.01,2133.72,7074.3505,2026-05-19T08:59:59.999000+00:00,15111396.602802,76786
2026-05-19T09:00:00+00:00,2133.72,2134.5,2111.25,2114.49,12094.7932,2026-05-19T09:59:59.999000+00:00,25636391.507389,117683
2026-05-19T10:00:00+00:00,2114.49,2121.96,2106.77,2118.36,10403.7765,2026-05-19T10:59:59.999000+00:00,21994192.342333,121227
2026-05-19T11:00:00+00:00,2118.37,2120.24,2109.22,2110.85,5522.7146,2026-05-19T11:59:59.999000+00:00,11677783.230541,71406
2026-05-19T12:00:00+00:00,2110.85,2119.35,2108.64,2118.49,5822.6555,2026-05-19T12:59:59.999000+00:00,12316956.094562,67763
2026-05-19T13:00:00+00:00,2118.5,2127.53,2107.65,2119.03,17708.0004,2026-05-19T13:59:59.999000+00:00,37487708.051148,219686
2026-05-19T14:00:00+00:00,2119.02,2123.6,2094.47,2106.55,23710.8299,2026-05-19T14:59:59.999000+00:00,49963798.765925,296794
2026-05-19T15:00:00+00:00,2106.54,2113.42,2103.58,2110.19,8637.8522,2026-05-19T15:59:59.999000+00:00,18220120.523005,136260
2026-05-19T16:00:00+00:00,2110.2,2122.45,2107.12,2121.12,6845.5703,2026-05-19T16:59:59.999000+00:00,14471514.460709,104092
2026-05-19T17:00:00+00:00,2121.11,2125.07,2112.92,2115.75,6373.8264,2026-05-19T17:59:59.999000+00:00,13509185.265269,75676
2026-05-19T18:00:00+00:00,2115.75,2119.62,2110.74,2115.28,5018.4948,2026-05-19T18:59:59.999000+00:00,10618282.772534,54852
2026-05-19T19:00:00+00:00,2115.27,2123.16,2110.14,2113.15,6436.9705,2026-05-19T19:59:59.999000+00:00,13617929.864655,69025
2026-05-19T20:00:00+00:00,2113.14,2118.82,2112.41,2118.39,2362.188,2026-05-19T20:59:59.999000+00:00,4999556.518972,28788
2026-05-19T21:00:00+00:00,2118.38,2120.59,2116.69,2116.97,3414.5351,2026-05-19T21:59:59.999000+00:00,7235069.358199,41479
2026-05-19T22:00:00+00:00,2116.97,2116.97,2102.09,2106.4,7180.9732,2026-05-19T22:59:59.999000+00:00,15138510.16483,78955
2026-05-19T23:00:00+00:00,2106.4,2118.68,2104.66,2111.93,4999.3771,2026-05-19T23:59:59.999000+00:00,10564646.213021,62754
2026-05-20T00:00:00+00:00,2111.93,2115.95,2103.3,2111.29,5979.5179,2026-05-20T00:59:59.999000+00:00,12612626.61679,107924
2026-05-20T01:00:00+00:00,2111.29,2119.24,2103.29,2115.28,6978.7938,2026-05-20T01:59:59.999000+00:00,14728822.983736,135271
2026-05-20T02:00:00+00:00,2115.28,2117.14,2106.01,2109.43,3194.6835,2026-05-20T02:59:59.999000+00:00,6744599.7501,74485
2026-05-20T03:00:00+00:00,2109.42,2116.3,2106.1,2111.6,3161.4843,2026-05-20T03:59:59.999000+00:00,6675381.457464,56921
2026-05-20T04:00:00+00:00,2111.6,2114.78,2107.3,2113.2,3859.8496,2026-05-20T04:59:59.999000+00:00,8151932.568313,48322
2026-05-20T05:00:00+00:00,2113.2,2130.38,2113.2,2125.63,14210.0076,2026-05-20T05:59:59.999000+00:00,30169783.828505,106800
2026-05-20T06:00:00+00:00,2125.63,2134.41,2125.62,2133.75,10055.3538,2026-05-20T06:59:59.999000+00:00,21426022.80492,68331
2026-05-20T07:00:00+00:00,2133.76,2136.5,2128.51,2129.74,6989.0784,2026-05-20T07:59:59.999000+00:00,14906818.551372,54951
2026-05-20T08:00:00+00:00,2129.75,2138.0,2128.87,2131.91,8115.6362,2026-05-20T08:59:59.999000+00:00,17311207.992715,71455
2026-05-20T09:00:00+00:00,2131.91,2133.0,2127.7,2129.36,4337.4143,2026-05-20T09:59:59.999000+00:00,9239595.074705,44844
2026-05-20T10:00:00+00:00,2129.36,2137.02,2129.36,2130.82,4806.969,2026-05-20T10:59:59.999000+00:00,10254376.151104,52608
2026-05-20T11:00:00+00:00,2130.82,2132.24,2124.28,2128.3,4923.4052,2026-05-20T11:59:59.999000+00:00,10477505.644023,41815
2026-05-20T12:00:00+00:00,2128.31,2140.0,2127.02,2134.01,5842.3635,2026-05-20T12:59:59.999000+00:00,12459124.398818,57822
2026-05-20T13:00:00+00:00,2134.02,2135.73,2115.69,2120.61,16409.0609,2026-05-20T13:59:59.999000+00:00,34847093.725049,174683
2026-05-20T14:00:00+00:00,2120.62,2139.63,2113.87,2135.25,19511.9975,2026-05-20T14:59:59.999000+00:00,41576290.981729,268545
2026-05-20T15:00:00+00:00,2135.24,2149.0,2129.02,2136.75,17153.5618,2026-05-20T15:59:59.999000+00:00,36710645.157075,201502
2026-05-20T16:00:00+00:00,2136.76,2140.51,2124.1,2135.46,9337.6279,2026-05-20T16:59:59.999000+00:00,19921071.656458,141203
2026-05-20T17:00:00+00:00,2135.46,2148.77,2132.14,2140.5,10779.1126,2026-05-20T17:59:59.999000+00:00,23087202.940054,124288
2026-05-20T18:00:00+00:00,2140.5,2140.95,2131.3,2132.1,6023.4487,2026-05-20T18:59:59.999000+00:00,12868900.191376,79644
2026-05-20T19:00:00+00:00,2132.1,2141.45,2129.11,2139.12,6015.4748,2026-05-20T19:59:59.999000+00:00,12850873.28756,77857
2026-05-20T20:00:00+00:00,2139.12,2140.76,2129.51,2135.93,4957.8493,2026-05-20T20:59:59.999000+00:00,10589745.731461,81841
2026-05-20T21:00:00+00:00,2135.92,2138.59,2130.61,2130.62,3046.6187,2026-05-20T21:59:59.999000+00:00,6501108.764758,39135
2026-05-20T22:00:00+00:00,2130.61,2130.61,2118.45,2128.32,9689.7947,2026-05-20T22:59:59.999000+00:00,20578612.586418,93926
2026-05-20T23:00:00+00:00,2128.32,2130.37,2122.59,2129.44,3709.19,2026-05-20T23:59:59.999000+00:00,7887431.395933,52332
2026-05-21T00:00:00+00:00,2129.44,2145.32,2128.59,2142.92,7646.4745,2026-05-21T00:59:59.999000+00:00,16342083.383128,97518
2026-05-21T01:00:00+00:00,2142.93,2157.5,2139.31,2141.07,11825.5022,2026-05-21T01:59:59.999000+00:00,25392635.861453,139459
2026-05-21T02:00:00+00:00,2141.08,2148.04,2139.5,2141.5,4768.8843,2026-05-21T02:59:59.999000+00:00,10225558.896983,66524
2026-05-21T03:00:00+00:00,2141.5,2146.85,2140.85,2145.76,3524.1137,2026-05-21T03:59:59.999000+00:00,7556143.769775,39159
2026-05-21T04:00:00+00:00,2145.76,2148.75,2142.7,2145.0,3552.697,2026-05-21T04:59:59.999000+00:00,7622524.553445,40496
2026-05-21T05:00:00+00:00,2145.0,2148.19,2133.21,2136.3,6291.6025,2026-05-21T05:59:59.999000+00:00,13464986.288178,57723
2026-05-21T06:00:00+00:00,2136.31,2138.61,2127.64,2128.57,8597.7098,2026-05-21T06:59:59.999000+00:00,18339955.898868,81372
2026-05-21T07:00:00+00:00,2128.58,2137.0,2124.25,2135.06,8726.5434,2026-05-21T07:59:59.999000+00:00,18590027.691949,74272
2026-05-21T08:00:00+00:00,2135.07,2148.33,2135.01,2138.26,8282.9493,2026-05-21T08:59:59.999000+00:00,17731259.071758,93115
2026-05-21T09:00:00+00:00,2138.26,2140.94,2127.96,2127.98,6582.2796,2026-05-21T09:59:59.999000+00:00,14042006.764883,72598
2026-05-21T10:00:00+00:00,2127.97,2130.09,2110.0,2114.19,19101.5468,2026-05-21T10:59:59.999000+00:00,40483734.2098,174418
2026-05-21T11:00:00+00:00,2114.2,2119.94,2112.17,2115.27,7699.843,2026-05-21T11:59:59.999000+00:00,16295371.783746,83026
2026-05-21T12:00:00+00:00,2115.28,2119.91,2112.1,2117.22,11662.3948,2026-05-21T12:59:59.999000+00:00,24673616.692542,99983
2026-05-21T13:00:00+00:00,2117.22,2124.09,2105.15,2120.46,18106.7457,2026-05-21T13:59:59.999000+00:00,38273420.648374,218427
2026-05-21T14:00:00+00:00,2120.47,2125.59,2110.68,2121.96,14916.7552,2026-05-21T14:59:59.999000+00:00,31616142.025256,188200
2026-05-21T15:00:00+00:00,2121.97,2138.05,2119.44,2132.65,21185.7822,2026-05-21T15:59:59.999000+00:00,45149122.425242,170444
2026-05-21T16:00:00+00:00,2132.64,2136.66,2122.82,2127.79,10087.2837,2026-05-21T16:59:59.999000+00:00,21495790.913019,103244
2026-05-21T17:00:00+00:00,2127.8,2153.75,2126.0,2146.6,23184.4516,2026-05-21T17:59:59.999000+00:00,49682061.409531,252354
2026-05-21T18:00:00+00:00,2146.6,2148.0,2121.79,2126.87,13278.9464,2026-05-21T18:59:59.999000+00:00,28354325.373795,173736
2026-05-21T19:00:00+00:00,2126.87,2145.78,2126.48,2142.83,9421.3256,2026-05-21T19:59:59.999000+00:00,20128481.953401,110657
2026-05-21T20:00:00+00:00,2142.84,2143.46,2137.13,2138.62,5410.5322,2026-05-21T20:59:59.999000+00:00,11579742.657807,51141
2026-05-21T21:00:00+00:00,2138.63,2141.0,2134.21,2135.42,2327.6859,2026-05-21T21:59:59.999000+00:00,4975756.923727,37783
2026-05-21T22:00:00+00:00,2135.43,2136.87,2131.03,2131.85,2748.6672,2026-05-21T22:59:59.999000+00:00,5865083.007588,51006
2026-05-21T23:00:00+00:00,2131.84,2136.77,2127.27,2133.76,3958.3951,2026-05-21T23:59:59.999000+00:00,8444132.740155,49495
2026-05-22T00:00:00+00:00,2133.77,2134.99,2129.28,2129.33,2848.6808,2026-05-22T00:59:59.999000+00:00,6073357.42996,68247
2026-05-22T01:00:00+00:00,2129.32,2137.0,2125.68,2135.88,4953.5599,2026-05-22T01:59:59.999000+00:00,10556034.132001,70643
2026-05-22T02:00:00+00:00,2135.89,2140.01,2134.47,2137.98,3898.7159,2026-05-22T02:59:59.999000+00:00,8332657.604582,64439
2026-05-22T03:00:00+00:00,2137.97,2141.39,2135.29,2137.88,2338.1458,2026-05-22T03:59:59.999000+00:00,4998977.081704,33989
2026-05-22T04:00:00+00:00,2137.89,2141.34,2132.56,2134.0,2394.8956,2026-05-22T04:59:59.999000+00:00,5117130.665439,31738
2026-05-22T05:00:00+00:00,2134.01,2135.95,2127.39,2129.21,4444.6446,2026-05-22T05:59:59.999000+00:00,9475125.923305,48723
2026-05-22T06:00:00+00:00,2129.21,2130.86,2123.95,2125.68,7164.9518,2026-05-22T06:59:59.999000+00:00,15245526.130399,70997
2026-05-22T07:00:00+00:00,2125.68,2132.73,2122.22,2128.7,9430.3708,2026-05-22T07:59:59.999000+00:00,20080160.526431,60202
2026-05-22T08:00:00+00:00,2128.7,2133.34,2119.94,2122.3,14984.4294,2026-05-22T08:59:59.999000+00:00,31864919.069001,88048
2026-05-22T09:00:00+00:00,2122.29,2125.24,2119.18,2123.98,5671.4006,2026-05-22T09:59:59.999000+00:00,12034928.444496,57483
2026-05-22T10:00:00+00:00,2123.97,2125.4,2120.81,2123.0,3014.9443,2026-05-22T10:59:59.999000+00:00,6401985.325894,47750
2026-05-22T11:00:00+00:00,2123.0,2131.01,2120.1,2130.78,7162.4423,2026-05-22T11:59:59.999000+00:00,15229838.470763,62724
2026-05-22T12:00:00+00:00,2130.78,2138.0,2129.31,2134.99,7605.6003,2026-05-22T12:59:59.999000+00:00,16224983.681925,83516
2026-05-22T13:00:00+00:00,2135.0,2135.75,2124.01,2130.23,11944.0865,2026-05-22T13:59:59.999000+00:00,25444649.317639,143600
2026-05-22T14:00:00+00:00,2130.23,2130.23,2112.58,2116.94,15843.862,2026-05-22T14:59:59.999000+00:00,33613767.594685,171362
2026-05-22T15:00:00+00:00,2116.94,2125.49,2112.47,2119.48,6992.4097,2026-05-22T15:59:59.999000+00:00,14818499.110296,111868
2026-05-22T16:00:00+00:00,2119.49,2124.0,2118.11,2122.78,5125.7528,2026-05-22T16:59:59.999000+00:00,10869011.316531,73770
2026-05-22T17:00:00+00:00,2122.78,2130.0,2119.43,2119.6,7899.4339,2026-05-22T17:59:59.999000+00:00,16781627.110397,95564
2026-05-22T18:00:00+00:00,2119.61,2121.57,2084.51,2099.99,21305.3854,2026-05-22T18:59:59.999000+00:00,44776437.180441,183313
2026-05-22T19:00:00+00:00,2099.99,2103.1,2058.0,2065.54,37194.0858,2026-05-22T19:59:59.999000+00:00,77123789.193598,335226
2026-05-22T20:00:00+00:00,2065.54,2078.85,2064.31,2073.4,12942.2036,2026-05-22T20:59:59.999000+00:00,26821080.352399,147684
2026-05-22T21:00:00+00:00,2073.4,2079.59,2071.52,2078.18,5974.9709,2026-05-22T21:59:59.999000+00:00,12400206.89667,74347
2026-05-22T22:00:00+00:00,2078.17,2079.58,2066.55,2072.71,8534.0428,2026-05-22T22:59:59.999000+00:00,17691308.266411,94877
2026-05-22T23:00:00+00:00,2072.72,2077.24,2057.79,2065.85,12114.2393,2026-05-22T23:59:59.999000+00:00,25041251.715623,124108
2026-05-23T00:00:00+00:00,2065.86,2070.61,2053.0,2064.63,21650.6094,2026-05-23T00:59:59.999000+00:00,44673210.151931,188779
2026-05-23T01:00:00+00:00,2064.63,2069.92,2062.67,2068.93,6602.3914,2026-05-23T01:59:59.999000+00:00,13644060.020506,72069
2026-05-23T02:00:00+00:00,2068.93,2070.37,2064.9,2068.52,3598.4243,2026-05-23T02:59:59.999000+00:00,7439686.659787,47422
2026-05-23T03:00:00+00:00,2068.52,2072.0,2068.21,2070.78,3822.1224,2026-05-23T03:59:59.999000+00:00,7912566.766078,37317
2026-05-23T04:00:00+00:00,2070.78,2071.19,2065.55,2067.3,2714.5713,2026-05-23T04:59:59.999000+00:00,5614043.151408,35162
2026-05-23T05:00:00+00:00,2067.29,2068.0,2061.9,2064.85,8142.8652,2026-05-23T05:59:59.999000+00:00,16808688.885357,39950
2026-05-23T06:00:00+00:00,2064.85,2065.81,2060.71,2061.69,6065.7996,2026-05-23T06:59:59.999000+00:00,12511363.983671,39131
2026-05-23T07:00:00+00:00,2061.7,2063.06,2009.3,2028.59,58875.9766,2026-05-23T07:59:59.999000+00:00,119657992.303701,196001
2026-05-23T08:00:00+00:00,2028.58,2032.1,2021.07,2030.32,16144.7589,2026-05-23T08:59:59.999000+00:00,32728828.299628,133903
2026-05-23T09:00:00+00:00,2030.32,2031.0,2027.1,2027.29,5578.0484,2026-05-23T09:59:59.999000+00:00,11318850.553698,57775
2026-05-23T10:00:00+00:00,2027.29,2033.79,2027.11,2031.57,4910.3789,2026-05-23T10:59:59.999000+00:00,9970099.626575,38453
2026-05-23T11:00:00+00:00,2031.56,2036.01,2030.84,2031.48,7692.1854,2026-05-23T11:59:59.999000+00:00,15637150.672699,44656
2026-05-23T12:00:00+00:00,2031.48,2032.07,2027.35,2031.07,7207.2526,2026-05-23T12:59:59.999000+00:00,14632772.843676,44652
2026-05-23T13:00:00+00:00,2031.08,2046.1,2031.07,2044.89,17647.3733,2026-05-23T13:59:59.999000+00:00,36023827.049301,117081
2026-05-23T14:00:00+00:00,2044.88,2065.32,2041.12,2061.64,16621.2621,2026-05-23T14:59:59.999000+00:00,34098032.042546,129869
2026-05-23T15:00:00+00:00,2061.64,2068.68,2055.67,2060.27,13114.3801,2026-05-23T15:59:59.999000+00:00,27042013.365791,123027
2026-05-23T16:00:00+00:00,2060.27,2065.0,2057.25,2061.65,6913.4983,2026-05-23T16:59:59.999000+00:00,14250356.99243,76658
2026-05-23T17:00:00+00:00,2061.66,2065.87,2059.28,2063.98,5547.0071,2026-05-23T17:59:59.999000+00:00,11442078.490872,62760
2026-05-23T18:00:00+00:00,2063.98,2083.64,2063.74,2074.27,14900.8683,2026-05-23T18:59:59.999000+00:00,30932772.44405,155429
2026-05-23T19:00:00+00:00,2074.27,2081.0,2069.86,2077.33,12501.0114,2026-05-23T19:59:59.999000+00:00,25963221.231025,72837
2026-05-23T20:00:00+00:00,2077.34,2147.0,2074.84,2146.3,60046.9253,2026-05-23T20:59:59.999000+00:00,127200977.989371,427849
2026-05-23T21:00:00+00:00,2146.3,2149.95,2106.27,2116.84,33582.9836,2026-05-23T21:59:59.999000+00:00,71408083.546381,295858
2026-05-23T22:00:00+00:00,2116.84,2120.28,2102.65,2116.83,10882.3546,2026-05-23T22:59:59.999000+00:00,22991111.408295,128684
2026-05-23T23:00:00+00:00,2116.84,2121.84,2114.42,2117.68,5783.1804,2026-05-23T23:59:59.999000+00:00,12251910.099015,76410
2026-05-24T00:00:00+00:00,2117.69,2121.5,2113.1,2119.45,5265.7351,2026-05-24T00:59:59.999000+00:00,11149415.435966,72220
2026-05-24T01:00:00+00:00,2119.45,2125.51,2118.31,2122.56,7831.7549,2026-05-24T01:59:59.999000+00:00,16614376.192551,67199
2026-05-24T02:00:00+00:00,2122.56,2125.45,2118.3,2122.53,8991.5212,2026-05-24T02:59:59.999000+00:00,19084512.067158,62300
2026-05-24T03:00:00+00:00,2122.54,2127.28,2116.74,2119.04,7014.0397,2026-05-24T03:59:59.999000+00:00,14884763.263162,50237
2026-05-24T04:00:00+00:00,2119.05,2123.86,2119.05,2120.21,3367.5072,2026-05-24T04:59:59.999000+00:00,7144684.585655,32959
2026-05-24T05:00:00+00:00,2120.22,2121.39,2113.65,2119.98,8263.4357,2026-05-24T05:59:59.999000+00:00,17495354.831993,44207
2026-05-24T06:00:00+00:00,2119.98,2129.93,2117.6,2128.13,11806.8896,2026-05-24T06:59:59.999000+00:00,25052463.877244,62432
2026-05-24T07:00:00+00:00,2128.13,2129.79,2119.49,2121.01,5025.5155,2026-05-24T07:59:59.999000+00:00,10670248.687354,46493
2026-05-24T08:00:00+00:00,2121.02,2123.23,2119.25,2120.32,3262.6809,2026-05-24T08:59:59.999000+00:00,6919312.03854,35938
2026-05-24T09:00:00+00:00,2120.33,2124.37,2119.05,2123.41,4630.7973,2026-05-24T09:59:59.999000+00:00,9826345.462142,38847
2026-05-24T10:00:00+00:00,2123.42,2132.14,2119.38,2122.35,8124.9584,2026-05-24T10:59:59.999000+00:00,17259599.583736,76221
2026-05-24T11:00:00+00:00,2122.34,2127.82,2122.23,2126.18,4959.7623,2026-05-24T11:59:59.999000+00:00,10541809.561666,56163
2026-05-24T12:00:00+00:00,2126.19,2126.58,2117.32,2119.97,7090.2964,2026-05-24T12:59:59.999000+00:00,15036806.348294,58315
2026-05-24T13:00:00+00:00,2119.97,2121.05,2105.79,2110.14,12698.9415,2026-05-24T13:59:59.999000+00:00,26844880.61151,92580
2026-05-24T14:00:00+00:00,2110.14,2112.52,2079.52,2097.98,28777.9189,2026-05-24T14:59:59.999000+00:00,60288995.293359,243924
2026-05-24T15:00:00+00:00,2097.98,2100.0,2094.14,2095.84,4614.3297,2026-05-24T15:59:59.999000+00:00,9675913.483206,64307
2026-05-24T16:00:00+00:00,2095.83,2109.0,2095.22,2103.62,7393.3302,2026-05-24T16:59:59.999000+00:00,15540566.449071,88959
2026-05-24T17:00:00+00:00,2103.61,2106.68,2101.4,2102.88,3026.1939,2026-05-24T17:59:59.999000+00:00,6367472.207463,51945
2026-05-24T18:00:00+00:00,2102.89,2104.78,2097.8,2099.97,2964.8275,2026-05-24T18:59:59.999000+00:00,6229494.1767,44385
2026-05-24T19:00:00+00:00,2099.97,2102.58,2096.34,2100.87,3005.6502,2026-05-24T19:59:59.999000+00:00,6309596.457694,46627
2026-05-24T20:00:00+00:00,2100.87,2102.11,2091.51,2093.15,7064.4411,2026-05-24T20:59:59.999000+00:00,14799256.628777,66573
2026-05-24T21:00:00+00:00,2093.15,2098.63,2063.0,2070.59,19007.0632,2026-05-24T21:59:59.999000+00:00,39477107.19144,195474
2026-05-24T22:00:00+00:00,2070.59,2099.49,2070.56,2092.37,15066.0813,2026-05-24T22:59:59.999000+00:00,31486034.931738,220007
2026-05-24T23:00:00+00:00,2092.38,2107.0,2091.67,2099.85,8495.0888,2026-05-24T23:59:59.999000+00:00,17833774.358833,109704
2026-05-25T00:00:00+00:00,2099.86,2109.4,2099.7,2104.95,5423.3103,2026-05-25T00:59:59.999000+00:00,11415733.262974,97815
2026-05-25T01:00:00+00:00,2104.96,2107.99,2093.22,2094.13,3994.551,2026-05-25T01:59:59.999000+00:00,8399247.147172,77166
2026-05-25T02:00:00+00:00,2094.13,2113.25,2094.13,2098.35,9625.7439,2026-05-25T02:59:59.999000+00:00,20254627.441554,114528
2026-05-25T03:00:00+00:00,2098.35,2100.0,2092.57,2095.58,5087.5028,2026-05-25T03:59:59.999000+00:00,10664977.471472,71106
2026-05-25T04:00:00+00:00,2095.59,2108.14,2092.26,2105.83,6872.5722,2026-05-25T04:59:59.999000+00:00,14434034.198647,68298
2026-05-25T05:00:00+00:00,2105.83,2111.7,2104.39,2108.22,6681.7523,2026-05-25T05:59:59.999000+00:00,14089489.743503,65394
2026-05-25T06:00:00+00:00,2108.21,2111.42,2099.27,2108.99,13294.3896,2026-05-25T06:59:59.999000+00:00,27982072.970599,85677
2026-05-25T07:00:00+00:00,2109.0,2117.55,2106.5,2116.28,15151.6164,2026-05-25T07:59:59.999000+00:00,31995244.519818,87439
2026-05-25T08:00:00+00:00,2116.29,2117.79,2111.7,2116.82,4505.8336,2026-05-25T08:59:59.999000+00:00,9527409.084388,46483
2026-05-25T09:00:00+00:00,2116.83,2124.1,2116.17,2117.02,6886.8441,2026-05-25T09:59:59.999000+00:00,14596632.828258,71192
2026-05-25T10:00:00+00:00,2117.03,2121.23,2114.86,2117.03,3718.0519,2026-05-25T10:59:59.999000+00:00,7871776.127784,42844
2026-05-25T11:00:00+00:00,2117.02,2120.3,2114.26,2114.95,6556.302,2026-05-25T11:59:59.999000+00:00,13884625.346826,51319
2026-05-25T12:00:00+00:00,2114.95,2119.61,2112.25,2117.34,5452.8587,2026-05-25T12:59:59.999000+00:00,11536978.311035,63016
2026-05-25T13:00:00+00:00,2117.35,2120.0,2114.27,2116.28,4019.1258,2026-05-25T13:59:59.999000+00:00,8505633.358187,51522
2026-05-25T14:00:00+00:00,2116.28,2130.24,2115.77,2128.34,9741.5996,2026-05-25T14:59:59.999000+00:00,20690724.2616,106111
2026-05-25T15:00:00+00:00,2128.35,2138.28,2122.9,2127.12,10474.4014,2026-05-25T15:59:59.999000+00:00,22305027.922894,108773
2026-05-25T16:00:00+00:00,2127.13,2141.98,2125.14,2136.4,7753.0199,2026-05-25T16:59:59.999000+00:00,16530542.112327,89063
2026-05-25T17:00:00+00:00,2136.4,2140.52,2128.24,2128.55,5752.7116,2026-05-25T17:59:59.999000+00:00,12280790.61281,65514
2026-05-25T18:00:00+00:00,2128.54,2133.81,2126.64,2126.85,3516.0069,2026-05-25T18:59:59.999000+00:00,7488309.573716,50791
2026-05-25T19:00:00+00:00,2126.86,2126.86,2116.55,2121.43,6484.7259,2026-05-25T19:59:59.999000+00:00,13760356.96241,70240
2026-05-25T20:00:00+00:00,2121.42,2123.16,2107.38,2108.64,8784.8301,2026-05-25T20:59:59.999000+00:00,18576430.928822,79614
2026-05-25T21:00:00+00:00,2108.64,2113.04,2108.0,2110.9,5923.7284,2026-05-25T21:59:59.999000+00:00,12503541.279022,69262
2026-05-25T22:00:00+00:00,2110.9,2115.68,2102.35,2103.61,7949.3983,2026-05-25T22:59:59.999000+00:00,16762384.02621,103651
2026-05-25T23:00:00+00:00,2103.6,2113.85,2102.62,2113.01,2777.7212,2026-05-25T23:59:59.999000+00:00,5860278.500465,49803
2026-05-26T00:00:00+00:00,2113.01,2113.89,2084.83,2097.75,13327.6678,2026-05-26T00:59:59.999000+00:00,27953423.896711,149515
2026-05-26T01:00:00+00:00,2097.74,2100.5,2088.03,2094.35,8023.9683,2026-05-26T01:59:59.999000+00:00,16801812.734128,123174
2026-05-26T02:00:00+00:00,2094.36,2095.8,2084.79,2088.83,8476.6135,2026-05-26T02:59:59.999000+00:00,17720524.057988,100889
2026-05-26T03:00:00+00:00,2088.83,2093.84,2084.52,2093.12,4866.8481,2026-05-26T03:59:59.999000+00:00,10168343.251573,69377
2026-05-26T04:00:00+00:00,2093.11,2096.45,2088.82,2093.67,3649.155,2026-05-26T04:59:59.999000+00:00,7638930.410017,46556
2026-05-26T05:00:00+00:00,2093.68,2103.65,2092.05,2100.91,5929.0656,2026-05-26T05:59:59.999000+00:00,12440145.897648,53364
2026-05-26T06:00:00+00:00,2100.9,2104.65,2094.78,2101.73,4410.9459,2026-05-26T06:59:59.999000+00:00,9263413.357787,56597
2026-05-26T07:00:00+00:00,2101.73,2102.63,2090.65,2095.61,8948.7941,2026-05-26T07:59:59.999000+00:00,18755771.786134,72964
2026-05-26T08:00:00+00:00,2095.61,2100.14,2095.13,2097.25,4538.5124,2026-05-26T08:59:59.999000+00:00,9522641.405544,43658
2026-05-26T09:00:00+00:00,2097.26,2099.62,2094.1,2096.81,5436.3408,2026-05-26T09:59:59.999000+00:00,11397769.154061,55095
2026-05-26T10:00:00+00:00,2096.8,2137.29,2094.23,2127.56,22774.4048,2026-05-26T10:59:59.999000+00:00,48376054.02972,249898
2026-05-26T11:00:00+00:00,2127.57,2130.6,2118.6,2121.01,11839.3226,2026-05-26T11:59:59.999000+00:00,25139865.940006,104676
2026-05-26T12:00:00+00:00,2121.0,2126.93,2111.01,2126.2,14192.1263,2026-05-26T12:59:59.999000+00:00,30057564.217125,103354
2026-05-26T13:00:00+00:00,2126.2,2131.5,2109.62,2125.3,14084.8761,2026-05-26T13:59:59.999000+00:00,29864978.469679,181814
2026-05-26T14:00:00+00:00,2125.3,2140.49,2105.85,2109.29,33208.6561,2026-05-26T14:59:59.999000+00:00,70524424.613731,333390
2026-05-26T15:00:00+00:00,2109.3,2112.2,2078.75,2087.36,32199.2534,2026-05-26T15:59:59.999000+00:00,67462922.56965,318297
2026-05-26T16:00:00+00:00,2087.36,2089.97,2073.48,2079.56,22306.9078,2026-05-26T16:59:59.999000+00:00,46411846.025932,187848
2026-05-26T17:00:00+00:00,2079.56,2083.84,2055.06,2070.84,23360.5118,2026-05-26T17:59:59.999000+00:00,48310156.294277,230512
2026-05-26T18:00:00+00:00,2070.84,2081.21,2066.8,2068.59,12788.1371,2026-05-26T18:59:59.999000+00:00,26517856.165862,131831
2026-05-26T19:00:00+00:00,2068.6,2076.85,2065.72,2074.29,7453.971,2026-05-26T19:59:59.999000+00:00,15442506.956339,97627
2026-05-26T20:00:00+00:00,2074.3,2078.51,2073.9,2078.35,4902.9555,2026-05-26T20:59:59.999000+00:00,10178635.074328,63855
2026-05-26T21:00:00+00:00,2078.35,2078.78,2069.45,2072.85,5570.4949,2026-05-26T21:59:59.999000+00:00,11559379.625795,62985
2026-05-26T22:00:00+00:00,2072.85,2076.52,2065.98,2068.79,5511.5489,2026-05-26T22:59:59.999000+00:00,11412670.508588,79774
2026-05-26T23:00:00+00:00,2068.79,2076.85,2068.79,2073.77,4752.2318,2026-05-26T23:59:59.999000+00:00,9856729.94743,46656
2026-05-27T00:00:00+00:00,2073.77,2084.23,2073.77,2083.36,6285.9592,2026-05-27T00:59:59.999000+00:00,13068859.123915,73544
2026-05-27T01:00:00+00:00,2083.35,2083.93,2071.86,2074.53,5128.2891,2026-05-27T01:59:59.999000+00:00,10647020.139196,65721
2026-05-27T02:00:00+00:00,2074.53,2076.26,2069.11,2076.26,4885.7176,2026-05-27T02:59:59.999000+00:00,10124316.611053,72813
2026-05-27T03:00:00+00:00,2076.25,2080.0,2068.9,2070.0,5687.0405,2026-05-27T03:59:59.999000+00:00,11798194.4274,67261
2026-05-27T04:00:00+00:00,2070.01,2073.08,2056.31,2072.21,9589.4971,2026-05-27T04:59:59.999000+00:00,19804599.112699,107353
2026-05-27T05:00:00+00:00,2072.21,2079.2,2071.62,2077.37,6758.5665,2026-05-27T05:59:59.999000+00:00,14024822.399537,68451
2026-05-27T06:00:00+00:00,2077.38,2081.46,2075.01,2079.62,5208.1962,2026-05-27T06:59:59.999000+00:00,10825914.337015,63539
2026-05-27T07:00:00+00:00,2079.62,2084.16,2076.07,2083.78,5639.4319,2026-05-27T07:59:59.999000+00:00,11728836.114477,54895
2026-05-27T08:00:00+00:00,2083.77,2096.71,2083.56,2085.05,10820.8954,2026-05-27T08:59:59.999000+00:00,22609594.862059,96089
2026-05-27T09:00:00+00:00,2085.06,2087.78,2078.26,2083.36,6725.0615,2026-05-27T09:59:59.999000+00:00,14006424.958438,75193
2026-05-27T10:00:00+00:00,2083.36,2087.9,2079.47,2079.5,5736.1498,2026-05-27T10:59:59.999000+00:00,11950246.385726,54357
2026-05-27T11:00:00+00:00,2079.51,2085.29,2078.88,2080.55,5464.4491,2026-05-27T11:59:59.999000+00:00,11378569.227329,66206
2026-05-27T12:00:00+00:00,2080.56,2097.4,2073.84,2078.76,16450.2159,2026-05-27T12:59:59.999000+00:00,34294448.870577,172106
2026-05-27T13:00:00+00:00,2078.76,2080.64,2051.96,2064.53,30449.572,2026-05-27T13:59:59.999000+00:00,62808137.124049,314718
2026-05-27T14:00:00+00:00,2064.52,2071.86,2054.84,2062.62,14769.8158,2026-05-27T14:59:59.999000+00:00,30455643.967713,236777
2026-05-27T15:00:00+00:00,2062.62,2079.73,2061.21,2071.38,17352.513,2026-05-27T15:59:59.999000+00:00,35949729.690556,184807
2026-05-27T16:00:00+00:00,2071.39,2074.5,2060.0,2070.15,9732.6873,2026-05-27T16:59:59.999000+00:00,20119440.778114,128191
2026-05-27T17:00:00+00:00,2070.14,2070.3,2044.08,2052.28,18451.103,2026-05-27T17:59:59.999000+00:00,37934142.450765,178186
2026-05-27T18:00:00+00:00,2052.27,2056.92,2043.31,2056.71,9687.1711,2026-05-27T18:59:59.999000+00:00,19864836.75234,151013
2026-05-27T19:00:00+00:00,2056.72,2061.16,2054.42,2057.47,7524.5057,2026-05-27T19:59:59.999000+00:00,15484138.809872,84584
2026-05-27T20:00:00+00:00,2057.47,2066.14,2057.22,2063.29,6848.8096,2026-05-27T20:59:59.999000+00:00,14119578.72307,72059
2026-05-27T21:00:00+00:00,2063.3,2063.3,2016.0,2021.04,27264.0968,2026-05-27T21:59:59.999000+00:00,55394162.236061,280759
2026-05-27T22:00:00+00:00,2021.04,2035.0,2016.27,2025.34,18431.624,2026-05-27T22:59:59.999000+00:00,37357918.034505,245165
2026-05-27T23:00:00+00:00,2025.34,2030.19,2018.17,2024.84,13071.7892,2026-05-27T23:59:59.999000+00:00,26455187.282118,143175
2026-05-28T00:00:00+00:00,2024.83,2029.2,2020.7,2028.23,7260.1374,2026-05-28T00:59:59.999000+00:00,14700940.654543,110056
2026-05-28T01:00:00+00:00,2028.23,2029.2,2012.7,2020.32,11652.5232,2026-05-28T01:59:59.999000+00:00,23540023.643455,183659
2026-05-28T02:00:00+00:00,2020.32,2021.99,2014.77,2017.75,6355.0111,2026-05-28T02:59:59.999000+00:00,12828147.701311,107404
2026-05-28T03:00:00+00:00,2017.75,2020.96,1972.0,1981.55,65339.9056,2026-05-28T03:59:59.999000+00:00,129964128.305577,404466
2026-05-28T04:00:00+00:00,1981.55,1986.39,1967.0,1982.33,29086.9719,2026-05-28T04:59:59.999000+00:00,57552451.106269,241201
2026-05-28T05:00:00+00:00,1982.33,1983.55,1975.66,1978.52,15129.2673,2026-05-28T05:59:59.999000+00:00,29939389.55103,121126
2026-05-28T06:00:00+00:00,1978.52,1984.83,1972.5,1984.07,13330.4358,2026-05-28T06:59:59.999000+00:00,26370977.393301,107143
2026-05-28T07:00:00+00:00,1984.07,1996.78,1982.41,1995.56,17213.7549,2026-05-28T07:59:59.999000+00:00,34289939.601509,94450
2026-05-28T08:00:00+00:00,1995.56,1996.23,1985.0,1988.26,10802.4724,2026-05-28T08:59:59.999000+00:00,21499703.546805,69403
2026-05-28T09:00:00+00:00,1988.27,1995.51,1984.85,1994.04,7182.5251,2026-05-28T09:59:59.999000+00:00,14302734.281377,76364
2026-05-28T10:00:00+00:00,1994.04,1998.4,1988.71,1990.32,8384.457,2026-05-28T10:59:59.999000+00:00,16711884.160225,76164
2026-05-28T11:00:00+00:00,1990.32,1992.72,1986.53,1989.89,6584.4884,2026-05-28T11:59:59.999000+00:00,13101324.057166,63700
2026-05-28T12:00:00+00:00,1989.88,1994.58,1981.57,1991.89,8270.5312,2026-05-28T12:59:59.999000+00:00,16446145.478276,104705
2026-05-28T13:00:00+00:00,1991.88,1995.0,1975.35,1981.55,19736.374,2026-05-28T13:59:59.999000+00:00,39128882.33517,229382
2026-05-28T14:00:00+00:00,1981.55,2002.5,1967.38,1993.62,35350.5205,2026-05-28T14:59:59.999000+00:00,70256303.330338,436728
2026-05-28T15:00:00+00:00,1993.61,1999.4,1983.84,1990.65,12630.7607,2026-05-28T15:59:59.999000+00:00,25154279.551113,189945
2026-05-28T16:00:00+00:00,1990.65,2015.0,1985.22,2013.19,21750.7947,2026-05-28T16:59:59.999000+00:00,43546173.900284,233218
2026-05-28T17:00:00+00:00,2013.18,2027.14,2009.26,2019.51,15166.1217,2026-05-28T17:59:59.999000+00:00,30605348.296346,187631
2026-05-28T18:00:00+00:00,2019.51,2030.0,2018.24,2025.0,12176.7897,2026-05-28T18:59:59.999000+00:00,24652327.93853,143753
2026-05-28T19:00:00+00:00,2025.0,2025.01,2014.04,2014.55,8204.6713,2026-05-28T19:59:59.999000+00:00,16574386.046351,92860
2026-05-28T20:00:00+00:00,2014.54,2020.03,2006.44,2014.11,8782.197,2026-05-28T20:59:59.999000+00:00,17691676.194312,102838
2026-05-28T21:00:00+00:00,2014.12,2024.63,2013.42,2020.17,10806.2659,2026-05-28T21:59:59.999000+00:00,21843471.399102,77377
2026-05-28T22:00:00+00:00,2020.17,2022.9,2005.43,2005.6,6944.6699,2026-05-28T22:59:59.999000+00:00,13969757.008901,94191
2026-05-28T23:00:00+00:00,2005.6,2011.96,2005.6,2009.9,5693.2744,2026-05-28T23:59:59.999000+00:00,11434952.342099,61267
2026-05-29T00:00:00+00:00,2009.89,2017.17,2009.89,2012.46,6280.2971,2026-05-29T00:59:59.999000+00:00,12651978.769579,87082
2026-05-29T01:00:00+00:00,2012.45,2016.47,2005.9,2008.23,4986.0493,2026-05-29T01:59:59.999000+00:00,10022380.726962,84667
2026-05-29T02:00:00+00:00,2008.23,2010.62,1997.24,1999.22,9165.035,2026-05-29T02:59:59.999000+00:00,18368278.946887,103798
2026-05-29T03:00:00+00:00,1999.23,2007.86,1999.23,2002.78,3879.1933,2026-05-29T03:59:59.999000+00:00,7773204.182702,59544
2026-05-29T04:00:00+00:00,2002.79,2008.51,1998.4,2008.51,5655.0947,2026-05-29T04:59:59.999000+00:00,11329068.592138,65554
2026-05-29T05:00:00+00:00,2008.51,2015.3,2008.0,2014.56,6780.8116,2026-05-29T05:59:59.999000+00:00,13640910.423117,67057
2026-05-29T06:00:00+00:00,2014.56,2021.51,2012.17,2018.09,6848.1442,2026-05-29T06:59:59.999000+00:00,13805789.858964,62355
2026-05-29T07:00:00+00:00,2018.09,2019.81,2003.46,2007.62,15125.8677,2026-05-29T07:59:59.999000+00:00,30384483.406046,79063
2026-05-29T08:00:00+00:00,2007.61,2013.91,2005.45,2006.11,12193.2302,2026-05-29T08:59:59.999000+00:00,24504458.310076,60106
2026-05-29T09:00:00+00:00,2006.11,2016.11,2006.11,2014.85,6224.1342,2026-05-29T09:59:59.999000+00:00,12525910.523349,53063
2026-05-29T10:00:00+00:00,2014.84,2014.85,2009.77,2011.1,4438.3405,2026-05-29T10:59:59.999000+00:00,8932678.804766,41384
2026-05-29T11:00:00+00:00,2011.11,2014.29,2002.35,2007.58,5868.3736,2026-05-29T11:59:59.999000+00:00,11786070.198754,64535
2026-05-29T12:00:00+00:00,2007.58,2007.58,1995.1,1999.78,9243.978,2026-05-29T12:59:59.999000+00:00,18494853.307045,110083
2026-05-29T13:00:00+00:00,1999.78,2006.16,1988.14,1999.53,14117.2876,2026-05-29T13:59:59.999000+00:00,28171256.424157,184535
2026-05-29T14:00:00+00:00,1999.53,2004.31,1976.48,2001.84,25392.7096,2026-05-29T14:59:59.999000+00:00,50571854.275031,330971
2026-05-29T15:00:00+00:00,2001.85,2046.59,1999.45,2031.62,52313.7748,2026-05-29T15:59:59.999000+00:00,106120522.716771,461017
2026-05-29T16:00:00+00:00,2031.62,2043.0,2022.24,2040.45,21645.7437,2026-05-29T16:59:59.999000+00:00,44049185.824957,251990
2026-05-29T17:00:00+00:00,2040.46,2044.29,2026.21,2028.27,16364.8231,2026-05-29T17:59:59.999000+00:00,33352002.904682,173178
2026-05-29T18:00:00+00:00,2028.28,2031.64,2006.21,2011.41,20432.864,2026-05-29T18:59:59.999000+00:00,41312006.365735,194223
2026-05-29T19:00:00+00:00,2011.41,2022.2,2005.0,2016.96,8916.9858,2026-05-29T19:59:59.999000+00:00,17970629.300747,125623
2026-05-29T20:00:00+00:00,2016.96,2023.84,2015.0,2018.17,4675.6381,2026-05-29T20:59:59.999000+00:00,9444887.368308,69352
2026-05-29T21:00:00+00:00,2018.17,2023.99,2008.23,2009.4,6797.6334,2026-05-29T21:59:59.999000+00:00,13693000.583421,71481
2026-05-29T22:00:00+00:00,2009.41,2017.24,2007.78,2013.83,7115.9381,2026-05-29T22:59:59.999000+00:00,14320920.732269,61097
2026-05-29T23:00:00+00:00,2013.83,2015.6,2007.0,2014.54,8683.7474,2026-05-29T23:59:59.999000+00:00,17463553.302419,63612
2026-05-30T00:00:00+00:00,2014.54,2016.18,2010.69,2014.74,3128.7283,2026-05-30T00:59:59.999000+00:00,6302113.139864,50612
2026-05-30T01:00:00+00:00,2014.75,2021.55,2013.67,2019.46,4722.8622,2026-05-30T01:59:59.999000+00:00,9534374.109924,50558
2026-05-30T02:00:00+00:00,2019.46,2021.34,2017.12,2021.34,2258.5271,2026-05-30T02:59:59.999000+00:00,4561957.888449,29877
2026-05-30T03:00:00+00:00,2021.34,2023.55,2014.74,2016.83,4535.1738,2026-05-30T03:59:59.999000+00:00,9156263.828513,39002
2026-05-30T04:00:00+00:00,2016.83,2018.44,2002.0,2010.8,8354.4033,2026-05-30T04:59:59.999000+00:00,16777188.446604,81498
2026-05-30T05:00:00+00:00,2010.81,2019.5,2008.02,2015.95,5706.8454,2026-05-30T05:59:59.999000+00:00,11496647.103057,50140
2026-05-30T06:00:00+00:00,2015.95,2020.56,2012.86,2016.98,6091.6475,2026-05-30T06:59:59.999000+00:00,12290739.560611,40706
2026-05-30T07:00:00+00:00,2016.99,2017.88,2013.62,2016.32,2597.7502,2026-05-30T07:59:59.999000+00:00,5235852.967705,24673
2026-05-30T08:00:00+00:00,2016.32,2016.32,2013.92,2014.16,1417.5262,2026-05-30T08:59:59.999000+00:00,2856159.68649,16629
2026-05-30T09:00:00+00:00,2014.16,2017.27,2013.92,2016.79,1604.4006,2026-05-30T09:59:59.999000+00:00,3234008.693151,26268
2026-05-30T10:00:00+00:00,2016.79,2022.0,2016.34,2017.98,4377.4383,2026-05-30T10:59:59.999000+00:00,8840628.768513,28309
2026-05-30T11:00:00+00:00,2017.99,2019.05,2015.19,2017.4,1929.9463,2026-05-30T11:59:59.999000+00:00,3892915.22373,19127
2026-05-30T12:00:00+00:00,2017.4,2020.35,2017.14,2019.86,2239.1744,2026-05-30T12:59:59.999000+00:00,4519865.684306,21515
2026-05-30T13:00:00+00:00,2019.85,2022.77,2017.44,2020.73,3166.302,2026-05-30T13:59:59.999000+00:00,6396355.370575,27641
2026-05-30T14:00:00+00:00,2020.73,2030.62,2020.61,2026.6,10041.3583,2026-05-30T14:59:59.999000+00:00,20353663.966409,92627
2026-05-30T15:00:00+00:00,2026.59,2032.0,2024.2,2026.61,7299.1317,2026-05-30T15:59:59.999000+00:00,14797419.778993,67473
2026-05-30T16:00:00+00:00,2026.63,2028.33,2024.35,2027.09,3401.6208,2026-05-30T16:59:59.999000+00:00,6892615.985966,40134
2026-05-30T17:00:00+00:00,2027.09,2029.01,2019.5,2027.17,5801.7421,2026-05-30T17:59:59.999000+00:00,11742584.591894,59408
2026-05-30T18:00:00+00:00,2027.17,2030.01,2024.56,2027.59,3796.4846,2026-05-30T18:59:59.999000+00:00,7697364.678381,37925
2026-05-30T19:00:00+00:00,2027.59,2029.12,2024.54,2028.76,2670.5739,2026-05-30T19:59:59.999000+00:00,5413057.359082,28401
2026-05-30T20:00:00+00:00,2028.77,2029.68,2025.7,2027.05,4267.5537,2026-05-30T20:59:59.999000+00:00,8650857.895668,24669
2026-05-30T21:00:00+00:00,2027.05,2031.41,2027.05,2028.15,2733.3825,2026-05-30T21:59:59.999000+00:00,5547924.394592,24831
2026-05-30T22:00:00+00:00,2028.15,2028.15,2020.94,2023.57,3637.0175,2026-05-30T22:59:59.999000+00:00,7361173.565256,51169
2026-05-30T23:00:00+00:00,2023.56,2026.1,2020.35,2022.44,2197.9442,2026-05-30T23:59:59.999000+00:00,4445392.172586,36179
2026-05-31T00:00:00+00:00,2022.44,2027.83,2020.83,2027.12,2548.323,2026-05-31T00:59:59.999000+00:00,5158716.230202,39944
2026-05-31T01:00:00+00:00,2027.11,2034.23,2026.85,2029.11,4396.4345,2026-05-31T01:59:59.999000+00:00,8929165.073824,55417
2026-05-31T02:00:00+00:00,2029.11,2038.0,2027.81,2034.36,7789.8701,2026-05-31T02:59:59.999000+00:00,15830202.496944,75805
2026-05-31T03:00:00+00:00,2034.35,2036.88,2032.12,2033.41,2971.7798,2026-05-31T03:59:59.999000+00:00,6046636.148274,40690
2026-05-31T04:00:00+00:00,2033.41,2034.99,2031.27,2033.91,1965.2643,2026-05-31T04:59:59.999000+00:00,3995625.969988,30111
2026-05-31T05:00:00+00:00,2033.9,2033.9,2029.29,2030.18,2805.8879,2026-05-31T05:59:59.999000+00:00,5698623.826066,28399
2026-05-31T06:00:00+00:00,2030.18,2030.93,2028.52,2029.87,2581.656,2026-05-31T06:59:59.999000+00:00,5240230.878428,24269
2026-05-31T07:00:00+00:00,2029.87,2029.87,2022.78,2024.01,3809.267,2026-05-31T07:59:59.999000+00:00,7715268.831479,41641
2026-05-31T08:00:00+00:00,2024.02,2029.11,2022.85,2027.63,6125.52,2026-05-31T08:59:59.999000+00:00,12411955.299461,40922
2026-05-31T09:00:00+00:00,2027.64,2028.6,2018.35,2021.13,5318.3059,2026-05-31T09:59:59.999000+00:00,10768562.435062,45428
2026-05-31T10:00:00+00:00,2021.13,2021.65,2015.34,2021.05,6680.2347,2026-05-31T10:59:59.999000+00:00,13486039.983417,58683
2026-05-31T11:00:00+00:00,2021.05,2024.12,2021.04,2023.27,2875.0791,2026-05-31T11:59:59.999000+00:00,5815315.933174,28198
2026-05-31T12:00:00+00:00,2023.28,2025.16,2019.69,2022.35,3509.0887,2026-05-31T12:59:59.999000+00:00,7097840.412853,33185
2026-05-31T13:00:00+00:00,2022.35,2026.5,2019.78,2020.5,4097.6509,2026-05-31T13:59:59.999000+00:00,8290054.272336,37657
2026-05-31T14:00:00+00:00,2020.5,2021.69,2005.83,2008.06,14507.5503,2026-05-31T14:59:59.999000+00:00,29180686.728761,144208
2026-05-31T15:00:00+00:00,2008.06,2015.22,2007.57,2010.52,7019.6382,2026-05-31T15:59:59.999000+00:00,14118881.817381,67595
2026-05-31T16:00:00+00:00,2010.52,2012.42,1997.72,2002.09,14070.5546,2026-05-31T16:59:59.999000+00:00,28185934.584605,117285
2026-05-31T17:00:00+00:00,2002.09,2007.69,1996.21,2006.0,10508.2552,2026-05-31T17:59:59.999000+00:00,21046512.374978,67674
2026-05-31T18:00:00+00:00,2006.0,2006.07,1999.0,2000.68,7620.5911,2026-05-31T18:59:59.999000+00:00,15258407.454047,45310
2026-05-31T19:00:00+00:00,2000.69,2002.49,1993.75,1999.59,8445.0841,2026-05-31T19:59:59.999000+00:00,16872877.824288,54074
2026-05-31T20:00:00+00:00,1999.58,2008.25,1999.58,2007.09,7603.3129,2026-05-31T20:59:59.999000+00:00,15232530.61175,47385
2026-05-31T21:00:00+00:00,2007.09,2014.28,2005.0,2012.18,11255.7354,2026-05-31T21:59:59.999000+00:00,22618461.737338,99847
2026-05-31T22:00:00+00:00,2012.18,2014.42,2004.47,2012.43,10635.5912,2026-05-31T22:59:59.999000+00:00,21385306.316853,101315
2026-05-31T23:00:00+00:00,2012.43,2023.0,2000.11,2007.01,14594.8209,2026-05-31T23:59:59.999000+00:00,29338008.654647,129277
2026-06-01T00:00:00+00:00,2007.02,2021.5,1997.0,2015.44,31675.1039,2026-06-01T00:59:59.999000+00:00,63701857.896683,176665
2026-06-01T01:00:00+00:00,2015.44,2016.73,1994.12,1994.7,14652.2152,2026-06-01T01:59:59.999000+00:00,29371882.605348,171993
2026-06-01T02:00:00+00:00,1994.7,2017.89,1991.31,2011.47,14969.0754,2026-06-01T02:59:59.999000+00:00,30032626.065557,157405
2026-06-01T03:00:00+00:00,2011.47,2018.09,2008.66,2009.09,11862.726,2026-06-01T03:59:59.999000+00:00,23892126.705072,117798
2026-06-01T04:00:00+00:00,2009.09,2011.97,1993.91,1999.99,10434.6135,2026-06-01T04:59:59.999000+00:00,20873192.535331,129675
2026-06-01T05:00:00+00:00,1999.98,2001.27,1991.65,1994.55,8636.3448,2026-06-01T05:59:59.999000+00:00,17232468.55414,92690
2026-06-01T06:00:00+00:00,1994.56,1995.34,1980.14,1988.07,11716.6663,2026-06-01T06:59:59.999000+00:00,23284542.099529,181228
2026-06-01T07:00:00+00:00,1988.08,1990.62,1971.7,1976.43,12802.4757,2026-06-01T07:59:59.999000+00:00,25366523.766395,128537
2026-06-01T08:00:00+00:00,1976.42,1985.07,1969.9,1983.96,24059.8012,2026-06-01T08:59:59.999000+00:00,47562916.428989,135504
2026-06-01T09:00:00+00:00,1983.96,1990.11,1983.94,1987.53,9286.2761,2026-06-01T09:59:59.999000+00:00,18455568.583275,100412
2026-06-01T10:00:00+00:00,1987.53,1988.92,1980.99,1984.49,8569.6815,2026-06-01T10:59:59.999000+00:00,17007651.414538,88597
2026-06-01T11:00:00+00:00,1984.49,1986.89,1977.07,1981.44,7214.7212,2026-06-01T11:59:59.999000+00:00,14301809.662485,88961
2026-06-01T12:00:00+00:00,1981.44,1994.39,1967.51,1989.55,16838.7813,2026-06-01T12:59:59.999000+00:00,33370757.479225,240973
2026-06-01T13:00:00+00:00,1989.55,1990.29,1956.04,1971.22,35385.2037,2026-06-01T13:59:59.999000+00:00,69799120.318615,404406
2026-06-01T14:00:00+00:00,1971.22,1977.34,1964.64,1968.63,21808.0298,2026-06-01T14:59:59.999000+00:00,42951686.502933,273305
2026-06-01T15:00:00+00:00,1968.64,1980.24,1960.25,1968.45,16914.1595,2026-06-01T15:59:59.999000+00:00,33317592.52281,219022
2026-06-01T16:00:00+00:00,1968.45,1978.97,1958.79,1978.15,19836.6047,2026-06-01T16:59:59.999000+00:00,39071447.85438,208643
2026-06-01T17:00:00+00:00,1978.14,1996.73,1977.72,1990.62,21987.4555,2026-06-01T17:59:59.999000+00:00,43706513.538771,202188
2026-06-01T18:00:00+00:00,1990.62,1996.0,1983.45,1992.72,12174.7612,2026-06-01T18:59:59.999000+00:00,24243994.452148,110550
2026-06-01T19:00:00+00:00,1992.72,2008.83,1992.21,2004.53,15909.7164,2026-06-01T19:59:59.999000+00:00,31813150.067702,125641
2026-06-01T20:00:00+00:00,2004.53,2008.7,2001.14,2005.57,7714.6041,2026-06-01T20:59:59.999000+00:00,15465755.935139,65654
2026-06-01T21:00:00+00:00,2005.56,2009.2,1992.59,1994.57,16258.5449,2026-06-01T21:59:59.999000+00:00,32507165.617391,131395
2026-06-01T22:00:00+00:00,1994.57,2006.0,1984.5,2004.43,12424.238,2026-06-01T22:59:59.999000+00:00,24802754.807734,139125
2026-06-01T23:00:00+00:00,2004.42,2008.38,1998.13,2006.73,11296.484,2026-06-01T23:59:59.999000+00:00,22641375.852235,115855
2026-06-02T00:00:00+00:00,2006.73,2006.78,1995.38,1996.44,6741.6588,2026-06-02T00:59:59.999000+00:00,13493222.152956,112192
2026-06-02T01:00:00+00:00,1996.43,1999.0,1979.49,1980.15,10093.1539,2026-06-02T01:59:59.999000+00:00,20073657.409824,152366
2026-06-02T02:00:00+00:00,1980.15,1997.08,1962.76,1997.07,19278.4549,2026-06-02T02:59:59.999000+00:00,38191262.883742,242897
2026-06-02T03:00:00+00:00,1997.08,2005.0,1995.14,2003.94,10578.9731,2026-06-02T03:59:59.999000+00:00,21169164.31329,120227
2026-06-02T04:00:00+00:00,2003.94,2006.44,1995.95,1996.85,9026.7399,2026-06-02T04:59:59.999000+00:00,18066793.331667,88288
2026-06-02T05:00:00+00:00,1996.86,2001.23,1985.0,1985.01,13413.3025,2026-06-02T05:59:59.999000+00:00,26713603.235102,128803
2026-06-02T06:00:00+00:00,1985.01,1988.88,1978.14,1982.38,12402.1203,2026-06-02T06:59:59.999000+00:00,24603468.956277,131989
2026-06-02T07:00:00+00:00,1982.39,1990.0,1973.88,1981.88,12690.7893,2026-06-02T07:59:59.999000+00:00,25166053.247912,137526
2026-06-02T08:00:00+00:00,1981.89,1989.0,1977.0,1979.21,8983.5578,2026-06-02T08:59:59.999000+00:00,17809700.293191,143974
2026-06-02T09:00:00+00:00,1979.22,1979.78,1966.69,1975.28,16271.7747,2026-06-02T09:59:59.999000+00:00,32109515.714817,175171
2026-06-02T10:00:00+00:00,1975.27,1983.88,1971.75,1983.49,16133.2095,2026-06-02T10:59:59.999000+00:00,31885362.43427,109653
2026-06-02T11:00:00+00:00,1983.49,1983.72,1975.8,1978.53,6228.9322,2026-06-02T11:59:59.999000+00:00,12328415.353205,85975
2026-06-02T12:00:00+00:00,1978.53,1982.75,1972.57,1976.27,14674.2634,2026-06-02T12:59:59.999000+00:00,29002497.703582,130638
2026-06-02T13:00:00+00:00,1976.28,1981.79,1970.5,1974.33,13782.8845,2026-06-02T13:59:59.999000+00:00,27243796.145185,221990
2026-06-02T14:00:00+00:00,1974.34,1975.22,1925.8,1941.36,56685.9633,2026-06-02T14:59:59.999000+00:00,110263495.673981,549569
2026-06-02T15:00:00+00:00,1941.35,1941.59,1890.0,1914.81,80076.174,2026-06-02T15:59:59.999000+00:00,153376344.680063,603249
2026-06-02T16:00:00+00:00,1914.81,1943.87,1909.57,1920.59,32465.645,2026-06-02T16:59:59.999000+00:00,62571472.92282,360384
2026-06-02T17:00:00+00:00,1920.59,1931.53,1919.59,1924.18,12294.3762,2026-06-02T17:59:59.999000+00:00,23666419.079018,178183
2026-06-02T18:00:00+00:00,1924.18,1928.0,1903.38,1913.11,13900.7456,2026-06-02T18:59:59.999000+00:00,26616996.142754,201704
2026-06-02T19:00:00+00:00,1913.11,1917.8,1881.01,1912.28,37361.6337,2026-06-02T19:59:59.999000+00:00,70998110.407071,331201
2026-06-02T20:00:00+00:00,1912.28,1919.01,1895.53,1906.74,18496.8629,2026-06-02T20:59:59.999000+00:00,35277263.672171,251575
2026-06-02T21:00:00+00:00,1906.75,1911.45,1897.23,1900.34,11944.1531,2026-06-02T21:59:59.999000+00:00,22763143.095533,167354
2026-06-02T22:00:00+00:00,1900.35,1909.59,1862.23,1868.77,53213.0551,2026-06-02T22:59:59.999000+00:00,100313263.856268,532644
2026-06-02T23:00:00+00:00,1868.78,1873.37,1839.02,1859.84,70147.1181,2026-06-02T23:59:59.999000+00:00,130105127.417166,601759
2026-06-03T00:00:00+00:00,1859.84,1874.11,1854.62,1867.35,26805.1575,2026-06-03T00:59:59.999000+00:00,50044670.085159,254387
2026-06-03T01:00:00+00:00,1867.35,1870.01,1850.0,1864.51,17229.5011,2026-06-03T01:59:59.999000+00:00,32056523.330016,237259
2026-06-03T02:00:00+00:00,1864.52,1864.94,1851.2,1854.09,25684.409,2026-06-03T02:59:59.999000+00:00,47710773.783711,176334
2026-06-03T03:00:00+00:00,1854.09,1856.71,1816.92,1828.24,53071.3555,2026-06-03T03:59:59.999000+00:00,97416656.246174,413622
2026-06-03T04:00:00+00:00,1828.24,1852.0,1827.65,1850.84,24723.5033,2026-06-03T04:59:59.999000+00:00,45563388.856404,249948
2026-06-03T05:00:00+00:00,1850.84,1876.12,1849.99,1873.45,31617.555,2026-06-03T05:59:59.999000+00:00,59025328.498174,280022
2026-06-03T06:00:00+00:00,1873.44,1884.41,1870.28,1871.87,20166.3912,2026-06-03T06:59:59.999000+00:00,37841963.185415,193203
2026-06-03T07:00:00+00:00,1871.87,1880.38,1867.97,1878.39,13929.2016,2026-06-03T07:59:59.999000+00:00,26138126.509932,123613
2026-06-03T08:00:00+00:00,1878.39,1883.43,1873.32,1880.02,11595.7204,2026-06-03T08:59:59.999000+00:00,21775390.150687,128576
2026-06-03T09:00:00+00:00,1880.01,1886.58,1869.95,1876.28,18298.055,2026-06-03T09:59:59.999000+00:00,34362307.871108,158234
2026-06-03T10:00:00+00:00,1876.28,1893.07,1875.01,1884.79,13130.3099,2026-06-03T10:59:59.999000+00:00,24756785.899068,160648
2026-06-03T11:00:00+00:00,1884.79,1888.29,1876.12,1878.16,10219.9521,2026-06-03T11:59:59.999000+00:00,19239932.352441,110554
2026-06-03T12:00:00+00:00,1878.17,1880.0,1868.02,1876.4,14379.8792,2026-06-03T12:59:59.999000+00:00,26943231.134698,176217
2026-06-03T13:00:00+00:00,1876.41,1879.68,1861.35,1867.64,18775.4924,2026-06-03T13:59:59.999000+00:00,35114905.445194,313511
2026-06-03T14:00:00+00:00,1867.64,1868.72,1852.8,1858.51,15577.343,2026-06-03T14:59:59.999000+00:00,28966401.832119,320947
2026-06-03T15:00:00+00:00,1858.51,1859.75,1836.21,1837.21,29759.5409,2026-06-03T15:59:59.999000+00:00,54931955.800767,322052
2026-06-03T16:00:00+00:00,1837.22,1844.08,1811.15,1832.68,38869.8731,2026-06-03T16:59:59.999000+00:00,71026966.958302,459280
2026-06-03T17:00:00+00:00,1832.68,1839.53,1818.14,1828.11,15349.4372,2026-06-03T17:59:59.999000+00:00,28059194.998961,257669
2026-06-03T18:00:00+00:00,1828.12,1834.41,1821.65,1832.25,10214.0169,2026-06-03T18:59:59.999000+00:00,18673406.401876,179970
2026-06-03T19:00:00+00:00,1832.25,1833.64,1795.23,1803.41,39961.4127,2026-06-03T19:59:59.999000+00:00,72369613.514553,295109
2026-06-03T20:00:00+00:00,1803.41,1813.11,1769.62,1781.44,48128.0654,2026-06-03T20:59:59.999000+00:00,86297929.240893,444149
2026-06-03T21:00:00+00:00,1781.44,1850.29,1777.67,1850.1,40851.5527,2026-06-03T21:59:59.999000+00:00,74380857.782901,479810
2026-06-03T22:00:00+00:00,1850.1,1852.2,1822.77,1829.0,26081.906,2026-06-03T22:59:59.999000+00:00,47891596.872452,429933
2026-06-03T23:00:00+00:00,1829.01,1830.93,1812.84,1813.05,20340.8507,2026-06-03T23:59:59.999000+00:00,37023693.147668,331209
2026-06-04T00:00:00+00:00,1813.05,1820.5,1782.6,1793.85,36694.1484,2026-06-04T00:59:59.999000+00:00,65979951.990605,555427
2026-06-04T01:00:00+00:00,1793.86,1801.06,1755.0,1759.77,45394.2914,2026-06-04T01:59:59.999000+00:00,80513854.445968,735560
2026-06-04T02:00:00+00:00,1759.76,1778.93,1717.28,1766.82,84214.1213,2026-06-04T02:59:59.999000+00:00,147294895.081238,610853
2026-06-04T03:00:00+00:00,1766.83,1812.52,1766.6,1809.24,33743.4977,2026-06-04T03:59:59.999000+00:00,60672807.211284,285504
2026-06-04T04:00:00+00:00,1809.24,1818.0,1802.69,1805.49,16956.1564,2026-06-04T04:59:59.999000+00:00,30684875.088811,193827
2026-06-04T05:00:00+00:00,1805.49,1805.49,1780.59,1784.06,27581.1214,2026-06-04T05:59:59.999000+00:00,49374488.038565,266999
2026-06-04T06:00:00+00:00,1784.05,1802.06,1782.07,1789.95,18731.1395,2026-06-04T06:59:59.999000+00:00,33589193.890849,221794
2026-06-04T07:00:00+00:00,1789.96,1790.72,1773.52,1777.45,19717.1342,2026-06-04T07:59:59.999000+00:00,35108979.084915,216483
2026-06-04T08:00:00+00:00,1777.44,1783.27,1763.98,1773.63,21922.8741,2026-06-04T08:59:59.999000+00:00,38846500.791202,318276
2026-06-04T09:00:00+00:00,1773.63,1774.14,1744.53,1766.52,40911.8062,2026-06-04T09:59:59.999000+00:00,71847728.469085,479894
2026-06-04T10:00:00+00:00,1766.58,1767.22,1730.13,1736.86,43989.1315,2026-06-04T10:59:59.999000+00:00,76808324.697561,464920
2026-06-04T11:00:00+00:00,1736.86,1754.67,1732.53,1751.51,34563.049,2026-06-04T11:59:59.999000+00:00,60267428.671728,353980
2026-06-04T12:00:00+00:00,1751.51,1782.91,1744.29,1778.16,36619.2336,2026-06-04T12:59:59.999000+00:00,64664393.095398,487504
2026-06-04T13:00:00+00:00,1778.17,1790.0,1755.65,1785.52,32434.3916,2026-06-04T13:59:59.999000+00:00,57580999.86324,542330
2026-06-04T14:00:00+00:00,1785.53,1794.43,1766.33,1774.38,24657.8169,2026-06-04T14:59:59.999000+00:00,43912692.428565,360847
2026-06-04T15:00:00+00:00,1774.37,1791.29,1770.64,1777.02,17792.9546,2026-06-04T15:59:59.999000+00:00,31662229.732094,294810
2026-06-04T16:00:00+00:00,1777.03,1781.25,1766.13,1772.2,13479.112,2026-06-04T16:59:59.999000+00:00,23907017.023224,244093
2026-06-04T17:00:00+00:00,1772.2,1776.03,1754.0,1768.05,18286.1872,2026-06-04T17:59:59.999000+00:00,32269141.171292,251607
2026-06-04T18:00:00+00:00,1768.06,1783.64,1760.01,1776.28,16596.9334,2026-06-04T18:59:59.999000+00:00,29425959.138128,233164
2026-06-04T19:00:00+00:00,1776.27,1787.11,1771.0,1776.94,12182.3413,2026-06-04T19:59:59.999000+00:00,21674152.083944,185784
2026-06-04T20:00:00+00:00,1776.93,1777.52,1764.66,1774.88,8739.7779,2026-06-04T20:59:59.999000+00:00,15480076.044276,156387
2026-06-04T21:00:00+00:00,1774.87,1783.02,1757.11,1761.2,14740.525,2026-06-04T21:59:59.999000+00:00,26095894.015269,194139
2026-06-04T22:00:00+00:00,1761.2,1770.26,1752.46,1768.73,17189.2927,2026-06-04T22:59:59.999000+00:00,30255298.909523,369493
2026-06-04T23:00:00+00:00,1768.74,1777.02,1757.35,1770.77,11169.0678,2026-06-04T23:59:59.999000+00:00,19744812.374459,199076
2026-06-05T00:00:00+00:00,1770.76,1774.99,1758.51,1759.42,11334.258,2026-06-05T00:59:59.999000+00:00,20030689.269422,244137
2026-06-05T01:00:00+00:00,1759.43,1764.07,1746.52,1753.33,18021.4605,2026-06-05T01:59:59.999000+00:00,31611868.533643,318807
2026-06-05T02:00:00+00:00,1753.34,1754.9,1727.65,1730.24,35131.516,2026-06-05T02:59:59.999000+00:00,61163079.985604,417591
2026-06-05T03:00:00+00:00,1730.24,1739.5,1722.36,1729.71,23683.9627,2026-06-05T03:59:59.999000+00:00,40989623.066638,360269
2026-06-05T04:00:00+00:00,1729.72,1746.05,1718.25,1744.64,29566.1043,2026-06-05T04:59:59.999000+00:00,51093271.993674,375173
2026-06-05T05:00:00+00:00,1744.64,1747.8,1681.29,1684.16,80235.8593,2026-06-05T05:59:59.999000+00:00,136850023.113112,606785
2026-06-05T06:00:00+00:00,1684.16,1689.5,1625.78,1656.52,128261.0302,2026-06-05T06:59:59.999000+00:00,212738887.096343,1152148
2026-06-05T07:00:00+00:00,1656.52,1680.0,1633.45,1679.21,75612.2337,2026-06-05T07:59:59.999000+00:00,125499114.681752,775869
2026-06-05T08:00:00+00:00,1679.22,1679.64,1659.43,1663.87,38257.5135,2026-06-05T08:59:59.999000+00:00,63857793.784594,415370
2026-06-05T09:00:00+00:00,1663.88,1690.07,1662.85,1682.72,32616.2779,2026-06-05T09:59:59.999000+00:00,54773266.666679,381341
2026-06-05T10:00:00+00:00,1682.73,1685.03,1672.05,1676.87,22741.5096,2026-06-05T10:59:59.999000+00:00,38126887.292935,259659
2026-06-05T11:00:00+00:00,1676.86,1681.8,1663.0,1663.44,25803.3693,2026-06-05T11:59:59.999000+00:00,43154086.451066,299044
2026-06-05T12:00:00+00:00,1663.43,1671.47,1646.1,1657.28,40610.0397,2026-06-05T12:59:59.999000+00:00,67352843.402144,559773
2026-06-05T13:00:00+00:00,1657.28,1677.7,1612.35,1615.04,67988.5831,2026-06-05T13:59:59.999000+00:00,112109758.528602,694209
2026-06-05T14:00:00+00:00,1615.05,1624.56,1590.8,1600.96,118217.6046,2026-06-05T14:59:59.999000+00:00,190088324.588116,1054857
2026-06-05T15:00:00+00:00,1600.96,1604.6,1572.22,1583.29,77516.7936,2026-06-05T15:59:59.999000+00:00,123104303.162587,791194
2026-06-05T16:00:00+00:00,1583.29,1612.44,1547.01,1608.49,100794.1726,2026-06-05T16:59:59.999000+00:00,159475208.380874,921262
2026-06-05T17:00:00+00:00,1608.48,1612.89,1588.0,1594.28,35170.7111,2026-06-05T17:59:59.999000+00:00,56168291.792742,458926
2026-06-05T18:00:00+00:00,1594.28,1598.66,1544.68,1553.26,65573.2969,2026-06-05T18:59:59.999000+00:00,102741740.459453,614473
2026-06-05T19:00:00+00:00,1553.26,1580.3,1540.19,1574.06,65869.8984,2026-06-05T19:59:59.999000+00:00,102548992.97846,708625
2026-06-05T20:00:00+00:00,1574.07,1608.5,1557.36,1603.38,56901.9952,2026-06-05T20:59:59.999000+00:00,90539868.711332,518130
2026-06-05T21:00:00+00:00,1603.38,1619.3,1602.45,1609.8,40414.3008,2026-06-05T21:59:59.999000+00:00,65123071.773968,323506
2026-06-05T22:00:00+00:00,1609.81,1610.25,1589.68,1597.14,33048.5983,2026-06-05T22:59:59.999000+00:00,52796887.305784,448946
2026-06-05T23:00:00+00:00,1597.14,1603.89,1561.07,1583.4,33642.0715,2026-06-05T23:59:59.999000+00:00,53182012.157258,317685
2026-06-06T00:00:00+00:00,1583.4,1601.22,1582.71,1593.03,17320.7333,2026-06-06T00:59:59.999000+00:00,27622417.999363,234913
2026-06-06T01:00:00+00:00,1593.04,1596.77,1578.15,1583.16,12688.5562,2026-06-06T01:59:59.999000+00:00,20130038.860571,194160
2026-06-06T02:00:00+00:00,1583.16,1585.84,1566.66,1576.2,19596.9168,2026-06-06T02:59:59.999000+00:00,30897600.511078,258952
2026-06-06T03:00:00+00:00,1576.2,1576.73,1555.28,1563.34,18998.1908,2026-06-06T03:59:59.999000+00:00,29742756.014085,282687
2026-06-06T04:00:00+00:00,1563.34,1569.57,1510.43,1522.56,53383.6205,2026-06-06T04:59:59.999000+00:00,81898823.734047,619434
2026-06-06T05:00:00+00:00,1522.57,1569.17,1505.68,1566.71,60261.821,2026-06-06T05:59:59.999000+00:00,92890793.6045,581437
2026-06-06T06:00:00+00:00,1566.72,1581.62,1556.01,1560.16,38270.1854,2026-06-06T06:59:59.999000+00:00,60066188.34744,364634
2026-06-06T07:00:00+00:00,1560.1,1580.22,1556.07,1575.14,30120.1676,2026-06-06T07:59:59.999000+00:00,47302376.103394,267263
2026-06-06T08:00:00+00:00,1575.14,1593.04,1570.01,1582.57,17466.5349,2026-06-06T08:59:59.999000+00:00,27652829.732973,254083
2026-06-06T09:00:00+00:00,1582.56,1588.53,1565.97,1570.69,18081.3602,2026-06-06T09:59:59.999000+00:00,28533590.393403,247099
2026-06-06T10:00:00+00:00,1570.7,1570.7,1535.68,1548.27,39259.3562,2026-06-06T10:59:59.999000+00:00,60854060.089293,432854
2026-06-06T11:00:00+00:00,1548.26,1567.4,1547.24,1558.89,21927.4788,2026-06-06T11:59:59.999000+00:00,34192365.54174,273371
2026-06-06T12:00:00+00:00,1558.9,1575.82,1551.56,1571.32,25985.715,2026-06-06T12:59:59.999000+00:00,40626176.021603,250387
2026-06-06T13:00:00+00:00,1571.32,1573.36,1553.92,1557.03,32529.2189,2026-06-06T13:59:59.999000+00:00,50763104.657959,252696
2026-06-06T14:00:00+00:00,1557.04,1566.96,1556.09,1557.7,26981.8239,2026-06-06T14:59:59.999000+00:00,42148565.181564,254673
2026-06-06T15:00:00+00:00,1557.71,1565.84,1544.87,1560.45,22450.9311,2026-06-06T15:59:59.999000+00:00,34919514.282024,286378
2026-06-06T16:00:00+00:00,1560.45,1566.0,1553.36,1563.57,15251.3466,2026-06-06T16:59:59.999000+00:00,23789634.938629,209040
2026-06-06T17:00:00+00:00,1563.58,1566.51,1547.05,1553.54,20604.7277,2026-06-06T17:59:59.999000+00:00,32079876.014089,192723
2026-06-06T18:00:00+00:00,1553.53,1566.25,1550.01,1556.58,16596.3515,2026-06-06T18:59:59.999000+00:00,25825328.904216,169257
2026-06-06T19:00:00+00:00,1556.59,1563.51,1553.52,1554.56,8402.4889,2026-06-06T19:59:59.999000+00:00,13085197.188923,126395
2026-06-06T20:00:00+00:00,1554.55,1559.99,1550.85,1557.61,11168.9504,2026-06-06T20:59:59.999000+00:00,17359342.954283,128172
2026-06-06T21:00:00+00:00,1557.62,1565.21,1557.62,1558.2,8365.8031,2026-06-06T21:59:59.999000+00:00,13060877.069476,90292
2026-06-06T22:00:00+00:00,1558.2,1561.93,1551.57,1558.33,10059.2797,2026-06-06T22:59:59.999000+00:00,15658930.733283,167113
2026-06-06T23:00:00+00:00,1558.33,1570.06,1556.86,1569.69,12686.8087,2026-06-06T23:59:59.999000+00:00,19846022.222316,116940
2026-06-07T00:00:00+00:00,1569.68,1572.42,1564.1,1565.03,8353.9229,2026-06-07T00:59:59.999000+00:00,13102017.009726,108512
2026-06-07T01:00:00+00:00,1565.03,1596.54,1564.16,1590.12,23011.9246,2026-06-07T01:59:59.999000+00:00,36522395.571254,296114
2026-06-07T02:00:00+00:00,1590.12,1594.92,1582.39,1592.67,12782.3655,2026-06-07T02:59:59.999000+00:00,20313991.861637,166729
2026-06-07T03:00:00+00:00,1592.67,1600.51,1589.72,1595.01,12634.904,2026-06-07T03:59:59.999000+00:00,20141770.192995,150919
2026-06-07T04:00:00+00:00,1595.0,1599.1,1585.0,1597.0,12510.2247,2026-06-07T04:59:59.999000+00:00,19922463.127138,140890
2026-06-07T05:00:00+00:00,1597.0,1609.96,1593.25,1604.02,18551.5494,2026-06-07T05:59:59.999000+00:00,29746350.304915,201255
2026-06-07T06:00:00+00:00,1604.02,1623.52,1598.54,1612.01,35177.9262,2026-06-07T06:59:59.999000+00:00,56752589.853105,245640
2026-06-07T07:00:00+00:00,1612.01,1616.46,1606.99,1615.18,22232.506,2026-06-07T07:59:59.999000+00:00,35820822.491571,120925
2026-06-07T08:00:00+00:00,1615.18,1642.27,1608.39,1641.35,27061.4096,2026-06-07T08:59:59.999000+00:00,44024455.686367,226731
2026-06-07T09:00:00+00:00,1641.35,1648.7,1627.9,1633.52,23602.6875,2026-06-07T09:59:59.999000+00:00,38676502.460433,216735
2026-06-07T10:00:00+00:00,1633.53,1635.73,1624.78,1625.7,16264.2458,2026-06-07T10:59:59.999000+00:00,26495261.269062,169459
2026-06-07T11:00:00+00:00,1625.7,1633.99,1622.22,1630.12,12876.9496,2026-06-07T11:59:59.999000+00:00,20963723.513889,158312
2026-06-07T12:00:00+00:00,1630.12,1631.24,1607.0,1620.17,25613.3659,2026-06-07T12:59:59.999000+00:00,41365789.939324,369595
2026-06-07T13:00:00+00:00,1620.17,1623.0,1613.36,1617.46,10211.5277,2026-06-07T13:59:59.999000+00:00,16522006.517609,164649
2026-06-07T14:00:00+00:00,1617.46,1640.0,1616.91,1628.13,23273.768,2026-06-07T14:59:59.999000+00:00,37878380.033081,272473
2026-06-07T15:00:00+00:00,1628.12,1636.12,1620.85,1630.07,13937.1281,2026-06-07T15:59:59.999000+00:00,22709538.729016,201194
2026-06-07T16:00:00+00:00,1630.07,1633.52,1623.37,1628.52,13451.8718,2026-06-07T16:59:59.999000+00:00,21914869.353839,182102
2026-06-07T17:00:00+00:00,1628.52,1638.0,1627.65,1631.35,16797.3291,2026-06-07T17:59:59.999000+00:00,27455665.182276,171801
2026-06-07T18:00:00+00:00,1631.34,1636.74,1629.0,1630.36,6104.7666,2026-06-07T18:59:59.999000+00:00,9968503.92908,104359
2026-06-07T19:00:00+00:00,1630.37,1630.56,1604.0,1613.11,23850.4789,2026-06-07T19:59:59.999000+00:00,38474260.163961,280504
2026-06-07T20:00:00+00:00,1613.1,1631.65,1609.43,1628.14,10940.1669,2026-06-07T20:59:59.999000+00:00,17764561.905127,169070
2026-06-07T21:00:00+00:00,1628.14,1634.57,1623.72,1634.53,7293.2485,2026-06-07T21:59:59.999000+00:00,11880051.610751,109044
2026-06-07T22:00:00+00:00,1634.53,1721.93,1629.05,1672.56,60333.9938,2026-06-07T22:59:59.999000+00:00,101271636.814233,587030
2026-06-07T23:00:00+00:00,1672.55,1691.93,1670.76,1690.51,21412.3298,2026-06-07T23:59:59.999000+00:00,35988594.363634,281633
2026-06-08T00:00:00+00:00,1690.5,1711.58,1683.24,1697.59,28454.8885,2026-06-08T00:59:59.999000+00:00,48299887.244198,357233
2026-06-08T01:00:00+00:00,1697.6,1700.2,1670.94,1687.34,23391.1458,2026-06-08T01:59:59.999000+00:00,39387883.07759,373648
2026-06-08T02:00:00+00:00,1687.34,1689.5,1678.07,1683.9,12316.9254,2026-06-08T02:59:59.999000+00:00,20735577.153671,199903
2026-06-08T03:00:00+00:00,1683.91,1692.62,1677.0,1680.01,10307.0788,2026-06-08T03:59:59.999000+00:00,17348018.375649,151880
2026-06-08T04:00:00+00:00,1680.02,1681.0,1655.95,1657.05,19001.8609,2026-06-08T04:59:59.999000+00:00,31631307.442823,211434
2026-06-08T05:00:00+00:00,1657.05,1659.87,1645.0,1653.68,17369.8858,2026-06-08T05:59:59.999000+00:00,28702058.461569,229612
2026-06-08T06:00:00+00:00,1653.68,1669.99,1652.78,1666.53,13339.657,2026-06-08T06:59:59.999000+00:00,22200017.245123,192802
2026-06-08T07:00:00+00:00,1666.54,1683.49,1661.63,1673.47,23970.6156,2026-06-08T07:59:59.999000+00:00,40114164.540932,183438
2026-06-08T08:00:00+00:00,1673.46,1673.46,1658.76,1661.17,18124.4271,2026-06-08T08:59:59.999000+00:00,30192190.83703,179746
2026-06-08T09:00:00+00:00,1661.17,1672.0,1657.21,1671.1,18578.4603,2026-06-08T09:59:59.999000+00:00,30923475.233796,203092
2026-06-08T10:00:00+00:00,1671.09,1676.95,1663.32,1672.36,11779.2015,2026-06-08T10:59:59.999000+00:00,19671748.748478,147949
2026-06-08T11:00:00+00:00,1672.37,1696.77,1667.81,1683.76,25263.313,2026-06-08T11:59:59.999000+00:00,42561873.663203,286692
2026-06-08T12:00:00+00:00,1683.77,1698.9,1667.46,1695.61,30493.8863,2026-06-08T12:59:59.999000+00:00,51268780.819064,349324
2026-06-08T13:00:00+00:00,1695.6,1696.82,1678.44,1681.59,36905.2183,2026-06-08T13:59:59.999000+00:00,62263262.830339,449031
2026-06-08T14:00:00+00:00,1681.59,1694.46,1676.55,1691.25,35379.9467,2026-06-08T14:59:59.999000+00:00,59673920.561956,372277
2026-06-08T15:00:00+00:00,1691.24,1706.22,1688.69,1691.59,26426.2471,2026-06-08T15:59:59.999000+00:00,44838514.267738,372528
2026-06-08T16:00:00+00:00,1691.59,1703.88,1682.69,1682.7,21935.6251,2026-06-08T16:59:59.999000+00:00,37164592.389839,254708
2026-06-08T17:00:00+00:00,1682.7,1687.86,1675.8,1686.8,18300.3767,2026-06-08T17:59:59.999000+00:00,30776085.2875,217073
2026-06-08T18:00:00+00:00,1686.81,1692.54,1678.69,1684.71,12223.9236,2026-06-08T18:59:59.999000+00:00,20608802.009802,153761
2026-06-08T19:00:00+00:00,1684.71,1691.76,1681.14,1684.78,20181.1462,2026-06-08T19:59:59.999000+00:00,34043625.68231,182949
2026-06-08T20:00:00+00:00,1684.78,1689.71,1679.25,1689.71,10762.7791,2026-06-08T20:59:59.999000+00:00,18133333.589769,133224
2026-06-08T21:00:00+00:00,1689.71,1714.5,1689.71,1703.52,19220.6599,2026-06-08T21:59:59.999000+00:00,32802769.716509,183614
2026-06-08T22:00:00+00:00,1703.51,1704.19,1688.36,1703.22,10883.8658,2026-06-08T22:59:59.999000+00:00,18458062.503135,176044
2026-06-08T23:00:00+00:00,1703.21,1714.45,1686.72,1690.49,15416.1776,2026-06-08T23:59:59.999000+00:00,26159951.105951,197659
2026-06-09T00:00:00+00:00,1690.48,1696.88,1660.0,1663.26,28703.4582,2026-06-09T00:59:59.999000+00:00,48083676.50506,360670
2026-06-09T01:00:00+00:00,1663.26,1674.27,1658.8,1669.02,11633.8082,2026-06-09T01:59:59.999000+00:00,19396209.638632,211920
2026-06-09T02:00:00+00:00,1669.01,1672.19,1654.63,1667.89,16612.0973,2026-06-09T02:59:59.999000+00:00,27631246.008738,178137
2026-06-09T03:00:00+00:00,1667.88,1671.68,1663.83,1669.44,8667.1447,2026-06-09T03:59:59.999000+00:00,14452673.988581,130771
2026-06-09T04:00:00+00:00,1669.44,1696.41,1664.33,1686.35,17666.9291,2026-06-09T04:59:59.999000+00:00,29688355.283023,181563
2026-06-09T05:00:00+00:00,1686.36,1695.23,1681.53,1688.25,10451.0191,2026-06-09T05:59:59.999000+00:00,17654324.684232,151152
2026-06-09T06:00:00+00:00,1688.25,1695.49,1684.06,1685.98,12296.1588,2026-06-09T06:59:59.999000+00:00,20775600.871251,132661
2026-06-09T07:00:00+00:00,1685.99,1691.59,1675.2,1679.86,15280.924,2026-06-09T07:59:59.999000+00:00,25690383.091189,124697
2026-06-09T08:00:00+00:00,1679.86,1680.64,1668.16,1675.28,13033.6705,2026-06-09T08:59:59.999000+00:00,21827008.102686,122595
2026-06-09T09:00:00+00:00,1675.28,1680.16,1665.0,1670.61,9977.7465,2026-06-09T09:59:59.999000+00:00,16684006.80507,103098
2026-06-09T10:00:00+00:00,1670.6,1676.41,1667.11,1674.72,8285.7183,2026-06-09T10:59:59.999000+00:00,13851766.634405,95885
2026-06-09T11:00:00+00:00,1674.72,1675.46,1666.12,1671.96,7742.4269,2026-06-09T11:59:59.999000+00:00,12936135.286707,99813
2026-06-09T12:00:00+00:00,1671.96,1683.32,1671.04,1676.9,15615.6314,2026-06-09T12:59:59.999000+00:00,26186116.708541,124136
2026-06-09T13:00:00+00:00,1676.9,1680.63,1664.05,1666.71,22526.1705,2026-06-09T13:59:59.999000+00:00,37665706.882247,219312
2026-06-09T14:00:00+00:00,1666.71,1670.84,1633.84,1645.9,43940.3185,2026-06-09T14:59:59.999000+00:00,72410069.59011,493922
2026-06-09T15:00:00+00:00,1645.9,1653.89,1634.45,1636.4,27668.7811,2026-06-09T15:59:59.999000+00:00,45470655.932137,318207
2026-06-09T16:00:00+00:00,1636.4,1639.35,1614.02,1632.27,36381.0701,2026-06-09T16:59:59.999000+00:00,59226013.031247,449383
2026-06-09T17:00:00+00:00,1632.28,1649.76,1632.18,1643.04,19699.237,2026-06-09T17:59:59.999000+00:00,32363601.721029,256472
2026-06-09T18:00:00+00:00,1643.03,1655.49,1639.87,1652.28,11940.1195,2026-06-09T18:59:59.999000+00:00,19686316.964383,166296
2026-06-09T19:00:00+00:00,1652.27,1658.64,1647.82,1657.33,13801.8096,2026-06-09T19:59:59.999000+00:00,22814218.28081,171496
2026-06-09T20:00:00+00:00,1657.33,1663.77,1655.34,1660.59,7896.3684,2026-06-09T20:59:59.999000+00:00,13099951.278232,101360
2026-06-09T21:00:00+00:00,1660.59,1661.69,1647.29,1650.33,6653.733,2026-06-09T21:59:59.999000+00:00,11003412.690463,72812
2026-06-09T22:00:00+00:00,1650.32,1655.0,1639.52,1640.0,6633.8767,2026-06-09T22:59:59.999000+00:00,10925187.84625,106539
2026-06-09T23:00:00+00:00,1640.01,1642.87,1630.36,1639.52,11039.0175,2026-06-09T23:59:59.999000+00:00,18077834.596178,128619
2026-06-10T00:00:00+00:00,1639.52,1646.83,1629.52,1645.74,8118.2128,2026-06-10T00:59:59.999000+00:00,13307262.006794,141468
2026-06-10T01:00:00+00:00,1645.75,1646.91,1633.55,1638.98,7176.757,2026-06-10T01:59:59.999000+00:00,11779395.864235,159653
2026-06-10T02:00:00+00:00,1638.99,1642.5,1621.77,1624.22,8216.5385,2026-06-10T02:59:59.999000+00:00,13382165.888361,156299
2026-06-10T03:00:00+00:00,1624.21,1636.53,1623.52,1630.82,4424.3258,2026-06-10T03:59:59.999000+00:00,7213115.143712,97892
2026-06-10T04:00:00+00:00,1630.82,1632.92,1622.45,1625.98,4591.328,2026-06-10T04:59:59.999000+00:00,7470362.716745,100926
2026-06-10T05:00:00+00:00,1625.99,1630.0,1616.33,1627.99,8002.8075,2026-06-10T05:59:59.999000+00:00,12991399.34591,124377
2026-06-10T06:00:00+00:00,1628.0,1634.41,1622.76,1632.08,8041.7926,2026-06-10T06:59:59.999000+00:00,13100681.409573,99560
2026-06-10T07:00:00+00:00,1632.08,1643.58,1630.73,1640.09,8126.5566,2026-06-10T07:59:59.999000+00:00,13310219.231286,106670
2026-06-10T08:00:00+00:00,1640.1,1640.89,1618.18,1621.34,14750.5467,2026-06-10T08:59:59.999000+00:00,24001825.500896,154487
2026-06-10T09:00:00+00:00,1621.35,1626.44,1606.01,1623.67,12606.9916,2026-06-10T09:59:59.999000+00:00,20390133.428253,201200
2026-06-10T10:00:00+00:00,1623.67,1629.99,1618.1,1628.23,5500.8261,2026-06-10T10:59:59.999000+00:00,8933958.237869,118263
2026-06-10T11:00:00+00:00,1628.23,1630.22,1612.0,1620.05,17819.1598,2026-06-10T11:59:59.999000+00:00,28853503.012009,248595
2026-06-10T12:00:00+00:00,1620.06,1645.46,1615.91,1635.4,20732.8935,2026-06-10T12:59:59.999000+00:00,33847661.00182,281728
2026-06-10T13:00:00+00:00,1635.4,1667.96,1632.0,1651.81,21809.4649,2026-06-10T13:59:59.999000+00:00,36017602.797614,362518
2026-06-10T14:00:00+00:00,1651.82,1655.64,1637.27,1646.72,15637.5251,2026-06-10T14:59:59.999000+00:00,25750229.758436,309348
2026-06-10T15:00:00+00:00,1646.72,1665.05,1635.85,1657.97,20813.253,2026-06-10T15:59:59.999000+00:00,34323342.116046,373857
2026-06-10T16:00:00+00:00,1657.98,1658.73,1632.5,1641.99,17206.2115,2026-06-10T16:59:59.999000+00:00,28334650.935078,300999
2026-06-10T17:00:00+00:00,1641.99,1647.59,1622.51,1632.32,19894.0712,2026-06-10T17:59:59.999000+00:00,32478553.738727,290152
2026-06-10T18:00:00+00:00,1632.32,1636.88,1622.52,1631.13,10584.2028,2026-06-10T18:59:59.999000+00:00,17251568.617973,196575
2026-06-10T19:00:00+00:00,1631.13,1633.69,1623.13,1630.15,7568.5195,2026-06-10T19:59:59.999000+00:00,12330054.519183,164796
2026-06-10T20:00:00+00:00,1630.15,1636.21,1623.15,1630.65,8748.524,2026-06-10T20:59:59.999000+00:00,14256055.015101,147752
2026-06-10T21:00:00+00:00,1630.64,1630.64,1603.44,1611.44,15299.0185,2026-06-10T21:59:59.999000+00:00,24743220.528126,194811
2026-06-10T22:00:00+00:00,1611.45,1622.38,1604.62,1616.52,13595.3575,2026-06-10T22:59:59.999000+00:00,21934396.903823,210315
2026-06-10T23:00:00+00:00,1616.52,1625.09,1609.39,1621.59,11526.3974,2026-06-10T23:59:59.999000+00:00,18640840.810888,137789
2026-06-11T00:00:00+00:00,1621.6,1634.72,1621.6,1628.64,7724.4295,2026-06-11T00:59:59.999000+00:00,12584055.39871,136750
2026-06-11T01:00:00+00:00,1628.63,1647.88,1628.57,1642.83,7074.6638,2026-06-11T01:59:59.999000+00:00,11608790.084478,131091
2026-06-11T02:00:00+00:00,1642.83,1645.5,1630.9,1641.07,5910.6333,2026-06-11T02:59:59.999000+00:00,9684674.072713,107000
2026-06-11T03:00:00+00:00,1641.06,1661.3,1636.09,1653.95,15578.307,2026-06-11T03:59:59.999000+00:00,25690581.994987,147586
2026-06-11T04:00:00+00:00,1653.94,1659.72,1650.0,1656.89,6886.6593,2026-06-11T04:59:59.999000+00:00,11391383.819356,98880
2026-06-11T05:00:00+00:00,1656.89,1656.9,1647.63,1647.95,7974.1931,2026-06-11T05:59:59.999000+00:00,13165173.786664,85948
2026-06-11T06:00:00+00:00,1647.96,1663.14,1646.2,1654.82,16221.9728,2026-06-11T06:59:59.999000+00:00,26893659.904684,120566
2026-06-11T07:00:00+00:00,1654.81,1658.3,1651.7,1654.41,5480.1414,2026-06-11T07:59:59.999000+00:00,9066488.356692,67218
2026-06-11T08:00:00+00:00,1654.4,1664.14,1654.33,1659.96,7619.2871,2026-06-11T08:59:59.999000+00:00,12647529.012906,72598
2026-06-11T09:00:00+00:00,1659.97,1662.0,1656.47,1658.98,4916.5793,2026-06-11T09:59:59.999000+00:00,8155703.234275,67244
2026-06-11T10:00:00+00:00,1658.97,1661.58,1654.28,1658.85,6620.7696,2026-06-11T10:59:59.999000+00:00,10978841.037928,77181
2026-06-11T11:00:00+00:00,1658.85,1673.5,1656.43,1666.84,11246.0665,2026-06-11T11:59:59.999000+00:00,18723565.535711,123872
2026-06-11T12:00:00+00:00,1666.84,1666.88,1642.12,1651.84,20236.8797,2026-06-11T12:59:59.999000+00:00,33445585.745634,234583
2026-06-11T13:00:00+00:00,1651.85,1659.52,1644.45,1653.24,11181.1521,2026-06-11T13:59:59.999000+00:00,18472959.105689,200624
2026-06-11T14:00:00+00:00,1653.24,1655.4,1638.95,1643.04,13211.5386,2026-06-11T14:59:59.999000+00:00,21773052.59758,246256
2026-06-11T15:00:00+00:00,1643.04,1650.83,1636.19,1645.55,11179.5317,2026-06-11T15:59:59.999000+00:00,18377979.012963,196201
2026-06-11T16:00:00+00:00,1645.56,1649.5,1638.35,1639.75,7669.8854,2026-06-11T16:59:59.999000+00:00,12607598.848866,135595
2026-06-11T17:00:00+00:00,1639.74,1693.59,1632.71,1688.66,45791.8573,2026-06-11T17:59:59.999000+00:00,76387578.757252,404313
2026-06-11T18:00:00+00:00,1688.65,1691.85,1676.98,1683.98,17473.6364,2026-06-11T18:59:59.999000+00:00,29424371.76627,225060
2026-06-11T19:00:00+00:00,1683.97,1693.55,1675.98,1681.26,14280.2674,2026-06-11T19:59:59.999000+00:00,24051360.81636,181500
2026-06-11T20:00:00+00:00,1681.26,1683.01,1667.18,1672.37,11476.2253,2026-06-11T20:59:59.999000+00:00,19204885.329483,86452
2026-06-11T21:00:00+00:00,1672.37,1683.29,1672.14,1677.0,8304.8025,2026-06-11T21:59:59.999000+00:00,13944507.856842,81005
2026-06-11T22:00:00+00:00,1676.99,1683.21,1675.43,1676.17,7951.566,2026-06-11T22:59:59.999000+00:00,13350912.478756,100369
2026-06-11T23:00:00+00:00,1676.16,1679.25,1670.19,1673.46,6496.6753,2026-06-11T23:59:59.999000+00:00,10874575.73495,82371
2026-06-12T00:00:00+00:00,1673.46,1677.74,1669.86,1672.74,4281.8456,2026-06-12T00:59:59.999000+00:00,7167471.726442,88913
2026-06-12T01:00:00+00:00,1672.74,1672.74,1660.93,1667.09,7875.9261,2026-06-12T01:59:59.999000+00:00,13124836.256512,113254
2026-06-12T02:00:00+00:00,1667.08,1678.42,1666.87,1675.59,4970.8546,2026-06-12T02:59:59.999000+00:00,8322334.877541,76396
2026-06-12T03:00:00+00:00,1675.6,1676.6,1668.81,1673.25,3530.8234,2026-06-12T03:59:59.999000+00:00,5907392.204753,53416
2026-06-12T04:00:00+00:00,1673.25,1682.0,1669.29,1677.47,5441.5155,2026-06-12T04:59:59.999000+00:00,9124939.86426,75044
2026-06-12T05:00:00+00:00,1677.48,1677.86,1662.31,1664.23,7801.1597,2026-06-12T05:59:59.999000+00:00,13012810.451813,93120
2026-06-12T06:00:00+00:00,1664.23,1666.82,1652.09,1657.34,8649.4647,2026-06-12T06:59:59.999000+00:00,14343186.287037,116036
2026-06-12T07:00:00+00:00,1657.35,1664.99,1656.23,1662.12,8331.4353,2026-06-12T07:59:59.999000+00:00,13833722.834625,76546
2026-06-12T08:00:00+00:00,1662.12,1678.22,1662.12,1673.53,15418.7017,2026-06-12T08:59:59.999000+00:00,25771109.916015,131424
2026-06-12T09:00:00+00:00,1673.53,1685.65,1671.48,1680.16,8197.0023,2026-06-12T09:59:59.999000+00:00,13769912.36544,114796
2026-06-12T10:00:00+00:00,1680.16,1683.35,1671.91,1674.85,6173.9875,2026-06-12T10:59:59.999000+00:00,10353261.699774,98037
2026-06-12T11:00:00+00:00,1674.85,1678.51,1672.1,1673.89,3363.2193,2026-06-12T11:59:59.999000+00:00,5635365.300368,77631
2026-06-12T12:00:00+00:00,1673.88,1673.88,1663.07,1666.54,6467.2057,2026-06-12T12:59:59.999000+00:00,10786555.291634,112130
2026-06-12T13:00:00+00:00,1666.55,1668.91,1653.74,1657.6,11710.1544,2026-06-12T13:59:59.999000+00:00,19447418.772629,208190
2026-06-12T14:00:00+00:00,1657.6,1685.93,1656.26,1685.64,16504.3485,2026-06-12T14:59:59.999000+00:00,27596940.848745,319148
2026-06-12T15:00:00+00:00,1685.65,1691.07,1658.75,1660.08,28712.9287,2026-06-12T15:59:59.999000+00:00,48218267.576774,350202
2026-06-12T16:00:00+00:00,1660.08,1675.81,1657.38,1672.9,16259.7209,2026-06-12T16:59:59.999000+00:00,27134174.658088,237025
2026-06-12T17:00:00+00:00,1672.91,1678.1,1667.37,1668.84,9374.8496,2026-06-12T17:59:59.999000+00:00,15668068.428206,129671
2026-06-12T18:00:00+00:00,1668.84,1673.57,1663.6,1666.87,7832.5232,2026-06-12T18:59:59.999000+00:00,13069259.883055,112309
2026-06-12T19:00:00+00:00,1666.86,1672.47,1664.9,1665.92,8724.7737,2026-06-12T19:59:59.999000+00:00,14555122.814615,103229
2026-06-12T20:00:00+00:00,1665.92,1667.85,1662.02,1664.92,3958.8659,2026-06-12T20:59:59.999000+00:00,6594497.077802,59251
2026-06-12T21:00:00+00:00,1664.93,1668.01,1663.21,1664.19,3024.2087,2026-06-12T21:59:59.999000+00:00,5037423.22104,43137
2026-06-12T22:00:00+00:00,1664.18,1667.49,1661.46,1662.6,2376.0563,2026-06-12T22:59:59.999000+00:00,3953019.310611,51975
2026-06-12T23:00:00+00:00,1662.6,1666.41,1659.02,1666.41,2906.4389,2026-06-12T23:59:59.999000+00:00,4831069.991212,47637
2026-06-13T00:00:00+00:00,1666.42,1669.34,1665.31,1667.47,2920.1254,2026-06-13T00:59:59.999000+00:00,4868944.670878,44694
2026-06-13T01:00:00+00:00,1667.47,1675.9,1666.53,1674.03,5623.2701,2026-06-13T01:59:59.999000+00:00,9401124.967799,58159
2026-06-13T02:00:00+00:00,1674.03,1674.52,1665.69,1668.02,4867.9917,2026-06-13T02:59:59.999000+00:00,8128852.680047,50971
2026-06-13T03:00:00+00:00,1668.03,1669.57,1663.36,1665.25,2988.2057,2026-06-13T03:59:59.999000+00:00,4977312.843776,40911
2026-06-13T04:00:00+00:00,1665.25,1668.28,1663.52,1664.51,2235.5465,2026-06-13T04:59:59.999000+00:00,3723982.985951,31942
2026-06-13T05:00:00+00:00,1664.52,1665.61,1662.2,1665.22,3000.8241,2026-06-13T05:59:59.999000+00:00,4994273.225589,38507
2026-06-13T06:00:00+00:00,1665.22,1670.25,1663.88,1669.7,3290.8776,2026-06-13T06:59:59.999000+00:00,5484038.839324,37774
2026-06-13T07:00:00+00:00,1669.71,1677.74,1668.47,1676.38,7516.4797,2026-06-13T07:59:59.999000+00:00,12583495.387576,50644
2026-06-13T08:00:00+00:00,1676.38,1679.92,1673.63,1674.57,7578.6282,2026-06-13T08:59:59.999000+00:00,12702697.72928,57120
2026-06-13T09:00:00+00:00,1674.57,1676.3,1672.93,1673.7,3898.675,2026-06-13T09:59:59.999000+00:00,6528131.864606,40620
2026-06-13T10:00:00+00:00,1673.7,1676.37,1672.8,1674.18,3139.3227,2026-06-13T10:59:59.999000+00:00,5256164.411419,38920
2026-06-13T11:00:00+00:00,1674.19,1678.96,1673.55,1678.34,3875.3902,2026-06-13T11:59:59.999000+00:00,6499114.977881,41266
2026-06-13T12:00:00+00:00,1678.33,1683.77,1676.99,1680.53,4637.8032,2026-06-13T12:59:59.999000+00:00,7789337.01359,49564
2026-06-13T13:00:00+00:00,1680.52,1681.58,1676.69,1678.02,4422.2372,2026-06-13T13:59:59.999000+00:00,7426246.749747,54845
2026-06-13T14:00:00+00:00,1678.02,1681.47,1677.82,1679.97,3196.0956,2026-06-13T14:59:59.999000+00:00,5368830.064575,47178
2026-06-13T15:00:00+00:00,1679.98,1686.56,1678.5,1682.15,7674.3014,2026-06-13T15:59:59.999000+00:00,12911508.172864,84201
2026-06-13T16:00:00+00:00,1682.14,1682.48,1671.44,1676.74,12322.1686,2026-06-13T16:59:59.999000+00:00,20640541.582448,107360
2026-06-13T17:00:00+00:00,1676.74,1678.4,1673.23,1674.31,3585.258,2026-06-13T17:59:59.999000+00:00,6009063.627249,56233
2026-06-13T18:00:00+00:00,1674.31,1682.63,1674.2,1678.53,2724.5849,2026-06-13T18:59:59.999000+00:00,4575675.465207,39695
2026-06-13T19:00:00+00:00,1678.53,1680.0,1675.86,1678.29,2737.3428,2026-06-13T19:59:59.999000+00:00,4593800.149393,32428
2026-06-13T20:00:00+00:00,1678.3,1678.3,1675.11,1676.53,2067.6627,2026-06-13T20:59:59.999000+00:00,3466894.163378,33259
2026-06-13T21:00:00+00:00,1676.53,1697.28,1674.91,1686.44,6677.2933,2026-06-13T21:59:59.999000+00:00,11257676.382447,92778
2026-06-13T22:00:00+00:00,1686.44,1686.65,1681.62,1681.63,3324.1624,2026-06-13T22:59:59.999000+00:00,5598041.647069,51455
2026-06-13T23:00:00+00:00,1681.62,1684.2,1678.1,1681.18,2447.3607,2026-06-13T23:59:59.999000+00:00,4113433.101294,42455
2026-06-14T00:00:00+00:00,1681.19,1683.52,1678.83,1681.91,2635.5197,2026-06-14T00:59:59.999000+00:00,4431260.560247,42689
2026-06-14T01:00:00+00:00,1681.9,1690.36,1680.3,1683.99,3518.0414,2026-06-14T01:59:59.999000+00:00,5931085.370835,52127
2026-06-14T02:00:00+00:00,1683.98,1685.7,1681.59,1682.47,1929.4039,2026-06-14T02:59:59.999000+00:00,3248085.706824,30144
2026-06-14T03:00:00+00:00,1682.46,1683.28,1679.85,1681.73,2324.9353,2026-06-14T03:59:59.999000+00:00,3909588.273208,32885
2026-06-14T04:00:00+00:00,1681.74,1682.66,1676.35,1677.95,3535.006,2026-06-14T04:59:59.999000+00:00,5935190.511662,38134
2026-06-14T05:00:00+00:00,1677.95,1679.14,1674.0,1678.13,4061.9516,2026-06-14T05:59:59.999000+00:00,6811751.112626,39876
2026-06-14T06:00:00+00:00,1678.13,1682.5,1675.3,1676.39,5066.5632,2026-06-14T06:59:59.999000+00:00,8502274.040634,48948
2026-06-14T07:00:00+00:00,1676.4,1677.55,1673.72,1675.91,2927.6836,2026-06-14T07:59:59.999000+00:00,4905534.407328,28804
2026-06-14T08:00:00+00:00,1675.91,1678.92,1674.73,1675.58,3088.9448,2026-06-14T08:59:59.999000+00:00,5180461.191484,27604
2026-06-14T09:00:00+00:00,1675.58,1679.0,1669.15,1678.49,7430.344,2026-06-14T09:59:59.999000+00:00,12430280.306257,63055
2026-06-14T10:00:00+00:00,1678.48,1678.55,1673.13,1673.13,1896.0713,2026-06-14T10:59:59.999000+00:00,3178519.524302,32334
2026-06-14T11:00:00+00:00,1673.13,1677.15,1672.36,1673.73,2400.9129,2026-06-14T11:59:59.999000+00:00,4020907.695474,29591
2026-06-14T12:00:00+00:00,1673.73,1674.58,1665.35,1666.9,4560.2496,2026-06-14T12:59:59.999000+00:00,7615198.865771,50424
2026-06-14T13:00:00+00:00,1666.9,1669.15,1664.5,1666.54,4290.0889,2026-06-14T13:59:59.999000+00:00,7150249.616747,54969
2026-06-14T14:00:00+00:00,1666.53,1670.2,1654.9,1659.76,10746.8189,2026-06-14T14:59:59.999000+00:00,17847662.806165,120414
2026-06-14T15:00:00+00:00,1659.76,1664.67,1659.6,1662.95,4335.407,2026-06-14T15:59:59.999000+00:00,7209154.216188,60421
2026-06-14T16:00:00+00:00,1662.95,1668.57,1659.36,1661.38,6515.369,2026-06-14T16:59:59.999000+00:00,10842205.571696,59467
2026-06-14T17:00:00+00:00,1661.37,1666.52,1660.92,1662.09,5151.4048,2026-06-14T17:59:59.999000+00:00,8571157.009422,59141
2026-06-14T18:00:00+00:00,1662.09,1663.27,1658.95,1662.08,3057.1103,2026-06-14T18:59:59.999000+00:00,5077998.835492,41537
2026-06-14T19:00:00+00:00,1662.07,1667.93,1661.13,1665.43,3219.0946,2026-06-14T19:59:59.999000+00:00,5362142.079956,37371
2026-06-14T20:00:00+00:00,1665.44,1673.72,1662.67,1670.48,4358.5103,2026-06-14T20:59:59.999000+00:00,7272281.953258,49102
2026-06-14T21:00:00+00:00,1670.48,1732.28,1669.97,1718.67,48781.2516,2026-06-14T21:59:59.999000+00:00,83337486.914776,451737
2026-06-14T22:00:00+00:00,1718.68,1729.1,1712.34,1722.62,28043.4797,2026-06-14T22:59:59.999000+00:00,48281070.55055,332205
2026-06-14T23:00:00+00:00,1722.62,1726.43,1716.79,1725.62,14135.7917,2026-06-14T23:59:59.999000+00:00,24352755.649847,153012
2026-06-15T00:00:00+00:00,1725.63,1733.04,1719.78,1720.83,14570.9812,2026-06-15T00:59:59.999000+00:00,25144573.062022,107105
2026-06-15T01:00:00+00:00,1720.83,1721.91,1709.66,1715.79,12097.9798,2026-06-15T01:59:59.999000+00:00,20757631.161305,110675
2026-06-15T02:00:00+00:00,1715.8,1726.96,1714.23,1716.78,8966.2582,2026-06-15T02:59:59.999000+00:00,15424769.762965,85682
2026-06-15T03:00:00+00:00,1716.78,1724.17,1715.55,1720.78,11155.8651,2026-06-15T03:59:59.999000+00:00,19198392.571367,82092
2026-06-15T04:00:00+00:00,1720.78,1720.78,1716.0,1717.04,11426.7749,2026-06-15T04:59:59.999000+00:00,19636190.124909,71286
2026-06-15T05:00:00+00:00,1717.05,1722.63,1715.95,1720.66,6961.6259,2026-06-15T05:59:59.999000+00:00,11966522.217281,48199
2026-06-15T06:00:00+00:00,1720.67,1723.29,1718.25,1719.82,6607.7047,2026-06-15T06:59:59.999000+00:00,11371680.268415,51277
2026-06-15T07:00:00+00:00,1719.82,1723.8,1716.49,1716.59,8177.2779,2026-06-15T07:59:59.999000+00:00,14062876.18081,58777
2026-06-15T08:00:00+00:00,1716.6,1721.91,1715.6,1720.36,6027.9286,2026-06-15T08:59:59.999000+00:00,10364436.724339,51334
2026-06-15T09:00:00+00:00,1720.35,1726.94,1712.17,1718.65,14597.5107,2026-06-15T09:59:59.999000+00:00,25091409.654166,73210
2026-06-15T10:00:00+00:00,1718.65,1748.6,1718.27,1737.77,26756.9662,2026-06-15T10:59:59.999000+00:00,46335032.904616,131529
2026-06-15T11:00:00+00:00,1737.77,1769.0,1734.11,1764.67,38954.8902,2026-06-15T11:59:59.999000+00:00,68344785.475173,299356
2026-06-15T12:00:00+00:00,1764.67,1777.77,1760.28,1777.48,27438.198,2026-06-15T12:59:59.999000+00:00,48562984.925256,141252
2026-06-15T13:00:00+00:00,1777.48,1827.67,1774.6,1814.12,70367.2004,2026-06-15T13:59:59.999000+00:00,127230062.294956,348250
2026-06-15T14:00:00+00:00,1814.12,1818.58,1804.71,1814.55,25775.3832,2026-06-15T14:59:59.999000+00:00,46698702.561176,168485
2026-06-15T15:00:00+00:00,1814.55,1849.54,1813.15,1845.53,47178.9802,2026-06-15T15:59:59.999000+00:00,86475848.893538,244407
2026-06-15T16:00:00+00:00,1845.53,1847.13,1837.48,1842.85,28115.059,2026-06-15T16:59:59.999000+00:00,51789038.00695,189202
2026-06-15T17:00:00+00:00,1842.85,1842.86,1823.58,1829.19,23706.4793,2026-06-15T17:59:59.999000+00:00,43391823.294716,153619
2026-06-15T18:00:00+00:00,1829.19,1835.58,1825.85,1828.13,9996.5735,2026-06-15T18:59:59.999000+00:00,18294410.87573,98714
2026-06-15T19:00:00+00:00,1828.12,1834.44,1811.66,1821.89,16646.39,2026-06-15T19:59:59.999000+00:00,30348914.345381,149205
2026-06-15T20:00:00+00:00,1821.88,1826.62,1815.33,1816.95,8446.3884,2026-06-15T20:59:59.999000+00:00,15379231.984178,92932
2026-06-15T21:00:00+00:00,1816.94,1822.15,1809.53,1811.35,8869.859,2026-06-15T21:59:59.999000+00:00,16107422.924297,90677
2026-06-15T22:00:00+00:00,1811.36,1813.55,1787.0,1789.68,16216.3254,2026-06-15T22:59:59.999000+00:00,29133547.923963,168905
2026-06-15T23:00:00+00:00,1789.69,1797.58,1782.82,1796.13,15076.6555,2026-06-15T23:59:59.999000+00:00,26995213.8378,119946
2026-06-16T00:00:00+00:00,1796.14,1802.09,1789.0,1789.6,9861.7639,2026-06-16T00:59:59.999000+00:00,17708314.748906,93946
2026-06-16T01:00:00+00:00,1789.59,1797.42,1789.13,1792.27,5337.8699,2026-06-16T01:59:59.999000+00:00,9576121.488784,69791
2026-06-16T02:00:00+00:00,1792.26,1794.1,1767.4,1770.13,20732.5293,2026-06-16T02:59:59.999000+00:00,36825580.794924,136234
2026-06-16T03:00:00+00:00,1770.13,1780.73,1764.84,1779.16,14600.4649,2026-06-16T03:59:59.999000+00:00,25907702.486601,84884
2026-06-16T04:00:00+00:00,1779.16,1783.32,1758.0,1760.64,17722.5148,2026-06-16T04:59:59.999000+00:00,31327255.002132,98447
2026-06-16T05:00:00+00:00,1760.65,1766.0,1760.57,1762.05,11474.8532,2026-06-16T05:59:59.999000+00:00,20234352.817264,72608
2026-06-16T06:00:00+00:00,1762.06,1774.17,1762.06,1771.4,11200.0573,2026-06-16T06:59:59.999000+00:00,19808328.395896,68287
2026-06-16T07:00:00+00:00,1771.41,1776.47,1769.02,1774.24,10004.5098,2026-06-16T07:59:59.999000+00:00,17736699.813692,65144
2026-06-16T08:00:00+00:00,1774.25,1807.97,1773.25,1803.23,22080.5005,2026-06-16T08:59:59.999000+00:00,39479897.469111,207654
2026-06-16T09:00:00+00:00,1803.23,1805.79,1787.07,1789.63,13315.7417,2026-06-16T09:59:59.999000+00:00,23898614.279214,157358
2026-06-16T10:00:00+00:00,1789.63,1800.0,1788.61,1793.95,13040.3844,2026-06-16T10:59:59.999000+00:00,23408410.581291,120096
2026-06-16T11:00:00+00:00,1793.95,1800.0,1790.7,1799.59,8788.3291,2026-06-16T11:59:59.999000+00:00,15779031.853069,109669
2026-06-16T12:00:00+00:00,1799.6,1839.77,1796.71,1814.88,38221.0614,2026-06-16T12:59:59.999000+00:00,69542151.818208,378561
2026-06-16T13:00:00+00:00,1814.89,1817.1,1791.57,1797.88,32836.3553,2026-06-16T13:59:59.999000+00:00,59216986.804971,380259
2026-06-16T14:00:00+00:00,1797.86,1805.57,1763.36,1780.56,37636.9685,2026-06-16T14:59:59.999000+00:00,67095594.342737,432145
2026-06-16T15:00:00+00:00,1780.56,1788.32,1774.52,1782.44,15292.7715,2026-06-16T15:59:59.999000+00:00,27243692.218923,231397
2026-06-16T16:00:00+00:00,1782.43,1785.58,1773.03,1777.89,10107.1978,2026-06-16T16:59:59.999000+00:00,17972251.780109,160896
2026-06-16T17:00:00+00:00,1777.9,1799.45,1777.38,1795.1,11225.1737,2026-06-16T17:59:59.999000+00:00,20082386.322777,160317
2026-06-16T18:00:00+00:00,1795.1,1808.44,1792.58,1799.21,14940.9438,2026-06-16T18:59:59.999000+00:00,26898907.698429,173210
2026-06-16T19:00:00+00:00,1799.2,1801.04,1790.14,1795.41,11864.4825,2026-06-16T19:59:59.999000+00:00,21306393.384812,151718
2026-06-16T20:00:00+00:00,1795.41,1798.5,1789.53,1797.82,7360.8483,2026-06-16T20:59:59.999000+00:00,13208097.454571,91762
2026-06-16T21:00:00+00:00,1797.82,1800.48,1790.57,1796.52,6138.1935,2026-06-16T21:59:59.999000+00:00,11022433.242686,78353
2026-06-16T22:00:00+00:00,1796.53,1799.49,1791.03,1796.21,5783.0483,2026-06-16T22:59:59.999000+00:00,10378046.671202,72776
2026-06-16T23:00:00+00:00,1796.22,1798.89,1791.26,1792.99,4010.9856,2026-06-16T23:59:59.999000+00:00,7198613.123031,55688
2026-06-17T00:00:00+00:00,1793.0,1799.01,1791.95,1794.22,3837.3514,2026-06-17T00:59:59.999000+00:00,6889069.83882,73967
2026-06-17T01:00:00+00:00,1794.22,1799.12,1778.99,1797.76,9518.8319,2026-06-17T01:59:59.999000+00:00,17025410.740582,145091
2026-06-17T02:00:00+00:00,1797.76,1810.21,1788.78,1795.59,11539.6186,2026-06-17T02:59:59.999000+00:00,20756075.170652,150043
2026-06-17T03:00:00+00:00,1795.59,1797.36,1787.65,1793.58,6278.7011,2026-06-17T03:59:59.999000+00:00,11253327.066116,86739
2026-06-17T04:00:00+00:00,1793.58,1801.79,1792.0,1794.3,4566.9498,2026-06-17T04:59:59.999000+00:00,8202773.999185,63224
2026-06-17T05:00:00+00:00,1794.3,1799.45,1789.13,1793.98,6224.9179,2026-06-17T05:59:59.999000+00:00,11167017.422797,80915
2026-06-17T06:00:00+00:00,1793.98,1797.2,1786.44,1790.38,5350.7783,2026-06-17T06:59:59.999000+00:00,9583330.182225,89937
2026-06-17T07:00:00+00:00,1790.38,1792.34,1778.71,1785.08,7467.6536,2026-06-17T07:59:59.999000+00:00,13337539.82517,111666
2026-06-17T08:00:00+00:00,1785.09,1786.15,1760.4,1765.31,15038.4696,2026-06-17T08:59:59.999000+00:00,26609494.811101,188398
2026-06-17T09:00:00+00:00,1765.3,1777.78,1765.0,1773.07,6492.4868,2026-06-17T09:59:59.999000+00:00,11502331.56257,107452
2026-06-17T10:00:00+00:00,1773.08,1776.05,1767.14,1768.38,4720.795,2026-06-17T10:59:59.999000+00:00,8362629.872334,101987
2026-06-17T11:00:00+00:00,1768.39,1770.77,1759.35,1763.92,8865.8541,2026-06-17T11:59:59.999000+00:00,15650017.837499,150988
2026-06-17T12:00:00+00:00,1763.93,1765.99,1742.94,1759.44,22647.9494,2026-06-17T12:59:59.999000+00:00,39685399.500059,243198
2026-06-17T13:00:00+00:00,1759.42,1771.91,1754.72,1761.25,20823.4439,2026-06-17T13:59:59.999000+00:00,36727694.674144,245376
2026-06-17T14:00:00+00:00,1761.24,1765.52,1741.05,1754.96,21946.5289,2026-06-17T14:59:59.999000+00:00,38507648.190525,303653
2026-06-17T15:00:00+00:00,1754.97,1776.94,1751.21,1773.41,16711.5499,2026-06-17T15:59:59.999000+00:00,29490397.297256,217521
2026-06-17T16:00:00+00:00,1773.42,1791.73,1769.52,1772.02,20521.2125,2026-06-17T16:59:59.999000+00:00,36490909.441633,233325
2026-06-17T17:00:00+00:00,1772.03,1796.08,1767.54,1789.27,12709.6191,2026-06-17T17:59:59.999000+00:00,22626817.239237,163029
2026-06-17T18:00:00+00:00,1789.27,1789.4,1746.42,1770.32,45097.9103,2026-06-17T18:59:59.999000+00:00,79807171.301685,547194
2026-06-17T19:00:00+00:00,1770.31,1775.85,1729.26,1734.72,48044.2229,2026-06-17T19:59:59.999000+00:00,83844508.50936,482616
2026-06-17T20:00:00+00:00,1734.73,1747.92,1732.97,1747.36,12478.2946,2026-06-17T20:59:59.999000+00:00,21717531.900827,132213
2026-06-17T21:00:00+00:00,1747.37,1748.01,1736.39,1738.9,6882.8113,2026-06-17T21:59:59.999000+00:00,11991747.165624,83297
2026-06-17T22:00:00+00:00,1738.91,1746.6,1725.34,1740.31,10769.2064,2026-06-17T22:59:59.999000+00:00,18705374.102514,106297
2026-06-17T23:00:00+00:00,1740.31,1751.66,1740.1,1750.6,5962.9002,2026-06-17T23:59:59.999000+00:00,10417878.690666,67337
2026-06-18T00:00:00+00:00,1750.61,1759.49,1749.98,1752.97,8434.4626,2026-06-18T00:59:59.999000+00:00,14799965.624846,89917
2026-06-18T01:00:00+00:00,1752.97,1762.99,1752.64,1754.92,6736.3083,2026-06-18T01:59:59.999000+00:00,11843825.284325,83695
2026-06-18T02:00:00+00:00,1754.93,1759.0,1750.34,1755.85,5941.1809,2026-06-18T02:59:59.999000+00:00,10433311.385229,71078
2026-06-18T03:00:00+00:00,1755.86,1756.26,1741.46,1744.17,9869.8515,2026-06-18T03:59:59.999000+00:00,17251515.485061,98305
2026-06-18T04:00:00+00:00,1744.17,1745.92,1730.0,1730.64,10827.0106,2026-06-18T04:59:59.999000+00:00,18789579.769039,121564
2026-06-18T05:00:00+00:00,1730.63,1733.0,1722.24,1730.97,9504.6066,2026-06-18T05:59:59.999000+00:00,16424218.315289,119528
2026-06-18T06:00:00+00:00,1730.97,1736.79,1725.53,1735.56,9171.8836,2026-06-18T06:59:59.999000+00:00,15884488.976332,83853
2026-06-18T07:00:00+00:00,1735.56,1753.29,1732.91,1749.79,14499.706,2026-06-18T07:59:59.999000+00:00,25291296.494387,90689
2026-06-18T08:00:00+00:00,1749.8,1753.61,1743.7,1747.67,16995.3259,2026-06-18T08:59:59.999000+00:00,29716359.196345,96127
2026-06-18T09:00:00+00:00,1747.67,1751.87,1742.53,1746.07,9188.0766,2026-06-18T09:59:59.999000+00:00,16044751.327527,89741
2026-06-18T10:00:00+00:00,1746.07,1752.84,1739.46,1746.9,10293.2199,2026-06-18T10:59:59.999000+00:00,17950138.650728,117077
2026-06-18T11:00:00+00:00,1746.9,1749.39,1739.11,1743.31,10599.3506,2026-06-18T11:59:59.999000+00:00,18483386.176671,118296
2026-06-18T12:00:00+00:00,1743.31,1753.06,1741.88,1750.41,9678.6003,2026-06-18T12:59:59.999000+00:00,16920474.413382,123622
2026-06-18T13:00:00+00:00,1750.41,1752.51,1729.08,1736.78,14466.2432,2026-06-18T13:59:59.999000+00:00,25164496.695769,219882
2026-06-18T14:00:00+00:00,1736.78,1745.46,1729.66,1739.79,15628.5169,2026-06-18T14:59:59.999000+00:00,27152232.308769,272082
2026-06-18T15:00:00+00:00,1739.78,1740.09,1680.0,1682.23,54756.2373,2026-06-18T15:59:59.999000+00:00,93411884.056801,516039
2026-06-18T16:00:00+00:00,1682.23,1692.95,1680.39,1686.93,23218.7247,2026-06-18T16:59:59.999000+00:00,39176948.304728,280168
2026-06-18T17:00:00+00:00,1686.96,1687.68,1671.79,1679.42,18337.1074,2026-06-18T17:59:59.999000+00:00,30819484.383538,200570
2026-06-18T18:00:00+00:00,1679.41,1689.4,1676.35,1685.38,11493.0957,2026-06-18T18:59:59.999000+00:00,19344660.256259,152625
2026-06-18T19:00:00+00:00,1685.38,1707.48,1682.78,1705.39,12972.023,2026-06-18T19:59:59.999000+00:00,22014527.50958,131475
2026-06-18T20:00:00+00:00,1705.4,1717.23,1705.4,1710.47,10803.4729,2026-06-18T20:59:59.999000+00:00,18499246.808453,125190
2026-06-18T21:00:00+00:00,1710.47,1711.96,1701.64,1708.39,8309.8533,2026-06-18T21:59:59.999000+00:00,14181773.01453,79019
2026-06-18T22:00:00+00:00,1708.39,1708.56,1700.19,1706.81,5388.0262,2026-06-18T22:59:59.999000+00:00,9187192.323372,60357
2026-06-18T23:00:00+00:00,1706.81,1712.38,1702.96,1711.11,5368.0816,2026-06-18T23:59:59.999000+00:00,9169743.230076,64067
2026-06-19T00:00:00+00:00,1711.11,1716.3,1708.64,1713.84,5697.9599,2026-06-19T00:59:59.999000+00:00,9760041.796403,68311
2026-06-19T01:00:00+00:00,1713.85,1719.51,1706.19,1713.5,4979.2932,2026-06-19T01:59:59.999000+00:00,8527804.658352,82762
2026-06-19T02:00:00+00:00,1713.5,1715.21,1701.29,1707.15,7104.6248,2026-06-19T02:59:59.999000+00:00,12128873.402146,82199
2026-06-19T03:00:00+00:00,1707.15,1708.28,1682.35,1697.69,19909.1455,2026-06-19T03:59:59.999000+00:00,33714201.321928,188243
2026-06-19T04:00:00+00:00,1697.7,1702.97,1686.0,1689.72,9047.7131,2026-06-19T04:59:59.999000+00:00,15319157.993054,121080
2026-06-19T05:00:00+00:00,1689.72,1697.75,1689.39,1697.51,6751.5611,2026-06-19T05:59:59.999000+00:00,11443872.052477,90767
2026-06-19T06:00:00+00:00,1697.51,1703.4,1696.18,1700.26,5912.1887,2026-06-19T06:59:59.999000+00:00,10046560.76831,82853
2026-06-19T07:00:00+00:00,1700.27,1700.98,1690.09,1695.82,10871.0575,2026-06-19T07:59:59.999000+00:00,18423735.683027,94374
2026-06-19T08:00:00+00:00,1695.82,1699.11,1693.66,1697.94,4871.7774,2026-06-19T08:59:59.999000+00:00,8264563.001174,76750
2026-06-19T09:00:00+00:00,1697.94,1699.82,1688.72,1689.2,5546.9736,2026-06-19T09:59:59.999000+00:00,9387395.202451,99120
2026-06-19T10:00:00+00:00,1689.21,1694.67,1687.05,1692.61,5996.3839,2026-06-19T10:59:59.999000+00:00,10132585.840024,93881
2026-06-19T11:00:00+00:00,1692.6,1694.24,1688.84,1691.74,3329.0739,2026-06-19T11:59:59.999000+00:00,5632946.295952,66330
2026-06-19T12:00:00+00:00,1691.74,1696.12,1679.11,1695.36,9586.951,2026-06-19T12:59:59.999000+00:00,16178266.567628,153335
2026-06-19T13:00:00+00:00,1695.37,1711.59,1687.75,1703.47,11636.3177,2026-06-19T13:59:59.999000+00:00,19781732.536699,202225
2026-06-19T14:00:00+00:00,1703.46,1709.98,1696.51,1706.97,8226.3952,2026-06-19T14:59:59.999000+00:00,14017748.184767,142190
2026-06-19T15:00:00+00:00,1706.96,1712.06,1698.37,1707.86,9090.8157,2026-06-19T15:59:59.999000+00:00,15500701.695735,134982
2026-06-19T16:00:00+00:00,1707.87,1711.76,1695.09,1696.8,7276.0252,2026-06-19T16:59:59.999000+00:00,12407132.792244,122864
2026-06-19T17:00:00+00:00,1696.8,1706.25,1693.7,1704.85,7369.5848,2026-06-19T17:59:59.999000+00:00,12528894.509643,118544
2026-06-19T18:00:00+00:00,1704.85,1705.45,1698.3,1702.7,3812.1693,2026-06-19T18:59:59.999000+00:00,6491356.058403,66088
2026-06-19T19:00:00+00:00,1702.69,1704.61,1698.15,1701.2,3987.7458,2026-06-19T19:59:59.999000+00:00,6784502.566629,52091
2026-06-19T20:00:00+00:00,1701.21,1709.37,1698.89,1708.96,3414.0082,2026-06-19T20:59:59.999000+00:00,5818968.676868,55121
2026-06-19T21:00:00+00:00,1708.97,1708.97,1701.52,1702.03,2847.9389,2026-06-19T21:59:59.999000+00:00,4856177.201414,51187
2026-06-19T22:00:00+00:00,1702.02,1710.38,1700.45,1707.61,4493.571,2026-06-19T22:59:59.999000+00:00,7668373.622941,48942
2026-06-19T23:00:00+00:00,1707.61,1715.0,1704.88,1711.19,3318.923,2026-06-19T23:59:59.999000+00:00,5674779.96638,45529
2026-06-20T00:00:00+00:00,1711.18,1718.0,1708.41,1708.8,6468.2301,2026-06-20T00:59:59.999000+00:00,11073743.8558,88822
2026-06-20T01:00:00+00:00,1708.8,1713.36,1706.62,1709.89,2947.0758,2026-06-20T01:59:59.999000+00:00,5038058.834875,53780
2026-06-20T02:00:00+00:00,1709.89,1710.52,1704.06,1704.85,3058.5958,2026-06-20T02:59:59.999000+00:00,5219663.66647,56549
2026-06-20T03:00:00+00:00,1704.85,1709.33,1704.56,1708.17,2012.5022,2026-06-20T03:59:59.999000+00:00,3435478.382308,33636
2026-06-20T04:00:00+00:00,1708.18,1715.47,1706.51,1713.52,4256.5601,2026-06-20T04:59:59.999000+00:00,7287996.55531,51210
2026-06-20T05:00:00+00:00,1713.52,1733.89,1712.25,1726.1,15425.5681,2026-06-20T05:59:59.999000+00:00,26621359.232948,141099
2026-06-20T06:00:00+00:00,1726.11,1729.84,1723.98,1727.67,4389.7401,2026-06-20T06:59:59.999000+00:00,7579622.651273,59418
2026-06-20T07:00:00+00:00,1727.66,1729.56,1723.05,1725.82,4567.4772,2026-06-20T07:59:59.999000+00:00,7886750.715837,44896
2026-06-20T08:00:00+00:00,1725.81,1726.9,1721.25,1722.83,4169.4426,2026-06-20T08:59:59.999000+00:00,7187464.556247,46440
2026-06-20T09:00:00+00:00,1722.83,1730.0,1722.83,1728.47,3920.341,2026-06-20T09:59:59.999000+00:00,6770562.148686,52475
2026-06-20T10:00:00+00:00,1728.46,1729.53,1725.26,1727.62,2117.895,2026-06-20T10:59:59.999000+00:00,3658189.357662,35169
2026-06-20T11:00:00+00:00,1727.63,1731.76,1725.84,1727.18,3102.374,2026-06-20T11:59:59.999000+00:00,5361988.910778,33507
2026-06-20T12:00:00+00:00,1727.18,1730.35,1723.61,1726.86,3168.5393,2026-06-20T12:59:59.999000+00:00,5472635.773352,49587
2026-06-20T13:00:00+00:00,1726.86,1727.21,1712.81,1717.56,7508.8306,2026-06-20T13:59:59.999000+00:00,12908144.944017,105274
2026-06-20T14:00:00+00:00,1717.56,1746.67,1708.11,1733.48,17301.3976,2026-06-20T14:59:59.999000+00:00,29883906.470053,235092
2026-06-20T15:00:00+00:00,1733.49,1749.55,1729.44,1740.63,17584.9923,2026-06-20T15:59:59.999000+00:00,30594681.061941,194091
2026-06-20T16:00:00+00:00,1740.63,1740.91,1730.9,1733.92,4672.2434,2026-06-20T16:59:59.999000+00:00,8105391.677899,93018
2026-06-20T17:00:00+00:00,1733.92,1733.93,1721.03,1726.86,4887.2409,2026-06-20T17:59:59.999000+00:00,8439621.877629,99409
2026-06-20T18:00:00+00:00,1726.87,1732.0,1726.0,1726.63,4045.8504,2026-06-20T18:59:59.999000+00:00,6992677.651547,46222
2026-06-20T19:00:00+00:00,1726.62,1730.18,1725.24,1729.27,9864.4156,2026-06-20T19:59:59.999000+00:00,17037248.873773,55101
2026-06-20T20:00:00+00:00,1729.27,1731.34,1726.53,1730.98,2561.062,2026-06-20T20:59:59.999000+00:00,4429783.361545,35000
2026-06-20T21:00:00+00:00,1730.98,1738.01,1730.38,1735.33,10038.6089,2026-06-20T21:59:59.999000+00:00,17415319.723813,65372
2026-06-20T22:00:00+00:00,1735.33,1746.17,1732.96,1743.32,13257.529,2026-06-20T22:59:59.999000+00:00,23066115.813988,116656
2026-06-20T23:00:00+00:00,1743.32,1743.76,1740.52,1741.08,8465.3091,2026-06-20T23:59:59.999000+00:00,14746252.954275,50765
2026-06-21T00:00:00+00:00,1741.08,1741.09,1736.19,1737.92,3498.051,2026-06-21T00:59:59.999000+00:00,6080734.967609,45764
2026-06-21T01:00:00+00:00,1737.92,1740.0,1734.5,1737.01,2282.0442,2026-06-21T01:59:59.999000+00:00,3963359.317059,39462
2026-06-21T02:00:00+00:00,1737.0,1738.18,1735.66,1736.09,1633.6497,2026-06-21T02:59:59.999000+00:00,2837485.390719,30178
2026-06-21T03:00:00+00:00,1736.08,1741.45,1733.51,1737.87,4072.1839,2026-06-21T03:59:59.999000+00:00,7074483.951924,58932
2026-06-21T04:00:00+00:00,1737.88,1741.41,1731.63,1732.85,3580.8594,2026-06-21T04:59:59.999000+00:00,6217540.708559,53599
2026-06-21T05:00:00+00:00,1732.85,1736.27,1729.8,1733.47,3450.4994,2026-06-21T05:59:59.999000+00:00,5979932.334278,49000
2026-06-21T06:00:00+00:00,1733.46,1738.66,1732.52,1736.14,8991.4845,2026-06-21T06:59:59.999000+00:00,15594655.112409,48476
2026-06-21T07:00:00+00:00,1736.14,1736.44,1731.79,1732.36,3125.8122,2026-06-21T07:59:59.999000+00:00,5420636.142753,27253
2026-06-21T08:00:00+00:00,1732.36,1733.22,1724.0,1729.1,4507.568,2026-06-21T08:59:59.999000+00:00,7790969.276704,51280
2026-06-21T09:00:00+00:00,1729.11,1734.37,1725.89,1732.78,3081.6477,2026-06-21T09:59:59.999000+00:00,5332901.64096,45914
2026-06-21T10:00:00+00:00,1732.77,1737.02,1731.03,1731.38,3584.3482,2026-06-21T10:59:59.999000+00:00,6214185.167086,42717
2026-06-21T11:00:00+00:00,1731.39,1734.81,1718.56,1725.36,8436.5416,2026-06-21T11:59:59.999000+00:00,14563074.356999,90458
2026-06-21T12:00:00+00:00,1725.37,1726.93,1717.14,1726.0,8012.7232,2026-06-21T12:59:59.999000+00:00,13797195.525317,90302
2026-06-21T13:00:00+00:00,1725.99,1728.14,1722.12,1725.15,3705.3006,2026-06-21T13:59:59.999000+00:00,6393205.412849,67021
2026-06-21T14:00:00+00:00,1725.15,1728.46,1721.78,1728.44,3406.0189,2026-06-21T14:59:59.999000+00:00,5871641.915521,45323
2026-06-21T15:00:00+00:00,1728.45,1732.57,1727.12,1730.72,3875.8192,2026-06-21T15:59:59.999000+00:00,6707119.265216,61289
2026-06-21T16:00:00+00:00,1730.71,1730.71,1722.21,1728.15,5613.9679,2026-06-21T16:59:59.999000+00:00,9697499.360302,69390
2026-06-21T17:00:00+00:00,1728.16,1731.54,1725.97,1727.36,4651.9746,2026-06-21T17:59:59.999000+00:00,8040194.848886,42560
2026-06-21T18:00:00+00:00,1727.37,1737.81,1721.67,1735.39,7082.1654,2026-06-21T18:59:59.999000+00:00,12269300.666758,97607
2026-06-21T19:00:00+00:00,1735.4,1739.32,1733.59,1734.14,2837.2696,2026-06-21T19:59:59.999000+00:00,4925614.287823,50890
2026-06-21T20:00:00+00:00,1734.14,1735.34,1717.3,1721.3,5585.8071,2026-06-21T20:59:59.999000+00:00,9633688.280699,83545
2026-06-21T21:00:00+00:00,1721.32,1724.19,1702.0,1718.6,13883.6198,2026-06-21T21:59:59.999000+00:00,23784274.200617,171722
2026-06-21T22:00:00+00:00,1718.59,1721.38,1708.57,1717.65,6845.1093,2026-06-21T22:59:59.999000+00:00,11741204.193306,132215
2026-06-21T23:00:00+00:00,1717.64,1717.64,1704.25,1706.94,8018.0035,2026-06-21T23:59:59.999000+00:00,13708688.732172,163702
2026-06-22T00:00:00+00:00,1706.94,1732.2,1706.94,1726.95,10130.3805,2026-06-22T00:59:59.999000+00:00,17437982.179411,200186
2026-06-22T01:00:00+00:00,1726.95,1759.84,1724.56,1743.82,22702.9713,2026-06-22T01:59:59.999000+00:00,39584462.230752,298475
2026-06-22T02:00:00+00:00,1743.83,1745.28,1737.28,1737.28,6300.0591,2026-06-22T02:59:59.999000+00:00,10968981.660853,124365
2026-06-22T03:00:00+00:00,1737.27,1740.98,1726.54,1730.0,9112.5799,2026-06-22T03:59:59.999000+00:00,15799170.475048,136645
2026-06-22T04:00:00+00:00,1730.0,1735.96,1727.69,1735.31,6465.2801,2026-06-22T04:59:59.999000+00:00,11204224.584774,85084
2026-06-22T05:00:00+00:00,1735.3,1739.83,1734.2,1736.85,5508.6624,2026-06-22T05:59:59.999000+00:00,9569461.532235,77339
2026-06-22T06:00:00+00:00,1736.85,1740.21,1733.21,1735.06,6815.1664,2026-06-22T06:59:59.999000+00:00,11833287.826196,67423
2026-06-22T07:00:00+00:00,1735.07,1751.58,1734.76,1746.34,12767.3267,2026-06-22T07:59:59.999000+00:00,22284057.288848,97472
2026-06-22T08:00:00+00:00,1746.34,1752.23,1743.56,1747.79,6440.1179,2026-06-22T08:59:59.999000+00:00,11255902.615422,94623
2026-06-22T09:00:00+00:00,1747.8,1750.38,1743.75,1746.2,7565.4243,2026-06-22T09:59:59.999000+00:00,13219745.391419,72225
2026-06-22T10:00:00+00:00,1746.19,1751.58,1745.23,1748.81,3656.4425,2026-06-22T10:59:59.999000+00:00,6394832.656751,56979
2026-06-22T11:00:00+00:00,1748.81,1774.7,1747.48,1767.68,22291.9665,2026-06-22T11:59:59.999000+00:00,39257501.969631,200411
2026-06-22T12:00:00+00:00,1767.68,1772.0,1761.29,1764.0,13529.9672,2026-06-22T12:59:59.999000+00:00,23892091.394176,155915
2026-06-22T13:00:00+00:00,1764.0,1779.9,1762.06,1777.51,20616.359,2026-06-22T13:59:59.999000+00:00,36529613.171391,230460
2026-06-22T14:00:00+00:00,1777.52,1778.0,1749.85,1754.61,17137.5904,2026-06-22T14:59:59.999000+00:00,30172868.162802,248815
2026-06-22T15:00:00+00:00,1754.62,1758.06,1742.41,1744.74,13111.6886,2026-06-22T15:59:59.999000+00:00,22968301.810061,192411
2026-06-22T16:00:00+00:00,1744.75,1746.29,1733.71,1740.1,17031.0108,2026-06-22T16:59:59.999000+00:00,29628296.566745,200778
2026-06-22T17:00:00+00:00,1740.1,1743.12,1731.32,1740.93,9084.9434,2026-06-22T17:59:59.999000+00:00,15779884.231678,115330
2026-06-22T18:00:00+00:00,1740.92,1747.7,1729.42,1733.51,12571.1935,2026-06-22T18:59:59.999000+00:00,21854992.770981,120938
2026-06-22T19:00:00+00:00,1733.51,1736.82,1729.15,1734.59,10968.9943,2026-06-22T19:59:59.999000+00:00,19008158.890736,124652
2026-06-22T20:00:00+00:00,1734.59,1740.07,1731.14,1734.61,5535.2997,2026-06-22T20:59:59.999000+00:00,9606203.297423,68106
2026-06-22T21:00:00+00:00,1734.61,1737.53,1726.83,1732.74,5705.2922,2026-06-22T21:59:59.999000+00:00,9884344.419207,78839
2026-06-22T22:00:00+00:00,1732.74,1735.93,1717.02,1724.15,11341.6732,2026-06-22T22:59:59.999000+00:00,19549191.318841,164426
2026-06-22T23:00:00+00:00,1724.16,1730.6,1721.38,1728.19,6266.7921,2026-06-22T23:59:59.999000+00:00,10817362.343878,91146
2026-06-23T00:00:00+00:00,1728.19,1731.74,1719.75,1731.27,5627.0099,2026-06-23T00:59:59.999000+00:00,9712868.078773,109838
2026-06-23T01:00:00+00:00,1731.26,1736.25,1721.22,1730.61,5962.0236,2026-06-23T01:59:59.999000+00:00,10311293.35905,117194
2026-06-23T02:00:00+00:00,1730.61,1735.04,1726.36,1732.65,3137.1425,2026-06-23T02:59:59.999000+00:00,5432562.81924,79368
2026-06-23T03:00:00+00:00,1732.65,1733.11,1725.98,1729.9,4003.4996,2026-06-23T03:59:59.999000+00:00,6920648.244729,63764
2026-06-23T04:00:00+00:00,1729.91,1731.25,1717.75,1719.07,5982.7941,2026-06-23T04:59:59.999000+00:00,10314170.35826,79456
2026-06-23T05:00:00+00:00,1719.07,1721.38,1710.5,1713.44,9724.8299,2026-06-23T05:59:59.999000+00:00,16680591.033176,157876
2026-06-23T06:00:00+00:00,1713.51,1713.7,1680.52,1692.29,25365.4413,2026-06-23T06:59:59.999000+00:00,42959622.802737,304222
2026-06-23T07:00:00+00:00,1692.3,1696.47,1682.34,1683.01,10843.585,2026-06-23T07:59:59.999000+00:00,18328852.745735,127090
2026-06-23T08:00:00+00:00,1683.02,1684.8,1635.65,1648.48,45421.5785,2026-06-23T08:59:59.999000+00:00,75231015.107223,445780
2026-06-23T09:00:00+00:00,1648.47,1654.39,1648.15,1650.97,9665.8399,2026-06-23T09:59:59.999000+00:00,15963634.267298,100464
2026-06-23T10:00:00+00:00,1650.97,1658.91,1649.37,1652.65,7703.6216,2026-06-23T10:59:59.999000+00:00,12742028.058065,101588
2026-06-23T11:00:00+00:00,1652.65,1663.9,1652.65,1660.9,8465.12,2026-06-23T11:59:59.999000+00:00,14046778.012205,100270
2026-06-23T12:00:00+00:00,1660.9,1662.59,1653.6,1654.53,8770.3273,2026-06-23T12:59:59.999000+00:00,14537900.528599,117010
2026-06-23T13:00:00+00:00,1654.54,1664.13,1645.52,1662.83,18188.6396,2026-06-23T13:59:59.999000+00:00,30083812.083737,293756
2026-06-23T14:00:00+00:00,1662.82,1672.0,1658.04,1662.1,11900.4381,2026-06-23T14:59:59.999000+00:00,19808136.879351,262968
2026-06-23T15:00:00+00:00,1662.1,1663.39,1651.39,1659.78,9981.5495,2026-06-23T15:59:59.999000+00:00,16534937.646122,161564
2026-06-23T16:00:00+00:00,1659.78,1673.89,1656.99,1659.35,16753.287,2026-06-23T16:59:59.999000+00:00,27882412.397856,154903
2026-06-23T17:00:00+00:00,1659.34,1664.87,1654.67,1656.85,5433.1762,2026-06-23T17:59:59.999000+00:00,9015194.023484,105920
2026-06-23T18:00:00+00:00,1656.86,1660.64,1650.0,1655.53,9237.5786,2026-06-23T18:59:59.999000+00:00,15293802.98548,118813
2026-06-23T19:00:00+00:00,1655.53,1663.97,1655.47,1662.58,7258.075,2026-06-23T19:59:59.999000+00:00,12048293.599488,124349
2026-06-23T20:00:00+00:00,1662.57,1667.64,1661.42,1664.13,5425.2313,2026-06-23T20:59:59.999000+00:00,9029075.192325,75904
2026-06-23T21:00:00+00:00,1664.12,1668.37,1663.52,1666.75,3885.2737,2026-06-23T21:59:59.999000+00:00,6473660.762349,62024
2026-06-23T22:00:00+00:00,1666.74,1672.92,1663.0,1664.67,4377.063,2026-06-23T22:59:59.999000+00:00,7298017.739748,68780
2026-06-23T23:00:00+00:00,1664.67,1669.55,1660.27,1667.13,5148.8868,2026-06-23T23:59:59.999000+00:00,8567779.318936,82378
2026-06-24T00:00:00+00:00,1667.13,1674.72,1666.75,1671.37,4670.7478,2026-06-24T00:59:59.999000+00:00,7802184.909044,127052
2026-06-24T01:00:00+00:00,1671.37,1680.46,1666.12,1672.71,6893.0807,2026-06-24T01:59:59.999000+00:00,11536959.421673,141873
2026-06-24T02:00:00+00:00,1672.71,1673.62,1663.53,1664.03,4564.5059,2026-06-24T02:59:59.999000+00:00,7612749.890462,98631
2026-06-24T03:00:00+00:00,1664.03,1670.09,1658.18,1666.67,6262.17,2026-06-24T03:59:59.999000+00:00,10420911.505237,58133
2026-06-24T04:00:00+00:00,1666.67,1671.01,1658.22,1669.0,6413.2087,2026-06-24T04:59:59.999000+00:00,10679701.830381,52435
2026-06-24T05:00:00+00:00,1669.0,1679.57,1667.8,1674.48,6618.8595,2026-06-24T05:59:59.999000+00:00,11083008.862675,46833
2026-06-24T06:00:00+00:00,1674.48,1677.0,1670.54,1674.89,5038.4681,2026-06-24T06:59:59.999000+00:00,8437786.690857,44041
2026-06-24T07:00:00+00:00,1674.89,1678.53,1670.94,1673.12,6333.9631,2026-06-24T07:59:59.999000+00:00,10602410.526256,92098
2026-06-24T08:00:00+00:00,1673.13,1675.2,1669.23,1673.28,5571.6204,2026-06-24T08:59:59.999000+00:00,9319037.201599,70359
2026-06-24T09:00:00+00:00,1673.28,1673.38,1665.29,1667.15,6153.8632,2026-06-24T09:59:59.999000+00:00,10267309.923124,82763
2026-06-24T10:00:00+00:00,1667.14,1668.0,1662.88,1663.69,7390.6395,2026-06-24T10:59:59.999000+00:00,12310679.372057,100311
2026-06-24T11:00:00+00:00,1663.68,1693.67,1655.76,1679.57,14579.9312,2026-06-24T11:59:59.999000+00:00,24386813.15068,196962
2026-06-24T12:00:00+00:00,1679.57,1681.29,1670.52,1671.53,8195.6948,2026-06-24T12:59:59.999000+00:00,13742797.529493,144530
2026-06-24T13:00:00+00:00,1671.53,1672.17,1641.44,1645.43,27387.7547,2026-06-24T13:59:59.999000+00:00,45259783.651023,511529
2026-06-24T14:00:00+00:00,1645.42,1657.4,1638.14,1647.26,23273.2898,2026-06-24T14:59:59.999000+00:00,38333094.305406,397358
2026-06-24T15:00:00+00:00,1647.27,1651.24,1616.8,1618.08,29543.9569,2026-06-24T15:59:59.999000+00:00,48219204.546987,429657
2026-06-24T16:00:00+00:00,1618.08,1636.08,1585.2,1589.87,48596.7881,2026-06-24T16:59:59.999000+00:00,78254187.83027,539206
2026-06-24T17:00:00+00:00,1589.86,1597.83,1552.95,1560.66,44350.5832,2026-06-24T17:59:59.999000+00:00,69808503.648534,694121
2026-06-24T18:00:00+00:00,1560.66,1585.11,1556.86,1572.26,27727.0215,2026-06-24T18:59:59.999000+00:00,43596798.469036,412201
2026-06-24T19:00:00+00:00,1572.27,1585.39,1567.12,1584.58,14632.3502,2026-06-24T19:59:59.999000+00:00,23069890.180362,232394
2026-06-24T20:00:00+00:00,1584.59,1622.12,1580.0,1613.63,23963.5871,2026-06-24T20:59:59.999000+00:00,38537884.744244,399980
2026-06-24T21:00:00+00:00,1613.63,1621.81,1606.09,1621.37,10321.2757,2026-06-24T21:59:59.999000+00:00,16654218.726282,141364
2026-06-24T22:00:00+00:00,1621.37,1629.82,1613.65,1615.46,11234.9187,2026-06-24T22:59:59.999000+00:00,18200425.96446,144983
2026-06-24T23:00:00+00:00,1615.45,1623.46,1613.75,1622.17,6010.0615,2026-06-24T23:59:59.999000+00:00,9729965.065003,95285
2026-06-25T00:00:00+00:00,1622.18,1626.51,1616.56,1619.12,10082.8277,2026-06-25T00:59:59.999000+00:00,16343599.415342,141681
2026-06-25T01:00:00+00:00,1619.12,1624.24,1614.69,1620.72,5059.8255,2026-06-25T01:59:59.999000+00:00,8194012.823726,109141
2026-06-25T02:00:00+00:00,1620.73,1621.47,1615.04,1621.0,3603.6797,2026-06-25T02:59:59.999000+00:00,5832603.975601,76255
2026-06-25T03:00:00+00:00,1621.01,1624.12,1616.23,1619.6,5190.7625,2026-06-25T03:59:59.999000+00:00,8407364.212533,82614
2026-06-25T04:00:00+00:00,1619.61,1636.52,1617.12,1635.03,10616.0313,2026-06-25T04:59:59.999000+00:00,17267857.603805,117483
2026-06-25T05:00:00+00:00,1635.04,1652.23,1633.58,1645.89,29374.7463,2026-06-25T05:59:59.999000+00:00,48336952.152088,226731
2026-06-25T06:00:00+00:00,1645.89,1660.54,1644.15,1653.95,13089.7778,2026-06-25T06:59:59.999000+00:00,21616653.58787,135861
2026-06-25T07:00:00+00:00,1653.95,1659.89,1651.22,1657.19,10508.2479,2026-06-25T07:59:59.999000+00:00,17394718.63008,118583
2026-06-25T08:00:00+00:00,1657.2,1658.98,1651.03,1652.92,5137.7257,2026-06-25T08:59:59.999000+00:00,8495559.053666,71450
2026-06-25T09:00:00+00:00,1652.93,1655.41,1646.62,1648.88,5291.9171,2026-06-25T09:59:59.999000+00:00,8731909.079111,64493
2026-06-25T10:00:00+00:00,1648.89,1649.83,1633.6,1636.58,12280.2774,2026-06-25T10:59:59.999000+00:00,20159810.138881,97898
2026-06-25T11:00:00+00:00,1636.58,1639.17,1628.05,1633.27,21315.38,2026-06-25T11:59:59.999000+00:00,34789632.197781,182482
2026-06-25T12:00:00+00:00,1633.28,1650.38,1624.71,1635.81,14082.1411,2026-06-25T12:59:59.999000+00:00,23049970.482293,134433
2026-06-25T13:00:00+00:00,1635.82,1640.98,1532.9,1538.15,69978.661,2026-06-25T13:59:59.999000+00:00,110126262.38279,603953
2026-06-25T14:00:00+00:00,1538.15,1593.07,1538.15,1568.37,74239.2585,2026-06-25T14:59:59.999000+00:00,116265526.444357,793058
2026-06-25T15:00:00+00:00,1568.37,1573.55,1544.68,1570.01,40193.9689,2026-06-25T15:59:59.999000+00:00,62716373.457562,349757
2026-06-25T16:00:00+00:00,1570.01,1587.7,1558.17,1562.04,27455.6057,2026-06-25T16:59:59.999000+00:00,43189238.437771,245000
