open_time,open,high,low,close,volume,close_time,quote_volume,trades
2026-01-10T04:00:00+00:00,907.31,910.22,903.05,905.37,19150.01,2026-01-10T07:59:59.999000+00:00,17369685.77145,120086
2026-01-10T08:00:00+00:00,905.38,906.43,898.98,900.47,19272.135,2026-01-10T11:59:59.999000+00:00,17386437.74965,124612
2026-01-10T12:00:00+00:00,900.47,910.82,899.13,908.78,22202.25,2026-01-10T15:59:59.999000+00:00,20085273.37992,112256
2026-01-10T16:00:00+00:00,908.79,915.86,906.89,913.93,25640.876,2026-01-10T19:59:59.999000+00:00,23343908.44449,129235
2026-01-10T20:00:00+00:00,913.94,915.91,902.23,907.93,18078.314,2026-01-10T23:59:59.999000+00:00,16409419.41429,115773
2026-01-11T00:00:00+00:00,907.93,914.11,904.3,913.2,13812.914,2026-01-11T03:59:59.999000+00:00,12554010.07825,91639
2026-01-11T04:00:00+00:00,913.21,916.3,910.69,913.55,17935.729,2026-01-11T07:59:59.999000+00:00,16377011.69392,101615
2026-01-11T08:00:00+00:00,913.55,917.33,911.62,912.05,15847.022,2026-01-11T11:59:59.999000+00:00,14485686.38606,72030
2026-01-11T12:00:00+00:00,912.06,915.38,906.29,908.64,24216.71,2026-01-11T15:59:59.999000+00:00,22068682.2321,115462
2026-01-11T16:00:00+00:00,908.64,911.17,903.5,904.45,14826.627,2026-01-11T19:59:59.999000+00:00,13458777.58515,82716
2026-01-11T20:00:00+00:00,904.45,905.31,898.75,904.32,11982.079,2026-01-11T23:59:59.999000+00:00,10811527.37775,88356
2026-01-12T00:00:00+00:00,904.32,910.81,896.85,905.27,29339.481,2026-01-12T03:59:59.999000+00:00,26577162.36006,175710
2026-01-12T04:00:00+00:00,905.28,910.21,903.97,904.81,16449.507,2026-01-12T07:59:59.999000+00:00,14927839.87453,87728
2026-01-12T08:00:00+00:00,904.82,908.3,898.26,901.28,18144.889,2026-01-12T11:59:59.999000+00:00,16373476.74984,123374
2026-01-12T12:00:00+00:00,901.27,905.22,894.0,904.28,21588.505,2026-01-12T15:59:59.999000+00:00,19433970.50886,154936
2026-01-12T16:00:00+00:00,904.28,909.11,900.0,907.79,13374.901,2026-01-12T19:59:59.999000+00:00,12115071.59771,119531
2026-01-12T20:00:00+00:00,907.78,908.31,901.22,905.78,9624.89,2026-01-12T23:59:59.999000+00:00,8713004.92459,67843
2026-01-13T00:00:00+00:00,905.79,907.86,902.25,906.36,15128.291,2026-01-13T03:59:59.999000+00:00,13689651.74742,82557
2026-01-13T04:00:00+00:00,906.36,914.98,906.35,910.05,31542.253,2026-01-13T07:59:59.999000+00:00,28739553.79538,124623
2026-01-13T08:00:00+00:00,910.05,912.2,907.52,907.68,94132.528,2026-01-13T11:59:59.999000+00:00,85644249.8441,254662
2026-01-13T12:00:00+00:00,907.69,916.6,906.18,916.47,36012.131,2026-01-13T15:59:59.999000+00:00,32815858.57967,157506
2026-01-13T16:00:00+00:00,916.47,945.55,916.38,941.5,78320.053,2026-01-13T19:59:59.999000+00:00,72909782.3235,319505
2026-01-13T20:00:00+00:00,941.5,952.96,940.0,943.73,56779.741,2026-01-13T23:59:59.999000+00:00,53738565.20453,243598
2026-01-14T00:00:00+00:00,943.73,954.68,943.64,950.13,39897.992,2026-01-14T03:59:59.999000+00:00,37862955.16398,166989
2026-01-14T04:00:00+00:00,950.14,952.2,934.67,937.45,33053.637,2026-01-14T07:59:59.999000+00:00,31121466.30502,173273
2026-01-14T08:00:00+00:00,937.45,938.92,928.5,928.79,24800.902,2026-01-14T11:59:59.999000+00:00,23183080.79689,152603
2026-01-14T12:00:00+00:00,928.78,946.24,928.53,942.03,35926.368,2026-01-14T15:59:59.999000+00:00,33707815.07662,219157
2026-01-14T16:00:00+00:00,942.03,947.57,938.25,943.78,30892.589,2026-01-14T19:59:59.999000+00:00,29156180.69285,184502
2026-01-14T20:00:00+00:00,943.79,949.85,943.2,948.47,18637.21,2026-01-14T23:59:59.999000+00:00,17645172.99489,117473
2026-01-15T00:00:00+00:00,948.48,948.85,929.05,931.89,35679.044,2026-01-15T03:59:59.999000+00:00,33427626.17049,189799
2026-01-15T04:00:00+00:00,931.9,940.09,931.41,939.14,17679.776,2026-01-15T07:59:59.999000+00:00,16551348.07606,103483
2026-01-15T08:00:00+00:00,939.13,942.96,937.66,938.09,14257.754,2026-01-15T11:59:59.999000+00:00,13407911.73604,96168
2026-01-15T12:00:00+00:00,938.1,945.71,930.23,937.64,30102.908,2026-01-15T15:59:59.999000+00:00,28238619.89579,203609
2026-01-15T16:00:00+00:00,937.63,942.62,925.01,928.07,22789.135,2026-01-15T19:59:59.999000+00:00,21260760.78924,170692
2026-01-15T20:00:00+00:00,928.07,933.55,924.05,931.2,10692.851,2026-01-15T23:59:59.999000+00:00,9932086.30715,75229
2026-01-16T00:00:00+00:00,931.21,933.98,929.22,929.59,9518.555,2026-01-16T03:59:59.999000+00:00,8868005.29189,69543
2026-01-16T04:00:00+00:00,929.6,936.13,927.16,934.04,15999.441,2026-01-16T07:59:59.999000+00:00,14911291.89996,81237
2026-01-16T08:00:00+00:00,934.05,938.56,931.99,935.38,12838.551,2026-01-16T11:59:59.999000+00:00,12011340.74689,88705
2026-01-16T12:00:00+00:00,935.38,937.46,923.69,926.97,20886.666,2026-01-16T15:59:59.999000+00:00,19446218.77056,155425
2026-01-16T16:00:00+00:00,926.97,932.36,926.53,931.36,9459.873,2026-01-16T19:59:59.999000+00:00,8797960.60697,88908
2026-01-16T20:00:00+00:00,931.36,939.43,928.71,938.16,8767.297,2026-01-16T23:59:59.999000+00:00,8203292.87473,58384
2026-01-17T00:00:00+00:00,938.17,940.03,935.54,937.65,9383.812,2026-01-17T03:59:59.999000+00:00,8797236.39526,58818
2026-01-17T04:00:00+00:00,937.65,939.08,935.5,935.9,8392.618,2026-01-17T07:59:59.999000+00:00,7864833.89909,55294
2026-01-17T08:00:00+00:00,935.9,944.51,935.65,942.93,12855.751,2026-01-17T11:59:59.999000+00:00,12098635.8558,73537
2026-01-17T12:00:00+00:00,942.92,959.52,941.43,955.37,28646.576,2026-01-17T15:59:59.999000+00:00,27188118.41765,126078
2026-01-17T16:00:00+00:00,955.37,956.0,949.1,952.5,15818.879,2026-01-17T19:59:59.999000+00:00,15066771.32011,102760
2026-01-17T20:00:00+00:00,952.5,954.0,945.37,947.12,11089.695,2026-01-17T23:59:59.999000+00:00,10528531.13723,69772
2026-01-18T00:00:00+00:00,947.11,951.13,943.14,950.4,12902.498,2026-01-18T03:59:59.999000+00:00,12220968.71871,78525
2026-01-18T04:00:00+00:00,950.41,950.41,944.73,944.74,8501.18,2026-01-18T07:59:59.999000+00:00,8053176.66935,59526
2026-01-18T08:00:00+00:00,944.73,947.38,943.81,946.79,10221.371,2026-01-18T11:59:59.999000+00:00,9664640.55107,72745
2026-01-18T12:00:00+00:00,946.8,950.75,944.44,950.13,14302.353,2026-01-18T15:59:59.999000+00:00,13551923.07701,87473
2026-01-18T16:00:00+00:00,950.14,953.33,948.68,949.7,8865.199,2026-01-18T19:59:59.999000+00:00,8429454.10971,69394
2026-01-18T20:00:00+00:00,949.7,953.24,931.7,932.51,22055.649,2026-01-18T23:59:59.999000+00:00,20774870.64341,132716
2026-01-19T00:00:00+00:00,932.51,932.51,901.0,925.18,92680.132,2026-01-19T03:59:59.999000+00:00,85010417.22202,442399
2026-01-19T04:00:00+00:00,925.17,927.87,922.89,927.29,22206.767,2026-01-19T07:59:59.999000+00:00,20548291.18683,122987
2026-01-19T08:00:00+00:00,927.29,929.8,924.49,928.23,23018.953,2026-01-19T11:59:59.999000+00:00,21344422.41623,135948
2026-01-19T12:00:00+00:00,928.23,930.0,923.12,925.21,52537.789,2026-01-19T15:59:59.999000+00:00,48696832.94717,226782
2026-01-19T16:00:00+00:00,925.22,929.03,924.86,926.56,9043.96,2026-01-19T19:59:59.999000+00:00,8383756.92708,67371
2026-01-19T20:00:00+00:00,926.56,927.6,919.32,923.6,9952.959,2026-01-19T23:59:59.999000+00:00,9199109.36081,98422
2026-01-20T00:00:00+00:00,923.6,933.13,923.5,927.63,20877.091,2026-01-20T03:59:59.999000+00:00,19386603.2553,124470
2026-01-20T04:00:00+00:00,927.63,928.62,914.27,917.77,35743.215,2026-01-20T07:59:59.999000+00:00,32906679.98367,176251
2026-01-20T08:00:00+00:00,917.77,917.89,908.66,912.68,19234.568,2026-01-20T11:59:59.999000+00:00,17568288.61747,171266
2026-01-20T12:00:00+00:00,912.69,915.99,896.66,905.33,36885.818,2026-01-20T15:59:59.999000+00:00,33409092.55009,257830
2026-01-20T16:00:00+00:00,905.33,908.5,887.24,895.7,25525.077,2026-01-20T19:59:59.999000+00:00,22860359.00075,198928
2026-01-20T20:00:00+00:00,895.7,898.0,884.0,884.2,25494.46,2026-01-20T23:59:59.999000+00:00,22681480.40065,149908
2026-01-21T00:00:00+00:00,884.19,884.2,867.0,881.44,43214.098,2026-01-21T03:59:59.999000+00:00,37888344.18441,295587
2026-01-21T04:00:00+00:00,881.44,885.92,874.36,875.36,19895.11,2026-01-21T07:59:59.999000+00:00,17518153.14898,131569
2026-01-21T08:00:00+00:00,875.36,876.2,870.0,870.78,31306.702,2026-01-21T11:59:59.999000+00:00,27349927.37935,153011
2026-01-21T12:00:00+00:00,870.77,893.69,864.54,892.66,43250.267,2026-01-21T15:59:59.999000+00:00,38039276.23962,281274
2026-01-21T16:00:00+00:00,892.67,892.94,865.75,889.83,43597.009,2026-01-21T19:59:59.999000+00:00,38154380.14634,289117
2026-01-21T20:00:00+00:00,889.83,892.45,882.25,883.36,20355.035,2026-01-21T23:59:59.999000+00:00,18067035.28362,115867
2026-01-22T00:00:00+00:00,883.35,894.28,883.35,891.43,16075.308,2026-01-22T03:59:59.999000+00:00,14317443.16051,100853
2026-01-22T04:00:00+00:00,891.42,893.05,887.79,888.83,10580.387,2026-01-22T07:59:59.999000+00:00,9425694.55874,72320
2026-01-22T08:00:00+00:00,888.82,897.58,888.69,892.93,24713.307,2026-01-22T11:59:59.999000+00:00,22099349.17783,107320
2026-01-22T12:00:00+00:00,892.93,895.04,878.18,883.03,25648.463,2026-01-22T15:59:59.999000+00:00,22749049.38907,189392
2026-01-22T16:00:00+00:00,883.03,888.95,881.81,888.35,10854.068,2026-01-22T19:59:59.999000+00:00,9612697.60213,109283
2026-01-22T20:00:00+00:00,888.34,892.0,885.34,888.06,10914.939,2026-01-22T23:59:59.999000+00:00,9693120.31848,73442
2026-01-23T00:00:00+00:00,888.06,892.37,887.63,891.55,13541.505,2026-01-23T03:59:59.999000+00:00,12056218.31707,138431
2026-01-23T04:00:00+00:00,891.56,893.42,889.15,891.32,8783.062,2026-01-23T07:59:59.999000+00:00,7829910.67872,80791
2026-01-23T08:00:00+00:00,891.33,891.76,885.69,887.36,17690.757,2026-01-23T11:59:59.999000+00:00,15728183.92818,113004
2026-01-23T12:00:00+00:00,887.35,892.43,883.1,892.0,17798.532,2026-01-23T15:59:59.999000+00:00,15801034.19734,153305
2026-01-23T16:00:00+00:00,892.01,904.99,889.98,893.72,29989.539,2026-01-23T19:59:59.999000+00:00,26887716.35141,186178
2026-01-23T20:00:00+00:00,893.72,894.91,888.49,891.63,8332.215,2026-01-23T23:59:59.999000+00:00,7427941.18584,72598
2026-01-24T00:00:00+00:00,891.62,894.24,889.33,892.9,11169.447,2026-01-24T03:59:59.999000+00:00,9953333.5483,95002
2026-01-24T04:00:00+00:00,892.9,894.16,891.46,892.06,7377.056,2026-01-24T07:59:59.999000+00:00,6584425.05442,42628
2026-01-24T08:00:00+00:00,892.06,893.98,891.2,892.57,7476.488,2026-01-24T11:59:59.999000+00:00,6670644.99893,46234
2026-01-24T12:00:00+00:00,892.58,892.88,888.69,888.7,13096.691,2026-01-24T15:59:59.999000+00:00,11674837.44342,57344
2026-01-24T16:00:00+00:00,888.7,890.34,886.53,888.12,8660.741,2026-01-24T19:59:59.999000+00:00,7691858.24871,50132
2026-01-24T20:00:00+00:00,888.13,889.79,887.01,887.17,3492.14,2026-01-24T23:59:59.999000+00:00,3101894.69662,31710
2026-01-25T00:00:00+00:00,887.18,887.75,880.1,881.24,12552.896,2026-01-25T03:59:59.999000+00:00,11098273.08613,71740
2026-01-25T04:00:00+00:00,881.24,883.67,879.32,879.4,10167.517,2026-01-25T07:59:59.999000+00:00,8961202.29331,62728
2026-01-25T08:00:00+00:00,879.4,883.25,877.14,880.52,14191.407,2026-01-25T11:59:59.999000+00:00,12496488.23998,93620
2026-01-25T12:00:00+00:00,880.51,881.49,876.77,877.55,10411.09,2026-01-25T15:59:59.999000+00:00,9156739.64456,83637
2026-01-25T16:00:00+00:00,877.55,877.69,856.0,858.86,50113.62,2026-01-25T19:59:59.999000+00:00,43421704.79672,273045
2026-01-25T20:00:00+00:00,858.86,866.66,856.01,866.02,23343.696,2026-01-25T23:59:59.999000+00:00,20104408.14526,156342
2026-01-26T00:00:00+00:00,866.02,875.98,864.91,868.21,26854.106,2026-01-26T03:59:59.999000+00:00,23389364.26101,133204
2026-01-26T04:00:00+00:00,868.2,874.68,868.0,874.64,9426.046,2026-01-26T07:59:59.999000+00:00,8222708.01489,72006
2026-01-26T08:00:00+00:00,874.63,877.83,869.4,873.12,15552.798,2026-01-26T11:59:59.999000+00:00,13578000.5438,84177
2026-01-26T12:00:00+00:00,873.12,878.34,869.63,871.93,23813.248,2026-01-26T15:59:59.999000+00:00,20799702.87669,157020
2026-01-26T16:00:00+00:00,871.94,879.13,868.68,874.4,17200.406,2026-01-26T19:59:59.999000+00:00,15031796.02058,119622
2026-01-26T20:00:00+00:00,874.4,881.44,871.66,879.41,9854.1,2026-01-26T23:59:59.999000+00:00,8643878.94569,63039
2026-01-27T00:00:00+00:00,879.41,886.08,876.2,884.92,20088.321,2026-01-27T03:59:59.999000+00:00,17733917.91993,93426
2026-01-27T04:00:00+00:00,884.91,888.25,882.14,883.54,22700.764,2026-01-27T07:59:59.999000+00:00,20085793.24748,113104
2026-01-27T08:00:00+00:00,883.54,885.11,876.88,880.43,23302.009,2026-01-27T11:59:59.999000+00:00,20530689.70382,99298
2026-01-27T12:00:00+00:00,880.44,886.27,879.31,885.73,27009.489,2026-01-27T15:59:59.999000+00:00,23845620.82944,139429
2026-01-27T16:00:00+00:00,885.73,897.72,884.9,891.88,32133.296,2026-01-27T19:59:59.999000+00:00,28662989.1842,189793
2026-01-27T20:00:00+00:00,891.89,901.22,891.59,898.36,13295.76,2026-01-27T23:59:59.999000+00:00,11936517.44473,77681
2026-01-28T00:00:00+00:00,898.35,900.99,894.41,896.84,16076.743,2026-01-28T03:59:59.999000+00:00,14422057.10301,86703
2026-01-28T04:00:00+00:00,896.84,904.72,895.34,903.34,18713.152,2026-01-28T07:59:59.999000+00:00,16853257.3395,75688
2026-01-28T08:00:00+00:00,903.34,909.43,902.27,907.69,20820.842,2026-01-28T11:59:59.999000+00:00,18855563.87462,115317
2026-01-28T12:00:00+00:00,907.68,908.31,897.18,902.92,24059.38,2026-01-28T15:59:59.999000+00:00,21737877.62187,134560
2026-01-28T16:00:00+00:00,902.91,907.06,897.83,904.0,22150.137,2026-01-28T19:59:59.999000+00:00,19979829.67814,144213
2026-01-28T20:00:00+00:00,904.01,907.71,899.68,902.91,8452.986,2026-01-28T23:59:59.999000+00:00,7639798.82424,82087
2026-01-29T00:00:00+00:00,902.92,904.98,893.2,896.54,17914.871,2026-01-29T03:59:59.999000+00:00,16098620.67928,140047
2026-01-29T04:00:00+00:00,896.55,906.67,895.2,904.8,28146.094,2026-01-29T07:59:59.999000+00:00,25379919.63723,121239
2026-01-29T08:00:00+00:00,904.8,905.8,893.23,894.28,75694.49,2026-01-29T11:59:59.999000+00:00,68241219.96191,262770
2026-01-29T12:00:00+00:00,894.28,894.43,856.9,864.15,64773.982,2026-01-29T15:59:59.999000+00:00,56693347.19893,339589
2026-01-29T16:00:00+00:00,864.15,870.36,852.81,860.4,60636.059,2026-01-29T19:59:59.999000+00:00,52215784.82404,319286
2026-01-29T20:00:00+00:00,860.4,869.48,859.61,868.69,23063.19,2026-01-29T23:59:59.999000+00:00,19944163.9255,111152
2026-01-30T00:00:00+00:00,868.69,869.77,835.55,845.7,93954.037,2026-01-30T03:59:59.999000+00:00,79625764.82054,374985
2026-01-30T04:00:00+00:00,845.69,854.36,836.14,847.55,31938.077,2026-01-30T07:59:59.999000+00:00,27041769.78456,180286
2026-01-30T08:00:00+00:00,847.56,848.05,833.08,842.79,31507.629,2026-01-30T11:59:59.999000+00:00,26447259.01171,217770
2026-01-30T12:00:00+00:00,842.79,855.87,836.45,850.11,56514.457,2026-01-30T15:59:59.999000+00:00,47860537.8879,353038
2026-01-30T16:00:00+00:00,850.1,855.9,831.83,854.24,49795.912,2026-01-30T19:59:59.999000+00:00,42146920.7147,360613
2026-01-30T20:00:00+00:00,854.24,862.09,846.38,858.81,32241.242,2026-01-30T23:59:59.999000+00:00,27582846.79105,213783
2026-01-31T00:00:00+00:00,858.81,860.85,851.93,853.22,16133.604,2026-01-31T03:59:59.999000+00:00,13812221.18086,102555
2026-01-31T04:00:00+00:00,853.22,854.6,845.89,847.75,19106.106,2026-01-31T07:59:59.999000+00:00,16244918.71419,94090
2026-01-31T08:00:00+00:00,847.75,847.75,833.0,836.85,31155.492,2026-01-31T11:59:59.999000+00:00,26127002.44321,187339
2026-01-31T12:00:00+00:00,836.85,837.65,801.66,803.1,103218.44,2026-01-31T15:59:59.999000+00:00,84243313.91755,469401
2026-01-31T16:00:00+00:00,803.1,810.21,750.0,771.0,195832.478,2026-01-31T19:59:59.999000+00:00,152922696.48208,937425
2026-01-31T20:00:00+00:00,771.05,785.94,766.14,781.38,41860.031,2026-01-31T23:59:59.999000+00:00,32399997.05087,260657
2026-02-01T00:00:00+00:00,781.39,789.72,779.22,783.63,33440.825,2026-02-01T03:59:59.999000+00:00,26222672.58705,248834
2026-02-01T04:00:00+00:00,783.64,785.0,773.84,778.01,26255.152,2026-02-01T07:59:59.999000+00:00,20488343.32417,186855
2026-02-01T08:00:00+00:00,778.0,782.79,768.29,774.07,23931.399,2026-02-01T11:59:59.999000+00:00,18562775.9344,206458
2026-02-01T12:00:00+00:00,774.07,774.19,742.7,749.98,88997.372,2026-02-01T15:59:59.999000+00:00,67343701.97234,502243
2026-02-01T16:00:00+00:00,749.98,766.8,745.83,757.15,38612.997,2026-02-01T19:59:59.999000+00:00,29161851.10874,287283
2026-02-01T20:00:00+00:00,757.14,766.39,739.63,758.54,47887.775,2026-02-01T23:59:59.999000+00:00,36139286.27395,346532
2026-02-02T00:00:00+00:00,758.54,770.61,728.44,751.57,79226.291,2026-02-02T03:59:59.999000+00:00,59234019.27314,474895
2026-02-02T04:00:00+00:00,751.58,760.39,728.88,752.5,102907.599,2026-02-02T07:59:59.999000+00:00,76727808.46169,558870
2026-02-02T08:00:00+00:00,752.58,767.35,752.57,762.36,32285.885,2026-02-02T11:59:59.999000+00:00,24593915.8518,285928
2026-02-02T12:00:00+00:00,762.37,781.09,761.86,777.86,48351.082,2026-02-02T15:59:59.999000+00:00,37252902.46672,397759
2026-02-02T16:00:00+00:00,777.87,781.58,769.72,770.39,26073.844,2026-02-02T19:59:59.999000+00:00,20231147.81097,221320
2026-02-02T20:00:00+00:00,770.38,776.95,767.6,773.94,17818.783,2026-02-02T23:59:59.999000+00:00,13768390.03945,131614
2026-02-03T00:00:00+00:00,773.94,775.25,762.7,772.3,19610.718,2026-02-03T03:59:59.999000+00:00,15089499.84359,178623
2026-02-03T04:00:00+00:00,772.3,783.57,770.98,782.08,22613.544,2026-02-03T07:59:59.999000+00:00,17583298.17266,200888
2026-02-03T08:00:00+00:00,782.09,782.7,765.97,768.87,28779.31,2026-02-03T11:59:59.999000+00:00,22262603.43349,259312
2026-02-03T12:00:00+00:00,768.87,778.22,764.29,776.75,32409.838,2026-02-03T15:59:59.999000+00:00,25014205.34599,319583
2026-02-03T16:00:00+00:00,776.75,776.76,736.08,757.88,95633.507,2026-02-03T19:59:59.999000+00:00,71903537.58149,684023
2026-02-03T20:00:00+00:00,757.87,775.41,752.28,754.78,44901.906,2026-02-03T23:59:59.999000+00:00,34326735.88547,378804
2026-02-04T00:00:00+00:00,754.78,764.31,751.61,761.71,21713.322,2026-02-04T03:59:59.999000+00:00,16452954.24004,210740
2026-02-04T04:00:00+00:00,761.7,765.33,754.21,764.19,19047.064,2026-02-04T07:59:59.999000+00:00,14484522.65246,176784
2026-02-04T08:00:00+00:00,764.19,764.36,747.37,750.34,32102.059,2026-02-04T11:59:59.999000+00:00,24207485.22851,234301
2026-02-04T12:00:00+00:00,750.35,752.42,727.5,733.9,94142.899,2026-02-04T15:59:59.999000+00:00,69517384.65937,591733
2026-02-04T16:00:00+00:00,733.91,736.7,707.0,717.95,158473.103,2026-02-04T19:59:59.999000+00:00,113997295.18683,920736
2026-02-04T20:00:00+00:00,717.95,718.75,687.3,697.27,98993.72,2026-02-04T23:59:59.999000+00:00,69195587.0186,547684
2026-02-05T00:00:00+00:00,697.27,703.0,691.01,694.19,69943.501,2026-02-05T03:59:59.999000+00:00,48736424.79193,482965
2026-02-05T04:00:00+00:00,694.19,700.24,686.0,691.49,86281.696,2026-02-05T07:59:59.999000+00:00,59746352.11503,461957
2026-02-05T08:00:00+00:00,691.5,700.37,674.71,683.49,71180.391,2026-02-05T11:59:59.999000+00:00,48940231.2735,368591
2026-02-05T12:00:00+00:00,683.49,688.53,646.66,658.56,152326.009,2026-02-05T15:59:59.999000+00:00,101408039.48704,771581
2026-02-05T16:00:00+00:00,658.56,673.96,631.09,641.19,130679.124,2026-02-05T19:59:59.999000+00:00,85260252.79637,699336
2026-02-05T20:00:00+00:00,641.28,645.15,602.17,608.3,288767.949,2026-02-05T23:59:59.999000+00:00,178303293.32571,1063480
2026-02-06T00:00:00+00:00,608.3,634.0,570.06,615.11,239790.67,2026-02-06T03:59:59.999000+00:00,144423119.05441,1130434
2026-02-06T04:00:00+00:00,615.1,642.49,613.1,623.05,87531.653,2026-02-06T07:59:59.999000+00:00,55033547.55673,560182
2026-02-06T08:00:00+00:00,623.06,638.48,617.0,636.17,57093.605,2026-02-06T11:59:59.999000+00:00,35763259.44402,377329
2026-02-06T12:00:00+00:00,636.16,654.76,632.45,651.2,72918.669,2026-02-06T15:59:59.999000+00:00,47132132.07647,515511
2026-02-06T16:00:00+00:00,651.19,669.65,648.94,658.82,91567.719,2026-02-06T19:59:59.999000+00:00,60351245.29823,637825
2026-02-06T20:00:00+00:00,658.83,668.57,654.87,657.21,44420.277,2026-02-06T23:59:59.999000+00:00,29405439.67337,279969
2026-02-07T00:00:00+00:00,657.21,661.87,650.18,659.14,29488.483,2026-02-07T03:59:59.999000+00:00,19333697.40108,197210
2026-02-07T04:00:00+00:00,659.14,663.88,632.11,638.48,52730.055,2026-02-07T07:59:59.999000+00:00,34128088.05987,274482
2026-02-07T08:00:00+00:00,638.49,641.56,630.83,635.7,21412.916,2026-02-07T11:59:59.999000+00:00,13637831.48787,152393
2026-02-07T12:00:00+00:00,635.71,646.9,633.64,642.29,29761.24,2026-02-07T15:59:59.999000+00:00,19043312.46227,203210
2026-02-07T16:00:00+00:00,642.28,655.51,639.11,650.22,73959.35,2026-02-07T19:59:59.999000+00:00,47751657.74573,285837
2026-02-07T20:00:00+00:00,650.21,654.0,644.08,647.0,10168.557,2026-02-07T23:59:59.999000+00:00,6606735.79672,83254
2026-02-08T00:00:00+00:00,647.01,651.3,642.53,642.77,12015.818,2026-02-08T03:59:59.999000+00:00,7781604.64231,88176
2026-02-08T04:00:00+00:00,642.77,644.8,639.11,643.22,13595.859,2026-02-08T07:59:59.999000+00:00,8724525.45876,100317
2026-02-08T08:00:00+00:00,643.22,650.84,637.61,645.67,30127.829,2026-02-08T11:59:59.999000+00:00,19414183.93929,187914
2026-02-08T12:00:00+00:00,645.67,648.34,641.04,643.85,26576.015,2026-02-08T15:59:59.999000+00:00,17126658.3189,185026
2026-02-08T16:00:00+00:00,643.85,649.99,632.3,648.58,21436.761,2026-02-08T19:59:59.999000+00:00,13751071.73233,157228
2026-02-08T20:00:00+00:00,648.58,653.0,636.27,639.93,20419.81,2026-02-08T23:59:59.999000+00:00,13148019.73637,150160
2026-02-09T00:00:00+00:00,639.93,646.15,633.81,645.03,21666.877,2026-02-09T03:59:59.999000+00:00,13872842.60338,146643
2026-02-09T04:00:00+00:00,645.02,645.36,631.16,632.05,19180.473,2026-02-09T07:59:59.999000+00:00,12213624.6478,106776
2026-02-09T08:00:00+00:00,632.05,633.62,616.01,621.83,38959.678,2026-02-09T11:59:59.999000+00:00,24303173.37723,242652
2026-02-09T12:00:00+00:00,621.84,632.5,621.72,631.08,31140.288,2026-02-09T15:59:59.999000+00:00,19539504.42293,229177
2026-02-09T16:00:00+00:00,630.98,643.47,627.18,642.48,24473.035,2026-02-09T19:59:59.999000+00:00,15575399.62352,195950
2026-02-09T20:00:00+00:00,642.48,644.07,633.44,636.39,13330.89,2026-02-09T23:59:59.999000+00:00,8513919.4363,112043
2026-02-10T00:00:00+00:00,636.38,642.0,630.01,633.21,15052.845,2026-02-10T03:59:59.999000+00:00,9585702.03984,112238
2026-02-10T04:00:00+00:00,633.2,639.51,628.4,631.75,21312.74,2026-02-10T07:59:59.999000+00:00,13504734.24849,128439
2026-02-10T08:00:00+00:00,631.74,635.38,625.05,626.46,37589.085,2026-02-10T11:59:59.999000+00:00,23675104.15116,157452
2026-02-10T12:00:00+00:00,626.47,628.99,613.8,619.4,52916.118,2026-02-10T15:59:59.999000+00:00,32917194.77951,312306
2026-02-10T16:00:00+00:00,619.39,625.58,613.98,617.29,18215.964,2026-02-10T19:59:59.999000+00:00,11283214.85115,157578
2026-02-10T20:00:00+00:00,617.28,620.47,614.43,619.85,8462.518,2026-02-10T23:59:59.999000+00:00,5226892.40365,63180
2026-02-11T00:00:00+00:00,619.85,624.14,615.34,617.49,11109.955,2026-02-11T03:59:59.999000+00:00,6892210.54641,78829
2026-02-11T04:00:00+00:00,617.49,618.69,597.61,600.77,47822.776,2026-02-11T07:59:59.999000+00:00,28933145.25402,209139
2026-02-11T08:00:00+00:00,600.76,602.15,587.14,592.82,62841.018,2026-02-11T11:59:59.999000+00:00,37256531.94254,229079
2026-02-11T12:00:00+00:00,592.82,611.85,588.87,593.79,65617.487,2026-02-11T15:59:59.999000+00:00,39216838.83315,288778
2026-02-11T16:00:00+00:00,593.75,613.45,592.22,610.47,31286.106,2026-02-11T19:59:59.999000+00:00,18850364.92246,153267
2026-02-11T20:00:00+00:00,610.46,617.9,604.51,608.11,17674.197,2026-02-11T23:59:59.999000+00:00,10792560.9454,109157
2026-02-12T00:00:00+00:00,608.11,617.3,608.11,616.6,16448.543,2026-02-12T03:59:59.999000+00:00,10077107.40344,100332
2026-02-12T04:00:00+00:00,616.61,618.25,611.21,615.25,21559.169,2026-02-12T07:59:59.999000+00:00,13270292.07439,115868
2026-02-12T08:00:00+00:00,615.25,620.87,610.53,617.69,22646.829,2026-02-12T11:59:59.999000+00:00,13931532.30873,134066
2026-02-12T12:00:00+00:00,617.69,618.28,607.72,609.2,23272.593,2026-02-12T15:59:59.999000+00:00,14271811.90131,170994
2026-02-12T16:00:00+00:00,609.21,612.32,600.6,608.13,25295.025,2026-02-12T19:59:59.999000+00:00,15323205.43048,192423
2026-02-12T20:00:00+00:00,608.17,616.0,604.0,614.29,12076.298,2026-02-12T23:59:59.999000+00:00,7365677.96452,78910
2026-02-13T00:00:00+00:00,614.29,616.64,607.5,608.85,37897.031,2026-02-13T03:59:59.999000+00:00,23185139.6164,139274
2026-02-13T04:00:00+00:00,608.86,609.5,592.49,598.11,34524.031,2026-02-13T07:59:59.999000+00:00,20724957.97246,161852
2026-02-13T08:00:00+00:00,598.12,604.36,597.68,601.58,20334.567,2026-02-13T11:59:59.999000+00:00,12221840.82826,135352
2026-02-13T12:00:00+00:00,601.58,615.38,595.38,610.33,66098.655,2026-02-13T15:59:59.999000+00:00,39892422.56109,275694
2026-02-13T16:00:00+00:00,610.33,621.29,609.04,618.14,38374.465,2026-02-13T19:59:59.999000+00:00,23649500.75086,185194
2026-02-13T20:00:00+00:00,618.14,622.81,615.65,618.94,14191.065,2026-02-13T23:59:59.999000+00:00,8792562.56827,95423
2026-02-14T00:00:00+00:00,618.93,625.63,616.72,617.5,21809.177,2026-02-14T03:59:59.999000+00:00,13556013.32074,113876
2026-02-14T04:00:00+00:00,617.5,622.39,615.7,622.35,12823.471,2026-02-14T07:59:59.999000+00:00,7932612.63668,78220
2026-02-14T08:00:00+00:00,622.35,633.79,622.01,633.37,28241.645,2026-02-14T11:59:59.999000+00:00,17733305.99107,127163
2026-02-14T12:00:00+00:00,633.37,637.24,626.76,634.73,24415.933,2026-02-14T15:59:59.999000+00:00,15428223.25986,138112
2026-02-14T16:00:00+00:00,634.74,634.74,629.19,632.84,14877.182,2026-02-14T19:59:59.999000+00:00,9402079.70676,95255
2026-02-14T20:00:00+00:00,632.84,634.61,628.58,632.77,11678.516,2026-02-14T23:59:59.999000+00:00,7382123.43221,72962
2026-02-15T00:00:00+00:00,632.77,633.97,627.0,633.4,22141.56,2026-02-15T03:59:59.999000+00:00,13965542.70186,113048
2026-02-15T04:00:00+00:00,633.39,642.49,633.39,639.86,19694.409,2026-02-15T07:59:59.999000+00:00,12554582.63921,127964
2026-02-15T08:00:00+00:00,639.86,641.28,626.21,629.26,19775.031,2026-02-15T11:59:59.999000+00:00,12486073.13762,117919
2026-02-15T12:00:00+00:00,629.27,630.06,615.71,621.52,30454.739,2026-02-15T15:59:59.999000+00:00,18935763.46304,172785
2026-02-15T16:00:00+00:00,621.53,621.54,608.82,611.79,30408.903,2026-02-15T19:59:59.999000+00:00,18650562.00546,154356
2026-02-15T20:00:00+00:00,611.79,617.44,609.86,615.16,9951.949,2026-02-15T23:59:59.999000+00:00,6112705.33186,70849
2026-02-16T00:00:00+00:00,615.17,618.37,611.38,613.46,8264.154,2026-02-16T03:59:59.999000+00:00,5078588.80929,71991
2026-02-16T04:00:00+00:00,613.46,618.75,610.4,613.39,10881.58,2026-02-16T07:59:59.999000+00:00,6676964.90727,74307
2026-02-16T08:00:00+00:00,613.39,620.0,612.6,618.75,13481.904,2026-02-16T11:59:59.999000+00:00,8319004.76729,99585
2026-02-16T12:00:00+00:00,618.74,631.24,604.49,607.51,45144.061,2026-02-16T15:59:59.999000+00:00,27857730.73201,352913
2026-02-16T16:00:00+00:00,607.51,618.31,607.23,616.73,15802.992,2026-02-16T19:59:59.999000+00:00,9693565.04183,130885
2026-02-16T20:00:00+00:00,616.74,628.2,616.04,627.19,12086.192,2026-02-16T23:59:59.999000+00:00,7541229.02222,107077
2026-02-17T00:00:00+00:00,627.19,631.86,621.25,626.99,19713.265,2026-02-17T03:59:59.999000+00:00,12386301.79604,107349
2026-02-17T04:00:00+00:00,627.0,628.28,620.3,622.74,11151.476,2026-02-17T07:59:59.999000+00:00,6959147.57573,107166
2026-02-17T08:00:00+00:00,622.74,623.89,615.17,618.34,9512.731,2026-02-17T11:59:59.999000+00:00,5886258.354,109411
2026-02-17T12:00:00+00:00,618.33,626.08,609.3,615.24,28550.624,2026-02-17T15:59:59.999000+00:00,17605908.64157,209891
2026-02-17T16:00:00+00:00,615.25,624.28,612.12,620.1,17208.356,2026-02-17T19:59:59.999000+00:00,10649935.55011,174170
2026-02-17T20:00:00+00:00,620.1,620.82,616.06,617.74,5797.632,2026-02-17T23:59:59.999000+00:00,3583822.94096,62296
2026-02-18T00:00:00+00:00,617.76,619.67,613.33,618.86,7110.252,2026-02-18T03:59:59.999000+00:00,4384667.57001,67139
2026-02-18T04:00:00+00:00,618.86,621.42,614.8,620.91,7773.844,2026-02-18T07:59:59.999000+00:00,4799888.79402,65829
2026-02-18T08:00:00+00:00,620.9,626.57,613.56,614.18,15318.858,2026-02-18T11:59:59.999000+00:00,9515142.46802,137248
2026-02-18T12:00:00+00:00,614.18,623.17,607.97,618.25,27328.701,2026-02-18T15:59:59.999000+00:00,16786455.10217,229216
2026-02-18T16:00:00+00:00,618.25,620.59,601.3,603.23,25518.901,2026-02-18T19:59:59.999000+00:00,15577250.66987,226854
2026-02-18T20:00:00+00:00,603.23,606.51,602.0,604.8,14205.454,2026-02-18T23:59:59.999000+00:00,8585628.04312,136170
2026-02-19T00:00:00+00:00,604.8,608.15,602.84,607.86,14388.879,2026-02-19T03:59:59.999000+00:00,8710697.93841,110609
2026-02-19T04:00:00+00:00,607.87,614.8,606.66,610.78,16747.151,2026-02-19T07:59:59.999000+00:00,10222162.83687,115078
2026-02-19T08:00:00+00:00,610.78,610.9,603.9,604.24,20584.001,2026-02-19T11:59:59.999000+00:00,12487529.31391,126082
2026-02-19T12:00:00+00:00,604.24,606.49,596.0,600.39,30608.548,2026-02-19T15:59:59.999000+00:00,18393494.39887,233251
2026-02-19T16:00:00+00:00,600.4,606.95,596.07,604.58,18016.793,2026-02-19T19:59:59.999000+00:00,10840318.16383,163120
2026-02-19T20:00:00+00:00,604.58,609.24,603.02,607.83,9008.991,2026-02-19T23:59:59.999000+00:00,5465277.04519,75883
2026-02-20T00:00:00+00:00,607.82,610.53,606.16,607.89,15887.844,2026-02-20T03:59:59.999000+00:00,9658036.85383,95252
2026-02-20T04:00:00+00:00,607.89,613.94,605.29,612.1,16972.818,2026-02-20T07:59:59.999000+00:00,10362103.80769,98770
2026-02-20T08:00:00+00:00,612.1,615.24,606.87,608.53,30281.99,2026-02-20T11:59:59.999000+00:00,18526980.4856,121401
2026-02-20T12:00:00+00:00,608.53,618.3,601.23,616.83,44525.03,2026-02-20T15:59:59.999000+00:00,27138504.04234,295051
2026-02-20T16:00:00+00:00,616.83,628.26,616.08,626.14,37278.103,2026-02-20T19:59:59.999000+00:00,23194457.32186,266009
2026-02-20T20:00:00+00:00,626.13,629.74,624.9,625.91,14645.021,2026-02-20T23:59:59.999000+00:00,9184893.64214,108765
2026-02-21T00:00:00+00:00,625.9,628.67,624.0,625.25,13097.627,2026-02-21T03:59:59.999000+00:00,8207477.57204,93113
2026-02-21T04:00:00+00:00,625.25,628.0,624.93,625.88,9791.021,2026-02-21T07:59:59.999000+00:00,6135145.44468,55863
2026-02-21T08:00:00+00:00,625.87,631.63,625.72,630.18,11796.457,2026-02-21T11:59:59.999000+00:00,7420320.46588,71852
2026-02-21T12:00:00+00:00,630.18,634.8,627.51,627.66,26375.655,2026-02-21T15:59:59.999000+00:00,16646383.25985,118230
2026-02-21T16:00:00+00:00,627.65,629.51,624.02,626.9,12481.266,2026-02-21T19:59:59.999000+00:00,7819220.00917,87036
2026-02-21T20:00:00+00:00,626.91,627.62,624.25,625.61,8114.539,2026-02-21T23:59:59.999000+00:00,5079605.69624,77118
2026-02-22T00:00:00+00:00,625.61,626.87,620.54,621.36,9867.327,2026-02-22T03:59:59.999000+00:00,6155173.55148,82022
2026-02-22T04:00:00+00:00,621.36,623.59,618.72,622.46,10183.464,2026-02-22T07:59:59.999000+00:00,6327814.7674,59719
2026-02-22T08:00:00+00:00,622.47,624.8,621.15,624.55,5658.674,2026-02-22T11:59:59.999000+00:00,3527950.2697,46882
2026-02-22T12:00:00+00:00,624.55,624.62,613.39,615.91,24820.745,2026-02-22T15:59:59.999000+00:00,15325864.28163,130477
2026-02-22T16:00:00+00:00,615.91,616.09,610.02,612.46,12525.126,2026-02-22T19:59:59.999000+00:00,7669979.24524,88627
2026-02-22T20:00:00+00:00,612.47,616.28,611.0,614.8,5513.543,2026-02-22T23:59:59.999000+00:00,3384693.07542,58840
2026-02-23T00:00:00+00:00,614.8,616.0,583.13,590.03,87896.735,2026-02-23T03:59:59.999000+00:00,52110982.94692,505085
2026-02-23T04:00:00+00:00,590.04,601.16,585.1,599.31,46724.228,2026-02-23T07:59:59.999000+00:00,27748737.53467,190588
2026-02-23T08:00:00+00:00,599.31,610.47,596.53,606.49,24632.278,2026-02-23T11:59:59.999000+00:00,14902632.1972,146017
2026-02-23T12:00:00+00:00,606.49,612.49,604.33,604.64,43671.827,2026-02-23T15:59:59.999000+00:00,26614754.57449,269226
2026-02-23T16:00:00+00:00,604.64,606.33,591.54,592.18,27166.634,2026-02-23T19:59:59.999000+00:00,16254834.43199,260571
2026-02-23T20:00:00+00:00,592.18,598.71,590.2,596.41,14971.259,2026-02-23T23:59:59.999000+00:00,8913527.4803,97928
2026-02-24T00:00:00+00:00,596.4,602.9,589.9,593.33,28130.569,2026-02-24T03:59:59.999000+00:00,16795853.73933,211314
2026-02-24T04:00:00+00:00,593.34,594.28,586.15,589.79,27922.06,2026-02-24T07:59:59.999000+00:00,16481308.90274,209960
2026-02-24T08:00:00+00:00,589.78,592.93,585.77,587.01,15298.876,2026-02-24T11:59:59.999000+00:00,9009164.31251,142355
2026-02-24T12:00:00+00:00,587.01,588.43,577.06,586.1,61048.869,2026-02-24T15:59:59.999000+00:00,35534669.33059,359078
2026-02-24T16:00:00+00:00,586.09,590.17,583.87,588.73,22024.928,2026-02-24T19:59:59.999000+00:00,12938129.14194,189756
2026-02-24T20:00:00+00:00,588.73,590.43,582.57,583.6,13860.548,2026-02-24T23:59:59.999000+00:00,8114574.72806,91437
2026-02-25T00:00:00+00:00,583.61,602.31,581.51,594.07,40173.121,2026-02-25T03:59:59.999000+00:00,23920974.48644,293945
2026-02-25T04:00:00+00:00,594.07,596.66,589.89,596.09,20105.329,2026-02-25T07:59:59.999000+00:00,11943291.86584,105659
2026-02-25T08:00:00+00:00,596.1,605.43,595.86,604.99,19954.541,2026-02-25T11:59:59.999000+00:00,12001013.85324,142656
2026-02-25T12:00:00+00:00,605.0,623.15,604.58,621.38,51965.848,2026-02-25T15:59:59.999000+00:00,31960582.56402,342516
2026-02-25T16:00:00+00:00,621.39,634.32,620.93,632.21,49493.221,2026-02-25T19:59:59.999000+00:00,31068140.21626,255827
2026-02-25T20:00:00+00:00,632.21,640.55,624.33,629.42,39953.25,2026-02-25T23:59:59.999000+00:00,25278249.04139,218769
2026-02-26T00:00:00+00:00,629.42,633.83,625.37,627.87,25261.692,2026-02-26T03:59:59.999000+00:00,15885926.3435,203069
2026-02-26T04:00:00+00:00,627.88,632.47,625.3,625.6,14636.37,2026-02-26T07:59:59.999000+00:00,9192970.72943,147370
2026-02-26T08:00:00+00:00,625.61,630.29,622.89,622.96,16376.039,2026-02-26T11:59:59.999000+00:00,10267347.24883,135442
2026-02-26T12:00:00+00:00,622.97,628.52,618.68,623.2,29851.743,2026-02-26T15:59:59.999000+00:00,18620698.02658,232652
2026-02-26T16:00:00+00:00,623.2,625.38,614.2,624.56,31125.949,2026-02-26T19:59:59.999000+00:00,19267215.93605,220593
2026-02-26T20:00:00+00:00,624.57,626.9,620.89,625.74,9423.551,2026-02-26T23:59:59.999000+00:00,5882789.55816,69798
2026-02-27T00:00:00+00:00,625.74,630.27,622.5,629.17,17452.989,2026-02-27T03:59:59.999000+00:00,10948662.3584,154532
2026-02-27T04:00:00+00:00,629.17,633.65,624.94,627.06,25475.151,2026-02-27T07:59:59.999000+00:00,16045581.05655,160827
2026-02-27T08:00:00+00:00,627.06,630.0,613.22,614.85,24416.487,2026-02-27T11:59:59.999000+00:00,15166517.32661,146669
2026-02-27T12:00:00+00:00,614.86,616.85,609.67,614.4,31575.48,2026-02-27T15:59:59.999000+00:00,19365071.19108,206523
2026-02-27T16:00:00+00:00,614.41,614.73,606.68,609.8,19988.207,2026-02-27T19:59:59.999000+00:00,12196133.04352,133895
2026-02-27T20:00:00+00:00,609.8,614.27,605.25,614.03,9259.406,2026-02-27T23:59:59.999000+00:00,5656291.10622,83775
2026-02-28T00:00:00+00:00,614.03,615.6,612.12,614.94,13607.729,2026-02-28T03:59:59.999000+00:00,8353083.06106,84047
2026-02-28T04:00:00+00:00,614.95,615.44,590.75,597.5,48756.5,2026-02-28T07:59:59.999000+00:00,29292530.78877,350270
2026-02-28T08:00:00+00:00,597.49,598.57,588.64,594.56,36564.226,2026-02-28T11:59:59.999000+00:00,21693723.20508,222044
2026-02-28T12:00:00+00:00,594.57,605.75,594.12,603.99,33689.422,2026-02-28T15:59:59.999000+00:00,20254574.41761,232112
2026-02-28T16:00:00+00:00,604.0,614.77,600.95,613.2,21548.487,2026-02-28T19:59:59.999000+00:00,13090613.61632,143309
2026-02-28T20:00:00+00:00,613.2,621.49,611.98,617.14,17938.736,2026-02-28T23:59:59.999000+00:00,11071349.8025,113595
2026-03-01T00:00:00+00:00,617.14,632.16,614.52,628.53,40926.49,2026-03-01T03:59:59.999000+00:00,25641490.61959,204702
2026-03-01T04:00:00+00:00,628.54,631.31,623.0,625.35,25189.09,2026-03-01T07:59:59.999000+00:00,15795972.86536,122912
2026-03-01T08:00:00+00:00,625.36,626.42,618.71,622.81,16920.765,2026-03-01T11:59:59.999000+00:00,10530561.62764,130446
2026-03-01T12:00:00+00:00,622.8,629.8,619.74,626.6,26493.484,2026-03-01T15:59:59.999000+00:00,16562153.14744,195108
2026-03-01T16:00:00+00:00,626.6,629.6,617.39,619.77,25552.405,2026-03-01T19:59:59.999000+00:00,15921916.2681,176389
2026-03-01T20:00:00+00:00,619.77,621.03,610.89,617.96,34878.693,2026-03-01T23:59:59.999000+00:00,21500347.43191,271638
2026-03-02T00:00:00+00:00,617.96,625.66,614.43,624.41,26043.127,2026-03-02T03:59:59.999000+00:00,16158082.68199,232681
2026-03-02T04:00:00+00:00,624.42,625.79,613.02,616.67,15983.15,2026-03-02T07:59:59.999000+00:00,9910169.59548,148538
2026-03-02T08:00:00+00:00,616.67,623.05,612.96,622.13,15994.437,2026-03-02T11:59:59.999000+00:00,9893253.89118,113915
2026-03-02T12:00:00+00:00,622.14,649.7,618.81,646.25,71972.576,2026-03-02T15:59:59.999000+00:00,45766212.30157,363436
2026-03-02T16:00:00+00:00,646.25,652.87,635.84,636.48,46976.9,2026-03-02T19:59:59.999000+00:00,30285854.84666,272581
2026-03-02T20:00:00+00:00,636.48,640.8,632.43,637.79,25610.96,2026-03-02T23:59:59.999000+00:00,16292435.39216,146100
2026-03-03T00:00:00+00:00,637.79,643.29,633.46,635.63,29906.371,2026-03-03T03:59:59.999000+00:00,19080251.53799,199748
2026-03-03T04:00:00+00:00,635.63,638.47,628.94,633.32,26839.011,2026-03-03T07:59:59.999000+00:00,16998254.12754,199628
2026-03-03T08:00:00+00:00,633.32,634.14,621.0,626.53,31370.363,2026-03-03T11:59:59.999000+00:00,19618960.47562,245716
2026-03-03T12:00:00+00:00,626.52,631.89,621.0,630.57,27730.149,2026-03-03T15:59:59.999000+00:00,17364345.68189,271051
2026-03-03T16:00:00+00:00,630.56,638.92,628.56,633.04,23941.529,2026-03-03T19:59:59.999000+00:00,15165629.38942,185885
2026-03-03T20:00:00+00:00,633.04,636.92,628.43,633.56,10403.633,2026-03-03T23:59:59.999000+00:00,6581436.3673,79427
2026-03-04T00:00:00+00:00,633.57,636.65,626.2,629.3,17342.351,2026-03-04T03:59:59.999000+00:00,10955294.74677,154193
2026-03-04T04:00:00+00:00,629.29,640.9,627.12,640.01,17238.213,2026-03-04T07:59:59.999000+00:00,10921712.98281,151233
2026-03-04T08:00:00+00:00,640.01,654.83,638.89,650.51,58718.525,2026-03-04T11:59:59.999000+00:00,38152589.91265,364937
2026-03-04T12:00:00+00:00,650.51,661.82,645.94,661.17,53532.251,2026-03-04T15:59:59.999000+00:00,35011471.71701,334719
2026-03-04T16:00:00+00:00,661.17,666.16,655.22,662.66,34051.135,2026-03-04T19:59:59.999000+00:00,22487730.94943,239623
2026-03-04T20:00:00+00:00,662.66,663.12,656.55,657.99,19037.208,2026-03-04T23:59:59.999000+00:00,12549397.50439,134532
2026-03-05T00:00:00+00:00,658.0,660.99,652.38,654.31,20788.657,2026-03-05T03:59:59.999000+00:00,13634198.59733,141015
2026-03-05T04:00:00+00:00,654.31,657.42,648.79,650.39,23190.738,2026-03-05T07:59:59.999000+00:00,15147654.55147,111311
2026-03-05T08:00:00+00:00,650.4,665.42,649.61,659.15,21687.416,2026-03-05T11:59:59.999000+00:00,14274309.18669,169977
2026-03-05T12:00:00+00:00,659.15,660.81,648.46,652.94,32901.29,2026-03-05T15:59:59.999000+00:00,21549091.86789,278075
2026-03-05T16:00:00+00:00,652.95,654.49,646.14,648.54,21438.002,2026-03-05T19:59:59.999000+00:00,13921942.03388,168175
2026-03-05T20:00:00+00:00,648.54,652.38,646.47,647.85,8031.521,2026-03-05T23:59:59.999000+00:00,5211952.986,85537
2026-03-06T00:00:00+00:00,647.85,651.62,645.53,649.7,12775.153,2026-03-06T03:59:59.999000+00:00,8292853.29447,105933
2026-03-06T04:00:00+00:00,649.7,649.99,641.22,646.89,19233.995,2026-03-06T07:59:59.999000+00:00,12409667.46955,130588
2026-03-06T08:00:00+00:00,646.88,646.89,637.17,637.45,17797.128,2026-03-06T11:59:59.999000+00:00,11414449.04645,139954
2026-03-06T12:00:00+00:00,637.45,640.96,624.77,628.02,44334.953,2026-03-06T15:59:59.999000+00:00,28048247.59701,338130
2026-03-06T16:00:00+00:00,628.02,632.98,625.9,630.71,12804.475,2026-03-06T19:59:59.999000+00:00,8055440.07786,130849
2026-03-06T20:00:00+00:00,630.71,631.5,626.97,627.31,8086.032,2026-03-06T23:59:59.999000+00:00,5086357.50765,57642
2026-03-07T00:00:00+00:00,627.31,629.84,626.36,627.13,8842.406,2026-03-07T03:59:59.999000+00:00,5553917.60173,66882
2026-03-07T04:00:00+00:00,627.13,628.63,624.63,627.87,10486.349,2026-03-07T07:59:59.999000+00:00,6574503.32149,79531
2026-03-07T08:00:00+00:00,627.87,630.19,626.5,627.78,9263.253,2026-03-07T11:59:59.999000+00:00,5822935.0259,66678
2026-03-07T12:00:00+00:00,627.79,628.27,623.8,625.22,11098.179,2026-03-07T15:59:59.999000+00:00,6950811.14251,86676
2026-03-07T16:00:00+00:00,625.22,625.23,618.5,619.84,14789.261,2026-03-07T19:59:59.999000+00:00,9198544.13074,95658
2026-03-07T20:00:00+00:00,619.84,622.41,617.8,620.26,8639.366,2026-03-07T23:59:59.999000+00:00,5361698.00044,60868
2026-03-08T00:00:00+00:00,620.27,621.97,615.32,617.0,8766.845,2026-03-08T03:59:59.999000+00:00,5419542.03682,75872
2026-03-08T04:00:00+00:00,617.01,622.33,614.34,619.94,14781.656,2026-03-08T07:59:59.999000+00:00,9139195.58883,90773
2026-03-08T08:00:00+00:00,619.94,624.27,617.99,620.33,12076.295,2026-03-08T11:59:59.999000+00:00,7498314.46217,105009
2026-03-08T12:00:00+00:00,620.32,621.21,613.05,616.18,15973.493,2026-03-08T15:59:59.999000+00:00,9852307.32274,131024
2026-03-08T16:00:00+00:00,616.18,619.76,611.82,618.95,14400.835,2026-03-08T19:59:59.999000+00:00,8842805.50624,98964
2026-03-08T20:00:00+00:00,618.94,620.11,607.86,611.98,15940.43,2026-03-08T23:59:59.999000+00:00,9780140.8469,155532
2026-03-09T00:00:00+00:00,611.99,628.24,611.01,623.51,20068.64,2026-03-09T03:59:59.999000+00:00,12429821.56104,177212
2026-03-09T04:00:00+00:00,623.51,630.0,618.43,621.96,20042.218,2026-03-09T07:59:59.999000+00:00,12525143.24931,194723
2026-03-09T08:00:00+00:00,621.96,630.4,621.83,627.53,17458.918,2026-03-09T11:59:59.999000+00:00,10943980.05353,157191
2026-03-09T12:00:00+00:00,627.53,640.43,627.52,639.21,31858.866,2026-03-09T15:59:59.999000+00:00,20232345.05616,266092
2026-03-09T16:00:00+00:00,639.22,643.0,634.06,638.18,17091.054,2026-03-09T19:59:59.999000+00:00,10905851.77021,192259
2026-03-09T20:00:00+00:00,638.19,640.65,633.83,634.64,14821.68,2026-03-09T23:59:59.999000+00:00,9456815.55349,111529
2026-03-10T00:00:00+00:00,634.64,646.0,634.38,639.77,17617.17,2026-03-10T03:59:59.999000+00:00,11294334.2517,159989
2026-03-10T04:00:00+00:00,639.77,646.98,639.4,644.48,13784.833,2026-03-10T07:59:59.999000+00:00,8878058.87568,127179
2026-03-10T08:00:00+00:00,644.48,649.0,644.12,645.54,17943.021,2026-03-10T11:59:59.999000+00:00,11602241.88357,143555
2026-03-10T12:00:00+00:00,645.53,652.23,638.29,649.23,25860.991,2026-03-10T15:59:59.999000+00:00,16709739.22146,239269
2026-03-10T16:00:00+00:00,649.24,652.36,640.06,641.79,18057.644,2026-03-10T19:59:59.999000+00:00,11656023.52786,211331
2026-03-10T20:00:00+00:00,641.78,645.29,639.6,642.0,7519.787,2026-03-10T23:59:59.999000+00:00,4828011.03989,90489
2026-03-11T00:00:00+00:00,642.01,644.42,638.77,639.88,8826.592,2026-03-11T03:59:59.999000+00:00,5663585.22916,95300
2026-03-11T04:00:00+00:00,639.87,644.92,637.77,640.5,14439.261,2026-03-11T07:59:59.999000+00:00,9256330.21334,108074
2026-03-11T08:00:00+00:00,640.5,644.37,635.02,638.2,28584.566,2026-03-11T11:59:59.999000+00:00,18269619.89489,203391
2026-03-11T12:00:00+00:00,638.2,652.19,636.74,645.98,36592.442,2026-03-11T15:59:59.999000+00:00,23643246.83954,315884
2026-03-11T16:00:00+00:00,645.99,655.73,645.24,653.15,21386.356,2026-03-11T19:59:59.999000+00:00,13926899.18893,190940
2026-03-11T20:00:00+00:00,653.14,656.29,650.4,651.46,10316.597,2026-03-11T23:59:59.999000+00:00,6734088.66933,86470
2026-03-12T00:00:00+00:00,651.47,652.25,642.25,643.26,14948.74,2026-03-12T03:59:59.999000+00:00,9669837.85613,128383
2026-03-12T04:00:00+00:00,643.26,647.16,641.63,645.85,11068.993,2026-03-12T07:59:59.999000+00:00,7133443.29182,103011
2026-03-12T08:00:00+00:00,645.86,654.09,645.75,652.46,16841.697,2026-03-12T11:59:59.999000+00:00,10941966.13975,124944
2026-03-12T12:00:00+00:00,652.47,657.7,645.64,650.03,37625.033,2026-03-12T15:59:59.999000+00:00,24524299.62945,253473
2026-03-12T16:00:00+00:00,650.03,652.52,646.42,651.03,13233.494,2026-03-12T19:59:59.999000+00:00,8602904.52167,126577
2026-03-12T20:00:00+00:00,651.03,654.92,648.98,651.72,7816.099,2026-03-12T23:59:59.999000+00:00,5094355.69347,50646
2026-03-13T00:00:00+00:00,651.72,664.0,650.34,661.58,33511.182,2026-03-13T03:59:59.999000+00:00,22109030.1648,231199
2026-03-13T04:00:00+00:00,661.57,664.5,658.88,661.29,25969.092,2026-03-13T07:59:59.999000+00:00,17174175.00675,157762
2026-03-13T08:00:00+00:00,661.29,668.67,660.65,666.64,43984.843,2026-03-13T11:59:59.999000+00:00,29309401.55466,276405
2026-03-13T12:00:00+00:00,666.64,679.0,661.09,662.21,62811.157,2026-03-13T15:59:59.999000+00:00,42167806.95184,425757
2026-03-13T16:00:00+00:00,662.21,664.48,654.0,657.25,54317.637,2026-03-13T19:59:59.999000+00:00,35740795.81471,292229
2026-03-13T20:00:00+00:00,657.25,658.78,653.55,655.73,11387.089,2026-03-13T23:59:59.999000+00:00,7472069.76019,90221
2026-03-14T00:00:00+00:00,655.72,657.26,652.52,656.89,10285.263,2026-03-14T03:59:59.999000+00:00,6738539.05732,89532
2026-03-14T04:00:00+00:00,656.88,658.27,651.0,652.19,13759.743,2026-03-14T07:59:59.999000+00:00,9008546.25604,103611
2026-03-14T08:00:00+00:00,652.19,653.99,650.11,653.52,9914.929,2026-03-14T11:59:59.999000+00:00,6467334.43926,78375
2026-03-14T12:00:00+00:00,653.51,654.98,651.85,653.4,11150.325,2026-03-14T15:59:59.999000+00:00,7286123.34121,79852
2026-03-14T16:00:00+00:00,653.4,654.5,652.24,653.7,4722.898,2026-03-14T19:59:59.999000+00:00,3085785.44318,52517
2026-03-14T20:00:00+00:00,653.7,658.0,653.12,657.7,5407.107,2026-03-14T23:59:59.999000+00:00,3544755.56371,53543
2026-03-15T00:00:00+00:00,657.7,661.16,654.46,658.89,7831.622,2026-03-15T03:59:59.999000+00:00,5150811.24925,80128
2026-03-15T04:00:00+00:00,658.89,661.0,657.79,660.02,11360.918,2026-03-15T07:59:59.999000+00:00,7492401.92608,83780
2026-03-15T08:00:00+00:00,660.02,666.55,659.74,661.64,14295.868,2026-03-15T11:59:59.999000+00:00,9474900.0018,120144
2026-03-15T12:00:00+00:00,661.65,662.52,656.83,659.69,17186.32,2026-03-15T15:59:59.999000+00:00,11338778.18291,140105
2026-03-15T16:00:00+00:00,659.69,663.2,658.08,660.49,7931.019,2026-03-15T19:59:59.999000+00:00,5236561.66135,84917
2026-03-15T20:00:00+00:00,660.49,679.0,659.74,673.77,34393.347,2026-03-15T23:59:59.999000+00:00,23103639.09223,281343
2026-03-16T00:00:00+00:00,673.77,685.93,670.22,680.47,35086.165,2026-03-16T03:59:59.999000+00:00,23772519.49674,285775
2026-03-16T04:00:00+00:00,680.47,687.82,677.27,678.13,43473.362,2026-03-16T07:59:59.999000+00:00,29663992.11163,355690
2026-03-16T08:00:00+00:00,678.13,681.06,673.83,677.2,31764.46,2026-03-16T11:59:59.999000+00:00,21510675.00031,255996
2026-03-16T12:00:00+00:00,677.19,683.68,670.13,671.67,59084.86,2026-03-16T15:59:59.999000+00:00,40036630.15345,439690
2026-03-16T16:00:00+00:00,671.67,681.37,671.22,678.55,32813.662,2026-03-16T19:59:59.999000+00:00,22203993.65885,265409
2026-03-16T20:00:00+00:00,678.55,684.66,673.79,679.71,24692.747,2026-03-16T23:59:59.999000+00:00,16774722.80709,199842
2026-03-17T00:00:00+00:00,679.7,686.53,675.0,676.11,41516.026,2026-03-17T03:59:59.999000+00:00,28310062.69859,335840
2026-03-17T04:00:00+00:00,676.11,677.39,671.81,674.28,25038.543,2026-03-17T07:59:59.999000+00:00,16895378.83425,201444
2026-03-17T08:00:00+00:00,674.28,676.77,667.36,667.66,30318.018,2026-03-17T11:59:59.999000+00:00,20366746.68454,218318
2026-03-17T12:00:00+00:00,667.66,673.33,663.4,668.49,29991.511,2026-03-17T15:59:59.999000+00:00,20017815.81277,315860
2026-03-17T16:00:00+00:00,668.5,674.85,667.71,672.03,11769.27,2026-03-17T19:59:59.999000+00:00,7909856.12993,139398
2026-03-17T20:00:00+00:00,672.03,674.48,668.01,668.61,8483.665,2026-03-17T23:59:59.999000+00:00,5692591.06808,78261
2026-03-18T00:00:00+00:00,668.62,675.18,665.52,673.49,12610.526,2026-03-18T03:59:59.999000+00:00,8451928.59204,136293
2026-03-18T04:00:00+00:00,673.49,675.06,670.13,673.98,15353.126,2026-03-18T07:59:59.999000+00:00,10324871.53254,115599
2026-03-18T08:00:00+00:00,673.98,676.47,661.55,662.89,27002.302,2026-03-18T11:59:59.999000+00:00,18088848.54453,229552
2026-03-18T12:00:00+00:00,662.89,662.89,645.3,648.82,44109.595,2026-03-18T15:59:59.999000+00:00,28847251.08725,389180
2026-03-18T16:00:00+00:00,648.82,653.01,645.47,648.08,27717.455,2026-03-18T19:59:59.999000+00:00,17987693.53235,209972
2026-03-18T20:00:00+00:00,648.09,652.98,644.43,652.27,17712.182,2026-03-18T23:59:59.999000+00:00,11490075.0161,103344
2026-03-19T00:00:00+00:00,652.28,656.4,649.05,652.53,14658.77,2026-03-19T03:59:59.999000+00:00,9562291.51937,138317
2026-03-19T04:00:00+00:00,652.53,652.66,641.04,645.39,19730.152,2026-03-19T07:59:59.999000+00:00,12765705.08519,166853
2026-03-19T08:00:00+00:00,645.39,648.89,643.69,644.08,20358.35,2026-03-19T11:59:59.999000+00:00,13145513.1163,165480
2026-03-19T12:00:00+00:00,644.09,644.09,634.35,637.87,30450.241,2026-03-19T15:59:59.999000+00:00,19453128.13799,257038
2026-03-19T16:00:00+00:00,637.88,642.5,633.32,640.04,20987.24,2026-03-19T19:59:59.999000+00:00,13376020.38071,146795
2026-03-19T20:00:00+00:00,640.04,644.06,638.22,639.15,11494.905,2026-03-19T23:59:59.999000+00:00,7367278.24886,79247
2026-03-20T00:00:00+00:00,639.16,645.18,638.51,644.41,12649.474,2026-03-20T03:59:59.999000+00:00,8120760.98703,121646
2026-03-20T04:00:00+00:00,644.42,645.95,639.68,644.1,12898.284,2026-03-20T07:59:59.999000+00:00,8294046.30685,100185
2026-03-20T08:00:00+00:00,644.1,647.65,640.32,641.62,18537.863,2026-03-20T11:59:59.999000+00:00,11936859.48458,168403
2026-03-20T12:00:00+00:00,641.62,643.59,636.61,640.42,30578.47,2026-03-20T15:59:59.999000+00:00,19575168.12893,238222
2026-03-20T16:00:00+00:00,640.41,641.92,636.38,640.26,12576.285,2026-03-20T19:59:59.999000+00:00,8041849.63133,141263
2026-03-20T20:00:00+00:00,640.26,644.57,637.58,642.11,9447.626,2026-03-20T23:59:59.999000+00:00,6062947.4414,74673
2026-03-21T00:00:00+00:00,642.11,643.22,640.15,642.32,5788.107,2026-03-21T03:59:59.999000+00:00,3714767.95431,60445
2026-03-21T04:00:00+00:00,642.32,644.46,641.8,643.11,6610.999,2026-03-21T07:59:59.999000+00:00,4251599.98717,52176
2026-03-21T08:00:00+00:00,643.11,644.46,641.99,643.81,9061.269,2026-03-21T11:59:59.999000+00:00,5827057.15656,60578
2026-03-21T12:00:00+00:00,643.81,646.38,641.39,642.82,11855.304,2026-03-21T15:59:59.999000+00:00,7632524.45228,95540
2026-03-21T16:00:00+00:00,642.82,643.24,640.62,641.61,4689.68,2026-03-21T19:59:59.999000+00:00,3009442.10069,53714
2026-03-21T20:00:00+00:00,641.61,642.68,627.76,630.7,16231.34,2026-03-21T23:59:59.999000+00:00,10297619.44829,121009
2026-03-22T00:00:00+00:00,630.7,637.7,622.72,634.84,25821.814,2026-03-22T03:59:59.999000+00:00,16270664.25824,223795
2026-03-22T04:00:00+00:00,634.84,636.57,631.9,631.99,13296.792,2026-03-22T07:59:59.999000+00:00,8429683.09634,104785
2026-03-22T08:00:00+00:00,631.98,632.1,627.61,627.9,14210.098,2026-03-22T11:59:59.999000+00:00,8952232.02703,139293
2026-03-22T12:00:00+00:00,627.9,631.76,627.9,629.7,14848.926,2026-03-22T15:59:59.999000+00:00,9357078.00388,123005
2026-03-22T16:00:00+00:00,629.7,632.26,626.57,627.44,16400.438,2026-03-22T19:59:59.999000+00:00,10328615.82972,131290
2026-03-22T20:00:00+00:00,627.45,631.35,622.16,626.41,17775.511,2026-03-22T23:59:59.999000+00:00,11139265.09081,165017
2026-03-23T00:00:00+00:00,626.41,630.71,622.0,626.47,20250.729,2026-03-23T03:59:59.999000+00:00,12690780.32096,143583
2026-03-23T04:00:00+00:00,626.46,632.0,620.33,624.33,20208.785,2026-03-23T07:59:59.999000+00:00,12647440.77978,150798
2026-03-23T08:00:00+00:00,624.34,650.85,621.59,638.4,75227.815,2026-03-23T11:59:59.999000+00:00,48164315.97245,441802
2026-03-23T12:00:00+00:00,638.4,649.55,635.81,637.25,79301.366,2026-03-23T15:59:59.999000+00:00,51074002.04041,493541
2026-03-23T16:00:00+00:00,637.25,640.76,632.49,637.62,54337.412,2026-03-23T19:59:59.999000+00:00,34546019.31349,301823
2026-03-23T20:00:00+00:00,637.62,641.09,636.24,639.11,8230.767,2026-03-23T23:59:59.999000+00:00,5256962.66256,80879
2026-03-24T00:00:00+00:00,639.12,640.17,632.0,632.7,13380.273,2026-03-24T03:59:59.999000+00:00,8495790.02379,134539
2026-03-24T04:00:00+00:00,632.7,638.44,627.21,637.86,20931.162,2026-03-24T07:59:59.999000+00:00,13213729.51409,167087
2026-03-24T08:00:00+00:00,637.87,639.81,634.0,638.88,17591.477,2026-03-24T11:59:59.999000+00:00,11205005.21331,141975
2026-03-24T12:00:00+00:00,638.88,639.35,627.2,630.98,26763.386,2026-03-24T15:59:59.999000+00:00,16935312.22451,233170
2026-03-24T16:00:00+00:00,630.97,632.46,626.99,630.29,10948.544,2026-03-24T19:59:59.999000+00:00,6891428.49989,114711
2026-03-24T20:00:00+00:00,630.29,639.79,629.85,638.3,11559.457,2026-03-24T23:59:59.999000+00:00,7357880.02691,96755
2026-03-25T00:00:00+00:00,638.31,643.0,637.5,642.22,16420.574,2026-03-25T03:59:59.999000+00:00,10506494.49532,109802
2026-03-25T04:00:00+00:00,642.22,647.19,641.59,643.57,17880.152,2026-03-25T07:59:59.999000+00:00,11526161.29534,124287
2026-03-25T08:00:00+00:00,643.57,650.92,643.41,648.36,36184.072,2026-03-25T11:59:59.999000+00:00,23445660.62866,195188
2026-03-25T12:00:00+00:00,648.36,652.8,641.92,645.65,24349.875,2026-03-25T15:59:59.999000+00:00,15768081.39088,214754
2026-03-25T16:00:00+00:00,645.64,651.15,644.09,646.03,14642.843,2026-03-25T19:59:59.999000+00:00,9473810.95319,124426
2026-03-25T20:00:00+00:00,646.03,650.26,644.04,647.66,8041.424,2026-03-25T23:59:59.999000+00:00,5205230.56664,68718
2026-03-26T00:00:00+00:00,647.67,648.47,641.33,642.9,9757.702,2026-03-26T03:59:59.999000+00:00,6287656.89296,98910
2026-03-26T04:00:00+00:00,642.91,643.3,633.44,635.37,17962.943,2026-03-26T07:59:59.999000+00:00,11453517.21964,148555
2026-03-26T08:00:00+00:00,635.38,635.44,628.1,629.17,18306.159,2026-03-26T11:59:59.999000+00:00,11555041.3443,150913
2026-03-26T12:00:00+00:00,629.17,632.7,625.11,626.82,20102.072,2026-03-26T15:59:59.999000+00:00,12649045.39246,170810
2026-03-26T16:00:00+00:00,626.83,628.89,623.01,625.68,14781.02,2026-03-26T19:59:59.999000+00:00,9250162.0511,120653
2026-03-26T20:00:00+00:00,625.67,631.52,625.24,628.86,13808.177,2026-03-26T23:59:59.999000+00:00,8695473.70525,127592
2026-03-27T00:00:00+00:00,628.86,631.87,627.38,628.3,11531.745,2026-03-27T03:59:59.999000+00:00,7261832.99695,102608
2026-03-27T04:00:00+00:00,628.31,630.02,625.11,628.45,12380.859,2026-03-27T07:59:59.999000+00:00,7772495.67775,102145
2026-03-27T08:00:00+00:00,628.46,629.15,607.18,611.07,52013.225,2026-03-27T11:59:59.999000+00:00,32012663.38912,271261
2026-03-27T12:00:00+00:00,611.07,614.03,605.86,610.66,30020.007,2026-03-27T15:59:59.999000+00:00,18315235.74286,227088
2026-03-27T16:00:00+00:00,610.66,611.96,606.67,610.17,14624.043,2026-03-27T19:59:59.999000+00:00,8908629.11848,120741
2026-03-27T20:00:00+00:00,610.16,614.18,608.66,613.95,11164.751,2026-03-27T23:59:59.999000+00:00,6821910.56104,62879
2026-03-28T00:00:00+00:00,613.95,614.07,609.9,611.14,10778.0,2026-03-28T03:59:59.999000+00:00,6594541.98328,66883
2026-03-28T04:00:00+00:00,611.15,614.61,610.5,613.9,13315.472,2026-03-28T07:59:59.999000+00:00,8157378.0835,70396
2026-03-28T08:00:00+00:00,613.9,614.27,610.46,613.0,12100.481,2026-03-28T11:59:59.999000+00:00,7413282.16408,61462
2026-03-28T12:00:00+00:00,612.99,619.0,611.59,617.28,17880.838,2026-03-28T15:59:59.999000+00:00,11012306.10421,116982
2026-03-28T16:00:00+00:00,617.29,617.69,615.4,616.67,6182.515,2026-03-28T19:59:59.999000+00:00,3812519.59509,53405
2026-03-28T20:00:00+00:00,616.67,618.1,610.71,611.08,9830.576,2026-03-28T23:59:59.999000+00:00,6041585.74811,73224
2026-03-29T00:00:00+00:00,611.08,615.3,609.89,614.05,11246.913,2026-03-29T03:59:59.999000+00:00,6894489.75485,79544
2026-03-29T04:00:00+00:00,614.06,614.7,612.0,613.68,7594.995,2026-03-29T07:59:59.999000+00:00,4659374.78375,59839
2026-03-29T08:00:00+00:00,613.68,614.63,610.95,613.69,10666.188,2026-03-29T11:59:59.999000+00:00,6540299.36972,70164
2026-03-29T12:00:00+00:00,613.69,613.75,607.46,609.64,15794.207,2026-03-29T15:59:59.999000+00:00,9633558.15584,96936
2026-03-29T16:00:00+00:00,609.63,611.06,607.59,609.23,6580.883,2026-03-29T19:59:59.999000+00:00,4009985.57237,59294
2026-03-29T20:00:00+00:00,609.23,612.26,596.42,606.09,31528.533,2026-03-29T23:59:59.999000+00:00,19045995.88523,199982
2026-03-30T00:00:00+00:00,606.09,619.08,605.09,615.67,24893.095,2026-03-30T03:59:59.999000+00:00,15284133.1911,174256
2026-03-30T04:00:00+00:00,615.68,619.15,615.35,618.21,18930.198,2026-03-30T07:59:59.999000+00:00,11677997.0296,122204
2026-03-30T08:00:00+00:00,618.22,621.4,616.29,617.79,29088.874,2026-03-30T11:59:59.999000+00:00,17998904.34084,139171
2026-03-30T12:00:00+00:00,617.79,620.94,613.4,618.48,21953.107,2026-03-30T15:59:59.999000+00:00,13562218.20063,170481
2026-03-30T16:00:00+00:00,618.48,618.66,608.11,610.6,15071.556,2026-03-30T19:59:59.999000+00:00,9234155.48601,116695
2026-03-30T20:00:00+00:00,610.61,613.63,607.27,609.29,12943.253,2026-03-30T23:59:59.999000+00:00,7902565.20387,93284
2026-03-31T00:00:00+00:00,609.29,619.76,608.2,613.6,18826.465,2026-03-31T03:59:59.999000+00:00,11566386.12575,139724
2026-03-31T04:00:00+00:00,613.61,614.56,609.3,611.01,15514.618,2026-03-31T07:59:59.999000+00:00,9494638.83631,90168
2026-03-31T08:00:00+00:00,611.02,611.21,598.82,605.22,35968.302,2026-03-31T11:59:59.999000+00:00,21746856.63151,200271
2026-03-31T12:00:00+00:00,605.23,615.98,604.3,607.9,30839.427,2026-03-31T15:59:59.999000+00:00,18806793.93562,241733
2026-03-31T16:00:00+00:00,607.9,619.77,607.8,615.77,26707.864,2026-03-31T19:59:59.999000+00:00,16421513.87,205894
2026-03-31T20:00:00+00:00,615.76,619.38,615.09,617.43,11273.939,2026-03-31T23:59:59.999000+00:00,6960919.28802,71386
2026-04-01T00:00:00+00:00,617.42,619.85,613.92,616.76,15439.03,2026-04-01T03:59:59.999000+00:00,9523361.92845,119924
2026-04-01T04:00:00+00:00,616.76,621.9,614.96,616.32,31514.135,2026-04-01T07:59:59.999000+00:00,19486640.22219,175179
2026-04-01T08:00:00+00:00,616.33,617.43,613.71,615.34,20858.345,2026-04-01T11:59:59.999000+00:00,12834535.95421,125694
2026-04-01T12:00:00+00:00,615.34,617.91,609.87,614.82,26306.224,2026-04-01T15:59:59.999000+00:00,16143872.31253,211580
2026-04-01T16:00:00+00:00,614.82,619.5,611.44,613.76,17843.367,2026-04-01T19:59:59.999000+00:00,10968074.72999,145469
2026-04-01T20:00:00+00:00,613.76,616.0,609.58,610.81,14596.464,2026-04-01T23:59:59.999000+00:00,8937084.93675,112935
2026-04-02T00:00:00+00:00,610.81,613.6,591.69,592.06,60887.564,2026-04-02T03:59:59.999000+00:00,36587805.20505,384168
2026-04-02T04:00:00+00:00,592.06,592.51,587.34,591.82,44299.895,2026-04-02T07:59:59.999000+00:00,26141813.73471,226222
2026-04-02T08:00:00+00:00,591.82,591.82,577.25,581.23,53550.612,2026-04-02T11:59:59.999000+00:00,31261675.75298,229298
2026-04-02T12:00:00+00:00,581.23,581.4,570.31,574.13,97461.799,2026-04-02T15:59:59.999000+00:00,56022916.68868,431702
2026-04-02T16:00:00+00:00,574.12,583.72,573.82,583.51,29911.515,2026-04-02T19:59:59.999000+00:00,17321276.71618,176156
2026-04-02T20:00:00+00:00,583.5,584.83,581.14,583.52,11506.934,2026-04-02T23:59:59.999000+00:00,6712702.40046,90862
2026-04-03T00:00:00+00:00,583.52,587.06,581.93,585.82,19254.206,2026-04-03T03:59:59.999000+00:00,11254777.96424,125005
2026-04-03T04:00:00+00:00,585.82,589.0,584.98,586.49,12281.075,2026-04-03T07:59:59.999000+00:00,7205043.01804,88696
2026-04-03T08:00:00+00:00,586.5,588.31,583.16,587.34,15675.882,2026-04-03T11:59:59.999000+00:00,9179958.83254,113749
2026-04-03T12:00:00+00:00,587.34,590.31,584.08,586.99,17998.337,2026-04-03T15:59:59.999000+00:00,10563800.52539,127670
2026-04-03T16:00:00+00:00,586.99,589.33,586.63,588.66,6774.437,2026-04-03T19:59:59.999000+00:00,3983838.13911,62452
2026-04-03T20:00:00+00:00,588.66,589.21,587.0,588.31,4522.438,2026-04-03T23:59:59.999000+00:00,2660497.85487,42738
2026-04-04T00:00:00+00:00,588.32,589.26,587.1,589.12,6429.771,2026-04-04T03:59:59.999000+00:00,3781639.87381,42133
2026-04-04T04:00:00+00:00,589.12,592.25,588.33,590.0,13261.321,2026-04-04T07:59:59.999000+00:00,7827775.40166,62018
2026-04-04T08:00:00+00:00,590.0,591.73,589.03,589.49,10402.926,2026-04-04T11:59:59.999000+00:00,6139818.30928,64761
2026-04-04T12:00:00+00:00,589.5,591.82,588.11,591.11,11917.826,2026-04-04T15:59:59.999000+00:00,7032850.90653,80213
2026-04-04T16:00:00+00:00,591.12,596.58,590.46,593.46,11980.551,2026-04-04T19:59:59.999000+00:00,7103966.87733,79934
2026-04-04T20:00:00+00:00,593.46,595.16,592.54,593.36,5673.039,2026-04-04T23:59:59.999000+00:00,3368564.623,53262
2026-04-05T00:00:00+00:00,593.36,594.05,591.12,593.43,8288.545,2026-04-05T03:59:59.999000+00:00,4913385.3017,46956
2026-04-05T04:00:00+00:00,593.42,594.0,587.71,590.46,12134.237,2026-04-05T07:59:59.999000+00:00,7170765.64516,73893
2026-04-05T08:00:00+00:00,590.46,594.97,590.15,593.98,9402.756,2026-04-05T11:59:59.999000+00:00,5576002.73142,69003
2026-04-05T12:00:00+00:00,593.97,596.42,587.13,593.13,20782.507,2026-04-05T15:59:59.999000+00:00,12286817.04919,124408
2026-04-05T16:00:00+00:00,593.13,593.69,591.67,592.53,7706.673,2026-04-05T19:59:59.999000+00:00,4568305.84738,72458
2026-04-05T20:00:00+00:00,592.53,604.06,590.51,601.5,19717.232,2026-04-05T23:59:59.999000+00:00,11772693.45734,154630
2026-04-06T00:00:00+00:00,601.5,607.66,600.1,600.61,21807.7,2026-04-06T03:59:59.999000+00:00,13158384.79577,179934
2026-04-06T04:00:00+00:00,600.62,604.47,598.63,603.8,18840.74,2026-04-06T07:59:59.999000+00:00,11334397.16153,107610
2026-04-06T08:00:00+00:00,603.81,610.29,603.78,605.36,17420.769,2026-04-06T11:59:59.999000+00:00,10564568.66198,113849
2026-04-06T12:00:00+00:00,605.36,608.74,604.11,608.45,17633.973,2026-04-06T15:59:59.999000+00:00,10690403.36104,148852
2026-04-06T16:00:00+00:00,608.45,609.0,602.95,606.67,13286.947,2026-04-06T19:59:59.999000+00:00,8050921.08686,90817
2026-04-06T20:00:00+00:00,606.68,607.96,596.25,600.11,15969.42,2026-04-06T23:59:59.999000+00:00,9622718.5202,106736
2026-04-07T00:00:00+00:00,600.1,601.32,596.38,599.16,11451.186,2026-04-07T03:59:59.999000+00:00,6859661.24512,93017
2026-04-07T04:00:00+00:00,599.15,601.88,596.78,599.3,11177.583,2026-04-07T07:59:59.999000+00:00,6691946.52045,66286
2026-04-07T08:00:00+00:00,599.29,606.51,596.4,597.1,29834.635,2026-04-07T11:59:59.999000+00:00,17954405.42794,158589
2026-04-07T12:00:00+00:00,597.1,600.0,592.2,598.53,30618.743,2026-04-07T15:59:59.999000+00:00,18256248.25717,185745
2026-04-07T16:00:00+00:00,598.53,609.05,598.53,608.41,23994.268,2026-04-07T19:59:59.999000+00:00,14490359.10262,144996
2026-04-07T20:00:00+00:00,608.41,624.85,607.23,620.1,56450.477,2026-04-07T23:59:59.999000+00:00,34823286.48582,325954
2026-04-08T00:00:00+00:00,620.11,621.46,612.92,613.29,32396.858,2026-04-08T03:59:59.999000+00:00,19975360.98257,167201
2026-04-08T04:00:00+00:00,613.29,617.4,612.02,613.24,25758.364,2026-04-08T07:59:59.999000+00:00,15838909.40565,118158
2026-04-08T08:00:00+00:00,613.24,614.54,610.89,612.83,21847.461,2026-04-08T11:59:59.999000+00:00,13382171.12099,104665
2026-04-08T12:00:00+00:00,612.83,615.85,601.16,605.35,53448.922,2026-04-08T15:59:59.999000+00:00,32567159.77436,251587
2026-04-08T16:00:00+00:00,605.34,607.79,602.75,604.28,15146.018,2026-04-08T19:59:59.999000+00:00,9169131.62235,124600
2026-04-08T20:00:00+00:00,604.28,607.38,599.45,601.16,13517.063,2026-04-08T23:59:59.999000+00:00,8153517.84579,78877
2026-04-09T00:00:00+00:00,601.15,603.06,596.94,600.16,18175.249,2026-04-09T03:59:59.999000+00:00,10904155.866,121232
2026-04-09T04:00:00+00:00,600.16,601.19,598.64,600.01,10221.972,2026-04-09T07:59:59.999000+00:00,6133854.26808,71165
2026-04-09T08:00:00+00:00,600.01,603.41,599.3,602.44,15969.669,2026-04-09T11:59:59.999000+00:00,9606534.69831,95364
2026-04-09T12:00:00+00:00,602.45,607.34,598.2,606.01,21514.81,2026-04-09T15:59:59.999000+00:00,12963615.6374,165653
2026-04-09T16:00:00+00:00,606.01,609.5,603.63,608.76,20119.801,2026-04-09T19:59:59.999000+00:00,12209639.96659,131649
2026-04-09T20:00:00+00:00,608.76,612.1,601.9,603.03,21303.675,2026-04-09T23:59:59.999000+00:00,12927454.4844,145159
2026-04-10T00:00:00+00:00,603.03,605.4,599.79,601.14,17766.67,2026-04-10T03:59:59.999000+00:00,10701268.27351,121325
2026-04-10T04:00:00+00:00,601.14,602.61,599.04,599.29,14201.76,2026-04-10T07:59:59.999000+00:00,8537348.90637,81814
2026-04-10T08:00:00+00:00,599.29,603.49,597.4,602.57,19228.132,2026-04-10T11:59:59.999000+00:00,11550976.86772,106860
2026-04-10T12:00:00+00:00,602.57,608.76,601.04,603.27,27608.247,2026-04-10T15:59:59.999000+00:00,16693770.05128,181054
2026-04-10T16:00:00+00:00,603.27,609.99,603.2,609.6,12524.9,2026-04-10T19:59:59.999000+00:00,7600677.61765,92945
2026-04-10T20:00:00+00:00,609.61,610.34,605.29,605.54,12936.223,2026-04-10T23:59:59.999000+00:00,7859827.32966,76901
2026-04-11T00:00:00+00:00,605.54,607.73,603.4,606.76,14016.45,2026-04-11T03:59:59.999000+00:00,8488408.1763,83968
2026-04-11T04:00:00+00:00,606.77,607.62,604.41,606.09,10856.568,2026-04-11T07:59:59.999000+00:00,6577398.06179,66352
2026-04-11T08:00:00+00:00,606.09,607.32,604.31,605.36,23470.985,2026-04-11T11:59:59.999000+00:00,14218936.213,82794
2026-04-11T12:00:00+00:00,605.37,606.92,603.76,605.74,14398.939,2026-04-11T15:59:59.999000+00:00,8713830.61509,76712
2026-04-11T16:00:00+00:00,605.74,614.12,605.7,612.92,17611.253,2026-04-11T19:59:59.999000+00:00,10746323.62123,94878
2026-04-11T20:00:00+00:00,612.93,613.02,605.94,607.05,13913.275,2026-04-11T23:59:59.999000+00:00,8484915.7321,89985
2026-04-12T00:00:00+00:00,607.06,607.44,590.21,595.5,31078.514,2026-04-12T03:59:59.999000+00:00,18582903.76084,209464
2026-04-12T04:00:00+00:00,595.5,596.0,592.87,594.3,14859.817,2026-04-12T07:59:59.999000+00:00,8840308.06159,77288
2026-04-12T08:00:00+00:00,594.3,595.59,592.91,595.42,13022.638,2026-04-12T11:59:59.999000+00:00,7739165.34646,76163
2026-04-12T12:00:00+00:00,595.41,595.78,589.1,591.65,20069.446,2026-04-12T15:59:59.999000+00:00,11877221.21956,124742
2026-04-12T16:00:00+00:00,591.66,593.36,591.0,592.36,11271.215,2026-04-12T19:59:59.999000+00:00,6674730.06754,71656
2026-04-12T20:00:00+00:00,592.36,596.91,590.95,592.19,13472.621,2026-04-12T23:59:59.999000+00:00,7993939.76221,101750
2026-04-13T00:00:00+00:00,592.19,597.94,591.6,594.68,11256.918,2026-04-13T03:59:59.999000+00:00,6704903.75692,83781
2026-04-13T04:00:00+00:00,594.68,599.67,594.6,597.26,16488.524,2026-04-13T07:59:59.999000+00:00,9848510.15574,91140
2026-04-13T08:00:00+00:00,597.27,598.71,595.19,597.2,13130.521,2026-04-13T11:59:59.999000+00:00,7843321.43942,82591
2026-04-13T12:00:00+00:00,597.2,605.0,595.58,603.4,30992.717,2026-04-13T15:59:59.999000+00:00,18600323.62408,217751
2026-04-13T16:00:00+00:00,603.39,609.17,602.15,608.59,27831.961,2026-04-13T19:59:59.999000+00:00,16863611.43992,181914
2026-04-13T20:00:00+00:00,608.59,617.97,607.11,614.71,38803.859,2026-04-13T23:59:59.999000+00:00,23807082.14512,205548
2026-04-14T00:00:00+00:00,614.71,616.14,610.86,616.13,28115.649,2026-04-14T03:59:59.999000+00:00,17263079.78375,115006
2026-04-14T04:00:00+00:00,616.14,616.15,611.88,613.55,19715.436,2026-04-14T07:59:59.999000+00:00,12105239.60467,98993
2026-04-14T08:00:00+00:00,613.54,619.4,613.43,616.41,28132.029,2026-04-14T11:59:59.999000+00:00,17369901.38821,116915
2026-04-14T12:00:00+00:00,616.42,625.38,615.18,623.45,47940.613,2026-04-14T15:59:59.999000+00:00,29718529.822,253064
2026-04-14T16:00:00+00:00,623.45,625.12,611.94,613.95,37840.425,2026-04-14T19:59:59.999000+00:00,23395332.12542,171615
2026-04-14T20:00:00+00:00,613.95,617.16,613.13,613.75,11637.879,2026-04-14T23:59:59.999000+00:00,7152147.93699,83718
2026-04-15T00:00:00+00:00,613.75,620.0,613.75,616.14,17227.733,2026-04-15T03:59:59.999000+00:00,10631164.03182,100462
2026-04-15T04:00:00+00:00,616.14,617.27,610.71,611.54,16261.029,2026-04-15T07:59:59.999000+00:00,9979505.0513,85878
2026-04-15T08:00:00+00:00,611.55,620.66,610.45,619.7,25376.842,2026-04-15T11:59:59.999000+00:00,15618311.37583,137339
2026-04-15T12:00:00+00:00,619.71,620.42,616.0,619.04,24672.706,2026-04-15T15:59:59.999000+00:00,15255542.63323,148779
2026-04-15T16:00:00+00:00,619.05,627.64,618.57,625.38,17267.117,2026-04-15T19:59:59.999000+00:00,10746222.88941,123832
2026-04-15T20:00:00+00:00,625.38,626.8,621.42,622.59,14137.793,2026-04-15T23:59:59.999000+00:00,8816685.27271,81498
2026-04-16T00:00:00+00:00,622.58,626.16,620.38,624.25,16041.38,2026-04-16T03:59:59.999000+00:00,9996377.86741,100869
2026-04-16T04:00:00+00:00,624.25,626.08,621.86,622.69,15672.328,2026-04-16T07:59:59.999000+00:00,9780637.08535,109877
2026-04-16T08:00:00+00:00,622.69,623.95,618.86,620.95,17492.473,2026-04-16T11:59:59.999000+00:00,10870681.0393,117804
2026-04-16T12:00:00+00:00,620.95,626.38,614.89,624.89,31053.988,2026-04-16T15:59:59.999000+00:00,19260594.65045,239291
2026-04-16T16:00:00+00:00,624.89,637.31,623.6,636.55,34803.489,2026-04-16T19:59:59.999000+00:00,21942453.49788,248320
2026-04-16T20:00:00+00:00,636.55,637.4,631.71,635.77,16483.043,2026-04-16T23:59:59.999000+00:00,10454900.28271,113752
2026-04-17T00:00:00+00:00,635.77,636.55,628.18,629.26,15173.724,2026-04-17T03:59:59.999000+00:00,9582020.2435,114945
2026-04-17T04:00:00+00:00,629.26,630.22,626.66,627.21,19659.254,2026-04-17T07:59:59.999000+00:00,12353823.16817,116127
2026-04-17T08:00:00+00:00,627.21,635.0,626.89,632.5,30283.279,2026-04-17T11:59:59.999000+00:00,19101435.8665,197028
2026-04-17T12:00:00+00:00,632.5,645.67,631.76,643.34,51049.665,2026-04-17T15:59:59.999000+00:00,32697807.83506,312152
2026-04-17T16:00:00+00:00,643.33,645.6,638.83,641.36,19428.359,2026-04-17T19:59:59.999000+00:00,12478408.97928,150327
2026-04-17T20:00:00+00:00,641.36,644.77,639.26,643.12,17892.557,2026-04-17T23:59:59.999000+00:00,11501740.91898,100920
2026-04-18T00:00:00+00:00,643.12,646.88,640.06,640.2,28939.317,2026-04-18T03:59:59.999000+00:00,18637111.92072,157855
2026-04-18T04:00:00+00:00,640.21,648.79,640.08,643.35,27083.119,2026-04-18T07:59:59.999000+00:00,17461437.133,134172
2026-04-18T08:00:00+00:00,643.35,643.55,631.52,633.37,26675.059,2026-04-18T11:59:59.999000+00:00,16953693.27134,180349
2026-04-18T12:00:00+00:00,633.38,635.0,631.42,633.37,13376.045,2026-04-18T15:59:59.999000+00:00,8474720.59378,116519
2026-04-18T16:00:00+00:00,633.37,634.59,628.03,630.39,15324.524,2026-04-18T19:59:59.999000+00:00,9682884.7227,121147
2026-04-18T20:00:00+00:00,630.39,631.84,629.69,629.9,8267.295,2026-04-18T23:59:59.999000+00:00,5213057.2333,63922
2026-04-19T00:00:00+00:00,629.9,630.43,621.08,623.26,16377.065,2026-04-19T03:59:59.999000+00:00,10252669.61752,108779
2026-04-19T04:00:00+00:00,623.26,624.72,618.1,620.32,17821.097,2026-04-19T07:59:59.999000+00:00,11076241.70862,114877
2026-04-19T08:00:00+00:00,620.32,623.33,618.0,622.4,14492.492,2026-04-19T11:59:59.999000+00:00,8993572.56954,106201
2026-04-19T12:00:00+00:00,622.4,628.36,622.06,626.07,18680.655,2026-04-19T15:59:59.999000+00:00,11676591.22693,134203
2026-04-19T16:00:00+00:00,626.07,626.64,619.39,622.93,13891.28,2026-04-19T19:59:59.999000+00:00,8655402.53662,127870
2026-04-19T20:00:00+00:00,622.93,623.36,615.0,616.06,19328.153,2026-04-19T23:59:59.999000+00:00,11944791.01963,125235
2026-04-20T00:00:00+00:00,616.07,622.8,615.97,621.69,11683.598,2026-04-20T03:59:59.999000+00:00,7248659.73051,97545
2026-04-20T04:00:00+00:00,621.7,629.48,617.0,624.69,15619.732,2026-04-20T07:59:59.999000+00:00,9724228.67617,116472
2026-04-20T08:00:00+00:00,624.69,628.14,622.71,625.5,17552.488,2026-04-20T11:59:59.999000+00:00,10979943.79819,135343
2026-04-20T12:00:00+00:00,625.49,628.36,620.87,628.31,23839.062,2026-04-20T15:59:59.999000+00:00,14909719.38253,206310
2026-04-20T16:00:00+00:00,628.31,631.8,626.71,630.56,12588.616,2026-04-20T19:59:59.999000+00:00,7926620.41321,116552
2026-04-20T20:00:00+00:00,630.57,632.08,628.0,629.26,10864.215,2026-04-20T23:59:59.999000+00:00,6845365.69297,88267
2026-04-21T00:00:00+00:00,629.26,632.46,628.1,629.87,11095.479,2026-04-21T03:59:59.999000+00:00,6990969.2356,88742
2026-04-21T04:00:00+00:00,629.87,633.93,628.81,632.88,11139.346,2026-04-21T07:59:59.999000+00:00,7038887.41798,73936
2026-04-21T08:00:00+00:00,632.89,640.7,632.2,634.14,41688.668,2026-04-21T11:59:59.999000+00:00,26527807.97513,185138
2026-04-21T12:00:00+00:00,634.14,635.17,629.37,631.81,19309.425,2026-04-21T15:59:59.999000+00:00,12207244.20809,188875
2026-04-21T16:00:00+00:00,631.82,633.66,625.0,626.6,12996.64,2026-04-21T19:59:59.999000+00:00,8189186.46896,141387
2026-04-21T20:00:00+00:00,626.59,632.45,625.56,631.72,9143.681,2026-04-21T23:59:59.999000+00:00,5754526.36204,77395
2026-04-22T00:00:00+00:00,631.73,641.4,631.19,639.57,20568.448,2026-04-22T03:59:59.999000+00:00,13114586.91363,137884
2026-04-22T04:00:00+00:00,639.57,644.95,638.66,641.99,25959.846,2026-04-22T07:59:59.999000+00:00,16678707.76968,132370
2026-04-22T08:00:00+00:00,642.0,643.81,641.0,642.77,15334.599,2026-04-22T11:59:59.999000+00:00,9846990.41715,85226
2026-04-22T12:00:00+00:00,642.78,654.19,642.14,649.1,39008.952,2026-04-22T15:59:59.999000+00:00,25311690.46923,222726
2026-04-22T16:00:00+00:00,649.1,650.96,642.89,644.1,18298.576,2026-04-22T19:59:59.999000+00:00,11819614.76356,122763
2026-04-22T20:00:00+00:00,644.1,644.18,637.33,637.47,15815.918,2026-04-22T23:59:59.999000+00:00,10134400.99419,94296
2026-04-23T00:00:00+00:00,637.47,639.5,633.23,635.6,22566.677,2026-04-23T03:59:59.999000+00:00,14362469.84966,150245
2026-04-23T04:00:00+00:00,635.61,638.43,635.01,635.7,13183.512,2026-04-23T07:59:59.999000+00:00,8392720.85841,81811
2026-04-23T08:00:00+00:00,635.7,636.29,631.0,633.56,16887.714,2026-04-23T11:59:59.999000+00:00,10692462.41217,105213
2026-04-23T12:00:00+00:00,633.56,640.0,632.0,639.74,18401.871,2026-04-23T15:59:59.999000+00:00,11704447.4718,131640
2026-04-23T16:00:00+00:00,639.74,640.38,631.14,635.91,18026.04,2026-04-23T19:59:59.999000+00:00,11461454.4533,141552
2026-04-23T20:00:00+00:00,635.9,639.79,635.6,638.54,9343.442,2026-04-23T23:59:59.999000+00:00,5959750.01962,61821
2026-04-24T00:00:00+00:00,638.55,640.42,633.6,634.61,9531.6,2026-04-24T03:59:59.999000+00:00,6074431.15513,81201
2026-04-24T04:00:00+00:00,634.61,637.17,632.04,635.0,13609.138,2026-04-24T07:59:59.999000+00:00,8631413.63128,95689
2026-04-24T08:00:00+00:00,634.99,638.75,633.33,638.1,15966.278,2026-04-24T11:59:59.999000+00:00,10151618.31491,110543
2026-04-24T12:00:00+00:00,638.1,640.49,635.95,639.6,16954.525,2026-04-24T15:59:59.999000+00:00,10824450.07526,139114
2026-04-24T16:00:00+00:00,639.6,639.97,635.34,638.24,8889.456,2026-04-24T19:59:59.999000+00:00,5670576.36017,78107
2026-04-24T20:00:00+00:00,638.24,638.37,635.43,636.21,5674.821,2026-04-24T23:59:59.999000+00:00,3615939.74202,48633
2026-04-25T00:00:00+00:00,636.21,637.69,635.49,637.45,8892.494,2026-04-25T03:59:59.999000+00:00,5662566.85568,42718
2026-04-25T04:00:00+00:00,637.45,638.08,636.29,636.7,5455.504,2026-04-25T07:59:59.999000+00:00,3476245.66237,38588
2026-04-25T08:00:00+00:00,636.71,638.5,634.2,634.66,9788.226,2026-04-25T11:59:59.999000+00:00,6237593.07893,53655
2026-04-25T12:00:00+00:00,634.66,635.15,629.11,629.91,19722.948,2026-04-25T15:59:59.999000+00:00,12463252.26198,127599
2026-04-25T16:00:00+00:00,629.9,630.41,627.15,628.66,9371.55,2026-04-25T19:59:59.999000+00:00,5892704.05598,78237
2026-04-25T20:00:00+00:00,628.67,630.43,628.34,628.53,5687.615,2026-04-25T23:59:59.999000+00:00,3578816.17439,39821
2026-04-26T00:00:00+00:00,628.52,630.35,627.0,628.63,7913.944,2026-04-26T03:59:59.999000+00:00,4977858.60375,53539
2026-04-26T04:00:00+00:00,628.63,632.79,628.27,632.52,9812.403,2026-04-26T07:59:59.999000+00:00,6192703.93667,61346
2026-04-26T08:00:00+00:00,632.52,632.75,629.9,632.54,9812.812,2026-04-26T11:59:59.999000+00:00,6194279.62128,56231
2026-04-26T12:00:00+00:00,632.55,633.03,630.6,632.29,9377.389,2026-04-26T15:59:59.999000+00:00,5923876.37851,62254
2026-04-26T16:00:00+00:00,632.29,636.74,630.59,635.89,8940.878,2026-04-26T19:59:59.999000+00:00,5667808.16743,66959
2026-04-26T20:00:00+00:00,635.9,638.06,633.0,635.76,8588.914,2026-04-26T23:59:59.999000+00:00,5458522.10765,79841
2026-04-27T00:00:00+00:00,635.77,639.81,633.74,638.27,18044.113,2026-04-27T03:59:59.999000+00:00,11512639.96726,107998
2026-04-27T04:00:00+00:00,638.27,638.64,625.15,625.87,28410.052,2026-04-27T07:59:59.999000+00:00,17903286.61373,159781
2026-04-27T08:00:00+00:00,625.87,628.94,625.4,627.4,10936.731,2026-04-27T11:59:59.999000+00:00,6862436.70316,79580
2026-04-27T12:00:00+00:00,627.39,628.56,618.38,620.94,25377.875,2026-04-27T15:59:59.999000+00:00,15834812.4486,170343
2026-04-27T16:00:00+00:00,620.93,624.02,620.5,623.53,13646.889,2026-04-27T19:59:59.999000+00:00,8493928.23966,94823
2026-04-27T20:00:00+00:00,623.53,627.31,623.13,626.83,7529.828,2026-04-27T23:59:59.999000+00:00,4703433.09056,54147
2026-04-28T00:00:00+00:00,626.83,627.58,623.28,624.52,7126.507,2026-04-28T03:59:59.999000+00:00,4456931.2653,59703
2026-04-28T04:00:00+00:00,624.52,626.62,621.86,624.26,16508.09,2026-04-28T07:59:59.999000+00:00,10309184.35762,81501
2026-04-28T08:00:00+00:00,624.26,625.47,621.21,621.85,9676.525,2026-04-28T11:59:59.999000+00:00,6030144.15543,85401
2026-04-28T12:00:00+00:00,621.86,623.63,619.0,622.82,16880.81,2026-04-28T15:59:59.999000+00:00,10493344.09568,121133
2026-04-28T16:00:00+00:00,622.82,624.3,621.82,624.17,7137.871,2026-04-28T19:59:59.999000+00:00,4448423.83385,55694
2026-04-28T20:00:00+00:00,624.17,624.66,622.87,624.55,5017.939,2026-04-28T23:59:59.999000+00:00,3130539.5003,34495
2026-04-29T00:00:00+00:00,624.56,626.73,622.56,626.05,9681.142,2026-04-29T03:59:59.999000+00:00,6050043.11118,71733
2026-04-29T04:00:00+00:00,626.05,628.5,625.0,625.13,16646.427,2026-04-29T07:59:59.999000+00:00,10432838.32818,81523
2026-04-29T08:00:00+00:00,625.13,629.61,624.54,626.02,19479.286,2026-04-29T11:59:59.999000+00:00,12212218.74108,115018
2026-04-29T12:00:00+00:00,626.01,626.06,615.48,616.51,21085.078,2026-04-29T15:59:59.999000+00:00,13089173.69549,157224
2026-04-29T16:00:00+00:00,616.52,620.28,610.26,613.31,26554.168,2026-04-29T19:59:59.999000+00:00,16322421.60177,171471
2026-04-29T20:00:00+00:00,613.32,618.58,613.02,617.39,8367.071,2026-04-29T23:59:59.999000+00:00,5156158.30538,62374
2026-04-30T00:00:00+00:00,617.39,620.53,616.03,617.88,12566.092,2026-04-30T03:59:59.999000+00:00,7769620.09462,91538
2026-04-30T04:00:00+00:00,617.88,618.26,613.47,617.5,18797.061,2026-04-30T07:59:59.999000+00:00,11586060.71367,84426
2026-04-30T08:00:00+00:00,617.5,618.75,614.38,615.63,13741.332,2026-04-30T11:59:59.999000+00:00,8472006.81755,82365
2026-04-30T12:00:00+00:00,615.64,618.13,613.58,617.1,19135.061,2026-04-30T15:59:59.999000+00:00,11784785.26818,138016
2026-04-30T16:00:00+00:00,617.09,618.84,615.75,618.45,8022.292,2026-04-30T19:59:59.999000+00:00,4951427.0912,59858
2026-04-30T20:00:00+00:00,618.44,618.61,614.79,615.38,6350.607,2026-04-30T23:59:59.999000+00:00,3915085.4707,50151
2026-05-01T00:00:00+00:00,615.38,621.29,615.28,618.5,14358.805,2026-05-01T03:59:59.999000+00:00,8869574.8977,78604
2026-05-01T04:00:00+00:00,618.5,619.08,616.03,617.42,10394.11,2026-05-01T07:59:59.999000+00:00,6418642.35289,67680
2026-05-01T08:00:00+00:00,617.42,619.56,615.94,618.92,13233.624,2026-05-01T11:59:59.999000+00:00,8173259.84026,70402
2026-05-01T12:00:00+00:00,618.92,622.84,618.44,620.83,25448.318,2026-05-01T15:59:59.999000+00:00,15799386.04537,142038
2026-05-01T16:00:00+00:00,620.83,621.79,618.9,619.24,8877.143,2026-05-01T19:59:59.999000+00:00,5503892.06044,68421
2026-05-01T20:00:00+00:00,619.24,619.37,613.79,615.34,15741.74,2026-05-01T23:59:59.999000+00:00,9700726.38984,62471
2026-05-02T00:00:00+00:00,615.34,617.26,614.78,616.19,7600.96,2026-05-02T03:59:59.999000+00:00,4681222.82812,51075
2026-05-02T04:00:00+00:00,616.19,616.4,614.15,615.91,7752.895,2026-05-02T07:59:59.999000+00:00,4770763.29567,45090
2026-05-02T08:00:00+00:00,615.9,616.2,614.71,615.66,6659.85,2026-05-02T11:59:59.999000+00:00,4099574.31341,37090
2026-05-02T12:00:00+00:00,615.67,618.27,615.38,618.22,12201.248,2026-05-02T15:59:59.999000+00:00,7525791.94365,55004
2026-05-02T16:00:00+00:00,618.22,619.38,617.71,618.83,8574.84,2026-05-02T19:59:59.999000+00:00,5303207.42303,48676
2026-05-02T20:00:00+00:00,618.84,621.81,617.77,618.03,9184.201,2026-05-02T23:59:59.999000+00:00,5685996.2153,64162
2026-05-03T00:00:00+00:00,618.03,618.49,615.09,616.22,10665.496,2026-05-03T03:59:59.999000+00:00,6572558.37398,54579
2026-05-03T04:00:00+00:00,616.22,618.35,615.31,616.96,9750.079,2026-05-03T07:59:59.999000+00:00,6011105.49753,48955
2026-05-03T08:00:00+00:00,616.97,619.54,616.68,618.81,12956.337,2026-05-03T11:59:59.999000+00:00,8011188.67038,56127
2026-05-03T12:00:00+00:00,618.81,620.57,618.14,619.87,13656.211,2026-05-03T15:59:59.999000+00:00,8459015.55649,57486
2026-05-03T16:00:00+00:00,619.87,620.78,618.78,619.26,9598.316,2026-05-03T19:59:59.999000+00:00,5947644.15017,57187
2026-05-03T20:00:00+00:00,619.26,622.27,617.0,617.27,16223.691,2026-05-03T23:59:59.999000+00:00,10055936.46569,99911
2026-05-04T00:00:00+00:00,617.28,626.66,615.61,626.57,37419.932,2026-05-04T03:59:59.999000+00:00,23301949.0494,189005
2026-05-04T04:00:00+00:00,626.58,639.0,626.58,628.4,60837.535,2026-05-04T07:59:59.999000+00:00,38491357.56698,213985
2026-05-04T08:00:00+00:00,628.4,631.01,620.0,622.9,34529.559,2026-05-04T11:59:59.999000+00:00,21585393.05748,198033
2026-05-04T12:00:00+00:00,622.91,628.44,621.19,625.47,43518.679,2026-05-04T15:59:59.999000+00:00,27189032.12982,212902
2026-05-04T16:00:00+00:00,625.47,628.8,623.5,624.93,19279.644,2026-05-04T19:59:59.999000+00:00,12073291.38271,143947
2026-05-04T20:00:00+00:00,624.93,625.91,622.6,622.63,11063.652,2026-05-04T23:59:59.999000+00:00,6905399.8167,70771
2026-05-05T00:00:00+00:00,622.64,628.86,622.58,627.81,19199.304,2026-05-05T03:59:59.999000+00:00,12014984.44484,104153
2026-05-05T04:00:00+00:00,627.8,628.81,625.73,627.54,22579.058,2026-05-05T07:59:59.999000+00:00,14165960.31354,104466
2026-05-05T08:00:00+00:00,627.54,628.94,625.94,628.59,23983.69,2026-05-05T11:59:59.999000+00:00,15061082.39686,89754
2026-05-05T12:00:00+00:00,628.6,634.0,628.05,631.01,35110.266,2026-05-05T15:59:59.999000+00:00,22150541.12611,167898
2026-05-05T16:00:00+00:00,631.01,632.38,627.81,631.72,23383.602,2026-05-05T19:59:59.999000+00:00,14730570.85621,109785
2026-05-05T20:00:00+00:00,631.73,635.0,629.71,630.42,22765.875,2026-05-05T23:59:59.999000+00:00,14404057.2671,131679
2026-05-06T00:00:00+00:00,630.41,636.01,628.97,635.17,23365.379,2026-05-06T03:59:59.999000+00:00,14792671.50703,124229
2026-05-06T04:00:00+00:00,635.18,640.43,632.85,637.99,25453.541,2026-05-06T07:59:59.999000+00:00,16206394.33555,125621
2026-05-06T08:00:00+00:00,637.98,652.66,637.95,652.56,78126.573,2026-05-06T11:59:59.999000+00:00,50520536.45662,264082
2026-05-06T12:00:00+00:00,652.56,664.26,643.58,648.51,81801.424,2026-05-06T15:59:59.999000+00:00,53496781.07292,344343
2026-05-06T16:00:00+00:00,648.51,650.93,646.29,650.45,19995.243,2026-05-06T19:59:59.999000+00:00,12977701.74341,127620
2026-05-06T20:00:00+00:00,650.44,651.49,644.46,647.74,12953.096,2026-05-06T23:59:59.999000+00:00,8393158.76096,87516
2026-05-07T00:00:00+00:00,647.74,649.81,641.64,642.53,29830.996,2026-05-07T03:59:59.999000+00:00,19217817.37535,151033
2026-05-07T04:00:00+00:00,642.54,653.49,642.1,651.91,19315.443,2026-05-07T07:59:59.999000+00:00,12502078.32932,126001
2026-05-07T08:00:00+00:00,651.92,653.1,646.15,648.01,21602.1,2026-05-07T11:59:59.999000+00:00,14019417.44825,125490
2026-05-07T12:00:00+00:00,648.01,651.0,639.41,642.45,29470.063,2026-05-07T15:59:59.999000+00:00,18997681.20606,184627
2026-05-07T16:00:00+00:00,642.46,644.7,639.33,643.71,17699.575,2026-05-07T19:59:59.999000+00:00,11366027.67691,139583
2026-05-07T20:00:00+00:00,643.71,645.65,633.68,637.02,26255.632,2026-05-07T23:59:59.999000+00:00,16773289.6966,131786
2026-05-08T00:00:00+00:00,637.02,640.54,635.46,639.44,15412.117,2026-05-08T03:59:59.999000+00:00,9834476.62335,123690
2026-05-08T04:00:00+00:00,639.44,641.0,634.76,636.91,24292.908,2026-05-08T07:59:59.999000+00:00,15478036.14503,111488
2026-05-08T08:00:00+00:00,636.91,641.56,635.89,641.02,21553.029,2026-05-08T11:59:59.999000+00:00,13755314.25753,93844
2026-05-08T12:00:00+00:00,641.03,644.0,637.54,643.92,18479.16,2026-05-08T15:59:59.999000+00:00,11839429.69708,140588
2026-05-08T16:00:00+00:00,643.92,649.5,642.36,648.09,15055.131,2026-05-08T19:59:59.999000+00:00,9727634.29325,130798
2026-05-08T20:00:00+00:00,648.1,651.53,645.86,649.36,12960.331,2026-05-08T23:59:59.999000+00:00,8408223.75354,79116
2026-05-09T00:00:00+00:00,649.37,655.88,649.01,653.66,18453.315,2026-05-09T03:59:59.999000+00:00,12057673.99432,102234
2026-05-09T04:00:00+00:00,653.67,656.0,648.95,649.77,32605.996,2026-05-09T07:59:59.999000+00:00,21266319.13969,129047
2026-05-09T08:00:00+00:00,649.77,651.03,648.43,650.04,9822.627,2026-05-09T11:59:59.999000+00:00,6382017.58518,70501
2026-05-09T12:00:00+00:00,650.05,650.67,646.23,647.66,11368.726,2026-05-09T15:59:59.999000+00:00,7373263.2539,85357
2026-05-09T16:00:00+00:00,647.67,651.84,647.01,651.01,15609.096,2026-05-09T19:59:59.999000+00:00,10137378.66016,77273
2026-05-09T20:00:00+00:00,651.01,652.36,649.53,649.75,10493.132,2026-05-09T23:59:59.999000+00:00,6833436.48066,54126
2026-05-10T00:00:00+00:00,649.76,650.5,644.84,647.7,18024.134,2026-05-10T03:59:59.999000+00:00,11667041.78207,79985
2026-05-10T04:00:00+00:00,647.71,649.29,647.28,648.28,8599.048,2026-05-10T07:59:59.999000+00:00,5574594.82097,55685
2026-05-10T08:00:00+00:00,648.29,651.9,647.71,649.59,16061.965,2026-05-10T11:59:59.999000+00:00,10446376.01666,81537
2026-05-10T12:00:00+00:00,649.59,656.2,648.47,655.5,17482.985,2026-05-10T15:59:59.999000+00:00,11397748.87528,95123
2026-05-10T16:00:00+00:00,655.51,662.38,654.4,661.14,19655.812,2026-05-10T19:59:59.999000+00:00,12952842.13693,129411
2026-05-10T20:00:00+00:00,661.14,666.66,648.71,663.55,39453.273,2026-05-10T23:59:59.999000+00:00,26014365.55673,233895
2026-05-11T00:00:00+00:00,663.56,664.85,650.07,651.79,30689.411,2026-05-11T03:59:59.999000+00:00,20137563.18483,197631
2026-05-11T04:00:00+00:00,651.8,654.17,650.03,650.61,26867.574,2026-05-11T07:59:59.999000+00:00,17520418.25862,145949
2026-05-11T08:00:00+00:00,650.61,655.92,649.46,655.92,27730.707,2026-05-11T11:59:59.999000+00:00,18105608.75347,134332
2026-05-11T12:00:00+00:00,655.92,661.51,651.49,661.5,31057.069,2026-05-11T15:59:59.999000+00:00,20372971.35562,182356
2026-05-11T16:00:00+00:00,661.51,663.56,659.5,663.32,27138.806,2026-05-11T19:59:59.999000+00:00,17963857.64395,143102
2026-05-11T20:00:00+00:00,663.31,673.0,661.02,670.6,40181.678,2026-05-11T23:59:59.999000+00:00,26791106.59526,167045
2026-05-12T00:00:00+00:00,670.6,671.47,659.09,662.02,34336.061,2026-05-12T03:59:59.999000+00:00,22816233.32823,197385
2026-05-12T04:00:00+00:00,662.02,664.31,657.76,658.59,19544.701,2026-05-12T07:59:59.999000+00:00,12932679.27228,120168
2026-05-12T08:00:00+00:00,658.6,663.4,657.55,663.4,18304.871,2026-05-12T11:59:59.999000+00:00,12096133.88204,133246
2026-05-12T12:00:00+00:00,663.4,664.75,650.49,652.26,45149.103,2026-05-12T15:59:59.999000+00:00,29673254.07214,247946
2026-05-12T16:00:00+00:00,652.26,663.38,650.56,663.07,21554.165,2026-05-12T19:59:59.999000+00:00,14172882.9512,142438
2026-05-12T20:00:00+00:00,663.07,668.0,663.06,664.95,22728.188,2026-05-12T23:59:59.999000+00:00,15130040.01647,129769
2026-05-13T00:00:00+00:00,664.95,682.95,664.36,681.28,63481.069,2026-05-13T03:59:59.999000+00:00,42964999.57334,307483
2026-05-13T04:00:00+00:00,681.28,682.18,675.94,679.02,31687.705,2026-05-13T07:59:59.999000+00:00,21507122.50377,154899
2026-05-13T08:00:00+00:00,679.02,685.68,677.41,678.42,36146.83,2026-05-13T11:59:59.999000+00:00,24639838.18332,192692
2026-05-13T12:00:00+00:00,678.42,680.3,663.77,664.19,61800.437,2026-05-13T15:59:59.999000+00:00,41465854.91421,352866
2026-05-13T16:00:00+00:00,664.19,674.71,664.17,671.32,21029.274,2026-05-13T19:59:59.999000+00:00,14089260.97747,153656
2026-05-13T20:00:00+00:00,671.33,673.84,668.2,671.68,11917.453,2026-05-13T23:59:59.999000+00:00,7997747.94351,92528
2026-05-14T00:00:00+00:00,671.68,677.52,665.42,665.92,25552.318,2026-05-14T03:59:59.999000+00:00,17195738.45911,203587
2026-05-14T04:00:00+00:00,665.91,672.06,665.47,669.34,24244.733,2026-05-14T07:59:59.999000+00:00,16226850.33282,163445
2026-05-14T08:00:00+00:00,669.33,673.96,668.55,670.85,20888.197,2026-05-14T11:59:59.999000+00:00,14028088.54542,147089
2026-05-14T12:00:00+00:00,670.85,680.58,670.62,679.98,43264.703,2026-05-14T15:59:59.999000+00:00,29290255.57257,257556
2026-05-14T16:00:00+00:00,679.98,687.66,678.48,680.2,34513.078,2026-05-14T19:59:59.999000+00:00,23557714.15803,206169
2026-05-14T20:00:00+00:00,680.21,681.99,677.2,678.27,11337.001,2026-05-14T23:59:59.999000+00:00,7705978.9047,74620
2026-05-15T00:00:00+00:00,678.28,686.0,677.24,681.95,31590.787,2026-05-15T03:59:59.999000+00:00,21534816.97014,186096
2026-05-15T04:00:00+00:00,681.95,689.14,673.79,684.3,34855.094,2026-05-15T07:59:59.999000+00:00,23770291.65476,183044
2026-05-15T08:00:00+00:00,684.31,689.98,681.63,686.47,31941.574,2026-05-15T11:59:59.999000+00:00,21901783.42891,206156
2026-05-15T12:00:00+00:00,686.47,686.74,669.16,671.73,46245.668,2026-05-15T15:59:59.999000+00:00,31305968.79965,328091
2026-05-15T16:00:00+00:00,671.73,676.72,671.16,674.04,10415.878,2026-05-15T19:59:59.999000+00:00,7025568.15265,104616
2026-05-15T20:00:00+00:00,674.04,674.56,671.21,672.38,11455.37,2026-05-15T23:59:59.999000+00:00,7707921.96863,59840
2026-05-16T00:00:00+00:00,672.37,674.92,664.9,665.29,18248.201,2026-05-16T03:59:59.999000+00:00,12211356.18529,111575
2026-05-16T04:00:00+00:00,665.29,665.29,656.2,660.68,40063.387,2026-05-16T07:59:59.999000+00:00,26500504.27862,227187
2026-05-16T08:00:00+00:00,660.68,661.97,650.7,654.28,38491.712,2026-05-16T11:59:59.999000+00:00,25222137.11744,228048
2026-05-16T12:00:00+00:00,654.28,658.0,651.1,655.2,19256.183,2026-05-16T15:59:59.999000+00:00,12587451.69357,136660
2026-05-16T16:00:00+00:00,655.19,658.34,654.92,656.16,8832.535,2026-05-16T19:59:59.999000+00:00,5797494.23867,72986
2026-05-16T20:00:00+00:00,656.16,657.62,655.73,656.2,4886.318,2026-05-16T23:59:59.999000+00:00,3208918.35825,49923
2026-05-17T00:00:00+00:00,656.2,657.28,650.0,652.77,18338.033,2026-05-17T03:59:59.999000+00:00,11967054.15071,124573
2026-05-17T04:00:00+00:00,652.77,656.35,652.41,655.31,9915.355,2026-05-17T07:59:59.999000+00:00,6494971.9697,59974
2026-05-17T08:00:00+00:00,655.31,655.45,650.0,655.07,20093.406,2026-05-17T11:59:59.999000+00:00,13125356.00368,84504
2026-05-17T12:00:00+00:00,655.07,657.51,650.57,652.4,14463.278,2026-05-17T15:59:59.999000+00:00,9454825.71764,79769
2026-05-17T16:00:00+00:00,652.41,656.35,650.22,656.04,8126.498,2026-05-17T19:59:59.999000+00:00,5302064.78584,61072
2026-05-17T20:00:00+00:00,656.04,657.6,640.01,649.48,24875.382,2026-05-17T23:59:59.999000+00:00,16131188.69513,150819
2026-05-18T00:00:00+00:00,649.48,649.7,642.13,643.44,24070.12,2026-05-18T03:59:59.999000+00:00,15535543.04395,155443
2026-05-18T04:00:00+00:00,643.44,644.58,637.54,641.85,22109.046,2026-05-18T07:59:59.999000+00:00,14177872.66182,145734
2026-05-18T08:00:00+00:00,641.86,643.69,637.54,641.75,16265.504,2026-05-18T11:59:59.999000+00:00,10405890.00098,110147
2026-05-18T12:00:00+00:00,641.75,645.54,634.3,637.03,28798.729,2026-05-18T15:59:59.999000+00:00,18406265.41249,190081
2026-05-18T16:00:00+00:00,637.04,644.92,635.74,644.78,25412.858,2026-05-18T19:59:59.999000+00:00,16264893.52602,144634
2026-05-18T20:00:00+00:00,644.79,646.4,641.89,643.53,9524.963,2026-05-18T23:59:59.999000+00:00,6140128.05525,67538
2026-05-19T00:00:00+00:00,643.53,647.19,641.17,642.88,15081.766,2026-05-19T03:59:59.999000+00:00,9710767.87626,94264
2026-05-19T04:00:00+00:00,642.87,646.34,640.95,645.93,12878.765,2026-05-19T07:59:59.999000+00:00,8293248.02503,91381
2026-05-19T08:00:00+00:00,645.93,646.02,637.98,639.88,18231.516,2026-05-19T11:59:59.999000+00:00,11686823.65084,119978
2026-05-19T12:00:00+00:00,639.87,642.05,636.1,638.73,22154.505,2026-05-19T15:59:59.999000+00:00,14167759.63044,141019
2026-05-19T16:00:00+00:00,638.74,641.88,637.87,639.99,6959.289,2026-05-19T19:59:59.999000+00:00,4453957.44565,64816
2026-05-19T20:00:00+00:00,639.98,641.66,637.87,640.02,5648.096,2026-05-19T23:59:59.999000+00:00,3614551.15866,52873
2026-05-20T00:00:00+00:00,640.03,640.95,637.52,640.12,10998.41,2026-05-20T03:59:59.999000+00:00,7030215.23416,91184
2026-05-20T04:00:00+00:00,640.13,645.0,638.38,643.41,17026.815,2026-05-20T07:59:59.999000+00:00,10935327.01484,82022
2026-05-20T08:00:00+00:00,643.41,645.31,642.3,643.33,10929.184,2026-05-20T11:59:59.999000+00:00,7040469.24487,60465
2026-05-20T12:00:00+00:00,643.33,649.97,641.34,648.8,21178.265,2026-05-20T15:59:59.999000+00:00,13687256.62599,156867
2026-05-20T16:00:00+00:00,648.81,651.19,646.01,650.57,12072.633,2026-05-20T19:59:59.999000+00:00,7838846.7415,92890
2026-05-20T20:00:00+00:00,650.56,651.77,647.17,649.5,10737.346,2026-05-20T23:59:59.999000+00:00,6975924.30648,64969
2026-05-21T00:00:00+00:00,649.5,656.0,649.31,654.81,16426.826,2026-05-21T03:59:59.999000+00:00,10736729.69666,96241
2026-05-21T04:00:00+00:00,654.81,655.33,650.13,652.93,15174.305,2026-05-21T07:59:59.999000+00:00,9905883.25682,81968
2026-05-21T08:00:00+00:00,652.93,656.0,647.36,647.77,16397.079,2026-05-21T11:59:59.999000+00:00,10688586.80755,105898
2026-05-21T12:00:00+00:00,647.78,653.08,646.33,652.39,22284.158,2026-05-21T15:59:59.999000+00:00,14479565.50162,140474
2026-05-21T16:00:00+00:00,652.39,659.82,650.23,657.87,25349.236,2026-05-21T19:59:59.999000+00:00,16637940.5549,147244
2026-05-21T20:00:00+00:00,657.88,659.0,656.11,658.58,7424.074,2026-05-21T23:59:59.999000+00:00,4883608.23128,44204
2026-05-22T00:00:00+00:00,658.58,661.42,656.14,659.61,19957.927,2026-05-22T03:59:59.999000+00:00,13158413.94965,90075
2026-05-22T04:00:00+00:00,659.62,660.59,655.48,659.49,19045.979,2026-05-22T07:59:59.999000+00:00,12535631.09282,81722
2026-05-22T08:00:00+00:00,659.49,661.1,654.79,657.94,19420.351,2026-05-22T11:59:59.999000+00:00,12768331.44887,95099
2026-05-22T12:00:00+00:00,657.95,664.2,656.45,658.51,27640.76,2026-05-22T15:59:59.999000+00:00,18248197.91471,150869
2026-05-22T16:00:00+00:00,658.51,661.58,648.31,652.48,26896.901,2026-05-22T19:59:59.999000+00:00,17618993.28672,167266
2026-05-22T20:00:00+00:00,652.48,654.03,648.7,650.44,10945.702,2026-05-22T23:59:59.999000+00:00,7138142.2223,75475
2026-05-23T00:00:00+00:00,650.45,653.0,648.07,652.34,12861.485,2026-05-23T03:59:59.999000+00:00,8367322.61034,92208
2026-05-23T04:00:00+00:00,652.33,652.78,635.29,636.76,29959.118,2026-05-23T07:59:59.999000+00:00,19299202.96877,126502
2026-05-23T08:00:00+00:00,636.76,641.27,635.64,640.22,19254.322,2026-05-23T11:59:59.999000+00:00,12309359.62364,100098
2026-05-23T12:00:00+00:00,640.23,648.8,639.28,647.49,16104.113,2026-05-23T15:59:59.999000+00:00,10376853.22544,94635
2026-05-23T16:00:00+00:00,647.49,653.17,646.27,652.34,10922.064,2026-05-23T19:59:59.999000+00:00,7095821.00207,83255
2026-05-23T20:00:00+00:00,652.34,663.93,651.73,656.26,23908.536,2026-05-23T23:59:59.999000+00:00,15730185.06013,154824
2026-05-24T00:00:00+00:00,656.26,658.91,655.47,657.14,10230.955,2026-05-24T03:59:59.999000+00:00,6724120.83475,78916
2026-05-24T04:00:00+00:00,657.14,658.05,654.01,656.64,11489.947,2026-05-24T07:59:59.999000+00:00,7534324.57811,65683
2026-05-24T08:00:00+00:00,656.64,662.6,656.22,661.27,17094.839,2026-05-24T11:59:59.999000+00:00,11282609.69798,84533
2026-05-24T12:00:00+00:00,661.27,661.31,652.07,655.51,17644.883,2026-05-24T15:59:59.999000+00:00,11597783.63118,113239
2026-05-24T16:00:00+00:00,655.54,657.71,655.0,656.16,6343.873,2026-05-24T19:59:59.999000+00:00,4163150.14021,51112
2026-05-24T20:00:00+00:00,656.16,657.65,649.68,656.57,10863.68,2026-05-24T23:59:59.999000+00:00,7106860.43139,96891
2026-05-25T00:00:00+00:00,656.58,659.98,655.76,657.07,8956.671,2026-05-25T03:59:59.999000+00:00,5893079.95467,89485
2026-05-25T04:00:00+00:00,657.08,661.98,656.4,661.92,13397.803,2026-05-25T07:59:59.999000+00:00,8846581.81057,83041
2026-05-25T08:00:00+00:00,661.92,663.38,660.86,662.25,14597.301,2026-05-25T11:59:59.999000+00:00,9660876.60339,76420
2026-05-25T12:00:00+00:00,662.25,673.07,662.13,667.78,43130.126,2026-05-25T15:59:59.999000+00:00,28872984.61361,189994
2026-05-25T16:00:00+00:00,667.78,668.25,660.87,662.37,20332.903,2026-05-25T19:59:59.999000+00:00,13488174.96766,111123
2026-05-25T20:00:00+00:00,662.37,663.29,660.38,663.15,13829.949,2026-05-25T23:59:59.999000+00:00,9155526.45377,81636
2026-05-26T00:00:00+00:00,663.15,663.75,656.04,658.05,28996.126,2026-05-26T03:59:59.999000+00:00,19122728.5432,139513
2026-05-26T04:00:00+00:00,658.06,659.82,655.34,657.73,20163.733,2026-05-26T07:59:59.999000+00:00,13265674.87095,100570
2026-05-26T08:00:00+00:00,657.73,664.6,656.3,662.48,16752.202,2026-05-26T11:59:59.999000+00:00,11056241.67281,116037
2026-05-26T12:00:00+00:00,662.48,668.01,657.28,660.28,33101.37,2026-05-26T15:59:59.999000+00:00,21930127.73758,212245
2026-05-26T16:00:00+00:00,660.29,661.05,653.45,657.2,15961.219,2026-05-26T19:59:59.999000+00:00,10497386.40793,168067
2026-05-26T20:00:00+00:00,657.21,657.85,655.14,656.43,7358.632,2026-05-26T23:59:59.999000+00:00,4832575.60634,93712
2026-05-27T00:00:00+00:00,656.43,659.11,654.0,654.38,11603.96,2026-05-27T03:59:59.999000+00:00,7618411.47706,90273
2026-05-27T04:00:00+00:00,654.39,654.71,650.75,653.5,22097.632,2026-05-27T07:59:59.999000+00:00,14426041.55575,116506
2026-05-27T08:00:00+00:00,653.47,655.77,652.31,653.84,14860.91,2026-05-27T11:59:59.999000+00:00,9721411.41888,78885
2026-05-27T12:00:00+00:00,653.85,658.27,650.14,657.66,22805.928,2026-05-27T15:59:59.999000+00:00,14924051.24229,158307
2026-05-27T16:00:00+00:00,657.67,659.9,650.27,653.39,11901.799,2026-05-27T19:59:59.999000+00:00,7784274.47574,97803
2026-05-27T20:00:00+00:00,653.4,654.97,646.57,648.84,18467.365,2026-05-27T23:59:59.999000+00:00,12011769.92791,123417
2026-05-28T00:00:00+00:00,648.83,649.38,636.76,637.81,27180.926,2026-05-28T03:59:59.999000+00:00,17468478.02592,176378
2026-05-28T04:00:00+00:00,637.81,637.91,631.47,634.98,37611.48,2026-05-28T07:59:59.999000+00:00,23880569.15447,185598
2026-05-28T08:00:00+00:00,634.99,635.36,631.35,632.9,22590.242,2026-05-28T11:59:59.999000+00:00,14311754.55368,108176
2026-05-28T12:00:00+00:00,632.9,636.66,628.22,634.79,29623.064,2026-05-28T15:59:59.999000+00:00,18737290.62517,195437
2026-05-28T16:00:00+00:00,634.79,642.59,633.45,639.71,18517.018,2026-05-28T19:59:59.999000+00:00,11840229.75105,127100
2026-05-28T20:00:00+00:00,639.72,642.53,637.56,638.24,9734.955,2026-05-28T23:59:59.999000+00:00,6230230.09451,61788
2026-05-29T00:00:00+00:00,638.23,639.47,633.79,635.61,10817.037,2026-05-29T03:59:59.999000+00:00,6887195.94049,81933
2026-05-29T04:00:00+00:00,635.6,639.49,634.56,637.04,18566.225,2026-05-29T07:59:59.999000+00:00,11829847.99697,79139
2026-05-29T08:00:00+00:00,637.04,641.19,635.25,637.14,16834.76,2026-05-29T11:59:59.999000+00:00,10755593.53752,92930
2026-05-29T12:00:00+00:00,637.14,643.04,630.86,639.74,34656.091,2026-05-29T15:59:59.999000+00:00,22069474.26995,226975
2026-05-29T16:00:00+00:00,639.75,645.0,638.16,641.45,25151.916,2026-05-29T19:59:59.999000+00:00,16150375.05887,164226
2026-05-29T20:00:00+00:00,641.46,643.87,641.36,643.1,9229.234,2026-05-29T23:59:59.999000+00:00,5929729.00629,57082
2026-05-30T00:00:00+00:00,643.11,661.01,642.66,658.19,60112.76,2026-05-30T03:59:59.999000+00:00,39283338.71941,188299
2026-05-30T04:00:00+00:00,658.2,674.25,656.52,672.92,57378.158,2026-05-30T07:59:59.999000+00:00,38213525.53452,255241
2026-05-30T08:00:00+00:00,672.93,677.34,669.5,673.82,40748.459,2026-05-30T11:59:59.999000+00:00,27420069.94771,162034
2026-05-30T12:00:00+00:00,673.82,695.0,671.11,694.53,82839.847,2026-05-30T15:59:59.999000+00:00,56733221.976,296270
2026-05-30T16:00:00+00:00,694.53,724.56,694.4,721.12,194021.804,2026-05-30T19:59:59.999000+00:00,138051412.62055,680359
2026-05-30T20:00:00+00:00,721.13,729.0,707.31,718.74,131279.938,2026-05-30T23:59:59.999000+00:00,94442500.23627,361484
2026-05-31T00:00:00+00:00,718.74,745.74,718.74,740.03,113699.45,2026-05-31T03:59:59.999000+00:00,83402549.11263,548889
2026-05-31T04:00:00+00:00,740.02,742.28,716.67,719.71,84743.276,2026-05-31T07:59:59.999000+00:00,61950596.938,447676
2026-05-31T08:00:00+00:00,719.71,725.44,717.56,722.89,44018.579,2026-05-31T11:59:59.999000+00:00,31788036.01323,264751
2026-05-31T12:00:00+00:00,722.89,733.8,718.36,720.84,53174.303,2026-05-31T15:59:59.999000+00:00,38544546.05078,290005
2026-05-31T16:00:00+00:00,720.84,722.0,703.0,708.55,57418.865,2026-05-31T19:59:59.999000+00:00,40831430.67046,239479
2026-05-31T20:00:00+00:00,708.55,714.83,706.26,710.55,27111.259,2026-05-31T23:59:59.999000+00:00,19259454.59374,148372
2026-06-01T00:00:00+00:00,710.54,717.32,693.05,703.65,111698.751,2026-06-01T03:59:59.999000+00:00,78802741.97623,410223
2026-06-01T04:00:00+00:00,703.65,705.57,684.72,686.08,71195.399,2026-06-01T07:59:59.999000+00:00,49380095.03827,321368
2026-06-01T08:00:00+00:00,686.08,729.57,685.25,697.14,169006.258,2026-06-01T11:59:59.999000+00:00,119580962.07926,784043
2026-06-01T12:00:00+00:00,697.14,698.38,674.51,677.58,95175.973,2026-06-01T15:59:59.999000+00:00,65229022.62052,556711
2026-06-01T16:00:00+00:00,677.59,696.33,674.07,696.15,50083.583,2026-06-01T19:59:59.999000+00:00,34432113.15347,255108
2026-06-01T20:00:00+00:00,696.14,701.73,688.42,693.1,36182.562,2026-06-01T23:59:59.999000+00:00,25115560.47253,157588
2026-06-02T00:00:00+00:00,693.1,695.51,681.18,693.68,37983.098,2026-06-02T03:59:59.999000+00:00,26169960.09355,274032
2026-06-02T04:00:00+00:00,693.68,694.24,680.47,681.84,33244.698,2026-06-02T07:59:59.999000+00:00,22784257.71955,255512
2026-06-02T08:00:00+00:00,681.84,685.57,675.58,678.13,37164.186,2026-06-02T11:59:59.999000+00:00,25241684.77337,237735
2026-06-02T12:00:00+00:00,678.13,680.21,658.0,663.13,92326.056,2026-06-02T15:59:59.999000+00:00,61892439.32621,484106
2026-06-02T16:00:00+00:00,663.14,671.5,652.36,660.31,50956.304,2026-06-02T19:59:59.999000+00:00,33810542.78221,235524
2026-06-02T20:00:00+00:00,660.31,663.45,642.47,650.69,58462.998,2026-06-02T23:59:59.999000+00:00,38158331.42339,230644
2026-06-03T00:00:00+00:00,650.7,657.51,630.35,633.99,76370.111,2026-06-03T03:59:59.999000+00:00,49298838.54112,303129
2026-06-03T04:00:00+00:00,633.97,646.78,632.81,644.1,52117.066,2026-06-03T07:59:59.999000+00:00,33385621.65017,276712
2026-06-03T08:00:00+00:00,644.1,646.06,637.04,637.38,27006.02,2026-06-03T11:59:59.999000+00:00,17341049.92063,187640
2026-06-03T12:00:00+00:00,637.38,639.31,630.05,632.99,42293.227,2026-06-03T15:59:59.999000+00:00,26833055.05152,250312
2026-06-03T16:00:00+00:00,633.0,633.6,620.0,622.77,46595.81,2026-06-03T19:59:59.999000+00:00,29148712.17053,224007
2026-06-03T20:00:00+00:00,622.77,630.0,616.21,620.63,56531.209,2026-06-03T23:59:59.999000+00:00,35303004.97829,202290
2026-06-04T00:00:00+00:00,620.63,624.57,590.46,618.99,132041.733,2026-06-04T03:59:59.999000+00:00,80177720.47382,594114
2026-06-04T04:00:00+00:00,618.99,621.36,599.22,600.2,114683.132,2026-06-04T07:59:59.999000+00:00,69452903.76332,380663
2026-06-04T08:00:00+00:00,600.2,603.7,588.1,595.3,58774.044,2026-06-04T11:59:59.999000+00:00,34928065.99687,393775
2026-06-04T12:00:00+00:00,595.31,609.5,593.94,606.4,50585.263,2026-06-04T15:59:59.999000+00:00,30501594.21997,326649
2026-06-04T16:00:00+00:00,606.4,610.35,599.31,606.35,25343.14,2026-06-04T19:59:59.999000+00:00,15343997.38703,123329
2026-06-04T20:00:00+00:00,606.35,607.59,597.99,604.53,20004.453,2026-06-04T23:59:59.999000+00:00,12045559.10679,117611
2026-06-05T00:00:00+00:00,604.5,608.0,591.4,595.76,42115.954,2026-06-05T03:59:59.999000+00:00,25198102.60247,286181
2026-06-05T04:00:00+00:00,595.76,602.85,570.61,593.26,123442.609,2026-06-05T07:59:59.999000+00:00,72161283.29492,651519
2026-06-05T08:00:00+00:00,593.26,597.0,585.6,590.11,39184.151,2026-06-05T11:59:59.999000+00:00,23171371.01771,276382
2026-06-05T12:00:00+00:00,590.12,596.27,574.66,578.75,87171.076,2026-06-05T15:59:59.999000+00:00,51005063.55537,410929
2026-06-05T16:00:00+00:00,578.75,583.0,556.46,567.33,177520.693,2026-06-05T19:59:59.999000+00:00,101381506.34842,463303
2026-06-05T20:00:00+00:00,567.28,579.4,563.19,572.22,65403.552,2026-06-05T23:59:59.999000+00:00,37614945.92409,168374
2026-06-06T00:00:00+00:00,572.17,579.7,570.6,573.13,60477.621,2026-06-06T03:59:59.999000+00:00,34855403.84669,199783
2026-06-06T04:00:00+00:00,573.13,581.58,559.68,579.06,72844.762,2026-06-06T07:59:59.999000+00:00,41675122.74698,370803
2026-06-06T08:00:00+00:00,579.06,584.43,571.05,574.06,38599.48,2026-06-06T11:59:59.999000+00:00,22241774.58256,197737
2026-06-06T12:00:00+00:00,574.07,577.4,571.04,575.86,23850.117,2026-06-06T15:59:59.999000+00:00,13714726.59608,132123
2026-06-06T16:00:00+00:00,575.86,577.66,571.25,573.73,17426.36,2026-06-06T19:59:59.999000+00:00,10007043.02781,81618
2026-06-06T20:00:00+00:00,573.74,576.86,570.93,574.53,12992.183,2026-06-06T23:59:59.999000+00:00,7457252.31347,57222
2026-06-07T00:00:00+00:00,574.54,581.64,573.6,581.1,35970.003,2026-06-07T03:59:59.999000+00:00,20790866.09568,160711
2026-06-07T04:00:00+00:00,581.09,590.0,578.0,589.67,40069.656,2026-06-07T07:59:59.999000+00:00,23462316.61378,168764
2026-06-07T08:00:00+00:00,589.67,599.0,587.45,593.38,35811.983,2026-06-07T11:59:59.999000+00:00,21242654.48866,151258
2026-06-07T12:00:00+00:00,593.37,593.99,585.73,591.52,28623.872,2026-06-07T15:59:59.999000+00:00,16876514.03647,130675
2026-06-07T16:00:00+00:00,591.53,597.65,586.7,588.62,17718.224,2026-06-07T19:59:59.999000+00:00,10501746.54685,73857
2026-06-07T20:00:00+00:00,588.64,610.54,587.8,604.44,34650.624,2026-06-07T23:59:59.999000+00:00,20864283.60294,107299
2026-06-08T00:00:00+00:00,604.44,608.39,599.0,603.35,18647.702,2026-06-08T03:59:59.999000+00:00,11259190.29586,119533
2026-06-08T04:00:00+00:00,603.36,603.7,591.55,596.39,24931.837,2026-06-08T07:59:59.999000+00:00,14863350.74203,155289
2026-06-08T08:00:00+00:00,596.4,604.39,593.43,602.29,22250.794,2026-06-08T11:59:59.999000+00:00,13314687.43794,159056
2026-06-08T12:00:00+00:00,602.29,606.28,597.86,604.2,29961.76,2026-06-08T15:59:59.999000+00:00,18035476.05662,149678
2026-06-08T16:00:00+00:00,604.21,609.98,602.38,607.66,15682.805,2026-06-08T19:59:59.999000+00:00,9515650.0047,60784
2026-06-08T20:00:00+00:00,607.67,610.44,601.09,601.86,10000.608,2026-06-08T23:59:59.999000+00:00,6062429.97848,44976
2026-06-09T00:00:00+00:00,601.86,602.92,593.1,599.14,22077.226,2026-06-09T03:59:59.999000+00:00,13187310.8415,110395
2026-06-09T04:00:00+00:00,599.14,605.68,596.5,604.23,19897.603,2026-06-09T07:59:59.999000+00:00,11996454.51089,106074
2026-06-09T08:00:00+00:00,604.24,604.58,596.22,596.94,18689.713,2026-06-09T11:59:59.999000+00:00,11213559.45381,124421
2026-06-09T12:00:00+00:00,596.93,599.68,584.63,586.91,38534.517,2026-06-09T15:59:59.999000+00:00,22807650.87116,235133
2026-06-09T16:00:00+00:00,586.91,596.97,583.84,596.76,23870.542,2026-06-09T19:59:59.999000+00:00,14087414.07973,156935
2026-06-09T20:00:00+00:00,596.76,598.62,590.9,593.44,11567.124,2026-06-09T23:59:59.999000+00:00,6877681.6933,86515
2026-06-10T00:00:00+00:00,593.44,594.83,586.48,587.87,14257.248,2026-06-10T03:59:59.999000+00:00,8418819.70228,115121
2026-06-10T04:00:00+00:00,587.88,589.46,583.58,588.63,20276.403,2026-06-10T07:59:59.999000+00:00,11885072.26562,111205
2026-06-10T08:00:00+00:00,588.63,588.64,580.68,583.0,18632.505,2026-06-10T11:59:59.999000+00:00,10880381.76632,118610
2026-06-10T12:00:00+00:00,583.01,598.52,582.4,596.9,30496.206,2026-06-10T15:59:59.999000+00:00,18055775.58151,189370
2026-06-10T16:00:00+00:00,596.9,597.16,587.05,588.06,16615.593,2026-06-10T19:59:59.999000+00:00,9820365.25295,106669
2026-06-10T20:00:00+00:00,588.05,589.22,582.1,586.53,14568.047,2026-06-10T23:59:59.999000+00:00,8529835.81823,69130
2026-06-11T00:00:00+00:00,586.51,597.75,586.51,596.43,16955.089,2026-06-11T03:59:59.999000+00:00,10047328.16894,102235
2026-06-11T04:00:00+00:00,596.43,598.26,593.72,598.21,15849.425,2026-06-11T07:59:59.999000+00:00,9439982.66027,99906
2026-06-11T08:00:00+00:00,598.21,603.77,598.15,600.63,26205.76,2026-06-11T11:59:59.999000+00:00,15742133.71295,117469
2026-06-11T12:00:00+00:00,600.64,602.99,597.2,598.48,19499.665,2026-06-11T15:59:59.999000+00:00,11690430.7801,125228
2026-06-11T16:00:00+00:00,598.48,607.33,596.03,604.46,25300.89,2026-06-11T19:59:59.999000+00:00,15236291.86534,103857
2026-06-11T20:00:00+00:00,604.44,606.32,600.8,605.76,11995.1,2026-06-11T23:59:59.999000+00:00,7241376.43883,45498
2026-06-12T00:00:00+00:00,605.77,606.15,601.22,602.24,14102.351,2026-06-12T03:59:59.999000+00:00,8514116.01766,71334
2026-06-12T04:00:00+00:00,602.24,604.9,596.58,599.82,16773.899,2026-06-12T07:59:59.999000+00:00,10072580.26174,84565
2026-06-12T08:00:00+00:00,599.83,608.68,599.78,606.65,18563.745,2026-06-12T11:59:59.999000+00:00,11246741.24136,102792
2026-06-12T12:00:00+00:00,606.64,613.39,603.48,605.34,35491.909,2026-06-12T15:59:59.999000+00:00,21588473.85468,168427
2026-06-12T16:00:00+00:00,605.34,609.47,602.74,603.45,12870.554,2026-06-12T19:59:59.999000+00:00,7807786.05737,92185
2026-06-12T20:00:00+00:00,603.46,604.61,602.11,603.83,7533.869,2026-06-12T23:59:59.999000+00:00,4546203.114,46467
2026-06-13T00:00:00+00:00,603.84,606.27,599.33,600.37,18441.865,2026-06-13T03:59:59.999000+00:00,11120368.10513,61304
2026-06-13T04:00:00+00:00,600.37,604.0,599.48,603.27,13314.854,2026-06-13T07:59:59.999000+00:00,8003822.27583,64958
2026-06-13T08:00:00+00:00,603.28,607.49,602.72,606.67,11740.27,2026-06-13T11:59:59.999000+00:00,7097229.27127,101708
2026-06-13T12:00:00+00:00,606.67,611.08,606.16,610.37,16949.94,2026-06-13T15:59:59.999000+00:00,10318318.69161,84327
2026-06-13T16:00:00+00:00,610.38,610.49,606.69,608.48,6493.412,2026-06-13T19:59:59.999000+00:00,3950348.50631,52139
2026-06-13T20:00:00+00:00,608.49,612.33,607.68,609.65,6550.812,2026-06-13T23:59:59.999000+00:00,3992914.60483,44890
2026-06-14T00:00:00+00:00,609.66,611.01,608.51,610.04,8456.312,2026-06-14T03:59:59.999000+00:00,5154889.07928,41394
2026-06-14T04:00:00+00:00,610.04,612.1,608.0,610.31,12185.816,2026-06-14T07:59:59.999000+00:00,7432108.14077,55600
2026-06-14T08:00:00+00:00,610.32,613.03,609.73,612.26,14418.801,2026-06-14T11:59:59.999000+00:00,8819577.8708,54938
2026-06-14T12:00:00+00:00,612.26,612.5,605.34,608.15,31305.255,2026-06-14T15:59:59.999000+00:00,19083851.03035,105513
2026-06-14T16:00:00+00:00,608.16,608.76,602.88,603.28,17393.161,2026-06-14T19:59:59.999000+00:00,10530284.84771,100714
2026-06-14T20:00:00+00:00,603.27,617.24,602.79,616.79,38268.266,2026-06-14T23:59:59.999000+00:00,23449907.64694,167434
2026-06-15T00:00:00+00:00,616.79,618.3,612.66,617.83,16560.186,2026-06-15T03:59:59.999000+00:00,10198261.35263,93601
2026-06-15T04:00:00+00:00,617.84,619.0,615.49,615.58,18298.767,2026-06-15T07:59:59.999000+00:00,11291631.7765,74344
2026-06-15T08:00:00+00:00,615.59,622.88,612.74,620.65,26092.281,2026-06-15T11:59:59.999000+00:00,16130110.41456,139670
2026-06-15T12:00:00+00:00,620.65,632.9,619.34,629.07,69558.578,2026-06-15T15:59:59.999000+00:00,43598136.41805,308664
2026-06-15T16:00:00+00:00,629.07,629.68,618.69,620.91,25852.828,2026-06-15T19:59:59.999000+00:00,16157813.30751,171176
2026-06-15T20:00:00+00:00,620.91,621.77,615.3,617.87,14175.002,2026-06-15T23:59:59.999000+00:00,8763451.2575,93679
2026-06-16T00:00:00+00:00,617.87,619.13,611.1,615.06,22140.718,2026-06-16T03:59:59.999000+00:00,13608102.65445,111010
2026-06-16T04:00:00+00:00,615.07,619.21,611.8,615.77,34385.891,2026-06-16T07:59:59.999000+00:00,21165276.87165,93372
2026-06-16T08:00:00+00:00,615.77,619.5,613.3,614.28,29635.779,2026-06-16T11:59:59.999000+00:00,18247750.30075,157919
2026-06-16T12:00:00+00:00,614.29,617.94,601.33,606.47,74075.34,2026-06-16T15:59:59.999000+00:00,45061237.83934,318162
2026-06-16T16:00:00+00:00,606.48,610.76,604.01,607.05,18479.793,2026-06-16T19:59:59.999000+00:00,11207849.96723,135244
2026-06-16T20:00:00+00:00,607.06,608.93,604.56,604.94,13471.896,2026-06-16T23:59:59.999000+00:00,8171987.94276,94604
2026-06-17T00:00:00+00:00,604.94,608.4,603.1,604.77,16400.813,2026-06-17T03:59:59.999000+00:00,9931202.53833,119255
2026-06-17T04:00:00+00:00,604.78,609.7,604.3,606.62,21872.108,2026-06-17T07:59:59.999000+00:00,13279878.26622,126029
2026-06-17T08:00:00+00:00,606.63,606.69,600.9,604.07,22298.712,2026-06-17T11:59:59.999000+00:00,13445128.69844,117360
2026-06-17T12:00:00+00:00,604.07,612.5,601.01,605.55,58015.475,2026-06-17T15:59:59.999000+00:00,35194320.10075,253342
2026-06-17T16:00:00+00:00,605.56,609.75,597.03,598.62,36748.91,2026-06-17T19:59:59.999000+00:00,22195545.90985,175433
2026-06-17T20:00:00+00:00,598.6,602.29,595.11,601.63,14048.171,2026-06-17T23:59:59.999000+00:00,8419847.16352,64133
2026-06-18T00:00:00+00:00,601.63,604.31,596.25,596.6,17644.621,2026-06-18T03:59:59.999000+00:00,10599100.71534,105742
2026-06-18T04:00:00+00:00,596.6,597.04,587.38,589.57,36450.086,2026-06-18T07:59:59.999000+00:00,21512505.05563,194243
2026-06-18T08:00:00+00:00,589.56,592.8,588.49,589.64,13085.225,2026-06-18T11:59:59.999000+00:00,7726330.87206,78376
2026-06-18T12:00:00+00:00,589.64,592.5,573.0,573.74,44152.816,2026-06-18T15:59:59.999000+00:00,25765587.85795,179272
2026-06-18T16:00:00+00:00,573.75,579.83,573.48,578.88,27437.11,2026-06-18T19:59:59.999000+00:00,15822921.94199,127846
2026-06-18T20:00:00+00:00,578.88,581.12,576.94,578.48,12798.954,2026-06-18T23:59:59.999000+00:00,7412784.84417,61110
2026-06-19T00:00:00+00:00,578.48,583.29,575.9,578.19,14688.521,2026-06-19T03:59:59.999000+00:00,8514697.85436,85564
2026-06-19T04:00:00+00:00,578.19,578.89,570.82,574.97,21351.895,2026-06-19T07:59:59.999000+00:00,12262234.33272,114910
2026-06-19T08:00:00+00:00,574.97,575.28,571.0,573.28,17210.055,2026-06-19T11:59:59.999000+00:00,9858678.95587,104450
2026-06-19T12:00:00+00:00,573.29,579.73,572.12,578.77,21356.003,2026-06-19T15:59:59.999000+00:00,12307900.64958,113579
2026-06-19T16:00:00+00:00,578.77,582.0,577.2,579.93,9629.8,2026-06-19T19:59:59.999000+00:00,5577422.55305,75467
2026-06-19T20:00:00+00:00,579.94,582.47,578.97,581.42,10106.917,2026-06-19T23:59:59.999000+00:00,5868552.90265,38155
2026-06-20T00:00:00+00:00,581.41,582.75,580.12,580.6,15325.004,2026-06-20T03:59:59.999000+00:00,8906701.24992,63252
2026-06-20T04:00:00+00:00,580.6,589.43,580.24,587.69,24665.488,2026-06-20T07:59:59.999000+00:00,14401689.12675,93051
2026-06-20T08:00:00+00:00,587.7,588.3,585.38,586.38,14244.61,2026-06-20T11:59:59.999000+00:00,8356896.9809,61656
2026-06-20T12:00:00+00:00,586.37,589.0,582.0,587.2,18233.106,2026-06-20T15:59:59.999000+00:00,10675727.4862,99826
2026-06-20T16:00:00+00:00,587.21,587.4,584.0,585.92,6243.845,2026-06-20T19:59:59.999000+00:00,3659117.10389,47513
2026-06-20T20:00:00+00:00,585.92,588.5,585.0,588.03,5828.117,2026-06-20T23:59:59.999000+00:00,3421723.3983,40968
2026-06-21T00:00:00+00:00,588.03,591.0,587.0,590.36,10367.993,2026-06-21T03:59:59.999000+00:00,6108324.18705,66968
2026-06-21T04:00:00+00:00,590.37,591.83,588.81,590.94,9427.15,2026-06-21T07:59:59.999000+00:00,5563922.4117,50678
2026-06-21T08:00:00+00:00,590.94,591.78,587.51,588.45,10602.73,2026-06-21T11:59:59.999000+00:00,6248407.67037,73233
2026-06-21T12:00:00+00:00,588.44,590.5,585.15,589.88,15171.087,2026-06-21T15:59:59.999000+00:00,8913298.27836,70381
2026-06-21T16:00:00+00:00,589.88,592.56,588.58,591.85,6882.847,2026-06-21T19:59:59.999000+00:00,4065871.10264,52750
2026-06-21T20:00:00+00:00,591.85,591.89,583.6,584.23,10909.445,2026-06-21T23:59:59.999000+00:00,6401803.57679,80746
2026-06-22T00:00:00+00:00,584.23,596.31,584.07,590.05,22605.868,2026-06-22T03:59:59.999000+00:00,13383116.73369,134011
2026-06-22T04:00:00+00:00,590.05,595.03,589.31,593.96,14871.497,2026-06-22T07:59:59.999000+00:00,8806694.73323,88212
2026-06-22T08:00:00+00:00,593.97,598.0,591.23,597.17,14406.134,2026-06-22T11:59:59.999000+00:00,8559327.93444,84995
2026-06-22T12:00:00+00:00,597.17,602.31,595.5,596.25,30488.835,2026-06-22T15:59:59.999000+00:00,18261455.76754,161443
2026-06-22T16:00:00+00:00,596.25,597.0,590.23,592.29,14208.175,2026-06-22T19:59:59.999000+00:00,8436204.20195,87243
2026-06-22T20:00:00+00:00,592.29,593.15,587.88,590.15,8851.121,2026-06-22T23:59:59.999000+00:00,5226201.97175,48647
2026-06-23T00:00:00+00:00,590.14,592.83,588.03,591.96,11648.442,2026-06-23T03:59:59.999000+00:00,6883520.89238,82867
2026-06-23T04:00:00+00:00,591.97,592.31,577.46,580.88,20251.574,2026-06-23T07:59:59.999000+00:00,11808721.725,142557
2026-06-23T08:00:00+00:00,580.87,581.43,570.57,574.07,38951.074,2026-06-23T11:59:59.999000+00:00,22350338.34525,211332
2026-06-23T12:00:00+00:00,574.07,577.02,571.21,574.67,19540.572,2026-06-23T15:59:59.999000+00:00,11216956.8474,146376
2026-06-23T16:00:00+00:00,574.67,577.25,572.7,576.2,11412.809,2026-06-23T19:59:59.999000+00:00,6561415.37735,81130
2026-06-23T20:00:00+00:00,576.2,579.24,575.51,578.08,7050.411,2026-06-23T23:59:59.999000+00:00,4069237.0912,48483
2026-06-24T00:00:00+00:00,578.09,581.63,575.38,577.85,8595.401,2026-06-24T03:59:59.999000+00:00,4976133.4693,107987
2026-06-24T04:00:00+00:00,577.85,581.4,574.24,576.92,8601.196,2026-06-24T07:59:59.999000+00:00,4972056.71182,70906
2026-06-24T08:00:00+00:00,576.93,582.21,573.84,579.79,13848.586,2026-06-24T11:59:59.999000+00:00,7988803.84953,99300
2026-06-24T12:00:00+00:00,579.79,580.33,561.02,561.41,43424.318,2026-06-24T15:59:59.999000+00:00,24742947.46776,236146
2026-06-24T16:00:00+00:00,561.4,563.79,546.6,555.57,63588.384,2026-06-24T19:59:59.999000+00:00,35244191.91033,290440
2026-06-24T20:00:00+00:00,555.57,566.26,554.67,564.67,22850.113,2026-06-24T23:59:59.999000+00:00,12854189.45226,91106
2026-06-25T00:00:00+00:00,564.66,567.11,563.09,565.79,11715.364,2026-06-25T03:59:59.999000+00:00,6624688.13387,123372
2026-06-25T04:00:00+00:00,565.78,572.72,563.79,570.47,20231.281,2026-06-25T07:59:59.999000+00:00,11528988.35071,114905
2026-06-25T08:00:00+00:00,570.47,570.61,560.46,562.7,21541.017,2026-06-25T11:59:59.999000+00:00,12203306.36487,107811
2026-06-25T12:00:00+00:00,562.71,568.58,540.6,554.04,76637.137,2026-06-25T15:59:59.999000+00:00,42418705.0279,394260
